Using pre-set license
Built from '6000.0/respin/6000.0.58f2-44b8bf3a32' branch; Version is '6000.0.58f2 (92dee566b325) revision 9625317'; Using compiler version '193933523'; Build Type 'Release'
OS: 'Windows 11  (10.0.26200) 64bit Professional' Language: 'en' Physical Memory: 65254 MB
BatchMode: 1, IsHumanControllingUs: 0, StartBugReporterOnCrash: 0, Is64bit: 1
Date: 2025-10-16T19:45:38Z

COMMAND LINE ARGUMENTS:
C:\Program Files\Unity 6000.0.58f2\Editor\Unity.exe
-adb2
-batchMode
-noUpm
-name
AssetImportWorker6
-projectPath
D:/hlt22c/Viverse
-logFile
Logs/AssetImportWorker6.log
-srvPort
56630
-job-worker-count
11
-background-job-worker-count
8
-gc-helper-count
1
-name
AssetImport
Successfully changed project path to: D:/hlt22c/Viverse
D:/hlt22c/Viverse
[UnityMemory] Configuration Parameters - Can be set up in boot.config
    "memorysetup-bucket-allocator-granularity=16"
    "memorysetup-bucket-allocator-bucket-count=8"
    "memorysetup-bucket-allocator-block-size=33554432"
    "memorysetup-bucket-allocator-block-count=8"
    "memorysetup-main-allocator-block-size=16777216"
    "memorysetup-thread-allocator-block-size=16777216"
    "memorysetup-gfx-main-allocator-block-size=16777216"
    "memorysetup-gfx-thread-allocator-block-size=16777216"
    "memorysetup-cache-allocator-block-size=4194304"
    "memorysetup-typetree-allocator-block-size=2097152"
    "memorysetup-profiler-bucket-allocator-granularity=16"
    "memorysetup-profiler-bucket-allocator-bucket-count=8"
    "memorysetup-profiler-bucket-allocator-block-size=33554432"
    "memorysetup-profiler-bucket-allocator-block-count=8"
    "memorysetup-profiler-allocator-block-size=16777216"
    "memorysetup-profiler-editor-allocator-block-size=1048576"
    "memorysetup-temp-allocator-size-main=16777216"
    "memorysetup-job-temp-allocator-block-size=2097152"
    "memorysetup-job-temp-allocator-block-size-background=1048576"
    "memorysetup-job-temp-allocator-reduction-small-platforms=262144"
    "memorysetup-allocator-temp-initial-block-size-main=262144"
    "memorysetup-allocator-temp-initial-block-size-worker=262144"
    "memorysetup-temp-allocator-size-background-worker=32768"
    "memorysetup-temp-allocator-size-job-worker=262144"
    "memorysetup-temp-allocator-size-preload-manager=33554432"
    "memorysetup-temp-allocator-size-nav-mesh-worker=65536"
    "memorysetup-temp-allocator-size-audio-worker=65536"
    "memorysetup-temp-allocator-size-cloud-worker=32768"
    "memorysetup-temp-allocator-size-gi-baking-worker=262144"
    "memorysetup-temp-allocator-size-gi-baking-worker=262144"
    "memorysetup-temp-allocator-size-gi-baking-worker=262144"
    "memorysetup-temp-allocator-size-gi-baking-worker=262144"
    "memorysetup-temp-allocator-size-gi-baking-worker=262144"
    "memorysetup-temp-allocator-size-gfx=262144"
Player connection [10636]  Target information:

Player connection [10636]  * "[IP] 192.168.50.5 [Port] 0 [Flags] 2 [Guid] 2412572166 [EditorId] 2412572166 [Version] 1048832 [Id] WindowsEditor(7,FIH-COM23a109) [Debug] 1 [PackageName] WindowsEditor [ProjectName] Editor" 

Player connection [10636] Host joined multi-casting on [225.0.0.222:54997]...
Player connection [10636] Host joined alternative multi-casting on [225.0.0.222:34997]...
JobSystem: Creating JobQueue using job-worker-count value 11
Input System module state changed to: Initialized.
[Physics::Module] Initialized fallback backend.
[Physics::Module] Id: 0xdecafbad
Library Redirect Path: Library/
[Physics::Module] Selected backend.
[Physics::Module] Name: PhysX
[Physics::Module] Id: 0xf2b8ea05
[Physics::Module] SDK Version: 4.1.2
[Physics::Module] Integration Version: 1.0.0
[Physics::Module] Threading Mode: Multi-Threaded
Refreshing native plugins compatible for Editor in 6.82 ms, found 10 plugins.
Preloading 0 native plugins for Editor in 0.00 ms.
Initialize engine version: 6000.0.58f2 (92dee566b325)
[Subsystems] Discovering subsystems at path C:/Program Files/Unity 6000.0.58f2/Editor/Data/Resources/UnitySubsystems
[Subsystems] Discovering subsystems at path D:/hlt22c/Viverse/Assets
GfxDevice: creating device client; kGfxThreadingModeNonThreaded
Direct3D:
    Version:  Direct3D 11.0 [level 11.1]
    Renderer: NVIDIA GeForce RTX 3090 (ID=0x2204)
    Vendor:   NVIDIA
    VRAM:     24326 MB
    Driver:   32.0.15.8157
Initialize mono
Mono path[0] = 'C:/Program Files/Unity 6000.0.58f2/Editor/Data/Managed'
Mono path[1] = 'C:/Program Files/Unity 6000.0.58f2/Editor/Data/MonoBleedingEdge/lib/mono/unityjit-win32'
Mono config path = 'C:/Program Files/Unity 6000.0.58f2/Editor/Data/MonoBleedingEdge/etc'
Using monoOptions --debugger-agent=transport=dt_socket,embedding=1,server=y,suspend=n,address=127.0.0.1:56800
Begin MonoManager ReloadAssembly
Registering precompiled unity dll's ...
Register platform support module: C:/Program Files/Unity 6000.0.58f2/Editor/Data/PlaybackEngines/WebGLSupport/UnityEditor.WebGL.Extensions.dll
Register platform support module: C:/Program Files/Unity 6000.0.58f2/Editor/Data/PlaybackEngines/WindowsStandaloneSupport/UnityEditor.WindowsStandalone.Extensions.dll
Register platform support module: C:/Program Files/Unity 6000.0.58f2/Editor/Data/PlaybackEngines/AndroidPlayer/UnityEditor.Android.Extensions.dll
Registered in 0.002546 seconds.
- Loaded All Assemblies, in  0.277 seconds
Native extension for Android target not found
Native extension for WindowsStandalone target not found
Native extension for WebGL target not found
Mono: successfully reloaded assembly
- Finished resetting the current domain, in  0.285 seconds
Domain Reload Profiling: 561ms
	BeginReloadAssembly (88ms)
		ExecutionOrderSort (0ms)
		DisableScriptedObjects (0ms)
		BackupInstance (0ms)
		ReleaseScriptingObjects (0ms)
		CreateAndSetChildDomain (1ms)
	RebuildCommonClasses (29ms)
	RebuildNativeTypeToScriptingClass (9ms)
	initialDomainReloadingComplete (34ms)
	LoadAllAssembliesAndSetupDomain (116ms)
		LoadAssemblies (86ms)
		RebuildTransferFunctionScriptingTraits (0ms)
		AnalyzeDomain (113ms)
			TypeCache.Refresh (112ms)
				TypeCache.ScanAssembly (102ms)
			BuildScriptInfoCaches (0ms)
			ResolveRequiredComponents (1ms)
	FinalizeReload (286ms)
		ReleaseScriptCaches (0ms)
		RebuildScriptCaches (0ms)
		SetupLoadedEditorAssemblies (246ms)
			LogAssemblyErrors (0ms)
			InitializePlatformSupportModulesInManaged (57ms)
			SetLoadedEditorAssemblies (4ms)
			BeforeProcessingInitializeOnLoad (51ms)
			ProcessInitializeOnLoadAttributes (96ms)
			ProcessInitializeOnLoadMethodAttributes (38ms)
			AfterProcessingInitializeOnLoad (0ms)
			EditorAssembliesLoaded (0ms)
		ExecutionOrderSort2 (0ms)
		AwakeInstancesAfterBackupRestoration (0ms)
========================================================================
Worker process is ready to serve import requests
Import Worker Mode flag is 0x00
Begin MonoManager ReloadAssembly
Symbol file LoadedFromMemory is not a mono symbol file
- Loaded All Assemblies, in  0.691 seconds
Refreshing native plugins compatible for Editor in 5.09 ms, found 10 plugins.
Native extension for Android target not found
Native extension for WindowsStandalone target not found
Native extension for WebGL target not found
Package Manager log level set to [2]
[Package Manager] Failed to launch server process. Reason: Unity was launched with the -noUpm command-line argument
[Package Manager] Unable to send message (not connected to server process).
[Package Manager] Cannot connect to Unity Package Manager local server
[Package Manager] Failed to launch server process. Reason: Unity was launched with the -noUpm command-line argument
[Package Manager] Unable to send message (not connected to server process).
[Package Manager] Cannot connect to Unity Package Manager local server
Trying to set shader on a Material Variant.
UnityEngine.Debug:ExtractStackTraceNoAlloc (byte*,int,string)
UnityEngine.StackTraceUtility:ExtractStackTrace ()
UnityEngine.Material:set_shader (UnityEngine.Shader)
UnityEngine.XR.Interaction.Toolkit.Samples.StarterAssets.MaterialPipelineHandler:SetPipelineShaders () (at Assets/Samples/XR Interaction Toolkit/3.2.1/Starter Assets/Scripts/MaterialPipelineHandler.cs:114)
UnityEngine.XR.Interaction.Toolkit.Samples.StarterAssets.MaterialPipelineHandler:AutoRefreshPipelineShaders () (at Assets/Samples/XR Interaction Toolkit/3.2.1/Starter Assets/Scripts/MaterialPipelineHandler.cs:81)
UnityEngine.XR.Interaction.Toolkit.Samples.StarterAssets.MaterialPipelineHandler:OnEnable () (at Assets/Samples/XR Interaction Toolkit/3.2.1/Starter Assets/Scripts/MaterialPipelineHandler.cs:74)
UnityEditor.AssetDatabase:LoadAssetAtPath (string,System.Type)
UnityEditor.AssetDatabase:LoadAssetAtPath<UnityEngine.XR.Hands.Samples.VisualizerSample.MaterialPipelineHandler> (string)
UnityEngine.XR.Hands.Samples.VisualizerSample.RenderPipelineValidation:GetAllInstances () (at Assets/Samples/XR Hands/1.6.1/HandVisualizer/Scripts/MaterialPipelineHandler.cs:28)
UnityEngine.XR.Hands.Samples.VisualizerSample.RenderPipelineValidation:.cctor () (at Assets/Samples/XR Hands/1.6.1/HandVisualizer/Scripts/MaterialPipelineHandler.cs:15)
System.Runtime.CompilerServices.RuntimeHelpers:RunClassConstructor (System.RuntimeTypeHandle)
UnityEditor.EditorAssemblies:ProcessInitializeOnLoadAttributes (System.Type[])

[Assets/Samples/XR Interaction Toolkit/3.2.1/Starter Assets/Scripts/MaterialPipelineHandler.cs line 114]

Trying to set shader on a Material Variant.
UnityEngine.Debug:ExtractStackTraceNoAlloc (byte*,int,string)
UnityEngine.StackTraceUtility:ExtractStackTrace ()
UnityEngine.Material:set_shader (UnityEngine.Shader)
UnityEngine.XR.Interaction.Toolkit.Samples.StarterAssets.MaterialPipelineHandler:SetPipelineShaders () (at Assets/Samples/XR Interaction Toolkit/3.2.1/Starter Assets/Scripts/MaterialPipelineHandler.cs:114)
UnityEngine.XR.Interaction.Toolkit.Samples.StarterAssets.MaterialPipelineHandler:AutoRefreshPipelineShaders () (at Assets/Samples/XR Interaction Toolkit/3.2.1/Starter Assets/Scripts/MaterialPipelineHandler.cs:81)
UnityEngine.XR.Interaction.Toolkit.Samples.StarterAssets.RenderPipelineValidation:.cctor () (at Assets/Samples/XR Interaction Toolkit/3.2.1/Starter Assets/Scripts/MaterialPipelineHandler.cs:16)
System.Runtime.CompilerServices.RuntimeHelpers:RunClassConstructor (System.RuntimeTypeHandle)
UnityEditor.EditorAssemblies:ProcessInitializeOnLoadAttributes (System.Type[])

[Assets/Samples/XR Interaction Toolkit/3.2.1/Starter Assets/Scripts/MaterialPipelineHandler.cs line 114]

Mono: successfully reloaded assembly
[Package Manager] Failed to launch server process. Reason: Unity was launched with the -noUpm command-line argument
[Package Manager] Unable to send message (not connected to server process).
[Package Manager] Cannot connect to Unity Package Manager local server
[Package Manager] Failed to launch server process. Reason: Unity was launched with the -noUpm command-line argument
[Package Manager] Unable to send message (not connected to server process).
[Package Manager] Cannot connect to Unity Package Manager local server
- Finished resetting the current domain, in  1.038 seconds
Domain Reload Profiling: 1727ms
	BeginReloadAssembly (128ms)
		ExecutionOrderSort (0ms)
		DisableScriptedObjects (5ms)
		BackupInstance (0ms)
		ReleaseScriptingObjects (0ms)
		CreateAndSetChildDomain (25ms)
	RebuildCommonClasses (25ms)
	RebuildNativeTypeToScriptingClass (7ms)
	initialDomainReloadingComplete (28ms)
	LoadAllAssembliesAndSetupDomain (500ms)
		LoadAssemblies (317ms)
		RebuildTransferFunctionScriptingTraits (0ms)
		AnalyzeDomain (248ms)
			TypeCache.Refresh (181ms)
				TypeCache.ScanAssembly (162ms)
			BuildScriptInfoCaches (55ms)
			ResolveRequiredComponents (10ms)
	FinalizeReload (1038ms)
		ReleaseScriptCaches (0ms)
		RebuildScriptCaches (0ms)
		SetupLoadedEditorAssemblies (916ms)
			LogAssemblyErrors (0ms)
			InitializePlatformSupportModulesInManaged (10ms)
			SetLoadedEditorAssemblies (5ms)
			BeforeProcessingInitializeOnLoad (160ms)
			ProcessInitializeOnLoadAttributes (511ms)
			ProcessInitializeOnLoadMethodAttributes (228ms)
			AfterProcessingInitializeOnLoad (3ms)
			EditorAssembliesLoaded (0ms)
		ExecutionOrderSort2 (0ms)
		AwakeInstancesAfterBackupRestoration (4ms)
WARNING: Shader Unsupported: 'Hidden/Simulation/URP/Synthetic' - All subshaders removed
WARNING: Shader Did you use #pragma only_renderers and omit this platform?
WARNING: Shader If subshaders removal was intentional, you may have forgotten turning Fallback off?
WARNING: Shader Unsupported: 'Hidden/Simulation/URP/Synthetic' - All subshaders removed
WARNING: Shader Did you use #pragma only_renderers and omit this platform?
WARNING: Shader If subshaders removal was intentional, you may have forgotten turning Fallback off?
WARNING: Shader Unsupported: 'Hidden/Simulation/Synthetic Lit' - All subshaders removed
WARNING: Shader Did you use #pragma only_renderers and omit this platform?
WARNING: Shader If subshaders removal was intentional, you may have forgotten turning Fallback off?
WARNING: Shader Unsupported: 'Hidden/Simulation/Synthetic Lit' - All subshaders removed
WARNING: Shader Did you use #pragma only_renderers and omit this platform?
WARNING: Shader If subshaders removal was intentional, you may have forgotten turning Fallback off?
WARNING: Shader Unsupported: 'Simulation/Standard Lit' - All subshaders removed
WARNING: Shader Did you use #pragma only_renderers and omit this platform?
WARNING: Shader If subshaders removal was intentional, you may have forgotten turning Fallback off?
WARNING: Shader Unsupported: 'Simulation/Standard Lit' - All subshaders removed
WARNING: Shader Did you use #pragma only_renderers and omit this platform?
WARNING: Shader If subshaders removal was intentional, you may have forgotten turning Fallback off?
WARNING: Shader Unsupported: 'Simulation/URP/Room X-Ray' - All subshaders removed
WARNING: Shader Did you use #pragma only_renderers and omit this platform?
WARNING: Shader If subshaders removal was intentional, you may have forgotten turning Fallback off?
WARNING: Shader Unsupported: 'Simulation/URP/Room X-Ray' - All subshaders removed
WARNING: Shader Did you use #pragma only_renderers and omit this platform?
WARNING: Shader If subshaders removal was intentional, you may have forgotten turning Fallback off?
WARNING: Shader Unsupported: 'Simulation/Room X-Ray' - All subshaders removed
WARNING: Shader Did you use #pragma only_renderers and omit this platform?
WARNING: Shader If subshaders removal was intentional, you may have forgotten turning Fallback off?
WARNING: Shader Unsupported: 'Simulation/Room X-Ray' - All subshaders removed
WARNING: Shader Did you use #pragma only_renderers and omit this platform?
WARNING: Shader If subshaders removal was intentional, you may have forgotten turning Fallback off?
WARNING: Shader Unsupported: 'Simulation/URP/Lit' - All subshaders removed
WARNING: Shader Did you use #pragma only_renderers and omit this platform?
WARNING: Shader If subshaders removal was intentional, you may have forgotten turning Fallback off?
WARNING: Shader Unsupported: 'Simulation/URP/Lit' - All subshaders removed
WARNING: Shader Did you use #pragma only_renderers and omit this platform?
WARNING: Shader If subshaders removal was intentional, you may have forgotten turning Fallback off?
Launched and connected shader compiler UnityShaderCompiler.exe after 0.01 seconds
Refreshing native plugins compatible for Editor in 9.50 ms, found 10 plugins.
Preloading 0 native plugins for Editor in 0.00 ms.
Unloading 57 Unused Serialized files (Serialized files now loaded: 0)
Unloading 7389 unused Assets / (12.7 MB). Loaded Objects now: 8072.
Memory consumption went from 223.4 MB to 210.7 MB.
Total: 16.738100 ms (FindLiveObjects: 0.631600 ms CreateObjectMapping: 0.525900 ms MarkObjects: 9.355100 ms  DeleteObjects: 6.224400 ms)

========================================================================
Received Import Request.
  Time since last request: 4762.032296 seconds.
  path: Assets/Polytope Studio/Lowpoly_Environments/Sources/Textures/PT_Grass_High_01.png
  artifactKey: Guid(b458cb1c79cb9894196830046f2621fa) Importer(2089858483,192608db42251d675da83286b1cce702)
Start importing Assets/Polytope Studio/Lowpoly_Environments/Sources/Textures/PT_Grass_High_01.png using Guid(b458cb1c79cb9894196830046f2621fa) Importer(2089858483,192608db42251d675da83286b1cce702) (ScriptedImporter) -> (artifact id: 'ff33865b081312829c2e605a65b560bb') in 0.2637216 seconds
Number of updated asset objects reloaded before import = 0Number of asset objects unloaded after import = 1

========================================================================
Received Import Request.
  Time since last request: 0.000018 seconds.
  path: Assets/Polytope Studio/Lowpoly_Environments/Sources/Textures/PT_Grass_High_03.png
  artifactKey: Guid(4d7ad2aaddf58dc4e8dc116239a8d744) Importer(2089858483,192608db42251d675da83286b1cce702)
Start importing Assets/Polytope Studio/Lowpoly_Environments/Sources/Textures/PT_Grass_High_03.png using Guid(4d7ad2aaddf58dc4e8dc116239a8d744) Importer(2089858483,192608db42251d675da83286b1cce702) (ScriptedImporter) -> (artifact id: 'e1b719138dcd7477baf28f04bdec59be') in 0.0388637 seconds
Number of updated asset objects reloaded before import = 0Number of asset objects unloaded after import = 1

========================================================================
Received Import Request.
  Time since last request: 0.000026 seconds.
  path: Assets/Polytope Studio/Lowpoly_Characters/Sources/Modular_NPC/Meshes/Peasants_Citizens/Separate_Parts/PT_Female_Peasant_01_upper_short.fbx
  artifactKey: Guid(52fb0ba7bf6d428409faa0026ffc08a9) Importer(2089858483,192608db42251d675da83286b1cce702)
Start importing Assets/Polytope Studio/Lowpoly_Characters/Sources/Modular_NPC/Meshes/Peasants_Citizens/Separate_Parts/PT_Female_Peasant_01_upper_short.fbx using Guid(52fb0ba7bf6d428409faa0026ffc08a9) Importer(2089858483,192608db42251d675da83286b1cce702) (ScriptedImporter) -> (artifact id: '664d387372da496fdc78906df6613842') in 0.0442767 seconds
Number of updated asset objects reloaded before import = 0Number of asset objects unloaded after import = 165

========================================================================
Received Import Request.
  Time since last request: 0.000012 seconds.
  path: Assets/Polytope Studio/Lowpoly_Characters/Sources/Modular_NPC/Meshes/Peasants_Citizens/PT_Female_Modular_Free_Pack.fbx
  artifactKey: Guid(32e8b022da3e1124e89a6a071df4f44f) Importer(2089858483,192608db42251d675da83286b1cce702)
Start importing Assets/Polytope Studio/Lowpoly_Characters/Sources/Modular_NPC/Meshes/Peasants_Citizens/PT_Female_Modular_Free_Pack.fbx using Guid(32e8b022da3e1124e89a6a071df4f44f) Importer(2089858483,192608db42251d675da83286b1cce702) (ScriptedImporter) -> (artifact id: 'a04fb79cb1a03d55fe74dc2b157c4d93') in 0.0472834 seconds
Number of updated asset objects reloaded before import = 0Number of asset objects unloaded after import = 210

========================================================================
Received Import Request.
  Time since last request: 0.000016 seconds.
  path: Assets/Polytope Studio/Lowpoly_Characters/Prefabs/Modular_NPC/Peasants_Citizens/Separate_Parts/PT_Female_Peasant_01_lower_skirt.prefab
  artifactKey: Guid(bc501454a3f6a4742b50b06519a29674) Importer(2089858483,192608db42251d675da83286b1cce702)
Start importing Assets/Polytope Studio/Lowpoly_Characters/Prefabs/Modular_NPC/Peasants_Citizens/Separate_Parts/PT_Female_Peasant_01_lower_skirt.prefab using Guid(bc501454a3f6a4742b50b06519a29674) Importer(2089858483,192608db42251d675da83286b1cce702) (ScriptedImporter) -> (artifact id: 'a0056e06ddb404bb03eb22219f4883a4') in 0.0265802 seconds
Number of updated asset objects reloaded before import = 0Number of asset objects unloaded after import = 164

========================================================================
Received Import Request.
  Time since last request: 0.000015 seconds.
  path: Assets/Polytope Studio/Lowpoly_Characters/Sources/Modular_NPC/Meshes/Peasants_Citizens/Sets/PT_Female_Peasant_01_b.fbx
  artifactKey: Guid(f2421cc96f14d77439c406fa9c64f7f4) Importer(2089858483,192608db42251d675da83286b1cce702)
Start importing Assets/Polytope Studio/Lowpoly_Characters/Sources/Modular_NPC/Meshes/Peasants_Citizens/Sets/PT_Female_Peasant_01_b.fbx using Guid(f2421cc96f14d77439c406fa9c64f7f4) Importer(2089858483,192608db42251d675da83286b1cce702) (ScriptedImporter) -> (artifact id: 'd1ed3c900f60af57b530cde4b2ed542c') in 0.0358959 seconds
Number of updated asset objects reloaded before import = 0Number of asset objects unloaded after import = 194

========================================================================
Received Import Request.
  Time since last request: 0.000015 seconds.
  path: Assets/Polytope Studio/Lowpoly_Environments/Sources/Meshes/Trees/PT_Fruit_Tree_01_dead_cut.fbx
  artifactKey: Guid(ddcbcdd7a43212c4d86fe33f77dac074) Importer(2089858483,192608db42251d675da83286b1cce702)
Start importing Assets/Polytope Studio/Lowpoly_Environments/Sources/Meshes/Trees/PT_Fruit_Tree_01_dead_cut.fbx using Guid(ddcbcdd7a43212c4d86fe33f77dac074) Importer(2089858483,192608db42251d675da83286b1cce702) (ScriptedImporter) -> (artifact id: '088c74234f5d80b8c40010ef6b92ab0b') in 0.0401514 seconds
Number of updated asset objects reloaded before import = 0Number of asset objects unloaded after import = 8

========================================================================
Received Import Request.
  Time since last request: 0.000025 seconds.
  path: Assets/Polytope Studio/Lowpoly_Environments/Sources/Meshes/Rocks/PT_Ore_Rock_01_split.fbx
  artifactKey: Guid(e011a827265c38e44baeae9310a2a9e2) Importer(2089858483,192608db42251d675da83286b1cce702)
Start importing Assets/Polytope Studio/Lowpoly_Environments/Sources/Meshes/Rocks/PT_Ore_Rock_01_split.fbx using Guid(e011a827265c38e44baeae9310a2a9e2) Importer(2089858483,192608db42251d675da83286b1cce702) (ScriptedImporter) -> (artifact id: '845f47288894c2cbeba7f108359e3796') in 0.0228126 seconds
Number of updated asset objects reloaded before import = 0Number of asset objects unloaded after import = 20

========================================================================
Received Import Request.
  Time since last request: 0.000013 seconds.
  path: Assets/Polytope Studio/Lowpoly_Environments/Sources/Materials/PT_Generic_Leaf_mat.mat
  artifactKey: Guid(aac20e0005fef5248bc0774a19a05e87) Importer(2089858483,192608db42251d675da83286b1cce702)
Start importing Assets/Polytope Studio/Lowpoly_Environments/Sources/Materials/PT_Generic_Leaf_mat.mat using Guid(aac20e0005fef5248bc0774a19a05e87) Importer(2089858483,192608db42251d675da83286b1cce702) (ScriptedImporter) -> (artifact id: 'cefa6fa696dfd37ccd71cc3999540964') in 0.0392681 seconds
Number of updated asset objects reloaded before import = 0Number of asset objects unloaded after import = 1

========================================================================
Received Import Request.
  Time since last request: 0.000014 seconds.
  path: Assets/Polytope Studio/Lowpoly_Environments/Sources/Materials/PT_Grass_Mat.mat
  artifactKey: Guid(09473d06882d1414b84b1fdb7a095516) Importer(2089858483,192608db42251d675da83286b1cce702)
Start importing Assets/Polytope Studio/Lowpoly_Environments/Sources/Materials/PT_Grass_Mat.mat using Guid(09473d06882d1414b84b1fdb7a095516) Importer(2089858483,192608db42251d675da83286b1cce702) (ScriptedImporter) -> (artifact id: '1ae229cc5d9fdc69da46211bef23d8d7') in 0.0283186 seconds
Number of updated asset objects reloaded before import = 0Number of asset objects unloaded after import = 2

========================================================================
Received Import Request.
  Time since last request: 0.000013 seconds.
  path: Assets/Polytope Studio/Lowpoly_Characters/Prefabs/Modular_NPC
  artifactKey: Guid(77b08afb7843c394e86c073cce4beb57) Importer(2089858483,192608db42251d675da83286b1cce702)
Start importing Assets/Polytope Studio/Lowpoly_Characters/Prefabs/Modular_NPC using Guid(77b08afb7843c394e86c073cce4beb57) Importer(2089858483,192608db42251d675da83286b1cce702) (ScriptedImporter) -> (artifact id: '73296a3d0379b6fb802744dd3f6d5bbe') in 0.008592 seconds
Number of updated asset objects reloaded before import = 0Number of asset objects unloaded after import = 1

========================================================================
Received Import Request.
  Time since last request: 0.000012 seconds.
  path: Assets/Polytope Studio/Lowpoly_Environments/Prefabs/Rocks/PT_Generic_Rock_01.prefab
  artifactKey: Guid(58cd8dc8c2359174baa15aa31e302c8b) Importer(2089858483,192608db42251d675da83286b1cce702)
Start importing Assets/Polytope Studio/Lowpoly_Environments/Prefabs/Rocks/PT_Generic_Rock_01.prefab using Guid(58cd8dc8c2359174baa15aa31e302c8b) Importer(2089858483,192608db42251d675da83286b1cce702) (ScriptedImporter) -> (artifact id: 'adc36650edf7de2c131fd170273b3619') in 0.0252617 seconds
Number of updated asset objects reloaded before import = 0Number of asset objects unloaded after import = 20

========================================================================
Received Import Request.
  Time since last request: 0.000015 seconds.
  path: Assets/SocketsAndSwitches/Textures/2048/White/Socket02Material_Normal.png
  artifactKey: Guid(de66bde9d4cd24e7bbb1d5936a6e7774) Importer(2089858483,192608db42251d675da83286b1cce702)
Start importing Assets/SocketsAndSwitches/Textures/2048/White/Socket02Material_Normal.png using Guid(de66bde9d4cd24e7bbb1d5936a6e7774) Importer(2089858483,192608db42251d675da83286b1cce702) (ScriptedImporter) -> (artifact id: '971678fe0e10fb168ae125ce13923032') in 0.0244592 seconds
Number of updated asset objects reloaded before import = 0Number of asset objects unloaded after import = 1

========================================================================
Received Import Request.
  Time since last request: 0.000020 seconds.
  path: Assets/SocketsAndSwitches/Textures/512/BlackDirt/SocketCase01Material_MetallicSmoothness.png
  artifactKey: Guid(39229142b92e5417ba2daa331969544a) Importer(2089858483,192608db42251d675da83286b1cce702)
Start importing Assets/SocketsAndSwitches/Textures/512/BlackDirt/SocketCase01Material_MetallicSmoothness.png using Guid(39229142b92e5417ba2daa331969544a) Importer(2089858483,192608db42251d675da83286b1cce702) (ScriptedImporter) -> (artifact id: '345105b482f618eb173484fdef24f43a') in 0.0168966 seconds
Number of updated asset objects reloaded before import = 0Number of asset objects unloaded after import = 1

========================================================================
Received Import Request.
  Time since last request: 0.000013 seconds.
  path: Assets/Polytope Studio/Lowpoly_Environments/Sources/Meshes/Trees/PT_Fruit_Tree_01_apples.fbx
  artifactKey: Guid(fb0559a36ae9650449b6e3c26d5076a5) Importer(2089858483,192608db42251d675da83286b1cce702)
Start importing Assets/Polytope Studio/Lowpoly_Environments/Sources/Meshes/Trees/PT_Fruit_Tree_01_apples.fbx using Guid(fb0559a36ae9650449b6e3c26d5076a5) Importer(2089858483,192608db42251d675da83286b1cce702) (ScriptedImporter) -> (artifact id: 'e75a9713ac2557d8ca0c16f8c400dc5c') in 0.0230396 seconds
Number of updated asset objects reloaded before import = 0Number of asset objects unloaded after import = 20

========================================================================
Received Import Request.
  Time since last request: 0.000014 seconds.
  path: Assets/AllMaterials/low_matBody_Normal.mat
  artifactKey: Guid(45372368dfa64ab48a8a9bc584e64fde) Importer(2089858483,192608db42251d675da83286b1cce702)
Start importing Assets/AllMaterials/low_matBody_Normal.mat using Guid(45372368dfa64ab48a8a9bc584e64fde) Importer(2089858483,192608db42251d675da83286b1cce702) (ScriptedImporter) -> (artifact id: '8971e8314ac17ea95598801ebaf32c29') in 0.0520507 seconds
Number of updated asset objects reloaded before import = 0Number of asset objects unloaded after import = 2

========================================================================
Received Import Request.
  Time since last request: 0.000018 seconds.
  path: Assets/AllMaterials/forrest_ground_01_1k.gltf/textures/forrest_ground_01_nor_gl_1k.jpg
  artifactKey: Guid(93fd83231cfb8cc4a819cf25e05bf356) Importer(2089858483,192608db42251d675da83286b1cce702)
Start importing Assets/AllMaterials/forrest_ground_01_1k.gltf/textures/forrest_ground_01_nor_gl_1k.jpg using Guid(93fd83231cfb8cc4a819cf25e05bf356) Importer(2089858483,192608db42251d675da83286b1cce702) (ScriptedImporter) -> (artifact id: '1b1053118e08ab217dfe40e204d75849') in 0.0256792 seconds
Number of updated asset objects reloaded before import = 0Number of asset objects unloaded after import = 1

========================================================================
Received Import Request.
  Time since last request: 0.000013 seconds.
  path: Assets/SocketsAndSwitches/Models/SocketCase02.fbx
  artifactKey: Guid(bc0b5b0f845744f929e523be99af81f9) Importer(2089858483,192608db42251d675da83286b1cce702)
Start importing Assets/SocketsAndSwitches/Models/SocketCase02.fbx using Guid(bc0b5b0f845744f929e523be99af81f9) Importer(2089858483,192608db42251d675da83286b1cce702) (ScriptedImporter) -> (artifact id: '8cf85e3e2023eed868b17ceb947df73d') in 0.0205134 seconds
Number of updated asset objects reloaded before import = 0Number of asset objects unloaded after import = 8

========================================================================
Received Import Request.
  Time since last request: 0.000015 seconds.
  path: Assets/Polytope Studio/Lowpoly_Environments/Sources/Materials/PT_Fruit_Tree_Foliage_Mat.mat
  artifactKey: Guid(0a1f44318dd467a45bfef81ad0e8855a) Importer(2089858483,192608db42251d675da83286b1cce702)
Start importing Assets/Polytope Studio/Lowpoly_Environments/Sources/Materials/PT_Fruit_Tree_Foliage_Mat.mat using Guid(0a1f44318dd467a45bfef81ad0e8855a) Importer(2089858483,192608db42251d675da83286b1cce702) (ScriptedImporter) -> (artifact id: 'be28e6f1d599428699587aa1343b7e03') in 0.0162267 seconds
Number of updated asset objects reloaded before import = 0Number of asset objects unloaded after import = 2

========================================================================
Received Import Request.
  Time since last request: 0.000018 seconds.
  path: Assets/AllMaterials/forrest_ground_01_1k.gltf/textures/forrest_ground_01_diff_1k.jpg
  artifactKey: Guid(51c82f297a09eed4f83cc360ab2c2417) Importer(2089858483,192608db42251d675da83286b1cce702)
Start importing Assets/AllMaterials/forrest_ground_01_1k.gltf/textures/forrest_ground_01_diff_1k.jpg using Guid(51c82f297a09eed4f83cc360ab2c2417) Importer(2089858483,192608db42251d675da83286b1cce702) (ScriptedImporter) -> (artifact id: 'aac0e7f1ec806706a05daa7f94f51d18') in 0.0172169 seconds
Number of updated asset objects reloaded before import = 0Number of asset objects unloaded after import = 1

========================================================================
Received Import Request.
  Time since last request: 0.000022 seconds.
  path: Assets/AllMaterials/japanese_cedar_bark_1k.gltf
  artifactKey: Guid(bcff05285dd12c7468efabf1bf7fc59a) Importer(2089858483,192608db42251d675da83286b1cce702)
Start importing Assets/AllMaterials/japanese_cedar_bark_1k.gltf using Guid(bcff05285dd12c7468efabf1bf7fc59a) Importer(2089858483,192608db42251d675da83286b1cce702) (ScriptedImporter) -> (artifact id: '5103474410036c57f708bed4360b8314') in 0.0092854 seconds
Number of updated asset objects reloaded before import = 0Number of asset objects unloaded after import = 1

========================================================================
Received Import Request.
  Time since last request: 0.000013 seconds.
  path: Assets/Polytope Studio/Lowpoly_Environments/Sources/Shaders/PT_Vegetation_Plants_Shader_VS.shader
  artifactKey: Guid(8a9c9453b796d9b4e8af20c911d7eab7) Importer(2089858483,192608db42251d675da83286b1cce702)
Start importing Assets/Polytope Studio/Lowpoly_Environments/Sources/Shaders/PT_Vegetation_Plants_Shader_VS.shader using Guid(8a9c9453b796d9b4e8af20c911d7eab7) Importer(2089858483,192608db42251d675da83286b1cce702) (ScriptedImporter) -> (artifact id: '06ecb573d8211dc54c0885ee1b68594c') in 0.0148234 seconds
Number of updated asset objects reloaded before import = 0Number of asset objects unloaded after import = 1

========================================================================
Received Import Request.
  Time since last request: 0.000014 seconds.
  path: Assets/SocketsAndSwitches/Prefabs/512x512/BlackDirt/SocketLightSwitches.prefab
  artifactKey: Guid(f2a0f75c5ec2449caad11cf952c649a8) Importer(2089858483,192608db42251d675da83286b1cce702)
Start importing Assets/SocketsAndSwitches/Prefabs/512x512/BlackDirt/SocketLightSwitches.prefab using Guid(f2a0f75c5ec2449caad11cf952c649a8) Importer(2089858483,192608db42251d675da83286b1cce702) (ScriptedImporter) -> (artifact id: 'a28c4f9701dd5b648fe616c1a34064c8') in 0.0137044 seconds
Number of updated asset objects reloaded before import = 0Number of asset objects unloaded after import = 19

========================================================================
Received Import Request.
  Time since last request: 0.000017 seconds.
  path: Assets/AllMaterials/Materials/FabricClothes_normal_1k.mat
  artifactKey: Guid(1a2ff7d1cb47aa84da48810dbd63f8f6) Importer(2089858483,192608db42251d675da83286b1cce702)
Start importing Assets/AllMaterials/Materials/FabricClothes_normal_1k.mat using Guid(1a2ff7d1cb47aa84da48810dbd63f8f6) Importer(2089858483,192608db42251d675da83286b1cce702) (ScriptedImporter) -> (artifact id: '094ff4d4188ae0d820fdf776fc423334') in 0.0224245 seconds
Number of updated asset objects reloaded before import = 0Number of asset objects unloaded after import = 2

========================================================================
Received Import Request.
  Time since last request: 0.000011 seconds.
  path: Assets/SocketsAndSwitches/Textures/512/White
  artifactKey: Guid(176c4a7d12e1d48b59a55aef2c88e5b9) Importer(2089858483,192608db42251d675da83286b1cce702)
Start importing Assets/SocketsAndSwitches/Textures/512/White using Guid(176c4a7d12e1d48b59a55aef2c88e5b9) Importer(2089858483,192608db42251d675da83286b1cce702) (ScriptedImporter) -> (artifact id: 'd91f0a7a245850fc08c3d28701b51c17') in 0.0076856 seconds
Number of updated asset objects reloaded before import = 0Number of asset objects unloaded after import = 1

========================================================================
Received Import Request.
  Time since last request: 0.000014 seconds.
  path: Assets/ClickToMove.cs
  artifactKey: Guid(f251d48b7cf1e5b48a62dbece033dc1f) Importer(2089858483,192608db42251d675da83286b1cce702)
Start importing Assets/ClickToMove.cs using Guid(f251d48b7cf1e5b48a62dbece033dc1f) Importer(2089858483,192608db42251d675da83286b1cce702) (ScriptedImporter) -> (artifact id: '06d689521ac6cf39e060c40a3c714ca7') in 0.0100833 seconds
Number of updated asset objects reloaded before import = 0Number of asset objects unloaded after import = 0

========================================================================
Received Import Request.
  Time since last request: 0.000013 seconds.
  path: Assets/Polytope Studio/Lowpoly_Props/Sources/Meshes/PT_Hayfork_01.fbx
  artifactKey: Guid(21c2a462eb660754e976011524d5c0a9) Importer(2089858483,192608db42251d675da83286b1cce702)
Start importing Assets/Polytope Studio/Lowpoly_Props/Sources/Meshes/PT_Hayfork_01.fbx using Guid(21c2a462eb660754e976011524d5c0a9) Importer(2089858483,192608db42251d675da83286b1cce702) (ScriptedImporter) -> (artifact id: 'e1dcdb8f44ce48b3e3b0dcabf1f1db9c') in 0.0182649 seconds
Number of updated asset objects reloaded before import = 0Number of asset objects unloaded after import = 8

========================================================================
Received Import Request.
  Time since last request: 0.373327 seconds.
  path: Assets/SocketsAndSwitches/Material/2048x2048/WhiteDirt/Socket02Material.mat
  artifactKey: Guid(51a6bd3267e6d49458d0611dc9508170) Importer(2089858483,192608db42251d675da83286b1cce702)
Start importing Assets/SocketsAndSwitches/Material/2048x2048/WhiteDirt/Socket02Material.mat using Guid(51a6bd3267e6d49458d0611dc9508170) Importer(2089858483,192608db42251d675da83286b1cce702) (ScriptedImporter) -> (artifact id: '62b313719d32ee9524e3b67dff21baeb') in 0.0212912 seconds
Number of updated asset objects reloaded before import = 0Number of asset objects unloaded after import = 4

========================================================================
Received Import Request.
  Time since last request: 0.000015 seconds.
  path: Assets/SocketsAndSwitches/Material/2048x2048/BlackDirt/InsideMaterial.mat
  artifactKey: Guid(e5f056d5d1ab84964ae8d7e9e4bcc0fd) Importer(2089858483,192608db42251d675da83286b1cce702)
Start importing Assets/SocketsAndSwitches/Material/2048x2048/BlackDirt/InsideMaterial.mat using Guid(e5f056d5d1ab84964ae8d7e9e4bcc0fd) Importer(2089858483,192608db42251d675da83286b1cce702) (ScriptedImporter) -> (artifact id: '89ded03471fb5b8c2e49f9a2d832ca9e') in 0.0167947 seconds
Number of updated asset objects reloaded before import = 0Number of asset objects unloaded after import = 4

========================================================================
Received Import Request.
  Time since last request: 0.000020 seconds.
  path: Assets/SocketsAndSwitches/Textures/128/White/SocketCase02Material_MetallicSmoothness.png
  artifactKey: Guid(401679a11dc5149e4b1db645316a7b0f) Importer(2089858483,192608db42251d675da83286b1cce702)
Start importing Assets/SocketsAndSwitches/Textures/128/White/SocketCase02Material_MetallicSmoothness.png using Guid(401679a11dc5149e4b1db645316a7b0f) Importer(2089858483,192608db42251d675da83286b1cce702) (ScriptedImporter) -> (artifact id: 'aed1a25aeddeeba78e7ffa2e2147d8fa') in 0.020425 seconds
Number of updated asset objects reloaded before import = 0Number of asset objects unloaded after import = 1

========================================================================
Received Import Request.
  Time since last request: 0.000012 seconds.
  path: Assets/SocketsAndSwitches/Prefabs/256x256/White/SocketCase03Rotate.prefab
  artifactKey: Guid(93b084a46385a46a3b9383bc35db05ce) Importer(2089858483,192608db42251d675da83286b1cce702)
Start importing Assets/SocketsAndSwitches/Prefabs/256x256/White/SocketCase03Rotate.prefab using Guid(93b084a46385a46a3b9383bc35db05ce) Importer(2089858483,192608db42251d675da83286b1cce702) (ScriptedImporter) -> (artifact id: 'd541106f0765c073bea6a62558057cfe') in 0.0117208 seconds
Number of updated asset objects reloaded before import = 0Number of asset objects unloaded after import = 22

========================================================================
Received Import Request.
  Time since last request: 0.000015 seconds.
  path: Assets/SocketsAndSwitches/Prefabs/1024x1024/White
  artifactKey: Guid(adaa9762aeab94bd9a7ddae62c572ba3) Importer(2089858483,192608db42251d675da83286b1cce702)
Start importing Assets/SocketsAndSwitches/Prefabs/1024x1024/White using Guid(adaa9762aeab94bd9a7ddae62c572ba3) Importer(2089858483,192608db42251d675da83286b1cce702) (ScriptedImporter) -> (artifact id: '08250f370ecf3935a10256590efbac32') in 0.0097547 seconds
Number of updated asset objects reloaded before import = 0Number of asset objects unloaded after import = 1

========================================================================
Received Import Request.
  Time since last request: 0.000012 seconds.
  path: Assets/SocketsAndSwitches/Textures/2048/Rotation/Black/SocketCase02Material_Normal.png
  artifactKey: Guid(d7750dd1b01fd47608317774e72be2bd) Importer(2089858483,192608db42251d675da83286b1cce702)
Start importing Assets/SocketsAndSwitches/Textures/2048/Rotation/Black/SocketCase02Material_Normal.png using Guid(d7750dd1b01fd47608317774e72be2bd) Importer(2089858483,192608db42251d675da83286b1cce702) (ScriptedImporter) -> (artifact id: 'ae1874c6796171b3ebc872a28a541382') in 0.0196597 seconds
Number of updated asset objects reloaded before import = 0Number of asset objects unloaded after import = 1

========================================================================
Received Import Request.
  Time since last request: 0.000013 seconds.
  path: Assets/SocketsAndSwitches/Textures/1024/Rotation/BlackDirt
  artifactKey: Guid(aa0642d37c5bb4d7ab1133c84b259639) Importer(2089858483,192608db42251d675da83286b1cce702)
Start importing Assets/SocketsAndSwitches/Textures/1024/Rotation/BlackDirt using Guid(aa0642d37c5bb4d7ab1133c84b259639) Importer(2089858483,192608db42251d675da83286b1cce702) (ScriptedImporter) -> (artifact id: '2b55372c91ed0f9f7429a853aa84ee2b') in 0.0100359 seconds
Number of updated asset objects reloaded before import = 0Number of asset objects unloaded after import = 1

========================================================================
Received Import Request.
  Time since last request: 0.000014 seconds.
  path: Assets/SocketsAndSwitches/Textures/128/WhiteDirt/InsideMaterial_Normal.png
  artifactKey: Guid(2709aea2f6e30425dabe1463ea06db7d) Importer(2089858483,192608db42251d675da83286b1cce702)
Start importing Assets/SocketsAndSwitches/Textures/128/WhiteDirt/InsideMaterial_Normal.png using Guid(2709aea2f6e30425dabe1463ea06db7d) Importer(2089858483,192608db42251d675da83286b1cce702) (ScriptedImporter) -> (artifact id: '684f59b97badc0706c020df1662317cb') in 0.0193894 seconds
Number of updated asset objects reloaded before import = 0Number of asset objects unloaded after import = 1

========================================================================
Received Import Request.
  Time since last request: 0.000014 seconds.
  path: Assets/SocketsAndSwitches/Prefabs/512x512/White/LightSwitches01.prefab
  artifactKey: Guid(d62febfe192484a609cd93e6302e7a5a) Importer(2089858483,192608db42251d675da83286b1cce702)
Start importing Assets/SocketsAndSwitches/Prefabs/512x512/White/LightSwitches01.prefab using Guid(d62febfe192484a609cd93e6302e7a5a) Importer(2089858483,192608db42251d675da83286b1cce702) (ScriptedImporter) -> (artifact id: '0323001ee0219349d969e5e875f4e497') in 0.0114805 seconds
Number of updated asset objects reloaded before import = 0Number of asset objects unloaded after import = 14

========================================================================
Received Import Request.
  Time since last request: 0.000014 seconds.
  path: Assets/SocketsAndSwitches/Prefabs/128x128/Black/Socket02.prefab
  artifactKey: Guid(30c7fee3173b048da8fa42a5d0bf4227) Importer(2089858483,192608db42251d675da83286b1cce702)
Start importing Assets/SocketsAndSwitches/Prefabs/128x128/Black/Socket02.prefab using Guid(30c7fee3173b048da8fa42a5d0bf4227) Importer(2089858483,192608db42251d675da83286b1cce702) (ScriptedImporter) -> (artifact id: '7583d56c63fa4b9dd5c65beb05f62c37') in 0.0127708 seconds
Number of updated asset objects reloaded before import = 0Number of asset objects unloaded after import = 8

========================================================================
Received Import Request.
  Time since last request: 0.000019 seconds.
  path: Assets/SocketsAndSwitches/Prefabs/128x128/BlackDirt
  artifactKey: Guid(adb1ec757af9745d79f2b62319e14ba4) Importer(2089858483,192608db42251d675da83286b1cce702)
Start importing Assets/SocketsAndSwitches/Prefabs/128x128/BlackDirt using Guid(adb1ec757af9745d79f2b62319e14ba4) Importer(2089858483,192608db42251d675da83286b1cce702) (ScriptedImporter) -> (artifact id: '1f2bb39c64eb4fcd5e6bde5b6d44a185') in 0.0097133 seconds
Number of updated asset objects reloaded before import = 0Number of asset objects unloaded after import = 1

========================================================================
Received Import Request.
  Time since last request: 0.000012 seconds.
  path: Assets/SocketsAndSwitches/Textures/128/White/Socket02Material_Normal.png
  artifactKey: Guid(bfd2ac20513e3446da9a689315132ea9) Importer(2089858483,192608db42251d675da83286b1cce702)
Start importing Assets/SocketsAndSwitches/Textures/128/White/Socket02Material_Normal.png using Guid(bfd2ac20513e3446da9a689315132ea9) Importer(2089858483,192608db42251d675da83286b1cce702) (ScriptedImporter) -> (artifact id: 'd67c189ef462097299145471f59f5012') in 0.0180464 seconds
Number of updated asset objects reloaded before import = 0Number of asset objects unloaded after import = 1

========================================================================
Received Import Request.
  Time since last request: 0.000012 seconds.
  path: Assets/SocketsAndSwitches/Material/1024x1024/White/Socket03Material.mat
  artifactKey: Guid(572212430d9694176af79e136c76516f) Importer(2089858483,192608db42251d675da83286b1cce702)
Start importing Assets/SocketsAndSwitches/Material/1024x1024/White/Socket03Material.mat using Guid(572212430d9694176af79e136c76516f) Importer(2089858483,192608db42251d675da83286b1cce702) (ScriptedImporter) -> (artifact id: '6ccc7477d669a3675c77f38f6ca8797b') in 0.0120036 seconds
Number of updated asset objects reloaded before import = 0Number of asset objects unloaded after import = 4

========================================================================
Received Import Request.
  Time since last request: 0.000012 seconds.
  path: Assets/SocketsAndSwitches/Material/1024x1024/WhiteDirt/Socket03Material.mat
  artifactKey: Guid(78c7f43cc88694148a04ec8f243316ce) Importer(2089858483,192608db42251d675da83286b1cce702)
Start importing Assets/SocketsAndSwitches/Material/1024x1024/WhiteDirt/Socket03Material.mat using Guid(78c7f43cc88694148a04ec8f243316ce) Importer(2089858483,192608db42251d675da83286b1cce702) (ScriptedImporter) -> (artifact id: 'c9cacb535afea3dc202f9cfaa7c358d2') in 0.0162369 seconds
Number of updated asset objects reloaded before import = 0Number of asset objects unloaded after import = 4

========================================================================
Received Import Request.
  Time since last request: 0.000013 seconds.
  path: Assets/SocketsAndSwitches/Prefabs/512x512/White/Socket03.prefab
  artifactKey: Guid(39b2b030790084f5696cada8fafbe964) Importer(2089858483,192608db42251d675da83286b1cce702)
Start importing Assets/SocketsAndSwitches/Prefabs/512x512/White/Socket03.prefab using Guid(39b2b030790084f5696cada8fafbe964) Importer(2089858483,192608db42251d675da83286b1cce702) (ScriptedImporter) -> (artifact id: 'a2aa2de7bec229c8ca6bc8df98191ad6') in 0.0142429 seconds
Number of updated asset objects reloaded before import = 0Number of asset objects unloaded after import = 8

========================================================================
Received Import Request.
  Time since last request: 0.000012 seconds.
  path: Assets/SocketsAndSwitches/Material/2048x2048/WhiteDirt
  artifactKey: Guid(f8fc85cc0e45c49608b8a69df816b745) Importer(2089858483,192608db42251d675da83286b1cce702)
Start importing Assets/SocketsAndSwitches/Material/2048x2048/WhiteDirt using Guid(f8fc85cc0e45c49608b8a69df816b745) Importer(2089858483,192608db42251d675da83286b1cce702) (ScriptedImporter) -> (artifact id: 'ff714c365cdf58ee8a0b990371d04cd7') in 0.0107007 seconds
Number of updated asset objects reloaded before import = 0Number of asset objects unloaded after import = 1

========================================================================
Received Import Request.
  Time since last request: 0.000013 seconds.
  path: Assets/SocketsAndSwitches/Prefabs/2048x2048/White/SocketCase03Rotate.prefab
  artifactKey: Guid(15833557200d64eac9f49fe1acd52fe3) Importer(2089858483,192608db42251d675da83286b1cce702)
Start importing Assets/SocketsAndSwitches/Prefabs/2048x2048/White/SocketCase03Rotate.prefab using Guid(15833557200d64eac9f49fe1acd52fe3) Importer(2089858483,192608db42251d675da83286b1cce702) (ScriptedImporter) -> (artifact id: 'b1b2fd33db9ed777299e5936d442cdbc') in 0.0101377 seconds
Number of updated asset objects reloaded before import = 0Number of asset objects unloaded after import = 22

========================================================================
Received Import Request.
  Time since last request: 0.299876 seconds.
  path: Assets/SocketsAndSwitches/Textures/512/Black/SocketCase01Material_MetallicSmoothness.png
  artifactKey: Guid(be965b6220b5745cb903885f742e5f25) Importer(2089858483,192608db42251d675da83286b1cce702)
Start importing Assets/SocketsAndSwitches/Textures/512/Black/SocketCase01Material_MetallicSmoothness.png using Guid(be965b6220b5745cb903885f742e5f25) Importer(2089858483,192608db42251d675da83286b1cce702) (ScriptedImporter) -> (artifact id: '215db4921b647251314fc20a7de25d2c') in 0.0168765 seconds
Number of updated asset objects reloaded before import = 0Number of asset objects unloaded after import = 1

========================================================================
Received Import Request.
  Time since last request: 0.000011 seconds.
  path: Assets/SocketsAndSwitches/Textures/256/BlackDirt/Socket03Material_Normal.png
  artifactKey: Guid(fe851ed987c454cae8a9acfe5a2e5eca) Importer(2089858483,192608db42251d675da83286b1cce702)
Start importing Assets/SocketsAndSwitches/Textures/256/BlackDirt/Socket03Material_Normal.png using Guid(fe851ed987c454cae8a9acfe5a2e5eca) Importer(2089858483,192608db42251d675da83286b1cce702) (ScriptedImporter) -> (artifact id: 'e48c41ceb24aa3fd538f06f936ce7e2e') in 0.0164983 seconds
Number of updated asset objects reloaded before import = 0Number of asset objects unloaded after import = 1

========================================================================
Received Import Request.
  Time since last request: 0.000011 seconds.
  path: Assets/SocketsAndSwitches/Material/512x512/Rotation/White
  artifactKey: Guid(96b142da28d3b40a091c8cc2e51a62b5) Importer(2089858483,192608db42251d675da83286b1cce702)
Start importing Assets/SocketsAndSwitches/Material/512x512/Rotation/White using Guid(96b142da28d3b40a091c8cc2e51a62b5) Importer(2089858483,192608db42251d675da83286b1cce702) (ScriptedImporter) -> (artifact id: 'e0848fee16f639e5da7cb84d947193c4') in 0.009945 seconds
Number of updated asset objects reloaded before import = 0Number of asset objects unloaded after import = 1

========================================================================
Received Import Request.
  Time since last request: 0.000012 seconds.
  path: Assets/SocketsAndSwitches/Prefabs/2048x2048/WhiteDirt/LightSwitches01.prefab
  artifactKey: Guid(e57c27531019a4262a339acb5999eb49) Importer(2089858483,192608db42251d675da83286b1cce702)
Start importing Assets/SocketsAndSwitches/Prefabs/2048x2048/WhiteDirt/LightSwitches01.prefab using Guid(e57c27531019a4262a339acb5999eb49) Importer(2089858483,192608db42251d675da83286b1cce702) (ScriptedImporter) -> (artifact id: '91f518c0daf27e10e8db92ba76fcd48c') in 0.012008 seconds
Number of updated asset objects reloaded before import = 0Number of asset objects unloaded after import = 14

========================================================================
Received Import Request.
  Time since last request: 0.000016 seconds.
  path: Assets/SocketsAndSwitches/Material/128x128/BlackDirt/LightSwitchesMaterial.mat
  artifactKey: Guid(171ea37c4214c45b6b29f595f47ea987) Importer(2089858483,192608db42251d675da83286b1cce702)
Start importing Assets/SocketsAndSwitches/Material/128x128/BlackDirt/LightSwitchesMaterial.mat using Guid(171ea37c4214c45b6b29f595f47ea987) Importer(2089858483,192608db42251d675da83286b1cce702) (ScriptedImporter) -> (artifact id: 'eaa5b07733aa2b7fb2819071f565ab6e') in 0.012059 seconds
Number of updated asset objects reloaded before import = 0Number of asset objects unloaded after import = 4

========================================================================
Received Import Request.
  Time since last request: 0.000019 seconds.
  path: Assets/SocketsAndSwitches/Textures/2048/Rotation/BlackDirt/SocketCase01Material_MetallicSmoothness.png
  artifactKey: Guid(0789c4f4cccf7404ca125cab36fd8ec5) Importer(2089858483,192608db42251d675da83286b1cce702)
Start importing Assets/SocketsAndSwitches/Textures/2048/Rotation/BlackDirt/SocketCase01Material_MetallicSmoothness.png using Guid(0789c4f4cccf7404ca125cab36fd8ec5) Importer(2089858483,192608db42251d675da83286b1cce702) (ScriptedImporter) -> (artifact id: 'ed9a212fce14ee910b6ca350f77fa98a') in 0.0156862 seconds
Number of updated asset objects reloaded before import = 0Number of asset objects unloaded after import = 1

========================================================================
Received Import Request.
  Time since last request: 0.000010 seconds.
  path: Assets/SocketsAndSwitches/Material/128x128/WhiteDirt/Socket02Material.mat
  artifactKey: Guid(22753da51ac114cc49965661309b95b7) Importer(2089858483,192608db42251d675da83286b1cce702)
Start importing Assets/SocketsAndSwitches/Material/128x128/WhiteDirt/Socket02Material.mat using Guid(22753da51ac114cc49965661309b95b7) Importer(2089858483,192608db42251d675da83286b1cce702) (ScriptedImporter) -> (artifact id: '14be6f576376e7c7f334a1eb96531a65') in 0.0132599 seconds
Number of updated asset objects reloaded before import = 0Number of asset objects unloaded after import = 4

========================================================================
Received Import Request.
  Time since last request: 0.000011 seconds.
  path: Assets/SocketsAndSwitches/Textures/128/White/Socket02Material_MetallicSmoothness.png
  artifactKey: Guid(54fd0ba61834a4b18bc2e08ed06d6d6c) Importer(2089858483,192608db42251d675da83286b1cce702)
Start importing Assets/SocketsAndSwitches/Textures/128/White/Socket02Material_MetallicSmoothness.png using Guid(54fd0ba61834a4b18bc2e08ed06d6d6c) Importer(2089858483,192608db42251d675da83286b1cce702) (ScriptedImporter) -> (artifact id: 'eca245624951e0988a6aa891adbdec69') in 0.0185749 seconds
Number of updated asset objects reloaded before import = 0Number of asset objects unloaded after import = 1

========================================================================
Received Import Request.
  Time since last request: 0.000012 seconds.
  path: Assets/SocketsAndSwitches/Textures/1024/WhiteDirt/Socket03Material_Normal.png
  artifactKey: Guid(9e74da7e2598744f8a75b3b7c8e8006f) Importer(2089858483,192608db42251d675da83286b1cce702)
Start importing Assets/SocketsAndSwitches/Textures/1024/WhiteDirt/Socket03Material_Normal.png using Guid(9e74da7e2598744f8a75b3b7c8e8006f) Importer(2089858483,192608db42251d675da83286b1cce702) (ScriptedImporter) -> (artifact id: '185d482ca7968232eb093450d11207d7') in 0.0176162 seconds
Number of updated asset objects reloaded before import = 0Number of asset objects unloaded after import = 1

========================================================================
Received Import Request.
  Time since last request: 0.000013 seconds.
  path: Assets/SocketsAndSwitches/Prefabs/1024x1024/WhiteDirt/SocketCase02.prefab
  artifactKey: Guid(55dfe5c0e21ca47909242bfd633df7d5) Importer(2089858483,192608db42251d675da83286b1cce702)
Start importing Assets/SocketsAndSwitches/Prefabs/1024x1024/WhiteDirt/SocketCase02.prefab using Guid(55dfe5c0e21ca47909242bfd633df7d5) Importer(2089858483,192608db42251d675da83286b1cce702) (ScriptedImporter) -> (artifact id: '5503eac6d85191ded48233186ea2e339') in 0.0107746 seconds
Number of updated asset objects reloaded before import = 0Number of asset objects unloaded after import = 18

========================================================================
Received Import Request.
  Time since last request: 0.000013 seconds.
  path: Assets/SocketsAndSwitches/Textures/2048/Rotation/White/SocketCase02Material_Normal.png
  artifactKey: Guid(5640fcb8210f14bf0a31bfcc561c2c1f) Importer(2089858483,192608db42251d675da83286b1cce702)
Start importing Assets/SocketsAndSwitches/Textures/2048/Rotation/White/SocketCase02Material_Normal.png using Guid(5640fcb8210f14bf0a31bfcc561c2c1f) Importer(2089858483,192608db42251d675da83286b1cce702) (ScriptedImporter) -> (artifact id: 'f48fd513ac62c0c1e94a58a32aa08b5e') in 0.0192623 seconds
Number of updated asset objects reloaded before import = 0Number of asset objects unloaded after import = 1

========================================================================
Received Import Request.
  Time since last request: 0.000011 seconds.
  path: Assets/SocketsAndSwitches/Prefabs/128x128/White/SocketCase03.prefab
  artifactKey: Guid(fe6fc7ac0f4f3462cab12ea6a0e46527) Importer(2089858483,192608db42251d675da83286b1cce702)
Start importing Assets/SocketsAndSwitches/Prefabs/128x128/White/SocketCase03.prefab using Guid(fe6fc7ac0f4f3462cab12ea6a0e46527) Importer(2089858483,192608db42251d675da83286b1cce702) (ScriptedImporter) -> (artifact id: '53247f0600f9f17e1356bb8d4043cc3a') in 0.0106954 seconds
Number of updated asset objects reloaded before import = 0Number of asset objects unloaded after import = 22

========================================================================
Received Import Request.
  Time since last request: 0.000013 seconds.
  path: Assets/SocketsAndSwitches/Textures/256/Black/SocketCase02Material_MetallicSmoothness.png
  artifactKey: Guid(c0b20b508f6744c5fa2b0962dca5cde7) Importer(2089858483,192608db42251d675da83286b1cce702)
Start importing Assets/SocketsAndSwitches/Textures/256/Black/SocketCase02Material_MetallicSmoothness.png using Guid(c0b20b508f6744c5fa2b0962dca5cde7) Importer(2089858483,192608db42251d675da83286b1cce702) (ScriptedImporter) -> (artifact id: '7fddb2499a2de1272d9718fae710dc6f') in 0.0171569 seconds
Number of updated asset objects reloaded before import = 0Number of asset objects unloaded after import = 1

========================================================================
Received Import Request.
  Time since last request: 0.000026 seconds.
  path: Assets/SocketsAndSwitches/Textures/2048/Rotation/BlackDirt/SocketCase02Material_MetallicSmoothness.png
  artifactKey: Guid(5641ddd56bffc44769d006e26b323f6c) Importer(2089858483,192608db42251d675da83286b1cce702)
Start importing Assets/SocketsAndSwitches/Textures/2048/Rotation/BlackDirt/SocketCase02Material_MetallicSmoothness.png using Guid(5641ddd56bffc44769d006e26b323f6c) Importer(2089858483,192608db42251d675da83286b1cce702) (ScriptedImporter) -> (artifact id: '97164fd1ef83d023c70261b475f1d79e') in 0.020175 seconds
Number of updated asset objects reloaded before import = 0Number of asset objects unloaded after import = 1

========================================================================
Received Import Request.
  Time since last request: 0.000014 seconds.
  path: Assets/SocketsAndSwitches/Textures/512/Rotation/BlackDirt
  artifactKey: Guid(040ff914b830d4913b82073567891d8a) Importer(2089858483,192608db42251d675da83286b1cce702)
Start importing Assets/SocketsAndSwitches/Textures/512/Rotation/BlackDirt using Guid(040ff914b830d4913b82073567891d8a) Importer(2089858483,192608db42251d675da83286b1cce702) (ScriptedImporter) -> (artifact id: 'b4890c1600d3e843f73a096a79df1184') in 0.010378 seconds
Number of updated asset objects reloaded before import = 0Number of asset objects unloaded after import = 1

========================================================================
Received Import Request.
  Time since last request: 0.000017 seconds.
  path: Assets/SocketsAndSwitches/Prefabs/128x128/White/Socket03.prefab
  artifactKey: Guid(f528a09e27a7e486a800c4356f10b387) Importer(2089858483,192608db42251d675da83286b1cce702)
Start importing Assets/SocketsAndSwitches/Prefabs/128x128/White/Socket03.prefab using Guid(f528a09e27a7e486a800c4356f10b387) Importer(2089858483,192608db42251d675da83286b1cce702) (ScriptedImporter) -> (artifact id: 'df030f4704fca8a2426eecb252717bf4') in 0.0146647 seconds
Number of updated asset objects reloaded before import = 0Number of asset objects unloaded after import = 8

========================================================================
Received Import Request.
  Time since last request: 0.000014 seconds.
  path: Assets/SocketsAndSwitches/Scene
  artifactKey: Guid(54db9a58afc9246e69f51f83d8356cb8) Importer(2089858483,192608db42251d675da83286b1cce702)
Start importing Assets/SocketsAndSwitches/Scene using Guid(54db9a58afc9246e69f51f83d8356cb8) Importer(2089858483,192608db42251d675da83286b1cce702) (ScriptedImporter) -> (artifact id: 'f4bf143b2df538e88bd30a5dde7a2ca2') in 0.0098274 seconds
Number of updated asset objects reloaded before import = 0Number of asset objects unloaded after import = 1

========================================================================
Received Import Request.
  Time since last request: 0.000013 seconds.
  path: Assets/SocketsAndSwitches/Textures/1024/White/SocketCase02Material_AlbedoTransparency.png
  artifactKey: Guid(a363a9e018c714dd0a516cea35e05574) Importer(2089858483,192608db42251d675da83286b1cce702)
Start importing Assets/SocketsAndSwitches/Textures/1024/White/SocketCase02Material_AlbedoTransparency.png using Guid(a363a9e018c714dd0a516cea35e05574) Importer(2089858483,192608db42251d675da83286b1cce702) (ScriptedImporter) -> (artifact id: 'f1186db397c0bff6538cd020f8da45ce') in 0.0180747 seconds
Number of updated asset objects reloaded before import = 0Number of asset objects unloaded after import = 1

========================================================================
Received Import Request.
  Time since last request: 0.000014 seconds.
  path: Assets/SocketsAndSwitches/Textures/1024/White/Socket03Material_MetallicSmoothness.png
  artifactKey: Guid(5e258e5354dbf4d5687cc8efc1f6ae3f) Importer(2089858483,192608db42251d675da83286b1cce702)
Start importing Assets/SocketsAndSwitches/Textures/1024/White/Socket03Material_MetallicSmoothness.png using Guid(5e258e5354dbf4d5687cc8efc1f6ae3f) Importer(2089858483,192608db42251d675da83286b1cce702) (ScriptedImporter) -> (artifact id: 'e826da2c2bdf6f667f1c59705a340c35') in 0.0176737 seconds
Number of updated asset objects reloaded before import = 0Number of asset objects unloaded after import = 1

========================================================================
Received Import Request.
  Time since last request: 0.000017 seconds.
  path: Assets/SocketsAndSwitches/Textures/128/White/InsideMaterial_Normal.png
  artifactKey: Guid(8a56349332aa0489e9acfa868c2ed209) Importer(2089858483,192608db42251d675da83286b1cce702)
Start importing Assets/SocketsAndSwitches/Textures/128/White/InsideMaterial_Normal.png using Guid(8a56349332aa0489e9acfa868c2ed209) Importer(2089858483,192608db42251d675da83286b1cce702) (ScriptedImporter) -> (artifact id: 'bf710de55bf7694c2a3ec126e5ba1e51') in 0.0165528 seconds
Number of updated asset objects reloaded before import = 0Number of asset objects unloaded after import = 1

========================================================================
Received Import Request.
  Time since last request: 0.000020 seconds.
  path: Assets/SocketsAndSwitches/Textures/256/BlackDirt/SocketCase01Material_AlbedoTransparency.png
  artifactKey: Guid(29e5d95d2c6f24f22bbe720684b5e116) Importer(2089858483,192608db42251d675da83286b1cce702)
Start importing Assets/SocketsAndSwitches/Textures/256/BlackDirt/SocketCase01Material_AlbedoTransparency.png using Guid(29e5d95d2c6f24f22bbe720684b5e116) Importer(2089858483,192608db42251d675da83286b1cce702) (ScriptedImporter) -> (artifact id: 'fccdd560cb707835f8d148ea98233535') in 0.0165409 seconds
Number of updated asset objects reloaded before import = 0Number of asset objects unloaded after import = 1

========================================================================
Received Import Request.
  Time since last request: 0.000010 seconds.
  path: Assets/SocketsAndSwitches/Material
  artifactKey: Guid(8d8e07244b24e4e8a911ae7bb50fbf1e) Importer(2089858483,192608db42251d675da83286b1cce702)
Start importing Assets/SocketsAndSwitches/Material using Guid(8d8e07244b24e4e8a911ae7bb50fbf1e) Importer(2089858483,192608db42251d675da83286b1cce702) (ScriptedImporter) -> (artifact id: 'dee386d37daad56a982fd80084111d3a') in 0.0087131 seconds
Number of updated asset objects reloaded before import = 0Number of asset objects unloaded after import = 1

========================================================================
Received Import Request.
  Time since last request: 0.000011 seconds.
  path: Assets/SocketsAndSwitches/Textures/2048/White/InsideMaterial_AlbedoTransparency.png
  artifactKey: Guid(e0065890ec2bd4946a2ba8f77e334ef3) Importer(2089858483,192608db42251d675da83286b1cce702)
Start importing Assets/SocketsAndSwitches/Textures/2048/White/InsideMaterial_AlbedoTransparency.png using Guid(e0065890ec2bd4946a2ba8f77e334ef3) Importer(2089858483,192608db42251d675da83286b1cce702) (ScriptedImporter) -> (artifact id: '86a2514a3c816878eae4ca0dd12d73ee') in 0.0164891 seconds
Number of updated asset objects reloaded before import = 0Number of asset objects unloaded after import = 1

========================================================================
Received Import Request.
  Time since last request: 0.000011 seconds.
  path: Assets/SocketsAndSwitches/Prefabs/1024x1024/BlackDirt/SocketCase02.prefab
  artifactKey: Guid(e8d6c15cc57244e96a7c3ea4a13db469) Importer(2089858483,192608db42251d675da83286b1cce702)
Start importing Assets/SocketsAndSwitches/Prefabs/1024x1024/BlackDirt/SocketCase02.prefab using Guid(e8d6c15cc57244e96a7c3ea4a13db469) Importer(2089858483,192608db42251d675da83286b1cce702) (ScriptedImporter) -> (artifact id: 'eb152bdecf1dc43356cc110452c5d539') in 0.0117423 seconds
Number of updated asset objects reloaded before import = 0Number of asset objects unloaded after import = 18

========================================================================
Received Import Request.
  Time since last request: 0.000012 seconds.
  path: Assets/SocketsAndSwitches/Prefabs/128x128/White/LightSwitches02.prefab
  artifactKey: Guid(0ae9e234a53b64c5ebf9212437354766) Importer(2089858483,192608db42251d675da83286b1cce702)
Start importing Assets/SocketsAndSwitches/Prefabs/128x128/White/LightSwitches02.prefab using Guid(0ae9e234a53b64c5ebf9212437354766) Importer(2089858483,192608db42251d675da83286b1cce702) (ScriptedImporter) -> (artifact id: '016da7eda58a7dc199bbea0f93be134f') in 0.0121082 seconds
Number of updated asset objects reloaded before import = 0Number of asset objects unloaded after import = 21

========================================================================
Received Import Request.
  Time since last request: 0.000012 seconds.
  path: Assets/SocketsAndSwitches/Prefabs/256x256/BlackDirt/LightSwitches02.prefab
  artifactKey: Guid(3065ed8d9d7234caca0da0628473ed12) Importer(2089858483,192608db42251d675da83286b1cce702)
Start importing Assets/SocketsAndSwitches/Prefabs/256x256/BlackDirt/LightSwitches02.prefab using Guid(3065ed8d9d7234caca0da0628473ed12) Importer(2089858483,192608db42251d675da83286b1cce702) (ScriptedImporter) -> (artifact id: '8f0ca797f6028c2bdf2a7af2a6dd4a0d') in 0.0115605 seconds
Number of updated asset objects reloaded before import = 0Number of asset objects unloaded after import = 21

========================================================================
Received Import Request.
  Time since last request: 0.000012 seconds.
  path: Assets/SocketsAndSwitches/Textures/512/WhiteDirt/SocketCase02Material_MetallicSmoothness.png
  artifactKey: Guid(6d368fae232c84935ad61f8e9f8c15b2) Importer(2089858483,192608db42251d675da83286b1cce702)
Start importing Assets/SocketsAndSwitches/Textures/512/WhiteDirt/SocketCase02Material_MetallicSmoothness.png using Guid(6d368fae232c84935ad61f8e9f8c15b2) Importer(2089858483,192608db42251d675da83286b1cce702) (ScriptedImporter) -> (artifact id: '8b90d174a80b36a92b07fe6109de4493') in 0.0224489 seconds
Number of updated asset objects reloaded before import = 0Number of asset objects unloaded after import = 1

========================================================================
Received Import Request.
  Time since last request: 0.000016 seconds.
  path: Assets/SocketsAndSwitches/Prefabs/1024x1024/WhiteDirt/Socket03.prefab
  artifactKey: Guid(1193e5d61afd2411a820b274a0bd2088) Importer(2089858483,192608db42251d675da83286b1cce702)
Start importing Assets/SocketsAndSwitches/Prefabs/1024x1024/WhiteDirt/Socket03.prefab using Guid(1193e5d61afd2411a820b274a0bd2088) Importer(2089858483,192608db42251d675da83286b1cce702) (ScriptedImporter) -> (artifact id: '028e4f382da405932d17e0cd649cbf53') in 0.0131628 seconds
Number of updated asset objects reloaded before import = 0Number of asset objects unloaded after import = 8

========================================================================
Received Import Request.
  Time since last request: 0.000020 seconds.
  path: Assets/SocketsAndSwitches/Material/512x512/BlackDirt/Socket03Material.mat
  artifactKey: Guid(1bf00bf2adb314283aa54b99391c3699) Importer(2089858483,192608db42251d675da83286b1cce702)
Start importing Assets/SocketsAndSwitches/Material/512x512/BlackDirt/Socket03Material.mat using Guid(1bf00bf2adb314283aa54b99391c3699) Importer(2089858483,192608db42251d675da83286b1cce702) (ScriptedImporter) -> (artifact id: 'd93fb55fd3075c6f78e90e285a9a2d45') in 0.0127227 seconds
Number of updated asset objects reloaded before import = 0Number of asset objects unloaded after import = 4

========================================================================
Received Import Request.
  Time since last request: 0.000010 seconds.
  path: Assets/SocketsAndSwitches/Material/2048x2048/WhiteDirt/Socket03Material.mat
  artifactKey: Guid(fda19c87e95b645b4a0329dce4ca6fcb) Importer(2089858483,192608db42251d675da83286b1cce702)
Start importing Assets/SocketsAndSwitches/Material/2048x2048/WhiteDirt/Socket03Material.mat using Guid(fda19c87e95b645b4a0329dce4ca6fcb) Importer(2089858483,192608db42251d675da83286b1cce702) (ScriptedImporter) -> (artifact id: 'cb6325d836924b6d90ccda999162e781') in 0.0164877 seconds
Number of updated asset objects reloaded before import = 0Number of asset objects unloaded after import = 4

========================================================================
Received Import Request.
  Time since last request: 0.000012 seconds.
  path: Assets/SocketsAndSwitches/Textures/128/WhiteDirt
  artifactKey: Guid(b9f0e91b9c7b74013b39b63a550b8a8a) Importer(2089858483,192608db42251d675da83286b1cce702)
Start importing Assets/SocketsAndSwitches/Textures/128/WhiteDirt using Guid(b9f0e91b9c7b74013b39b63a550b8a8a) Importer(2089858483,192608db42251d675da83286b1cce702) (ScriptedImporter) -> (artifact id: '5030bdbe4c0062aa7809b697c61782c7') in 0.007443 seconds
Number of updated asset objects reloaded before import = 0Number of asset objects unloaded after import = 1

========================================================================
Received Import Request.
  Time since last request: 0.000013 seconds.
  path: Assets/SocketsAndSwitches/Textures/1024/Black/SocketCase02Material_AlbedoTransparency.png
  artifactKey: Guid(98bf978bfa3c24fd8a93a73d27599224) Importer(2089858483,192608db42251d675da83286b1cce702)
Start importing Assets/SocketsAndSwitches/Textures/1024/Black/SocketCase02Material_AlbedoTransparency.png using Guid(98bf978bfa3c24fd8a93a73d27599224) Importer(2089858483,192608db42251d675da83286b1cce702) (ScriptedImporter) -> (artifact id: 'ed645a093b034594f83d4104cdd4d41e') in 0.0169377 seconds
Number of updated asset objects reloaded before import = 0Number of asset objects unloaded after import = 1

========================================================================
Received Import Request.
  Time since last request: 0.000020 seconds.
  path: Assets/SocketsAndSwitches/Prefabs/1024x1024/Black/Socket02.prefab
  artifactKey: Guid(901241575cb5b4d4a8cc5b6fb2b54e59) Importer(2089858483,192608db42251d675da83286b1cce702)
Start importing Assets/SocketsAndSwitches/Prefabs/1024x1024/Black/Socket02.prefab using Guid(901241575cb5b4d4a8cc5b6fb2b54e59) Importer(2089858483,192608db42251d675da83286b1cce702) (ScriptedImporter) -> (artifact id: '4eeaba0489b5735583594d055a1e200f') in 0.0132158 seconds
Number of updated asset objects reloaded before import = 0Number of asset objects unloaded after import = 8

========================================================================
Received Import Request.
  Time since last request: 0.000012 seconds.
  path: Assets/SocketsAndSwitches/Prefabs/128x128/Black/SocketCase03Rotate.prefab
  artifactKey: Guid(308825b97f4cb44fcb896e600a78a71a) Importer(2089858483,192608db42251d675da83286b1cce702)
Start importing Assets/SocketsAndSwitches/Prefabs/128x128/Black/SocketCase03Rotate.prefab using Guid(308825b97f4cb44fcb896e600a78a71a) Importer(2089858483,192608db42251d675da83286b1cce702) (ScriptedImporter) -> (artifact id: '079e433abdf890b01b6f7c6d061f0abd') in 0.0123227 seconds
Number of updated asset objects reloaded before import = 0Number of asset objects unloaded after import = 22

========================================================================
Received Import Request.
  Time since last request: 0.000012 seconds.
  path: Assets/SocketsAndSwitches/Textures/1024/BlackDirt/InsideMaterial_Normal.png
  artifactKey: Guid(41a2eb46b21654993960b61bd1dd1369) Importer(2089858483,192608db42251d675da83286b1cce702)
Start importing Assets/SocketsAndSwitches/Textures/1024/BlackDirt/InsideMaterial_Normal.png using Guid(41a2eb46b21654993960b61bd1dd1369) Importer(2089858483,192608db42251d675da83286b1cce702) (ScriptedImporter) -> (artifact id: '50539712061e2c87d28cb2cdb7e8a95d') in 0.0199686 seconds
Number of updated asset objects reloaded before import = 0Number of asset objects unloaded after import = 1

========================================================================
Received Import Request.
  Time since last request: 0.000015 seconds.
  path: Assets/SocketsAndSwitches/Models/SocketCase01.fbx
  artifactKey: Guid(60270438d04674b6a8ff59ff2fa2df5f) Importer(2089858483,192608db42251d675da83286b1cce702)
Start importing Assets/SocketsAndSwitches/Models/SocketCase01.fbx using Guid(60270438d04674b6a8ff59ff2fa2df5f) Importer(2089858483,192608db42251d675da83286b1cce702) (ScriptedImporter) -> (artifact id: '1e6d1c7f239de441e3c8546802837ea6') in 0.0192129 seconds
Number of updated asset objects reloaded before import = 0Number of asset objects unloaded after import = 8

========================================================================
Received Import Request.
  Time since last request: 0.000026 seconds.
  path: Assets/SocketsAndSwitches/Prefabs/256x256/BlackDirt/LightSwitches01.prefab
  artifactKey: Guid(1216abb4630d84d07afe7897f27e7f40) Importer(2089858483,192608db42251d675da83286b1cce702)
Start importing Assets/SocketsAndSwitches/Prefabs/256x256/BlackDirt/LightSwitches01.prefab using Guid(1216abb4630d84d07afe7897f27e7f40) Importer(2089858483,192608db42251d675da83286b1cce702) (ScriptedImporter) -> (artifact id: '76f3ba1b3ec04eb186b52bc620c2a7b9') in 0.0111275 seconds
Number of updated asset objects reloaded before import = 0Number of asset objects unloaded after import = 14

========================================================================
Received Import Request.
  Time since last request: 0.000010 seconds.
  path: Assets/SocketsAndSwitches/Textures/128/BlackDirt/InsideMaterial_AlbedoTransparency.png
  artifactKey: Guid(98cf075c74fe741ada5645c8bb74caa3) Importer(2089858483,192608db42251d675da83286b1cce702)
Start importing Assets/SocketsAndSwitches/Textures/128/BlackDirt/InsideMaterial_AlbedoTransparency.png using Guid(98cf075c74fe741ada5645c8bb74caa3) Importer(2089858483,192608db42251d675da83286b1cce702) (ScriptedImporter) -> (artifact id: '21a737cac5c2feaad3a451827ae8b6f4') in 0.0163429 seconds
Number of updated asset objects reloaded before import = 0Number of asset objects unloaded after import = 1

========================================================================
Received Import Request.
  Time since last request: 0.000013 seconds.
  path: Assets/SocketsAndSwitches/Prefabs/512x512/White/SocketCase01.prefab
  artifactKey: Guid(f68af86cffa3b433498922c37059f3c8) Importer(2089858483,192608db42251d675da83286b1cce702)
Start importing Assets/SocketsAndSwitches/Prefabs/512x512/White/SocketCase01.prefab using Guid(f68af86cffa3b433498922c37059f3c8) Importer(2089858483,192608db42251d675da83286b1cce702) (ScriptedImporter) -> (artifact id: 'd9829f4bf03a34faa60c75ba06913d7e') in 0.0103188 seconds
Number of updated asset objects reloaded before import = 0Number of asset objects unloaded after import = 14

========================================================================
Received Import Request.
  Time since last request: 0.000013 seconds.
  path: Assets/SocketsAndSwitches/Prefabs/256x256/WhiteDirt/Socket02.prefab
  artifactKey: Guid(7bd63af620f884f0b965b9b44d25b13e) Importer(2089858483,192608db42251d675da83286b1cce702)
Start importing Assets/SocketsAndSwitches/Prefabs/256x256/WhiteDirt/Socket02.prefab using Guid(7bd63af620f884f0b965b9b44d25b13e) Importer(2089858483,192608db42251d675da83286b1cce702) (ScriptedImporter) -> (artifact id: '7e2d97e0a742dd76224549a7cae3c006') in 0.0127885 seconds
Number of updated asset objects reloaded before import = 0Number of asset objects unloaded after import = 8

========================================================================
Received Import Request.
  Time since last request: 0.000012 seconds.
  path: Assets/SocketsAndSwitches/Prefabs/256x256/Black/LightSwitches01.prefab
  artifactKey: Guid(09c9e5a93ac4e494e8583eca6ff4da65) Importer(2089858483,192608db42251d675da83286b1cce702)
Start importing Assets/SocketsAndSwitches/Prefabs/256x256/Black/LightSwitches01.prefab using Guid(09c9e5a93ac4e494e8583eca6ff4da65) Importer(2089858483,192608db42251d675da83286b1cce702) (ScriptedImporter) -> (artifact id: '30dd7d078a12461d3c26176e609e2024') in 0.0100108 seconds
Number of updated asset objects reloaded before import = 0Number of asset objects unloaded after import = 14

========================================================================
Received Import Request.
  Time since last request: 0.000013 seconds.
  path: Assets/SocketsAndSwitches/Models/Socket01.fbx
  artifactKey: Guid(2017e0e46dfd54af895861cb15e8e215) Importer(2089858483,192608db42251d675da83286b1cce702)
Start importing Assets/SocketsAndSwitches/Models/Socket01.fbx using Guid(2017e0e46dfd54af895861cb15e8e215) Importer(2089858483,192608db42251d675da83286b1cce702) (ScriptedImporter) -> (artifact id: '33f49cf2f096e940af92567fef03187d') in 0.0181178 seconds
Number of updated asset objects reloaded before import = 0Number of asset objects unloaded after import = 8

========================================================================
Received Import Request.
  Time since last request: 0.000012 seconds.
  path: Assets/SocketsAndSwitches/Prefabs/128x128/WhiteDirt/SocketCase02.prefab
  artifactKey: Guid(910cf0980701247febfe878c455c85a8) Importer(2089858483,192608db42251d675da83286b1cce702)
Start importing Assets/SocketsAndSwitches/Prefabs/128x128/WhiteDirt/SocketCase02.prefab using Guid(910cf0980701247febfe878c455c85a8) Importer(2089858483,192608db42251d675da83286b1cce702) (ScriptedImporter) -> (artifact id: 'c3e847fc86db4474be0db02024b8142e') in 0.0118097 seconds
Number of updated asset objects reloaded before import = 0Number of asset objects unloaded after import = 18

========================================================================
Received Import Request.
  Time since last request: 0.000015 seconds.
  path: Assets/SocketsAndSwitches/Material/2048x2048/Black/Socket03Material.mat
  artifactKey: Guid(d79e4abebad4041789b088998ae1c2e1) Importer(2089858483,192608db42251d675da83286b1cce702)
Start importing Assets/SocketsAndSwitches/Material/2048x2048/Black/Socket03Material.mat using Guid(d79e4abebad4041789b088998ae1c2e1) Importer(2089858483,192608db42251d675da83286b1cce702) (ScriptedImporter) -> (artifact id: '66a02cefb7d747ca543c9f145ff1e7a0') in 0.0169612 seconds
Number of updated asset objects reloaded before import = 0Number of asset objects unloaded after import = 4

========================================================================
Received Import Request.
  Time since last request: 0.000019 seconds.
  path: Assets/SocketsAndSwitches/Prefabs/2048x2048/BlackDirt/Socket02.prefab
  artifactKey: Guid(29bada906fc964cb2ae07b25f667d2d7) Importer(2089858483,192608db42251d675da83286b1cce702)
Start importing Assets/SocketsAndSwitches/Prefabs/2048x2048/BlackDirt/Socket02.prefab using Guid(29bada906fc964cb2ae07b25f667d2d7) Importer(2089858483,192608db42251d675da83286b1cce702) (ScriptedImporter) -> (artifact id: 'f56610147f6716fda5d2fc4b1df223a9') in 0.0143975 seconds
Number of updated asset objects reloaded before import = 0Number of asset objects unloaded after import = 8

========================================================================
Received Import Request.
  Time since last request: 0.000017 seconds.
  path: Assets/SocketsAndSwitches/Textures/256/Black/Socket02Material_MetallicSmoothness.png
  artifactKey: Guid(f7481e6958aae4477bec3e36d6bcf8a6) Importer(2089858483,192608db42251d675da83286b1cce702)
Start importing Assets/SocketsAndSwitches/Textures/256/Black/Socket02Material_MetallicSmoothness.png using Guid(f7481e6958aae4477bec3e36d6bcf8a6) Importer(2089858483,192608db42251d675da83286b1cce702) (ScriptedImporter) -> (artifact id: '80c8e439b881d2f06998e73f93a15357') in 0.0178768 seconds
Number of updated asset objects reloaded before import = 0Number of asset objects unloaded after import = 1

========================================================================
Received Import Request.
  Time since last request: 0.000012 seconds.
  path: Assets/SocketsAndSwitches/Prefabs/1024x1024/BlackDirt/SocketLightSwitches.prefab
  artifactKey: Guid(9c6c4bdf421d74741a9445abf950ba55) Importer(2089858483,192608db42251d675da83286b1cce702)
Start importing Assets/SocketsAndSwitches/Prefabs/1024x1024/BlackDirt/SocketLightSwitches.prefab using Guid(9c6c4bdf421d74741a9445abf950ba55) Importer(2089858483,192608db42251d675da83286b1cce702) (ScriptedImporter) -> (artifact id: '3cfa0d5540df8cd5580c57058d05950a') in 0.0093756 seconds
Number of updated asset objects reloaded before import = 0Number of asset objects unloaded after import = 19

========================================================================
Received Import Request.
  Time since last request: 0.000012 seconds.
  path: Assets/SocketsAndSwitches/Textures/512/Rotation/Black/SocketCase01Material_AlbedoTransparency.png
  artifactKey: Guid(edfacf86393dc4d18a273875ab80a935) Importer(2089858483,192608db42251d675da83286b1cce702)
Start importing Assets/SocketsAndSwitches/Textures/512/Rotation/Black/SocketCase01Material_AlbedoTransparency.png using Guid(edfacf86393dc4d18a273875ab80a935) Importer(2089858483,192608db42251d675da83286b1cce702) (ScriptedImporter) -> (artifact id: '2c7a262bcbab2495b72301b83412269d') in 0.0180568 seconds
Number of updated asset objects reloaded before import = 0Number of asset objects unloaded after import = 1

========================================================================
Received Import Request.
  Time since last request: 0.000013 seconds.
  path: Assets/SocketsAndSwitches/Textures/256/White/Socket02Material_Normal.png
  artifactKey: Guid(4d15ed4a369944391a31fdcf7e3c9634) Importer(2089858483,192608db42251d675da83286b1cce702)
Start importing Assets/SocketsAndSwitches/Textures/256/White/Socket02Material_Normal.png using Guid(4d15ed4a369944391a31fdcf7e3c9634) Importer(2089858483,192608db42251d675da83286b1cce702) (ScriptedImporter) -> (artifact id: '855f751aaa7f222d088b8c22fd536384') in 0.0186379 seconds
Number of updated asset objects reloaded before import = 0Number of asset objects unloaded after import = 1

========================================================================
Received Import Request.
  Time since last request: 0.000014 seconds.
  path: Assets/SocketsAndSwitches/Prefabs/512x512/BlackDirt
  artifactKey: Guid(26817826763f34563855bae576d4703a) Importer(2089858483,192608db42251d675da83286b1cce702)
Start importing Assets/SocketsAndSwitches/Prefabs/512x512/BlackDirt using Guid(26817826763f34563855bae576d4703a) Importer(2089858483,192608db42251d675da83286b1cce702) (ScriptedImporter) -> (artifact id: 'e8420d6f7fd1bdaf3c9e415fd5c86ee0') in 0.0093529 seconds
Number of updated asset objects reloaded before import = 0Number of asset objects unloaded after import = 1

========================================================================
Received Import Request.
  Time since last request: 0.000014 seconds.
  path: Assets/SocketsAndSwitches/Textures/256/BlackDirt/Socket03Material_MetallicSmoothness.png
  artifactKey: Guid(eac0b4d0b7d194f5db9d2906095a5081) Importer(2089858483,192608db42251d675da83286b1cce702)
Start importing Assets/SocketsAndSwitches/Textures/256/BlackDirt/Socket03Material_MetallicSmoothness.png using Guid(eac0b4d0b7d194f5db9d2906095a5081) Importer(2089858483,192608db42251d675da83286b1cce702) (ScriptedImporter) -> (artifact id: '051a4b0422d0e3dfbbe2cb6c1191dd7f') in 0.0181052 seconds
Number of updated asset objects reloaded before import = 0Number of asset objects unloaded after import = 1

========================================================================
Received Import Request.
  Time since last request: 0.000087 seconds.
  path: Assets/SocketsAndSwitches/Material/2048x2048/Rotation/White
  artifactKey: Guid(5d1a440be6ed941fdbf68afe9c37599a) Importer(2089858483,192608db42251d675da83286b1cce702)
Start importing Assets/SocketsAndSwitches/Material/2048x2048/Rotation/White using Guid(5d1a440be6ed941fdbf68afe9c37599a) Importer(2089858483,192608db42251d675da83286b1cce702) (ScriptedImporter) -> (artifact id: '26a463ad204c62e534de886b4f114d39') in 0.0073956 seconds
Number of updated asset objects reloaded before import = 0Number of asset objects unloaded after import = 1

========================================================================
Received Import Request.
  Time since last request: 0.000011 seconds.
  path: Assets/SocketsAndSwitches/Textures/256/White/SocketCase01Material_MetallicSmoothness.png
  artifactKey: Guid(a503fb58c5add460389b64f71fcf6c6e) Importer(2089858483,192608db42251d675da83286b1cce702)
Start importing Assets/SocketsAndSwitches/Textures/256/White/SocketCase01Material_MetallicSmoothness.png using Guid(a503fb58c5add460389b64f71fcf6c6e) Importer(2089858483,192608db42251d675da83286b1cce702) (ScriptedImporter) -> (artifact id: 'dc5e8a9cc127c5e799470ef9221a5708') in 0.0158205 seconds
Number of updated asset objects reloaded before import = 0Number of asset objects unloaded after import = 1

========================================================================
Received Import Request.
  Time since last request: 0.000013 seconds.
  path: Assets/SocketsAndSwitches/Textures/2048/Rotation/BlackDirt/SocketCase02Material_Normal.png
  artifactKey: Guid(cae85215ca9854d268347cfc19b1ab9a) Importer(2089858483,192608db42251d675da83286b1cce702)
Start importing Assets/SocketsAndSwitches/Textures/2048/Rotation/BlackDirt/SocketCase02Material_Normal.png using Guid(cae85215ca9854d268347cfc19b1ab9a) Importer(2089858483,192608db42251d675da83286b1cce702) (ScriptedImporter) -> (artifact id: '1afc9aa364ec4d25ca9922e3bf667cd9') in 0.0221529 seconds
Number of updated asset objects reloaded before import = 0Number of asset objects unloaded after import = 1

========================================================================
Received Import Request.
  Time since last request: 0.000012 seconds.
  path: Assets/SocketsAndSwitches/Textures/128/White/Socket03Material_AlbedoTransparency.png
  artifactKey: Guid(ecda629f5d5384ad5813b58644388409) Importer(2089858483,192608db42251d675da83286b1cce702)
Start importing Assets/SocketsAndSwitches/Textures/128/White/Socket03Material_AlbedoTransparency.png using Guid(ecda629f5d5384ad5813b58644388409) Importer(2089858483,192608db42251d675da83286b1cce702) (ScriptedImporter) -> (artifact id: '0bf981fd7ed4d164b6d013b72156604d') in 0.0199 seconds
Number of updated asset objects reloaded before import = 0Number of asset objects unloaded after import = 1

========================================================================
Received Import Request.
  Time since last request: 0.000013 seconds.
  path: Assets/SocketsAndSwitches/Textures/128/BlackDirt/Socket03Material_Normal.png
  artifactKey: Guid(c545c976a58dc4f8986449b906a804b4) Importer(2089858483,192608db42251d675da83286b1cce702)
Start importing Assets/SocketsAndSwitches/Textures/128/BlackDirt/Socket03Material_Normal.png using Guid(c545c976a58dc4f8986449b906a804b4) Importer(2089858483,192608db42251d675da83286b1cce702) (ScriptedImporter) -> (artifact id: 'cd1ba0338ea6fd64e50c39c2b4540a78') in 0.0199715 seconds
Number of updated asset objects reloaded before import = 0Number of asset objects unloaded after import = 1

========================================================================
Received Import Request.
  Time since last request: 0.000014 seconds.
  path: Assets/SocketsAndSwitches/Prefabs/128x128/White/SocketCase03Rotate.prefab
  artifactKey: Guid(108072730e71241d1b0e56d216e5457a) Importer(2089858483,192608db42251d675da83286b1cce702)
Start importing Assets/SocketsAndSwitches/Prefabs/128x128/White/SocketCase03Rotate.prefab using Guid(108072730e71241d1b0e56d216e5457a) Importer(2089858483,192608db42251d675da83286b1cce702) (ScriptedImporter) -> (artifact id: 'b66a39c717405f5654af568749ed006c') in 0.0125839 seconds
Number of updated asset objects reloaded before import = 0Number of asset objects unloaded after import = 22

========================================================================
Received Import Request.
  Time since last request: 0.000017 seconds.
  path: Assets/SocketsAndSwitches/Material/1024x1024/Black/SocketCase02Material.mat
  artifactKey: Guid(6825bf50b49cd4a5997a35bf7ade450b) Importer(2089858483,192608db42251d675da83286b1cce702)
Start importing Assets/SocketsAndSwitches/Material/1024x1024/Black/SocketCase02Material.mat using Guid(6825bf50b49cd4a5997a35bf7ade450b) Importer(2089858483,192608db42251d675da83286b1cce702) (ScriptedImporter) -> (artifact id: '07b4a73381013ba7d8072228cf2086d2') in 0.0145415 seconds
Number of updated asset objects reloaded before import = 0Number of asset objects unloaded after import = 4

========================================================================
Received Import Request.
  Time since last request: 0.000021 seconds.
  path: Assets/SocketsAndSwitches/Textures/2048/Black/SocketCase02Material_Normal.png
  artifactKey: Guid(fc7ad94062b37442892459e7d2a270e8) Importer(2089858483,192608db42251d675da83286b1cce702)
Start importing Assets/SocketsAndSwitches/Textures/2048/Black/SocketCase02Material_Normal.png using Guid(fc7ad94062b37442892459e7d2a270e8) Importer(2089858483,192608db42251d675da83286b1cce702) (ScriptedImporter) -> (artifact id: '5e26f66787f064327c66deb869d4c81d') in 0.0198491 seconds
Number of updated asset objects reloaded before import = 0Number of asset objects unloaded after import = 1

========================================================================
Received Import Request.
  Time since last request: 0.000010 seconds.
  path: Assets/SocketsAndSwitches/Prefabs/128x128/BlackDirt/Socket02.prefab
  artifactKey: Guid(1fa6c378c954c4ad1a4d7dfdac72ee87) Importer(2089858483,192608db42251d675da83286b1cce702)
Start importing Assets/SocketsAndSwitches/Prefabs/128x128/BlackDirt/Socket02.prefab using Guid(1fa6c378c954c4ad1a4d7dfdac72ee87) Importer(2089858483,192608db42251d675da83286b1cce702) (ScriptedImporter) -> (artifact id: '2fa4d9224a45a0abc5606495d11a3795') in 0.0146707 seconds
Number of updated asset objects reloaded before import = 0Number of asset objects unloaded after import = 8

========================================================================
Received Import Request.
  Time since last request: 0.000010 seconds.
  path: Assets/SocketsAndSwitches/Textures/2048/Rotation/White/SocketCase01Material_MetallicSmoothness.png
  artifactKey: Guid(02c0c0020aad54f31b57b203219ce9ab) Importer(2089858483,192608db42251d675da83286b1cce702)
Start importing Assets/SocketsAndSwitches/Textures/2048/Rotation/White/SocketCase01Material_MetallicSmoothness.png using Guid(02c0c0020aad54f31b57b203219ce9ab) Importer(2089858483,192608db42251d675da83286b1cce702) (ScriptedImporter) -> (artifact id: 'f91bf1ace5104e06dd5524db4374e849') in 0.0153481 seconds
Number of updated asset objects reloaded before import = 0Number of asset objects unloaded after import = 1

========================================================================
Received Import Request.
  Time since last request: 0.000016 seconds.
  path: Assets/SocketsAndSwitches/Textures/2048
  artifactKey: Guid(4ff5640f47e11429b89d652e0ff915f1) Importer(2089858483,192608db42251d675da83286b1cce702)
Start importing Assets/SocketsAndSwitches/Textures/2048 using Guid(4ff5640f47e11429b89d652e0ff915f1) Importer(2089858483,192608db42251d675da83286b1cce702) (ScriptedImporter) -> (artifact id: '4d15bc0021f14c43ca5ebf47c802e667') in 0.0099272 seconds
Number of updated asset objects reloaded before import = 0Number of asset objects unloaded after import = 1

========================================================================
Received Import Request.
  Time since last request: 0.000010 seconds.
  path: Assets/SocketsAndSwitches/Textures/256/WhiteDirt/Socket02Material_Normal.png
  artifactKey: Guid(55ec1356018e04ace901340a485a94f5) Importer(2089858483,192608db42251d675da83286b1cce702)
Start importing Assets/SocketsAndSwitches/Textures/256/WhiteDirt/Socket02Material_Normal.png using Guid(55ec1356018e04ace901340a485a94f5) Importer(2089858483,192608db42251d675da83286b1cce702) (ScriptedImporter) -> (artifact id: '9fb25e0298422e48496f03eda59d3519') in 0.0163336 seconds
Number of updated asset objects reloaded before import = 0Number of asset objects unloaded after import = 1

========================================================================
Received Import Request.
  Time since last request: 0.000012 seconds.
  path: Assets/SocketsAndSwitches/Prefabs/2048x2048/BlackDirt/Socket03.prefab
  artifactKey: Guid(0c579d889e58e47da86813d32a4c40e9) Importer(2089858483,192608db42251d675da83286b1cce702)
Start importing Assets/SocketsAndSwitches/Prefabs/2048x2048/BlackDirt/Socket03.prefab using Guid(0c579d889e58e47da86813d32a4c40e9) Importer(2089858483,192608db42251d675da83286b1cce702) (ScriptedImporter) -> (artifact id: 'e0147b87da7e79aa7b9c577124292cfe') in 0.0128489 seconds
Number of updated asset objects reloaded before import = 0Number of asset objects unloaded after import = 8

========================================================================
Received Import Request.
  Time since last request: 0.000012 seconds.
  path: Assets/SocketsAndSwitches/Material/1024x1024/White
  artifactKey: Guid(ec65d9df290694194a90959c99bf1989) Importer(2089858483,192608db42251d675da83286b1cce702)
Start importing Assets/SocketsAndSwitches/Material/1024x1024/White using Guid(ec65d9df290694194a90959c99bf1989) Importer(2089858483,192608db42251d675da83286b1cce702) (ScriptedImporter) -> (artifact id: '6fcadfc9ce38d627fb845b3314f023d5') in 0.009101 seconds
Number of updated asset objects reloaded before import = 0Number of asset objects unloaded after import = 1

========================================================================
Received Import Request.
  Time since last request: 0.000014 seconds.
  path: Assets/SocketsAndSwitches/Prefabs/256x256/Black/Socket02.prefab
  artifactKey: Guid(37065116d40494297b5015acc5fa9180) Importer(2089858483,192608db42251d675da83286b1cce702)
Start importing Assets/SocketsAndSwitches/Prefabs/256x256/Black/Socket02.prefab using Guid(37065116d40494297b5015acc5fa9180) Importer(2089858483,192608db42251d675da83286b1cce702) (ScriptedImporter) -> (artifact id: '0c40918c391f1788f4e1e4fdba8256cc') in 0.0186254 seconds
Number of updated asset objects reloaded before import = 0Number of asset objects unloaded after import = 8

========================================================================
Received Import Request.
  Time since last request: 0.000021 seconds.
  path: Assets/SocketsAndSwitches/Prefabs/256x256/WhiteDirt/SocketLightSwitches.prefab
  artifactKey: Guid(25f3380a14e2b4c0eaaa5d588d180b3d) Importer(2089858483,192608db42251d675da83286b1cce702)
Start importing Assets/SocketsAndSwitches/Prefabs/256x256/WhiteDirt/SocketLightSwitches.prefab using Guid(25f3380a14e2b4c0eaaa5d588d180b3d) Importer(2089858483,192608db42251d675da83286b1cce702) (ScriptedImporter) -> (artifact id: '09d5b0d0f8b6e9961d18673d09db6664') in 0.0148684 seconds
Number of updated asset objects reloaded before import = 0Number of asset objects unloaded after import = 19

========================================================================
Received Import Request.
  Time since last request: 0.000014 seconds.
  path: Assets/SocketsAndSwitches/Models/LightSwitches02.fbx
  artifactKey: Guid(f4979408603c04d3292b9e903f5a16b2) Importer(2089858483,192608db42251d675da83286b1cce702)
Start importing Assets/SocketsAndSwitches/Models/LightSwitches02.fbx using Guid(f4979408603c04d3292b9e903f5a16b2) Importer(2089858483,192608db42251d675da83286b1cce702) (ScriptedImporter) -> (artifact id: '8bdbd0a063be91cb8881e20383071393') in 0.0251492 seconds
Number of updated asset objects reloaded before import = 0Number of asset objects unloaded after import = 14

========================================================================
Received Import Request.
  Time since last request: 0.000014 seconds.
  path: Assets/SocketsAndSwitches/Textures/512/Rotation/BlackDirt/SocketCase01Material_AlbedoTransparency.png
  artifactKey: Guid(b8dcf6ad9b89544bdaf257da09c348ac) Importer(2089858483,192608db42251d675da83286b1cce702)
Start importing Assets/SocketsAndSwitches/Textures/512/Rotation/BlackDirt/SocketCase01Material_AlbedoTransparency.png using Guid(b8dcf6ad9b89544bdaf257da09c348ac) Importer(2089858483,192608db42251d675da83286b1cce702) (ScriptedImporter) -> (artifact id: '244c5305fb5d50b578846c98a4fa5364') in 0.0169176 seconds
Number of updated asset objects reloaded before import = 0Number of asset objects unloaded after import = 1

========================================================================
Received Import Request.
  Time since last request: 0.000012 seconds.
  path: Assets/SocketsAndSwitches/Textures/1024/BlackDirt/SocketCase01Material_MetallicSmoothness.png
  artifactKey: Guid(c5286ed387bfe43a7825b956b59b140a) Importer(2089858483,192608db42251d675da83286b1cce702)
Start importing Assets/SocketsAndSwitches/Textures/1024/BlackDirt/SocketCase01Material_MetallicSmoothness.png using Guid(c5286ed387bfe43a7825b956b59b140a) Importer(2089858483,192608db42251d675da83286b1cce702) (ScriptedImporter) -> (artifact id: 'a0f982baf6ff880dc83d1c1db5a4cfbc') in 0.0190364 seconds
Number of updated asset objects reloaded before import = 0Number of asset objects unloaded after import = 1

========================================================================
Received Import Request.
  Time since last request: 0.000013 seconds.
  path: Assets/SocketsAndSwitches/Prefabs/1024x1024/BlackDirt/Socket02.prefab
  artifactKey: Guid(1490bd507b9794d9988510e97caf7484) Importer(2089858483,192608db42251d675da83286b1cce702)
Start importing Assets/SocketsAndSwitches/Prefabs/1024x1024/BlackDirt/Socket02.prefab using Guid(1490bd507b9794d9988510e97caf7484) Importer(2089858483,192608db42251d675da83286b1cce702) (ScriptedImporter) -> (artifact id: 'b92ce0a705523fe0cc2eb2be437851e9') in 0.0139939 seconds
Number of updated asset objects reloaded before import = 0Number of asset objects unloaded after import = 8

========================================================================
Received Import Request.
  Time since last request: 0.000014 seconds.
  path: Assets/SocketsAndSwitches/Material/2048x2048/BlackDirt/SocketCase02Material.mat
  artifactKey: Guid(3314014b0eb6c4c9ca7e3607d1e0d0a3) Importer(2089858483,192608db42251d675da83286b1cce702)
Start importing Assets/SocketsAndSwitches/Material/2048x2048/BlackDirt/SocketCase02Material.mat using Guid(3314014b0eb6c4c9ca7e3607d1e0d0a3) Importer(2089858483,192608db42251d675da83286b1cce702) (ScriptedImporter) -> (artifact id: '9453fc19ffa571c35226b1640ef43b4a') in 0.0174372 seconds
Number of updated asset objects reloaded before import = 0Number of asset objects unloaded after import = 4

========================================================================
Received Import Request.
  Time since last request: 0.000021 seconds.
  path: Assets/SocketsAndSwitches/Prefabs/1024x1024
  artifactKey: Guid(263ba99ae9b83465fa28ecec23e66e2f) Importer(2089858483,192608db42251d675da83286b1cce702)
Start importing Assets/SocketsAndSwitches/Prefabs/1024x1024 using Guid(263ba99ae9b83465fa28ecec23e66e2f) Importer(2089858483,192608db42251d675da83286b1cce702) (ScriptedImporter) -> (artifact id: '0807a99a7f7b235a5c32a172bcc34d7c') in 0.0093283 seconds
Number of updated asset objects reloaded before import = 0Number of asset objects unloaded after import = 1

========================================================================
Received Import Request.
  Time since last request: 0.000022 seconds.
  path: Assets/SocketsAndSwitches/Prefabs/128x128/Black/SocketCase02.prefab
  artifactKey: Guid(d1083476db884402b8be244749f6801b) Importer(2089858483,192608db42251d675da83286b1cce702)
Start importing Assets/SocketsAndSwitches/Prefabs/128x128/Black/SocketCase02.prefab using Guid(d1083476db884402b8be244749f6801b) Importer(2089858483,192608db42251d675da83286b1cce702) (ScriptedImporter) -> (artifact id: 'bddfb41d8926a6f7f62c3137624ecb4d') in 0.0114009 seconds
Number of updated asset objects reloaded before import = 0Number of asset objects unloaded after import = 18

========================================================================
Received Import Request.
  Time since last request: 0.000016 seconds.
  path: Assets/SocketsAndSwitches/Textures/1024/White/InsideMaterial_Normal.png
  artifactKey: Guid(1b3d3e3f24a9e42e38cfb2be0cadc14f) Importer(2089858483,192608db42251d675da83286b1cce702)
Start importing Assets/SocketsAndSwitches/Textures/1024/White/InsideMaterial_Normal.png using Guid(1b3d3e3f24a9e42e38cfb2be0cadc14f) Importer(2089858483,192608db42251d675da83286b1cce702) (ScriptedImporter) -> (artifact id: '9a8e0a3fb19dbae3d43c9e5764875980') in 0.0177847 seconds
Number of updated asset objects reloaded before import = 0Number of asset objects unloaded after import = 1

========================================================================
Received Import Request.
  Time since last request: 0.000013 seconds.
  path: Assets/SocketsAndSwitches/Material/512x512/WhiteDirt
  artifactKey: Guid(f4aa21acbaafc4d87bf73c78db209816) Importer(2089858483,192608db42251d675da83286b1cce702)
Start importing Assets/SocketsAndSwitches/Material/512x512/WhiteDirt using Guid(f4aa21acbaafc4d87bf73c78db209816) Importer(2089858483,192608db42251d675da83286b1cce702) (ScriptedImporter) -> (artifact id: '42a878780cbd7d6377b49359d04be67e') in 0.0099604 seconds
Number of updated asset objects reloaded before import = 0Number of asset objects unloaded after import = 1

========================================================================
Received Import Request.
  Time since last request: 0.000012 seconds.
  path: Assets/SocketsAndSwitches/Prefabs/256x256/BlackDirt/SocketCase03.prefab
  artifactKey: Guid(04c62d84cc4a146cf9eedaabf825fbf3) Importer(2089858483,192608db42251d675da83286b1cce702)
Start importing Assets/SocketsAndSwitches/Prefabs/256x256/BlackDirt/SocketCase03.prefab using Guid(04c62d84cc4a146cf9eedaabf825fbf3) Importer(2089858483,192608db42251d675da83286b1cce702) (ScriptedImporter) -> (artifact id: '30bd3ef285191c89bed771a5a404234b') in 0.0112258 seconds
Number of updated asset objects reloaded before import = 0Number of asset objects unloaded after import = 22

========================================================================
Received Import Request.
  Time since last request: 0.000013 seconds.
  path: Assets/SocketsAndSwitches/Prefabs/1024x1024/BlackDirt/LightSwitches02.prefab
  artifactKey: Guid(0ac448db0cea84f4897afcd90d2fb997) Importer(2089858483,192608db42251d675da83286b1cce702)
Start importing Assets/SocketsAndSwitches/Prefabs/1024x1024/BlackDirt/LightSwitches02.prefab using Guid(0ac448db0cea84f4897afcd90d2fb997) Importer(2089858483,192608db42251d675da83286b1cce702) (ScriptedImporter) -> (artifact id: 'ead8a6a72a323c8d423862ef2692e64a') in 0.0123703 seconds
Number of updated asset objects reloaded before import = 0Number of asset objects unloaded after import = 21

========================================================================
Received Import Request.
  Time since last request: 0.000016 seconds.
  path: Assets/SocketsAndSwitches/Prefabs/1024x1024/WhiteDirt/SocketCase03.prefab
  artifactKey: Guid(9770f7e4b37524b8cbc06c3dab0c8dca) Importer(2089858483,192608db42251d675da83286b1cce702)
Start importing Assets/SocketsAndSwitches/Prefabs/1024x1024/WhiteDirt/SocketCase03.prefab using Guid(9770f7e4b37524b8cbc06c3dab0c8dca) Importer(2089858483,192608db42251d675da83286b1cce702) (ScriptedImporter) -> (artifact id: '2da9d5fd81d252bbf9b137da50bb4f7b') in 0.0124492 seconds
Number of updated asset objects reloaded before import = 0Number of asset objects unloaded after import = 22

========================================================================
Received Import Request.
  Time since last request: 0.000013 seconds.
  path: Assets/SocketsAndSwitches/Textures/1024/White/SocketCase01Material_Normal.png
  artifactKey: Guid(9c01888b23c624503a091fea74bf7639) Importer(2089858483,192608db42251d675da83286b1cce702)
Start importing Assets/SocketsAndSwitches/Textures/1024/White/SocketCase01Material_Normal.png using Guid(9c01888b23c624503a091fea74bf7639) Importer(2089858483,192608db42251d675da83286b1cce702) (ScriptedImporter) -> (artifact id: '03666ddd707ad95163f08026a2b98554') in 0.0196359 seconds
Number of updated asset objects reloaded before import = 0Number of asset objects unloaded after import = 1

========================================================================
Received Import Request.
  Time since last request: 0.000016 seconds.
  path: Assets/SocketsAndSwitches/Textures/256/WhiteDirt/Socket03Material_AlbedoTransparency.png
  artifactKey: Guid(df1a630aff0ed42f5b0a9345dd49e3bf) Importer(2089858483,192608db42251d675da83286b1cce702)
Start importing Assets/SocketsAndSwitches/Textures/256/WhiteDirt/Socket03Material_AlbedoTransparency.png using Guid(df1a630aff0ed42f5b0a9345dd49e3bf) Importer(2089858483,192608db42251d675da83286b1cce702) (ScriptedImporter) -> (artifact id: 'dbd62fdf6d383933e69ae5784d45ac41') in 0.0175336 seconds
Number of updated asset objects reloaded before import = 0Number of asset objects unloaded after import = 1

========================================================================
Received Import Request.
  Time since last request: 0.000026 seconds.
  path: Assets/SocketsAndSwitches/Textures/1024/WhiteDirt/Socket03Material_MetallicSmoothness.png
  artifactKey: Guid(c2846c70797304cee943f8e0db31c401) Importer(2089858483,192608db42251d675da83286b1cce702)
Start importing Assets/SocketsAndSwitches/Textures/1024/WhiteDirt/Socket03Material_MetallicSmoothness.png using Guid(c2846c70797304cee943f8e0db31c401) Importer(2089858483,192608db42251d675da83286b1cce702) (ScriptedImporter) -> (artifact id: 'cf3c187165cd9a28f620106c6e87660e') in 0.0164599 seconds
Number of updated asset objects reloaded before import = 0Number of asset objects unloaded after import = 1

========================================================================
Received Import Request.
  Time since last request: 0.000016 seconds.
  path: Assets/SocketsAndSwitches/Textures/512/Black/InsideMaterial_MetallicSmoothness.png
  artifactKey: Guid(f0eb8fc16954f4a409e1743aa6b7dab5) Importer(2089858483,192608db42251d675da83286b1cce702)
Start importing Assets/SocketsAndSwitches/Textures/512/Black/InsideMaterial_MetallicSmoothness.png using Guid(f0eb8fc16954f4a409e1743aa6b7dab5) Importer(2089858483,192608db42251d675da83286b1cce702) (ScriptedImporter) -> (artifact id: '1dd97571ab89d0689dd440612149b428') in 0.0177162 seconds
Number of updated asset objects reloaded before import = 0Number of asset objects unloaded after import = 1

========================================================================
Received Import Request.
  Time since last request: 0.000014 seconds.
  path: Assets/SocketsAndSwitches/Textures/1024/White/SocketCase02Material_MetallicSmoothness.png
  artifactKey: Guid(36693a8d543f14500909ec4eb4fa5135) Importer(2089858483,192608db42251d675da83286b1cce702)
Start importing Assets/SocketsAndSwitches/Textures/1024/White/SocketCase02Material_MetallicSmoothness.png using Guid(36693a8d543f14500909ec4eb4fa5135) Importer(2089858483,192608db42251d675da83286b1cce702) (ScriptedImporter) -> (artifact id: '4d5ef4cf0542c03faea539ddfad2210f') in 0.019753 seconds
Number of updated asset objects reloaded before import = 0Number of asset objects unloaded after import = 1

========================================================================
Received Import Request.
  Time since last request: 0.000014 seconds.
  path: Assets/SocketsAndSwitches/Textures/1024/Rotation/BlackDirt/SocketCase02Material_MetallicSmoothness.png
  artifactKey: Guid(dc70da2cc39cf4a65a204242b51fcf5f) Importer(2089858483,192608db42251d675da83286b1cce702)
Start importing Assets/SocketsAndSwitches/Textures/1024/Rotation/BlackDirt/SocketCase02Material_MetallicSmoothness.png using Guid(dc70da2cc39cf4a65a204242b51fcf5f) Importer(2089858483,192608db42251d675da83286b1cce702) (ScriptedImporter) -> (artifact id: '1e00498a77c710fd10bca1849252ae3a') in 0.0188065 seconds
Number of updated asset objects reloaded before import = 0Number of asset objects unloaded after import = 1

========================================================================
Received Import Request.
  Time since last request: 0.000014 seconds.
  path: Assets/SocketsAndSwitches/Textures/512/Black/InsideMaterial_AlbedoTransparency.png
  artifactKey: Guid(cceb9f24c18e64d6495601483d37a9d0) Importer(2089858483,192608db42251d675da83286b1cce702)
Start importing Assets/SocketsAndSwitches/Textures/512/Black/InsideMaterial_AlbedoTransparency.png using Guid(cceb9f24c18e64d6495601483d37a9d0) Importer(2089858483,192608db42251d675da83286b1cce702) (ScriptedImporter) -> (artifact id: '916e7ed8b944eba336e862bd52ad9810') in 0.0194552 seconds
Number of updated asset objects reloaded before import = 0Number of asset objects unloaded after import = 1

========================================================================
Received Import Request.
  Time since last request: 0.000013 seconds.
  path: Assets/SocketsAndSwitches/Textures/256/Black
  artifactKey: Guid(153a37e8970054b2d89dd4e660c4465a) Importer(2089858483,192608db42251d675da83286b1cce702)
Start importing Assets/SocketsAndSwitches/Textures/256/Black using Guid(153a37e8970054b2d89dd4e660c4465a) Importer(2089858483,192608db42251d675da83286b1cce702) (ScriptedImporter) -> (artifact id: '24ccf59a7ee6d6a27d2ddd95d6aeafad') in 0.009962 seconds
Number of updated asset objects reloaded before import = 0Number of asset objects unloaded after import = 1

========================================================================
Received Import Request.
  Time since last request: 0.000015 seconds.
  path: Assets/SocketsAndSwitches/Prefabs/256x256/White/SocketCase02.prefab
  artifactKey: Guid(16d0a99cd66784cdfbb0f0c134ccda5a) Importer(2089858483,192608db42251d675da83286b1cce702)
Start importing Assets/SocketsAndSwitches/Prefabs/256x256/White/SocketCase02.prefab using Guid(16d0a99cd66784cdfbb0f0c134ccda5a) Importer(2089858483,192608db42251d675da83286b1cce702) (ScriptedImporter) -> (artifact id: 'cb50fae5bb154d1345dbfbf579f728bb') in 0.0115132 seconds
Number of updated asset objects reloaded before import = 0Number of asset objects unloaded after import = 18

========================================================================
Received Import Request.
  Time since last request: 0.000022 seconds.
  path: Assets/SocketsAndSwitches/Prefabs/256x256/Black/LightSwitches02.prefab
  artifactKey: Guid(c929ce33847fb49db924f0143cbcfed2) Importer(2089858483,192608db42251d675da83286b1cce702)
Start importing Assets/SocketsAndSwitches/Prefabs/256x256/Black/LightSwitches02.prefab using Guid(c929ce33847fb49db924f0143cbcfed2) Importer(2089858483,192608db42251d675da83286b1cce702) (ScriptedImporter) -> (artifact id: 'a961e6f910673efec274e4c99a8013cc') in 0.0121447 seconds
Number of updated asset objects reloaded before import = 0Number of asset objects unloaded after import = 21

========================================================================
Received Import Request.
  Time since last request: 0.000011 seconds.
  path: Assets/SocketsAndSwitches/Material/256x256
  artifactKey: Guid(6c346ec890999438b83b314be36b0615) Importer(2089858483,192608db42251d675da83286b1cce702)
Start importing Assets/SocketsAndSwitches/Material/256x256 using Guid(6c346ec890999438b83b314be36b0615) Importer(2089858483,192608db42251d675da83286b1cce702) (ScriptedImporter) -> (artifact id: '54f1b95805776231116e09b1da4860e8') in 0.0089096 seconds
Number of updated asset objects reloaded before import = 0Number of asset objects unloaded after import = 1

========================================================================
Received Import Request.
  Time since last request: 0.000012 seconds.
  path: Assets/SocketsAndSwitches/Textures/2048/BlackDirt/SocketCase01Material_Normal.png
  artifactKey: Guid(7f80b602ec69c466fb34c2bd84d88515) Importer(2089858483,192608db42251d675da83286b1cce702)
Start importing Assets/SocketsAndSwitches/Textures/2048/BlackDirt/SocketCase01Material_Normal.png using Guid(7f80b602ec69c466fb34c2bd84d88515) Importer(2089858483,192608db42251d675da83286b1cce702) (ScriptedImporter) -> (artifact id: 'ac0a56c04b7792f3724f34ba81b44833') in 0.0188634 seconds
Number of updated asset objects reloaded before import = 0Number of asset objects unloaded after import = 1

========================================================================
Received Import Request.
  Time since last request: 0.000012 seconds.
  path: Assets/SocketsAndSwitches/Prefabs/256x256/White
  artifactKey: Guid(c4834549a974646779e622142df746da) Importer(2089858483,192608db42251d675da83286b1cce702)
Start importing Assets/SocketsAndSwitches/Prefabs/256x256/White using Guid(c4834549a974646779e622142df746da) Importer(2089858483,192608db42251d675da83286b1cce702) (ScriptedImporter) -> (artifact id: '79f6e1fe26bf0f5a543ccdd7791a6d69') in 0.0079577 seconds
Number of updated asset objects reloaded before import = 0Number of asset objects unloaded after import = 1

========================================================================
Received Import Request.
  Time since last request: 0.000012 seconds.
  path: Assets/SocketsAndSwitches/Textures/512/WhiteDirt/InsideMaterial_AlbedoTransparency.png
  artifactKey: Guid(3e2343a39927642068ec136c466db86c) Importer(2089858483,192608db42251d675da83286b1cce702)
Start importing Assets/SocketsAndSwitches/Textures/512/WhiteDirt/InsideMaterial_AlbedoTransparency.png using Guid(3e2343a39927642068ec136c466db86c) Importer(2089858483,192608db42251d675da83286b1cce702) (ScriptedImporter) -> (artifact id: '1930265299c86ab134c889ce482e6887') in 0.0169999 seconds
Number of updated asset objects reloaded before import = 0Number of asset objects unloaded after import = 1

========================================================================
Received Import Request.
  Time since last request: 0.000013 seconds.
  path: Assets/SocketsAndSwitches/Textures/256/BlackDirt/Socket03Material_AlbedoTransparency.png
  artifactKey: Guid(aeaf71b21a7e04a44ab8800bf1a986c6) Importer(2089858483,192608db42251d675da83286b1cce702)
Start importing Assets/SocketsAndSwitches/Textures/256/BlackDirt/Socket03Material_AlbedoTransparency.png using Guid(aeaf71b21a7e04a44ab8800bf1a986c6) Importer(2089858483,192608db42251d675da83286b1cce702) (ScriptedImporter) -> (artifact id: '8071477d4f1b683f5c29a0c4094791e2') in 0.018593 seconds
Number of updated asset objects reloaded before import = 0Number of asset objects unloaded after import = 1

========================================================================
Received Import Request.
  Time since last request: 0.000011 seconds.
  path: Assets/SocketsAndSwitches/Textures/128/WhiteDirt/InsideMaterial_MetallicSmoothness.png
  artifactKey: Guid(4add4be9137c2467bb447ea737f37d6a) Importer(2089858483,192608db42251d675da83286b1cce702)
Start importing Assets/SocketsAndSwitches/Textures/128/WhiteDirt/InsideMaterial_MetallicSmoothness.png using Guid(4add4be9137c2467bb447ea737f37d6a) Importer(2089858483,192608db42251d675da83286b1cce702) (ScriptedImporter) -> (artifact id: 'ce44897e3c0a9ba4a41ce8e66ec42b3d') in 0.0157568 seconds
Number of updated asset objects reloaded before import = 0Number of asset objects unloaded after import = 1

========================================================================
Received Import Request.
  Time since last request: 0.000021 seconds.
  path: Assets/SocketsAndSwitches/Textures/512/Rotation/Black
  artifactKey: Guid(bcbee1bb24db54037ac122e0f38d0cd4) Importer(2089858483,192608db42251d675da83286b1cce702)
Start importing Assets/SocketsAndSwitches/Textures/512/Rotation/Black using Guid(bcbee1bb24db54037ac122e0f38d0cd4) Importer(2089858483,192608db42251d675da83286b1cce702) (ScriptedImporter) -> (artifact id: 'da5cfe10f810ab93d18d4f70e9c55377') in 0.0088918 seconds
Number of updated asset objects reloaded before import = 0Number of asset objects unloaded after import = 1

========================================================================
Received Import Request.
  Time since last request: 0.000022 seconds.
  path: Assets/SocketsAndSwitches/Material/128x128/WhiteDirt/SocketCase02Material.mat
  artifactKey: Guid(13002dc41b2444180981eb6e2543bf8f) Importer(2089858483,192608db42251d675da83286b1cce702)
Start importing Assets/SocketsAndSwitches/Material/128x128/WhiteDirt/SocketCase02Material.mat using Guid(13002dc41b2444180981eb6e2543bf8f) Importer(2089858483,192608db42251d675da83286b1cce702) (ScriptedImporter) -> (artifact id: 'c9cf6ca302f68b3af6fbb33d8e1454b2') in 0.0132493 seconds
Number of updated asset objects reloaded before import = 0Number of asset objects unloaded after import = 4

========================================================================
Received Import Request.
  Time since last request: 0.000012 seconds.
  path: Assets/SocketsAndSwitches/Textures/512/BlackDirt/InsideMaterial_Normal.png
  artifactKey: Guid(2f0d55f37d397458cac38bca0edf7245) Importer(2089858483,192608db42251d675da83286b1cce702)
Start importing Assets/SocketsAndSwitches/Textures/512/BlackDirt/InsideMaterial_Normal.png using Guid(2f0d55f37d397458cac38bca0edf7245) Importer(2089858483,192608db42251d675da83286b1cce702) (ScriptedImporter) -> (artifact id: '9ccd982ad442ec0448e1d4cf4e6227ac') in 0.0165228 seconds
Number of updated asset objects reloaded before import = 0Number of asset objects unloaded after import = 1

========================================================================
Received Import Request.
  Time since last request: 0.000014 seconds.
  path: Assets/SocketsAndSwitches/Textures/256/BlackDirt
  artifactKey: Guid(1c89e3de451e840efb469396680d5c2a) Importer(2089858483,192608db42251d675da83286b1cce702)
Start importing Assets/SocketsAndSwitches/Textures/256/BlackDirt using Guid(1c89e3de451e840efb469396680d5c2a) Importer(2089858483,192608db42251d675da83286b1cce702) (ScriptedImporter) -> (artifact id: 'fbb9d9ced15cdfd1ac0235836ee31f6d') in 0.0101156 seconds
Number of updated asset objects reloaded before import = 0Number of asset objects unloaded after import = 1

========================================================================
Received Import Request.
  Time since last request: 0.000012 seconds.
  path: Assets/SocketsAndSwitches/Material/1024x1024/Rotation/White/SocketCase02Material.mat
  artifactKey: Guid(cba82eebe61ac4c27bd1bc26d8d8618c) Importer(2089858483,192608db42251d675da83286b1cce702)
Start importing Assets/SocketsAndSwitches/Material/1024x1024/Rotation/White/SocketCase02Material.mat using Guid(cba82eebe61ac4c27bd1bc26d8d8618c) Importer(2089858483,192608db42251d675da83286b1cce702) (ScriptedImporter) -> (artifact id: 'f23faacede006849da5595faec9509e2') in 0.0120795 seconds
Number of updated asset objects reloaded before import = 0Number of asset objects unloaded after import = 4

========================================================================
Received Import Request.
  Time since last request: 0.000011 seconds.
  path: Assets/SocketsAndSwitches/Textures/128/WhiteDirt/SocketCase02Material_MetallicSmoothness.png
  artifactKey: Guid(44113c898317443a883dd5bdb3733971) Importer(2089858483,192608db42251d675da83286b1cce702)
Start importing Assets/SocketsAndSwitches/Textures/128/WhiteDirt/SocketCase02Material_MetallicSmoothness.png using Guid(44113c898317443a883dd5bdb3733971) Importer(2089858483,192608db42251d675da83286b1cce702) (ScriptedImporter) -> (artifact id: '81e1657a04399927a8f2257b473f7acd') in 0.0199752 seconds
Number of updated asset objects reloaded before import = 0Number of asset objects unloaded after import = 1

========================================================================
Received Import Request.
  Time since last request: 0.000011 seconds.
  path: Assets/SocketsAndSwitches/Prefabs/128x128/White/LightSwitches01.prefab
  artifactKey: Guid(5e0aa061218e946c79c9508cd99f9da9) Importer(2089858483,192608db42251d675da83286b1cce702)
Start importing Assets/SocketsAndSwitches/Prefabs/128x128/White/LightSwitches01.prefab using Guid(5e0aa061218e946c79c9508cd99f9da9) Importer(2089858483,192608db42251d675da83286b1cce702) (ScriptedImporter) -> (artifact id: '182b1130c75c43c297a3cf7a9586d6b3') in 0.0127451 seconds
Number of updated asset objects reloaded before import = 0Number of asset objects unloaded after import = 14

========================================================================
Received Import Request.
  Time since last request: 0.000012 seconds.
  path: Assets/SocketsAndSwitches/Material/1024x1024/Black/SocketCase01Material.mat
  artifactKey: Guid(b32d1895a1d25488ebeaccefc703b8c1) Importer(2089858483,192608db42251d675da83286b1cce702)
Start importing Assets/SocketsAndSwitches/Material/1024x1024/Black/SocketCase01Material.mat using Guid(b32d1895a1d25488ebeaccefc703b8c1) Importer(2089858483,192608db42251d675da83286b1cce702) (ScriptedImporter) -> (artifact id: 'ce0e485f66ebbf7991a531c37b7c9908') in 0.0122299 seconds
Number of updated asset objects reloaded before import = 0Number of asset objects unloaded after import = 4

========================================================================
Received Import Request.
  Time since last request: 0.000015 seconds.
  path: Assets/SocketsAndSwitches/Material/256x256/BlackDirt/SocketCase01Material.mat
  artifactKey: Guid(a205b4723e2834568ab96b67c4956b1e) Importer(2089858483,192608db42251d675da83286b1cce702)
Start importing Assets/SocketsAndSwitches/Material/256x256/BlackDirt/SocketCase01Material.mat using Guid(a205b4723e2834568ab96b67c4956b1e) Importer(2089858483,192608db42251d675da83286b1cce702) (ScriptedImporter) -> (artifact id: 'afdd23afa0dd8bf7a7d8844437d3c71f') in 0.0127593 seconds
Number of updated asset objects reloaded before import = 0Number of asset objects unloaded after import = 4

========================================================================
Received Import Request.
  Time since last request: 0.000018 seconds.
  path: Assets/SocketsAndSwitches/Textures/2048/Black/SocketCase01Material_AlbedoTransparency.png
  artifactKey: Guid(ea148c90dc03a42e3a6eb57327cf822d) Importer(2089858483,192608db42251d675da83286b1cce702)
Start importing Assets/SocketsAndSwitches/Textures/2048/Black/SocketCase01Material_AlbedoTransparency.png using Guid(ea148c90dc03a42e3a6eb57327cf822d) Importer(2089858483,192608db42251d675da83286b1cce702) (ScriptedImporter) -> (artifact id: 'b4b91eca3757f732a700bba5518738ca') in 0.0156029 seconds
Number of updated asset objects reloaded before import = 0Number of asset objects unloaded after import = 1

========================================================================
Received Import Request.
  Time since last request: 0.000010 seconds.
  path: Assets/SocketsAndSwitches/Prefabs/2048x2048/White/LightSwitches01.prefab
  artifactKey: Guid(b668065cdb3474cc7b77ca4ec18d455e) Importer(2089858483,192608db42251d675da83286b1cce702)
Start importing Assets/SocketsAndSwitches/Prefabs/2048x2048/White/LightSwitches01.prefab using Guid(b668065cdb3474cc7b77ca4ec18d455e) Importer(2089858483,192608db42251d675da83286b1cce702) (ScriptedImporter) -> (artifact id: '3d964879f20b7278ba1948cc0b3e5c54') in 0.0102965 seconds
Number of updated asset objects reloaded before import = 0Number of asset objects unloaded after import = 14

========================================================================
Received Import Request.
  Time since last request: 0.000064 seconds.
  path: Assets/AllMaterials/matCloth_Mixed_AO.mat
  artifactKey: Guid(3bda6190048a4c544868bbaea71ca4a0) Importer(2089858483,192608db42251d675da83286b1cce702)
Start importing Assets/AllMaterials/matCloth_Mixed_AO.mat using Guid(3bda6190048a4c544868bbaea71ca4a0) Importer(2089858483,192608db42251d675da83286b1cce702) (ScriptedImporter) -> (artifact id: 'b4efc281cc303fbbde8c503ad53b34c3') in 0.0230655 seconds
Number of updated asset objects reloaded before import = 0Number of asset objects unloaded after import = 2

========================================================================
Received Import Request.
  Time since last request: 0.000010 seconds.
  path: Assets/AllMaterials/AtlasTexture_Drawer_DefaultMaterial_AlbedoTransparency.mat
  artifactKey: Guid(b2fd3e644161a7e47b84de21b18ddce1) Importer(2089858483,192608db42251d675da83286b1cce702)
Start importing Assets/AllMaterials/AtlasTexture_Drawer_DefaultMaterial_AlbedoTransparency.mat using Guid(b2fd3e644161a7e47b84de21b18ddce1) Importer(2089858483,192608db42251d675da83286b1cce702) (ScriptedImporter) -> (artifact id: '4200e185b92785146ea70bb025e0a1db') in 0.0213849 seconds
Number of updated asset objects reloaded before import = 0Number of asset objects unloaded after import = 2

========================================================================
Received Import Request.
  Time since last request: 0.000018 seconds.
  path: Assets/SocketsAndSwitches/Prefabs/1024x1024/Black/SocketCase03Rotate.prefab
  artifactKey: Guid(4bbea60f7ac6d4727a9a9af04a42ba28) Importer(2089858483,192608db42251d675da83286b1cce702)
Start importing Assets/SocketsAndSwitches/Prefabs/1024x1024/Black/SocketCase03Rotate.prefab using Guid(4bbea60f7ac6d4727a9a9af04a42ba28) Importer(2089858483,192608db42251d675da83286b1cce702) (ScriptedImporter) -> (artifact id: '903cc74c80428543092713b0e0b80162') in 0.0114849 seconds
Number of updated asset objects reloaded before import = 0Number of asset objects unloaded after import = 22

========================================================================
Received Import Request.
  Time since last request: 0.000013 seconds.
  path: Assets/AllMaterials/low_matBody_AlbedoTransparency 4.mat
  artifactKey: Guid(fe187b95562c4e84093e30ab69c069dc) Importer(2089858483,192608db42251d675da83286b1cce702)
Start importing Assets/AllMaterials/low_matBody_AlbedoTransparency 4.mat using Guid(fe187b95562c4e84093e30ab69c069dc) Importer(2089858483,192608db42251d675da83286b1cce702) (ScriptedImporter) -> (artifact id: '045ddcdba97fc0ddcf4491bb2bd28389') in 0.023 seconds
Number of updated asset objects reloaded before import = 0Number of asset objects unloaded after import = 2

========================================================================
Received Import Request.
  Time since last request: 0.000037 seconds.
  path: Assets/SocketsAndSwitches/Textures/256/Black/Socket03Material_AlbedoTransparency.png
  artifactKey: Guid(f1c1cd99414f0419d9f7237b2a951b0c) Importer(2089858483,192608db42251d675da83286b1cce702)
Start importing Assets/SocketsAndSwitches/Textures/256/Black/Socket03Material_AlbedoTransparency.png using Guid(f1c1cd99414f0419d9f7237b2a951b0c) Importer(2089858483,192608db42251d675da83286b1cce702) (ScriptedImporter) -> (artifact id: 'b99bba28d2f99251a4960eb79dbc47da') in 0.0171079 seconds
Number of updated asset objects reloaded before import = 0Number of asset objects unloaded after import = 1

========================================================================
Received Import Request.
  Time since last request: 0.000021 seconds.
  path: Assets/SocketsAndSwitches/Material/2048x2048/BlackDirt/Socket03Material.mat
  artifactKey: Guid(90c1cf332475c4c78bdbaec8510db520) Importer(2089858483,192608db42251d675da83286b1cce702)
Start importing Assets/SocketsAndSwitches/Material/2048x2048/BlackDirt/Socket03Material.mat using Guid(90c1cf332475c4c78bdbaec8510db520) Importer(2089858483,192608db42251d675da83286b1cce702) (ScriptedImporter) -> (artifact id: '25c6916efa0c4a9a008b9357d82b3b55') in 0.0185947 seconds
Number of updated asset objects reloaded before import = 0Number of asset objects unloaded after import = 4

========================================================================
Received Import Request.
  Time since last request: 0.000013 seconds.
  path: Assets/SocketsAndSwitches/Material/2048x2048/Rotation/WhiteDirt/SocketCase02Material.mat
  artifactKey: Guid(e75191f67a6ac47b28c01f7fc84d2a8b) Importer(2089858483,192608db42251d675da83286b1cce702)
Start importing Assets/SocketsAndSwitches/Material/2048x2048/Rotation/WhiteDirt/SocketCase02Material.mat using Guid(e75191f67a6ac47b28c01f7fc84d2a8b) Importer(2089858483,192608db42251d675da83286b1cce702) (ScriptedImporter) -> (artifact id: '7498471d60099d29b0f7a915b44f5e46') in 0.0190895 seconds
Number of updated asset objects reloaded before import = 0Number of asset objects unloaded after import = 4

========================================================================
Received Import Request.
  Time since last request: 0.000010 seconds.
  path: Assets/SocketsAndSwitches/Prefabs/1024x1024/White/Socket03.prefab
  artifactKey: Guid(3ee173ac5436d4385885f22fe453afbf) Importer(2089858483,192608db42251d675da83286b1cce702)
Start importing Assets/SocketsAndSwitches/Prefabs/1024x1024/White/Socket03.prefab using Guid(3ee173ac5436d4385885f22fe453afbf) Importer(2089858483,192608db42251d675da83286b1cce702) (ScriptedImporter) -> (artifact id: '750478cc0e5ac948da7b1673ad26c9a4') in 0.0158116 seconds
Number of updated asset objects reloaded before import = 0Number of asset objects unloaded after import = 8

========================================================================
Received Import Request.
  Time since last request: 0.000014 seconds.
  path: Assets/AllMaterials/Rug_height_1k.png
  artifactKey: Guid(6749aede070a64547818206937df19e4) Importer(2089858483,192608db42251d675da83286b1cce702)
Start importing Assets/AllMaterials/Rug_height_1k.png using Guid(6749aede070a64547818206937df19e4) Importer(2089858483,192608db42251d675da83286b1cce702) (ScriptedImporter) -> (artifact id: '1592fee567f053e0a3982cd887873f1f') in 0.0272249 seconds
Number of updated asset objects reloaded before import = 0Number of asset objects unloaded after import = 1

========================================================================
Received Import Request.
  Time since last request: 0.000013 seconds.
  path: Assets/AllMaterials/Inter-Regular.ttf
  artifactKey: Guid(78c7f42a7547f22448a621eaeeef3fd2) Importer(2089858483,192608db42251d675da83286b1cce702)
Start importing Assets/AllMaterials/Inter-Regular.ttf using Guid(78c7f42a7547f22448a621eaeeef3fd2) Importer(2089858483,192608db42251d675da83286b1cce702) (ScriptedImporter) -> (artifact id: 'db79b89f1c26fe94fc38e57488f79f3b') in 0.0198959 seconds
Number of updated asset objects reloaded before import = 0Number of asset objects unloaded after import = 3

========================================================================
Received Import Request.
  Time since last request: 0.000014 seconds.
  path: Assets/AllMaterials/low_matBody_AlbedoTransparency 3.mat
  artifactKey: Guid(2001d51f79d8ede459a25a8789a61f0a) Importer(2089858483,192608db42251d675da83286b1cce702)
Start importing Assets/AllMaterials/low_matBody_AlbedoTransparency 3.mat using Guid(2001d51f79d8ede459a25a8789a61f0a) Importer(2089858483,192608db42251d675da83286b1cce702) (ScriptedImporter) -> (artifact id: 'ef644902010486fd4c01b33c5b6b0211') in 0.0225423 seconds
Number of updated asset objects reloaded before import = 0Number of asset objects unloaded after import = 2

========================================================================
Received Import Request.
  Time since last request: 0.000013 seconds.
  path: Assets/AllMaterials/Inter-Regular SDF.asset
  artifactKey: Guid(f675742eaf9c20a4f909d78ee7a14fed) Importer(2089858483,192608db42251d675da83286b1cce702)
Start importing Assets/AllMaterials/Inter-Regular SDF.asset using Guid(f675742eaf9c20a4f909d78ee7a14fed) Importer(2089858483,192608db42251d675da83286b1cce702) (ScriptedImporter) -> (artifact id: '4babe5564b73a4a72a2bfe6119243147') in 0.0553501 seconds
Number of updated asset objects reloaded before import = 0Number of asset objects unloaded after import = 3

========================================================================
Received Import Request.
  Time since last request: 0.000017 seconds.
  path: Assets/AllMaterials/Rug_normal_1k.png
  artifactKey: Guid(fc6dd10d46bbf6e47bc1056b1c9ba322) Importer(2089858483,192608db42251d675da83286b1cce702)
Start importing Assets/AllMaterials/Rug_normal_1k.png using Guid(fc6dd10d46bbf6e47bc1056b1c9ba322) Importer(2089858483,192608db42251d675da83286b1cce702) (ScriptedImporter) -> (artifact id: 'ccddf0278f5016f57e66b0948ce9f9eb') in 0.0148082 seconds
Number of updated asset objects reloaded before import = 0Number of asset objects unloaded after import = 1

========================================================================
Received Import Request.
  Time since last request: 0.000011 seconds.
  path: Assets/AllMaterials/Rug_baseColour_1k.png
  artifactKey: Guid(2fab1677ae41ba84786105602b6ca6c7) Importer(2089858483,192608db42251d675da83286b1cce702)
Start importing Assets/AllMaterials/Rug_baseColour_1k.png using Guid(2fab1677ae41ba84786105602b6ca6c7) Importer(2089858483,192608db42251d675da83286b1cce702) (ScriptedImporter) -> (artifact id: 'f0f8f7eacd8e9a21a2acf11056c067c2') in 0.0159516 seconds
Number of updated asset objects reloaded before import = 0Number of asset objects unloaded after import = 1

========================================================================
Received Import Request.
  Time since last request: 0.000011 seconds.
  path: Assets/AllMaterials/TransparentRed.mat
  artifactKey: Guid(d149182fa7aa1dc47bd32b2a6da80ec9) Importer(2089858483,192608db42251d675da83286b1cce702)
Start importing Assets/AllMaterials/TransparentRed.mat using Guid(d149182fa7aa1dc47bd32b2a6da80ec9) Importer(2089858483,192608db42251d675da83286b1cce702) (ScriptedImporter) -> (artifact id: '7539fd32e1c5aa4e02364e8dc84c5e6f') in 0.0112651 seconds
Number of updated asset objects reloaded before import = 0Number of asset objects unloaded after import = 1

========================================================================
Received Import Request.
  Time since last request: 0.000013 seconds.
  path: Assets/AllMaterials/FabricClothes_baseColour_1k.png
  artifactKey: Guid(1bf24b8ce97ac404589ae1e2c4dcc8b7) Importer(2089858483,192608db42251d675da83286b1cce702)
Start importing Assets/AllMaterials/FabricClothes_baseColour_1k.png using Guid(1bf24b8ce97ac404589ae1e2c4dcc8b7) Importer(2089858483,192608db42251d675da83286b1cce702) (ScriptedImporter) -> (artifact id: '0593adacf6770735593769f63023bfd7') in 0.0193184 seconds
Number of updated asset objects reloaded before import = 0Number of asset objects unloaded after import = 1

========================================================================
Received Import Request.
  Time since last request: 0.000013 seconds.
  path: Assets/SocketsAndSwitches/Textures/2048/Rotation/BlackDirt/SocketCase01Material_AlbedoTransparency.png
  artifactKey: Guid(699f8471527f943c79a4fa3f37a2c73c) Importer(2089858483,192608db42251d675da83286b1cce702)
Start importing Assets/SocketsAndSwitches/Textures/2048/Rotation/BlackDirt/SocketCase01Material_AlbedoTransparency.png using Guid(699f8471527f943c79a4fa3f37a2c73c) Importer(2089858483,192608db42251d675da83286b1cce702) (ScriptedImporter) -> (artifact id: '40a684b14c390fdc92dd5078ad22bfad') in 0.0189352 seconds
Number of updated asset objects reloaded before import = 0Number of asset objects unloaded after import = 1

========================================================================
Received Import Request.
  Time since last request: 0.000013 seconds.
  path: Assets/SocketsAndSwitches/Material/1024x1024/Rotation/Black/SocketCase02Material.mat
  artifactKey: Guid(e131a20b4ca2e4f4f8c7252ce220979e) Importer(2089858483,192608db42251d675da83286b1cce702)
Start importing Assets/SocketsAndSwitches/Material/1024x1024/Rotation/Black/SocketCase02Material.mat using Guid(e131a20b4ca2e4f4f8c7252ce220979e) Importer(2089858483,192608db42251d675da83286b1cce702) (ScriptedImporter) -> (artifact id: '7555cc12eb3fd7b88fa2b7f5e335c669') in 0.0139668 seconds
Number of updated asset objects reloaded before import = 0Number of asset objects unloaded after import = 4

========================================================================
Received Import Request.
  Time since last request: 0.000019 seconds.
  path: Assets/SocketsAndSwitches/Textures/256/WhiteDirt/Socket02Material_MetallicSmoothness.png
  artifactKey: Guid(7d1d6db773eb640ec947a093e6509b44) Importer(2089858483,192608db42251d675da83286b1cce702)
Start importing Assets/SocketsAndSwitches/Textures/256/WhiteDirt/Socket02Material_MetallicSmoothness.png using Guid(7d1d6db773eb640ec947a093e6509b44) Importer(2089858483,192608db42251d675da83286b1cce702) (ScriptedImporter) -> (artifact id: '29775c7f0e71e6d988570679be4475b6') in 0.0173111 seconds
Number of updated asset objects reloaded before import = 0Number of asset objects unloaded after import = 1

========================================================================
Received Import Request.
  Time since last request: 0.000015 seconds.
  path: Assets/SocketsAndSwitches/Textures/512
  artifactKey: Guid(dc0ff41f80e1d4d538b59479e8b39a58) Importer(2089858483,192608db42251d675da83286b1cce702)
Start importing Assets/SocketsAndSwitches/Textures/512 using Guid(dc0ff41f80e1d4d538b59479e8b39a58) Importer(2089858483,192608db42251d675da83286b1cce702) (ScriptedImporter) -> (artifact id: 'bea85d579e2bc3530aabf4bf47992314') in 0.0090516 seconds
Number of updated asset objects reloaded before import = 0Number of asset objects unloaded after import = 1

========================================================================
Received Import Request.
  Time since last request: 0.000020 seconds.
  path: Assets/SocketsAndSwitches/Material/1024x1024/Rotation/Black
  artifactKey: Guid(b92a0aa097cce4c2f9ac49fa9e94465b) Importer(2089858483,192608db42251d675da83286b1cce702)
Start importing Assets/SocketsAndSwitches/Material/1024x1024/Rotation/Black using Guid(b92a0aa097cce4c2f9ac49fa9e94465b) Importer(2089858483,192608db42251d675da83286b1cce702) (ScriptedImporter) -> (artifact id: '975e8547f3c8d85e022cf681fa5e647f') in 0.0105789 seconds
Number of updated asset objects reloaded before import = 0Number of asset objects unloaded after import = 1

========================================================================
Received Import Request.
  Time since last request: 0.000013 seconds.
  path: Assets/SocketsAndSwitches/Textures/128/White/Socket02Material_AlbedoTransparency.png
  artifactKey: Guid(46b235f678a5a4ccd80790631a992035) Importer(2089858483,192608db42251d675da83286b1cce702)
Start importing Assets/SocketsAndSwitches/Textures/128/White/Socket02Material_AlbedoTransparency.png using Guid(46b235f678a5a4ccd80790631a992035) Importer(2089858483,192608db42251d675da83286b1cce702) (ScriptedImporter) -> (artifact id: '53547f7254becaf47557d16fea04e73d') in 0.0188864 seconds
Number of updated asset objects reloaded before import = 0Number of asset objects unloaded after import = 1

========================================================================
Received Import Request.
  Time since last request: 0.000014 seconds.
  path: Assets/SocketsAndSwitches/Textures/512/Rotation/WhiteDirt
  artifactKey: Guid(982b4cef370a3410c8c4812de2c0b6bc) Importer(2089858483,192608db42251d675da83286b1cce702)
Start importing Assets/SocketsAndSwitches/Textures/512/Rotation/WhiteDirt using Guid(982b4cef370a3410c8c4812de2c0b6bc) Importer(2089858483,192608db42251d675da83286b1cce702) (ScriptedImporter) -> (artifact id: '27bc585566e0b467806af25b377354d6') in 0.0098473 seconds
Number of updated asset objects reloaded before import = 0Number of asset objects unloaded after import = 1

========================================================================
Received Import Request.
  Time since last request: 0.000014 seconds.
  path: Assets/SocketsAndSwitches/Prefabs/128x128/WhiteDirt/Socket02.prefab
  artifactKey: Guid(dfa894c037a724ec3a0382d8c941f8ad) Importer(2089858483,192608db42251d675da83286b1cce702)
Start importing Assets/SocketsAndSwitches/Prefabs/128x128/WhiteDirt/Socket02.prefab using Guid(dfa894c037a724ec3a0382d8c941f8ad) Importer(2089858483,192608db42251d675da83286b1cce702) (ScriptedImporter) -> (artifact id: '48d9507a76d1d3d1dd5a5e006c4a8e31') in 0.0152345 seconds
Number of updated asset objects reloaded before import = 0Number of asset objects unloaded after import = 8

========================================================================
Received Import Request.
  Time since last request: 0.000013 seconds.
  path: Assets/SocketsAndSwitches/Prefabs/128x128/Black/Socket03.prefab
  artifactKey: Guid(7f5149788f7b14bbf877b707d9a9c4af) Importer(2089858483,192608db42251d675da83286b1cce702)
Start importing Assets/SocketsAndSwitches/Prefabs/128x128/Black/Socket03.prefab using Guid(7f5149788f7b14bbf877b707d9a9c4af) Importer(2089858483,192608db42251d675da83286b1cce702) (ScriptedImporter) -> (artifact id: 'f0076e89099c112840ef836892cbb151') in 0.0151199 seconds
Number of updated asset objects reloaded before import = 0Number of asset objects unloaded after import = 8

========================================================================
Received Import Request.
  Time since last request: 78.510060 seconds.
  path: Assets/Settings/Medium_PipelineAsset.asset
  artifactKey: Guid(44768d1c3321de844940396d156477be) Importer(2089858483,3d70f49cd1c2eb9ae422958d1c652c6b)
Start importing Assets/Settings/Medium_PipelineAsset.asset using Guid(44768d1c3321de844940396d156477be) Importer(2089858483,3d70f49cd1c2eb9ae422958d1c652c6b) (ScriptedImporter) -> (artifact id: '6ae1e09c761df1319a0f228f1729c7cb') in 0.0221862 seconds
Number of updated asset objects reloaded before import = 0Number of asset objects unloaded after import = 2

========================================================================
Received Import Request.
  Time since last request: 0.000028 seconds.
  path: Assets/Samples/XR Interaction Toolkit/3.2.1/Starter Assets/Prefabs/Interactors/Left_NearFarInteractor.prefab
  artifactKey: Guid(3df3e1220f2164f448701a6de8084f92) Importer(2089858483,3d70f49cd1c2eb9ae422958d1c652c6b)
Start importing Assets/Samples/XR Interaction Toolkit/3.2.1/Starter Assets/Prefabs/Interactors/Left_NearFarInteractor.prefab using Guid(3df3e1220f2164f448701a6de8084f92) Importer(2089858483,3d70f49cd1c2eb9ae422958d1c652c6b) (ScriptedImporter) -> (artifact id: 'bbefbf86c5152dcd046663def8f6cd22') in 0.0610187 seconds
Number of updated asset objects reloaded before import = 0Number of asset objects unloaded after import = 23

========================================================================
Received Import Request.
  Time since last request: 0.000025 seconds.
  path: Assets/Polytope Studio/Lowpoly_Characters/Prefabs/Modular_NPC/Peasants_Citizens/Sets/PT_Female_Peasant_01_b.prefab
  artifactKey: Guid(3197d31fe4fd3dd4ab29197ded90cf3c) Importer(2089858483,3d70f49cd1c2eb9ae422958d1c652c6b)
Start importing Assets/Polytope Studio/Lowpoly_Characters/Prefabs/Modular_NPC/Peasants_Citizens/Sets/PT_Female_Peasant_01_b.prefab using Guid(3197d31fe4fd3dd4ab29197ded90cf3c) Importer(2089858483,3d70f49cd1c2eb9ae422958d1c652c6b) (ScriptedImporter) -> (artifact id: '76dd2d7515610910178acc0437358935') in 0.0462895 seconds
Number of updated asset objects reloaded before import = 0Number of asset objects unloaded after import = 194

========================================================================
Received Import Request.
  Time since last request: 0.000023 seconds.
  path: Assets/Lowpoly Forest Pack/Prefabs/Summer Cliff 3.prefab
  artifactKey: Guid(7ae46326d07d7b749a70e242386c7d50) Importer(2089858483,3d70f49cd1c2eb9ae422958d1c652c6b)
Start importing Assets/Lowpoly Forest Pack/Prefabs/Summer Cliff 3.prefab using Guid(7ae46326d07d7b749a70e242386c7d50) Importer(2089858483,3d70f49cd1c2eb9ae422958d1c652c6b) (ScriptedImporter) -> (artifact id: '043fd088a20ea6a53e5acc85f3bed10b') in 0.0219634 seconds
Number of updated asset objects reloaded before import = 0Number of asset objects unloaded after import = 9

========================================================================
Received Import Request.
  Time since last request: 0.000018 seconds.
  path: Assets/Samples/XR Hands/1.6.1/HandVisualizer/HandVisualizer.unity
  artifactKey: Guid(ab7acf0d9677fbe4db51bc36647d4fcb) Importer(2089858483,3d70f49cd1c2eb9ae422958d1c652c6b)
Start importing Assets/Samples/XR Hands/1.6.1/HandVisualizer/HandVisualizer.unity using Guid(ab7acf0d9677fbe4db51bc36647d4fcb) Importer(2089858483,3d70f49cd1c2eb9ae422958d1c652c6b) (ScriptedImporter)Opening scene 'Assets/Samples/XR Hands/1.6.1/HandVisualizer/HandVisualizer.unity additively'
Loaded scene 'Assets/Samples/XR Hands/1.6.1/HandVisualizer/HandVisualizer.unity'
	Deserialize:            17.146 ms
	Integration:            1.217 ms
	Integration of assets:  2.033 ms
	Thread Wait Time:       0.056 ms
	Total Operation Time:   20.452 ms
 -> (artifact id: 'c40b246420c4968b377b8e520c040937') in 0.0474297 seconds
Number of updated asset objects reloaded before import = 0Number of asset objects unloaded after import = 301

========================================================================
Received Import Request.
  Time since last request: 0.000017 seconds.
  path: Assets/Lowpoly Forest Pack/Prefabs/Cabin.prefab
  artifactKey: Guid(78d27c632b2380149abb6c44337783ce) Importer(2089858483,3d70f49cd1c2eb9ae422958d1c652c6b)
Start importing Assets/Lowpoly Forest Pack/Prefabs/Cabin.prefab using Guid(78d27c632b2380149abb6c44337783ce) Importer(2089858483,3d70f49cd1c2eb9ae422958d1c652c6b) (ScriptedImporter) -> (artifact id: 'f5e414ca89ed77c8a8bad9f37b007db2') in 0.0346789 seconds
Number of updated asset objects reloaded before import = 0Number of asset objects unloaded after import = 11

========================================================================
Received Import Request.
  Time since last request: 0.000017 seconds.
  path: Assets/Lowpoly Forest Pack/Prefabs/Summer Pine Tree 1.prefab
  artifactKey: Guid(15a307cb71f00dd468557890554f7fc0) Importer(2089858483,3d70f49cd1c2eb9ae422958d1c652c6b)
Start importing Assets/Lowpoly Forest Pack/Prefabs/Summer Pine Tree 1.prefab using Guid(15a307cb71f00dd468557890554f7fc0) Importer(2089858483,3d70f49cd1c2eb9ae422958d1c652c6b) (ScriptedImporter) -> (artifact id: 'd32e18630f46c86b95699e4f547f08ef') in 0.0171754 seconds
Number of updated asset objects reloaded before import = 0Number of asset objects unloaded after import = 9

========================================================================
Received Import Request.
  Time since last request: 0.000031 seconds.
  path: Assets/Lowpoly Forest Pack/Prefabs/Grass 1.prefab
  artifactKey: Guid(a06e2f5e2be472a4f8977bcfbe82a145) Importer(2089858483,3d70f49cd1c2eb9ae422958d1c652c6b)
Start importing Assets/Lowpoly Forest Pack/Prefabs/Grass 1.prefab using Guid(a06e2f5e2be472a4f8977bcfbe82a145) Importer(2089858483,3d70f49cd1c2eb9ae422958d1c652c6b) (ScriptedImporter) -> (artifact id: '247bc5535ff1787f8aea82f796d45516') in 0.0133407 seconds
Number of updated asset objects reloaded before import = 0Number of asset objects unloaded after import = 8

========================================================================
Received Import Request.
  Time since last request: 0.000016 seconds.
  path: Assets/Samples/XR Interaction Toolkit/3.2.1/Starter Assets/Prefabs/Interactors/Teleport Interactor.prefab
  artifactKey: Guid(c1800acf6366418a9b5f610249000331) Importer(2089858483,3d70f49cd1c2eb9ae422958d1c652c6b)
Start importing Assets/Samples/XR Interaction Toolkit/3.2.1/Starter Assets/Prefabs/Interactors/Teleport Interactor.prefab using Guid(c1800acf6366418a9b5f610249000331) Importer(2089858483,3d70f49cd1c2eb9ae422958d1c652c6b) (ScriptedImporter) -> (artifact id: '4cae938906feb702be75d2e16f66b42d') in 0.0243558 seconds
Number of updated asset objects reloaded before import = 0Number of asset objects unloaded after import = 37

Editor requested this worker to shutdown with reason: Scaling down because of idle timeout
AssetImportWorker is now disconnected from the server
Process exiting
Exiting without the bug reporter. Application will terminate with return code 0