Using pre-set license
Built from '6000.0/respin/6000.0.58f2-44b8bf3a32' branch; Version is '6000.0.58f2 (92dee566b325) revision 9625317'; Using compiler version '193933523'; Build Type 'Release'
OS: 'Windows 11  (10.0.26200) 64bit Professional' Language: 'en' Physical Memory: 65254 MB
BatchMode: 1, IsHumanControllingUs: 0, StartBugReporterOnCrash: 0, Is64bit: 1
Date: 2025-10-16T19:45:38Z

COMMAND LINE ARGUMENTS:
C:\Program Files\Unity 6000.0.58f2\Editor\Unity.exe
-adb2
-batchMode
-noUpm
-name
AssetImportWorker7
-projectPath
D:/hlt22c/Viverse
-logFile
Logs/AssetImportWorker7.log
-srvPort
56630
-job-worker-count
11
-background-job-worker-count
8
-gc-helper-count
1
-name
AssetImport
Successfully changed project path to: D:/hlt22c/Viverse
D:/hlt22c/Viverse
[UnityMemory] Configuration Parameters - Can be set up in boot.config
    "memorysetup-bucket-allocator-granularity=16"
    "memorysetup-bucket-allocator-bucket-count=8"
    "memorysetup-bucket-allocator-block-size=33554432"
    "memorysetup-bucket-allocator-block-count=8"
    "memorysetup-main-allocator-block-size=16777216"
    "memorysetup-thread-allocator-block-size=16777216"
    "memorysetup-gfx-main-allocator-block-size=16777216"
    "memorysetup-gfx-thread-allocator-block-size=16777216"
    "memorysetup-cache-allocator-block-size=4194304"
    "memorysetup-typetree-allocator-block-size=2097152"
    "memorysetup-profiler-bucket-allocator-granularity=16"
    "memorysetup-profiler-bucket-allocator-bucket-count=8"
    "memorysetup-profiler-bucket-allocator-block-size=33554432"
    "memorysetup-profiler-bucket-allocator-block-count=8"
    "memorysetup-profiler-allocator-block-size=16777216"
    "memorysetup-profiler-editor-allocator-block-size=1048576"
    "memorysetup-temp-allocator-size-main=16777216"
    "memorysetup-job-temp-allocator-block-size=2097152"
    "memorysetup-job-temp-allocator-block-size-background=1048576"
    "memorysetup-job-temp-allocator-reduction-small-platforms=262144"
    "memorysetup-allocator-temp-initial-block-size-main=262144"
    "memorysetup-allocator-temp-initial-block-size-worker=262144"
    "memorysetup-temp-allocator-size-background-worker=32768"
    "memorysetup-temp-allocator-size-job-worker=262144"
    "memorysetup-temp-allocator-size-preload-manager=33554432"
    "memorysetup-temp-allocator-size-nav-mesh-worker=65536"
    "memorysetup-temp-allocator-size-audio-worker=65536"
    "memorysetup-temp-allocator-size-cloud-worker=32768"
    "memorysetup-temp-allocator-size-gi-baking-worker=262144"
    "memorysetup-temp-allocator-size-gi-baking-worker=262144"
    "memorysetup-temp-allocator-size-gi-baking-worker=262144"
    "memorysetup-temp-allocator-size-gi-baking-worker=262144"
    "memorysetup-temp-allocator-size-gi-baking-worker=262144"
    "memorysetup-temp-allocator-size-gfx=262144"
Player connection [28192]  Target information:

Player connection [28192]  * "[IP] 192.168.50.5 [Port] 0 [Flags] 2 [Guid] 3438267879 [EditorId] 3438267879 [Version] 1048832 [Id] WindowsEditor(7,FIH-COM23a109) [Debug] 1 [PackageName] WindowsEditor [ProjectName] Editor" 

Player connection [28192] Host joined multi-casting on [225.0.0.222:54997]...
Player connection [28192] Host joined alternative multi-casting on [225.0.0.222:34997]...
JobSystem: Creating JobQueue using job-worker-count value 11
Input System module state changed to: Initialized.
[Physics::Module] Initialized fallback backend.
[Physics::Module] Id: 0xdecafbad
Library Redirect Path: Library/
[Physics::Module] Selected backend.
[Physics::Module] Name: PhysX
[Physics::Module] Id: 0xf2b8ea05
[Physics::Module] SDK Version: 4.1.2
[Physics::Module] Integration Version: 1.0.0
[Physics::Module] Threading Mode: Multi-Threaded
Refreshing native plugins compatible for Editor in 7.00 ms, found 10 plugins.
Preloading 0 native plugins for Editor in 0.00 ms.
Initialize engine version: 6000.0.58f2 (92dee566b325)
[Subsystems] Discovering subsystems at path C:/Program Files/Unity 6000.0.58f2/Editor/Data/Resources/UnitySubsystems
[Subsystems] Discovering subsystems at path D:/hlt22c/Viverse/Assets
GfxDevice: creating device client; kGfxThreadingModeNonThreaded
Direct3D:
    Version:  Direct3D 11.0 [level 11.1]
    Renderer: NVIDIA GeForce RTX 3090 (ID=0x2204)
    Vendor:   NVIDIA
    VRAM:     24326 MB
    Driver:   32.0.15.8157
Initialize mono
Mono path[0] = 'C:/Program Files/Unity 6000.0.58f2/Editor/Data/Managed'
Mono path[1] = 'C:/Program Files/Unity 6000.0.58f2/Editor/Data/MonoBleedingEdge/lib/mono/unityjit-win32'
Mono config path = 'C:/Program Files/Unity 6000.0.58f2/Editor/Data/MonoBleedingEdge/etc'
Using monoOptions --debugger-agent=transport=dt_socket,embedding=1,server=y,suspend=n,address=127.0.0.1:56976
Begin MonoManager ReloadAssembly
Registering precompiled unity dll's ...
Register platform support module: C:/Program Files/Unity 6000.0.58f2/Editor/Data/PlaybackEngines/WebGLSupport/UnityEditor.WebGL.Extensions.dll
Register platform support module: C:/Program Files/Unity 6000.0.58f2/Editor/Data/PlaybackEngines/WindowsStandaloneSupport/UnityEditor.WindowsStandalone.Extensions.dll
Register platform support module: C:/Program Files/Unity 6000.0.58f2/Editor/Data/PlaybackEngines/AndroidPlayer/UnityEditor.Android.Extensions.dll
Registered in 0.002638 seconds.
- Loaded All Assemblies, in  0.280 seconds
Native extension for Android target not found
Native extension for WindowsStandalone target not found
Native extension for WebGL target not found
Mono: successfully reloaded assembly
- Finished resetting the current domain, in  0.281 seconds
Domain Reload Profiling: 560ms
	BeginReloadAssembly (89ms)
		ExecutionOrderSort (0ms)
		DisableScriptedObjects (0ms)
		BackupInstance (0ms)
		ReleaseScriptingObjects (0ms)
		CreateAndSetChildDomain (0ms)
	RebuildCommonClasses (29ms)
	RebuildNativeTypeToScriptingClass (12ms)
	initialDomainReloadingComplete (37ms)
	LoadAllAssembliesAndSetupDomain (112ms)
		LoadAssemblies (88ms)
		RebuildTransferFunctionScriptingTraits (0ms)
		AnalyzeDomain (109ms)
			TypeCache.Refresh (108ms)
				TypeCache.ScanAssembly (98ms)
			BuildScriptInfoCaches (0ms)
			ResolveRequiredComponents (0ms)
	FinalizeReload (281ms)
		ReleaseScriptCaches (0ms)
		RebuildScriptCaches (0ms)
		SetupLoadedEditorAssemblies (246ms)
			LogAssemblyErrors (0ms)
			InitializePlatformSupportModulesInManaged (58ms)
			SetLoadedEditorAssemblies (3ms)
			BeforeProcessingInitializeOnLoad (47ms)
			ProcessInitializeOnLoadAttributes (99ms)
			ProcessInitializeOnLoadMethodAttributes (38ms)
			AfterProcessingInitializeOnLoad (0ms)
			EditorAssembliesLoaded (0ms)
		ExecutionOrderSort2 (0ms)
		AwakeInstancesAfterBackupRestoration (0ms)
========================================================================
Worker process is ready to serve import requests
Import Worker Mode flag is 0x00
Begin MonoManager ReloadAssembly
Symbol file LoadedFromMemory is not a mono symbol file
- Loaded All Assemblies, in  0.684 seconds
Refreshing native plugins compatible for Editor in 5.00 ms, found 10 plugins.
Native extension for Android target not found
Native extension for WindowsStandalone target not found
Native extension for WebGL target not found
Package Manager log level set to [2]
[Package Manager] Failed to launch server process. Reason: Unity was launched with the -noUpm command-line argument
[Package Manager] Unable to send message (not connected to server process).
[Package Manager] Cannot connect to Unity Package Manager local server
[Package Manager] Failed to launch server process. Reason: Unity was launched with the -noUpm command-line argument
[Package Manager] Unable to send message (not connected to server process).
[Package Manager] Cannot connect to Unity Package Manager local server
Trying to set shader on a Material Variant.
UnityEngine.Debug:ExtractStackTraceNoAlloc (byte*,int,string)
UnityEngine.StackTraceUtility:ExtractStackTrace ()
UnityEngine.Material:set_shader (UnityEngine.Shader)
UnityEngine.XR.Interaction.Toolkit.Samples.StarterAssets.MaterialPipelineHandler:SetPipelineShaders () (at Assets/Samples/XR Interaction Toolkit/3.2.1/Starter Assets/Scripts/MaterialPipelineHandler.cs:114)
UnityEngine.XR.Interaction.Toolkit.Samples.StarterAssets.MaterialPipelineHandler:AutoRefreshPipelineShaders () (at Assets/Samples/XR Interaction Toolkit/3.2.1/Starter Assets/Scripts/MaterialPipelineHandler.cs:81)
UnityEngine.XR.Interaction.Toolkit.Samples.StarterAssets.MaterialPipelineHandler:OnEnable () (at Assets/Samples/XR Interaction Toolkit/3.2.1/Starter Assets/Scripts/MaterialPipelineHandler.cs:74)
UnityEditor.AssetDatabase:LoadAssetAtPath (string,System.Type)
UnityEditor.AssetDatabase:LoadAssetAtPath<UnityEngine.XR.Hands.Samples.VisualizerSample.MaterialPipelineHandler> (string)
UnityEngine.XR.Hands.Samples.VisualizerSample.RenderPipelineValidation:GetAllInstances () (at Assets/Samples/XR Hands/1.6.1/HandVisualizer/Scripts/MaterialPipelineHandler.cs:28)
UnityEngine.XR.Hands.Samples.VisualizerSample.RenderPipelineValidation:.cctor () (at Assets/Samples/XR Hands/1.6.1/HandVisualizer/Scripts/MaterialPipelineHandler.cs:15)
System.Runtime.CompilerServices.RuntimeHelpers:RunClassConstructor (System.RuntimeTypeHandle)
UnityEditor.EditorAssemblies:ProcessInitializeOnLoadAttributes (System.Type[])

[Assets/Samples/XR Interaction Toolkit/3.2.1/Starter Assets/Scripts/MaterialPipelineHandler.cs line 114]

Trying to set shader on a Material Variant.
UnityEngine.Debug:ExtractStackTraceNoAlloc (byte*,int,string)
UnityEngine.StackTraceUtility:ExtractStackTrace ()
UnityEngine.Material:set_shader (UnityEngine.Shader)
UnityEngine.XR.Interaction.Toolkit.Samples.StarterAssets.MaterialPipelineHandler:SetPipelineShaders () (at Assets/Samples/XR Interaction Toolkit/3.2.1/Starter Assets/Scripts/MaterialPipelineHandler.cs:114)
UnityEngine.XR.Interaction.Toolkit.Samples.StarterAssets.MaterialPipelineHandler:AutoRefreshPipelineShaders () (at Assets/Samples/XR Interaction Toolkit/3.2.1/Starter Assets/Scripts/MaterialPipelineHandler.cs:81)
UnityEngine.XR.Interaction.Toolkit.Samples.StarterAssets.RenderPipelineValidation:.cctor () (at Assets/Samples/XR Interaction Toolkit/3.2.1/Starter Assets/Scripts/MaterialPipelineHandler.cs:16)
System.Runtime.CompilerServices.RuntimeHelpers:RunClassConstructor (System.RuntimeTypeHandle)
UnityEditor.EditorAssemblies:ProcessInitializeOnLoadAttributes (System.Type[])

[Assets/Samples/XR Interaction Toolkit/3.2.1/Starter Assets/Scripts/MaterialPipelineHandler.cs line 114]

Mono: successfully reloaded assembly
[Package Manager] Failed to launch server process. Reason: Unity was launched with the -noUpm command-line argument
[Package Manager] Unable to send message (not connected to server process).
[Package Manager] Cannot connect to Unity Package Manager local server
[Package Manager] Failed to launch server process. Reason: Unity was launched with the -noUpm command-line argument
[Package Manager] Unable to send message (not connected to server process).
[Package Manager] Cannot connect to Unity Package Manager local server
- Finished resetting the current domain, in  1.081 seconds
Domain Reload Profiling: 1763ms
	BeginReloadAssembly (126ms)
		ExecutionOrderSort (0ms)
		DisableScriptedObjects (4ms)
		BackupInstance (0ms)
		ReleaseScriptingObjects (0ms)
		CreateAndSetChildDomain (20ms)
	RebuildCommonClasses (24ms)
	RebuildNativeTypeToScriptingClass (8ms)
	initialDomainReloadingComplete (27ms)
	LoadAllAssembliesAndSetupDomain (496ms)
		LoadAssemblies (313ms)
		RebuildTransferFunctionScriptingTraits (0ms)
		AnalyzeDomain (250ms)
			TypeCache.Refresh (182ms)
				TypeCache.ScanAssembly (165ms)
			BuildScriptInfoCaches (54ms)
			ResolveRequiredComponents (10ms)
	FinalizeReload (1081ms)
		ReleaseScriptCaches (0ms)
		RebuildScriptCaches (0ms)
		SetupLoadedEditorAssemblies (957ms)
			LogAssemblyErrors (0ms)
			InitializePlatformSupportModulesInManaged (9ms)
			SetLoadedEditorAssemblies (5ms)
			BeforeProcessingInitializeOnLoad (170ms)
			ProcessInitializeOnLoadAttributes (523ms)
			ProcessInitializeOnLoadMethodAttributes (247ms)
			AfterProcessingInitializeOnLoad (3ms)
			EditorAssembliesLoaded (0ms)
		ExecutionOrderSort2 (0ms)
		AwakeInstancesAfterBackupRestoration (3ms)
WARNING: Shader Unsupported: 'Hidden/Simulation/URP/Synthetic' - All subshaders removed
WARNING: Shader Did you use #pragma only_renderers and omit this platform?
WARNING: Shader If subshaders removal was intentional, you may have forgotten turning Fallback off?
WARNING: Shader Unsupported: 'Hidden/Simulation/URP/Synthetic' - All subshaders removed
WARNING: Shader Did you use #pragma only_renderers and omit this platform?
WARNING: Shader If subshaders removal was intentional, you may have forgotten turning Fallback off?
WARNING: Shader Unsupported: 'Hidden/Simulation/Synthetic Lit' - All subshaders removed
WARNING: Shader Did you use #pragma only_renderers and omit this platform?
WARNING: Shader If subshaders removal was intentional, you may have forgotten turning Fallback off?
WARNING: Shader Unsupported: 'Hidden/Simulation/Synthetic Lit' - All subshaders removed
WARNING: Shader Did you use #pragma only_renderers and omit this platform?
WARNING: Shader If subshaders removal was intentional, you may have forgotten turning Fallback off?
WARNING: Shader Unsupported: 'Simulation/Standard Lit' - All subshaders removed
WARNING: Shader Did you use #pragma only_renderers and omit this platform?
WARNING: Shader If subshaders removal was intentional, you may have forgotten turning Fallback off?
WARNING: Shader Unsupported: 'Simulation/Standard Lit' - All subshaders removed
WARNING: Shader Did you use #pragma only_renderers and omit this platform?
WARNING: Shader If subshaders removal was intentional, you may have forgotten turning Fallback off?
WARNING: Shader Unsupported: 'Simulation/URP/Room X-Ray' - All subshaders removed
WARNING: Shader Did you use #pragma only_renderers and omit this platform?
WARNING: Shader If subshaders removal was intentional, you may have forgotten turning Fallback off?
WARNING: Shader Unsupported: 'Simulation/URP/Room X-Ray' - All subshaders removed
WARNING: Shader Did you use #pragma only_renderers and omit this platform?
WARNING: Shader If subshaders removal was intentional, you may have forgotten turning Fallback off?
WARNING: Shader Unsupported: 'Simulation/Room X-Ray' - All subshaders removed
WARNING: Shader Did you use #pragma only_renderers and omit this platform?
WARNING: Shader If subshaders removal was intentional, you may have forgotten turning Fallback off?
WARNING: Shader Unsupported: 'Simulation/Room X-Ray' - All subshaders removed
WARNING: Shader Did you use #pragma only_renderers and omit this platform?
WARNING: Shader If subshaders removal was intentional, you may have forgotten turning Fallback off?
WARNING: Shader Unsupported: 'Simulation/URP/Lit' - All subshaders removed
WARNING: Shader Did you use #pragma only_renderers and omit this platform?
WARNING: Shader If subshaders removal was intentional, you may have forgotten turning Fallback off?
WARNING: Shader Unsupported: 'Simulation/URP/Lit' - All subshaders removed
WARNING: Shader Did you use #pragma only_renderers and omit this platform?
WARNING: Shader If subshaders removal was intentional, you may have forgotten turning Fallback off?
Launched and connected shader compiler UnityShaderCompiler.exe after 0.01 seconds
Refreshing native plugins compatible for Editor in 9.08 ms, found 10 plugins.
Preloading 0 native plugins for Editor in 0.00 ms.
Unloading 57 Unused Serialized files (Serialized files now loaded: 0)
Unloading 7389 unused Assets / (10.8 MB). Loaded Objects now: 8072.
Memory consumption went from 223.5 MB to 212.6 MB.
Total: 13.930900 ms (FindLiveObjects: 0.647600 ms CreateObjectMapping: 0.503000 ms MarkObjects: 8.577100 ms  DeleteObjects: 4.201900 ms)

========================================================================
Received Import Request.
  Time since last request: 4762.063855 seconds.
  path: Assets/Polytope Studio/Lowpoly_Characters/Sources/Modular_NPC/Meshes/Peasants_Citizens/Separate_Parts/PT_Male_Peasant_01_lower.fbx
  artifactKey: Guid(a9645c11fb91de8409cd919af8a683ae) Importer(2089858483,192608db42251d675da83286b1cce702)
Start importing Assets/Polytope Studio/Lowpoly_Characters/Sources/Modular_NPC/Meshes/Peasants_Citizens/Separate_Parts/PT_Male_Peasant_01_lower.fbx using Guid(a9645c11fb91de8409cd919af8a683ae) Importer(2089858483,192608db42251d675da83286b1cce702) (ScriptedImporter) -> (artifact id: 'c0d9dfc312dbe0ba9875dbb02e656ed6') in 0.2892647 seconds
Number of updated asset objects reloaded before import = 0Number of asset objects unloaded after import = 165

========================================================================
Received Import Request.
  Time since last request: 0.000026 seconds.
  path: Assets/Polytope Studio/Lowpoly_Environments/Sources/Textures/PT_Tree_Trunk_01.png
  artifactKey: Guid(5733ec0c27e7c9d41a230d27ca7b85d4) Importer(2089858483,192608db42251d675da83286b1cce702)
Start importing Assets/Polytope Studio/Lowpoly_Environments/Sources/Textures/PT_Tree_Trunk_01.png using Guid(5733ec0c27e7c9d41a230d27ca7b85d4) Importer(2089858483,192608db42251d675da83286b1cce702) (ScriptedImporter) -> (artifact id: '735dc689219b63800c90a402354a1bed') in 0.0474203 seconds
Number of updated asset objects reloaded before import = 0Number of asset objects unloaded after import = 1

========================================================================
Received Import Request.
  Time since last request: 0.000021 seconds.
  path: Assets/Polytope Studio/Lowpoly_Characters/Prefabs/Modular_NPC/Peasants_Citizens/Separate_Parts/PT_Female_Peasant_01_lower_pants.prefab
  artifactKey: Guid(d0e98b8dc7b4d7a42b26d67c951381df) Importer(2089858483,192608db42251d675da83286b1cce702)
Start importing Assets/Polytope Studio/Lowpoly_Characters/Prefabs/Modular_NPC/Peasants_Citizens/Separate_Parts/PT_Female_Peasant_01_lower_pants.prefab using Guid(d0e98b8dc7b4d7a42b26d67c951381df) Importer(2089858483,192608db42251d675da83286b1cce702) (ScriptedImporter) -> (artifact id: '797414bdf0041f5cde78c5bb6268a78a') in 0.0253442 seconds
Number of updated asset objects reloaded before import = 0Number of asset objects unloaded after import = 164

========================================================================
Received Import Request.
  Time since last request: 0.000011 seconds.
  path: Assets/Polytope Studio/Lowpoly_Environments/Sources/Textures/PT_Mushrooms_01.png
  artifactKey: Guid(9a9ed1d4f54a1ce4a9331c6a1a926976) Importer(2089858483,192608db42251d675da83286b1cce702)
Start importing Assets/Polytope Studio/Lowpoly_Environments/Sources/Textures/PT_Mushrooms_01.png using Guid(9a9ed1d4f54a1ce4a9331c6a1a926976) Importer(2089858483,192608db42251d675da83286b1cce702) (ScriptedImporter) -> (artifact id: 'b378f8c37f368833747ccf1bb2834150') in 0.0245533 seconds
Number of updated asset objects reloaded before import = 0Number of asset objects unloaded after import = 1

========================================================================
Received Import Request.
  Time since last request: 0.000015 seconds.
  path: Assets/Polytope Studio/Lowpoly_Environments/Sources/Meshes/Flowers/PT_Poppy_02.fbx
  artifactKey: Guid(5c7de3ea78afce6468d2ebe76dd0bf6d) Importer(2089858483,192608db42251d675da83286b1cce702)
Start importing Assets/Polytope Studio/Lowpoly_Environments/Sources/Meshes/Flowers/PT_Poppy_02.fbx using Guid(5c7de3ea78afce6468d2ebe76dd0bf6d) Importer(2089858483,192608db42251d675da83286b1cce702) (ScriptedImporter) -> (artifact id: 'ad2fc275d7b286c54e654f8f93ad6df3') in 0.0327723 seconds
Number of updated asset objects reloaded before import = 0Number of asset objects unloaded after import = 20

========================================================================
Received Import Request.
  Time since last request: 0.000010 seconds.
  path: Assets/Polytope Studio/Lowpoly_Environments/Sources/Textures/PT_Fruit_Tree_Flowers_01.png
  artifactKey: Guid(724a83e90c1cd7b4b9d1b71dd08962b6) Importer(2089858483,192608db42251d675da83286b1cce702)
Start importing Assets/Polytope Studio/Lowpoly_Environments/Sources/Textures/PT_Fruit_Tree_Flowers_01.png using Guid(724a83e90c1cd7b4b9d1b71dd08962b6) Importer(2089858483,192608db42251d675da83286b1cce702) (ScriptedImporter) -> (artifact id: 'e2d8559b52758188f01059fd7c65680b') in 0.0278537 seconds
Number of updated asset objects reloaded before import = 0Number of asset objects unloaded after import = 1

========================================================================
Received Import Request.
  Time since last request: 0.000012 seconds.
  path: Assets/Polytope Studio/Lowpoly_Characters/Sources
  artifactKey: Guid(36d3a0c50257d814e99182d79c84b727) Importer(2089858483,192608db42251d675da83286b1cce702)
Start importing Assets/Polytope Studio/Lowpoly_Characters/Sources using Guid(36d3a0c50257d814e99182d79c84b727) Importer(2089858483,192608db42251d675da83286b1cce702) (ScriptedImporter) -> (artifact id: 'be8940c735d1dcfba02246271e158a5a') in 0.0096816 seconds
Number of updated asset objects reloaded before import = 0Number of asset objects unloaded after import = 1

========================================================================
Received Import Request.
  Time since last request: 0.000014 seconds.
  path: Assets/Polytope Studio/Lowpoly_Environments/Prefabs/Plants/PT_Grass_02.prefab
  artifactKey: Guid(6cdd667aa0034cd4dadc8d58a65fb098) Importer(2089858483,192608db42251d675da83286b1cce702)
Start importing Assets/Polytope Studio/Lowpoly_Environments/Prefabs/Plants/PT_Grass_02.prefab using Guid(6cdd667aa0034cd4dadc8d58a65fb098) Importer(2089858483,192608db42251d675da83286b1cce702) (ScriptedImporter) -> (artifact id: '83a64f537538a53d8c233af60ba12bee') in 0.0190368 seconds
Number of updated asset objects reloaded before import = 0Number of asset objects unloaded after import = 20

========================================================================
Received Import Request.
  Time since last request: 0.000019 seconds.
  path: Assets/Polytope Studio/Lowpoly_Environments/Prefabs/Rocks/PT_Ore_Rock_01.prefab
  artifactKey: Guid(3dd97330b2ebd884e9f796894e026064) Importer(2089858483,192608db42251d675da83286b1cce702)
Start importing Assets/Polytope Studio/Lowpoly_Environments/Prefabs/Rocks/PT_Ore_Rock_01.prefab using Guid(3dd97330b2ebd884e9f796894e026064) Importer(2089858483,192608db42251d675da83286b1cce702) (ScriptedImporter) -> (artifact id: '92e5bc799821ec270d24a14ac7d72271') in 0.0242175 seconds
Number of updated asset objects reloaded before import = 0Number of asset objects unloaded after import = 20

========================================================================
Received Import Request.
  Time since last request: 0.000016 seconds.
  path: Assets/Polytope Studio/Lowpoly_Environments/Sources/Meshes/Trees/PT_Fruit_Tree_01_stump.fbx
  artifactKey: Guid(f42a2ed0c78e45643bba339ed33235d4) Importer(2089858483,192608db42251d675da83286b1cce702)
Start importing Assets/Polytope Studio/Lowpoly_Environments/Sources/Meshes/Trees/PT_Fruit_Tree_01_stump.fbx using Guid(f42a2ed0c78e45643bba339ed33235d4) Importer(2089858483,192608db42251d675da83286b1cce702) (ScriptedImporter) -> (artifact id: '9c9bb859c829fe5340dd2e81028a9715') in 0.034805 seconds
Number of updated asset objects reloaded before import = 0Number of asset objects unloaded after import = 8

========================================================================
Received Import Request.
  Time since last request: 0.000014 seconds.
  path: Assets/Polytope Studio/Lowpoly_Characters/Sources/Modular_NPC/Materials/PT_NPC_Mat.mat
  artifactKey: Guid(c79855c6f54ed954293d041acc3120a8) Importer(2089858483,192608db42251d675da83286b1cce702)
Start importing Assets/Polytope Studio/Lowpoly_Characters/Sources/Modular_NPC/Materials/PT_NPC_Mat.mat using Guid(c79855c6f54ed954293d041acc3120a8) Importer(2089858483,192608db42251d675da83286b1cce702) (ScriptedImporter) -> (artifact id: 'a9cee07ea2876d9c6ee4d0adee287377') in 0.0372008 seconds
Number of updated asset objects reloaded before import = 0Number of asset objects unloaded after import = 3

========================================================================
Received Import Request.
  Time since last request: 0.000014 seconds.
  path: Assets/Pandazole_Ultimate_Pack/Pandazole Kitchen Food/Materials/Panda Mat.mat
  artifactKey: Guid(9866fda0e61a7904087eb0ec5ab17e03) Importer(2089858483,192608db42251d675da83286b1cce702)
Start importing Assets/Pandazole_Ultimate_Pack/Pandazole Kitchen Food/Materials/Panda Mat.mat using Guid(9866fda0e61a7904087eb0ec5ab17e03) Importer(2089858483,192608db42251d675da83286b1cce702) (ScriptedImporter) -> (artifact id: '6b1383a15d7e0c4a533aca8c1f2642a1') in 0.0192824 seconds
Number of updated asset objects reloaded before import = 0Number of asset objects unloaded after import = 2

========================================================================
Received Import Request.
  Time since last request: 0.000013 seconds.
  path: Assets/Polytope Studio/Lowpoly_Characters/Sources/Modular_NPC/Shaders/PT_Modular_NPC_Shader_PBR.shader
  artifactKey: Guid(5fdb92501eac48d4a87329098a14e790) Importer(2089858483,192608db42251d675da83286b1cce702)
Start importing Assets/Polytope Studio/Lowpoly_Characters/Sources/Modular_NPC/Shaders/PT_Modular_NPC_Shader_PBR.shader using Guid(5fdb92501eac48d4a87329098a14e790) Importer(2089858483,192608db42251d675da83286b1cce702) (ScriptedImporter) -> (artifact id: '63c2afb50ffdc178f42571c6af8e9939') in 0.0160045 seconds
Number of updated asset objects reloaded before import = 0Number of asset objects unloaded after import = 1

========================================================================
Received Import Request.
  Time since last request: 0.000015 seconds.
  path: Assets/SocketsAndSwitches/Textures/256/WhiteDirt/InsideMaterial_MetallicSmoothness.png
  artifactKey: Guid(d23a0956119b24ab18b9bcd1a7255bea) Importer(2089858483,192608db42251d675da83286b1cce702)
Start importing Assets/SocketsAndSwitches/Textures/256/WhiteDirt/InsideMaterial_MetallicSmoothness.png using Guid(d23a0956119b24ab18b9bcd1a7255bea) Importer(2089858483,192608db42251d675da83286b1cce702) (ScriptedImporter) -> (artifact id: '7c8e7cc7ad77fd55029a8acb29764db8') in 0.0166726 seconds
Number of updated asset objects reloaded before import = 0Number of asset objects unloaded after import = 1

========================================================================
Received Import Request.
  Time since last request: 0.000023 seconds.
  path: Assets/Polytope Studio/Lowpoly_Characters/Sources/Modular_NPC/Textures/PT_Modular_NPC_Texture_Base_01.png
  artifactKey: Guid(f7390e40451b1494fbe67eb39e53d4ec) Importer(2089858483,192608db42251d675da83286b1cce702)
Start importing Assets/Polytope Studio/Lowpoly_Characters/Sources/Modular_NPC/Textures/PT_Modular_NPC_Texture_Base_01.png using Guid(f7390e40451b1494fbe67eb39e53d4ec) Importer(2089858483,192608db42251d675da83286b1cce702) (ScriptedImporter) -> (artifact id: '402235c14e313324176c2a19f1dea094') in 0.0163627 seconds
Number of updated asset objects reloaded before import = 0Number of asset objects unloaded after import = 1

========================================================================
Received Import Request.
  Time since last request: 0.000013 seconds.
  path: Assets/Polytope Studio/Lowpoly_Environments/Prefabs/Trees/PT_Pine_Tree_03_logs.prefab
  artifactKey: Guid(244ce2af788c0c346b86cbc0473811b0) Importer(2089858483,192608db42251d675da83286b1cce702)
Start importing Assets/Polytope Studio/Lowpoly_Environments/Prefabs/Trees/PT_Pine_Tree_03_logs.prefab using Guid(244ce2af788c0c346b86cbc0473811b0) Importer(2089858483,192608db42251d675da83286b1cce702) (ScriptedImporter) -> (artifact id: '794e281aee881be662e46ec78711468d') in 0.0290267 seconds
Number of updated asset objects reloaded before import = 0Number of asset objects unloaded after import = 8

========================================================================
Received Import Request.
  Time since last request: 0.000013 seconds.
  path: Assets/SocketsAndSwitches/Textures/1024/Rotation/White/SocketCase01Material_AlbedoTransparency.png
  artifactKey: Guid(fa33059d3112541b3b388260698b0ab6) Importer(2089858483,192608db42251d675da83286b1cce702)
Start importing Assets/SocketsAndSwitches/Textures/1024/Rotation/White/SocketCase01Material_AlbedoTransparency.png using Guid(fa33059d3112541b3b388260698b0ab6) Importer(2089858483,192608db42251d675da83286b1cce702) (ScriptedImporter) -> (artifact id: '9df44292c57b9d6f7d649515fc4976f0') in 0.0172892 seconds
Number of updated asset objects reloaded before import = 0Number of asset objects unloaded after import = 1

========================================================================
Received Import Request.
  Time since last request: 0.000011 seconds.
  path: Assets/AllMaterials/japanese_cedar_bark_1k.gltf/japanese_cedar_bark.bin
  artifactKey: Guid(75cc409e671adc94ea6441833639b434) Importer(2089858483,192608db42251d675da83286b1cce702)
Start importing Assets/AllMaterials/japanese_cedar_bark_1k.gltf/japanese_cedar_bark.bin using Guid(75cc409e671adc94ea6441833639b434) Importer(2089858483,192608db42251d675da83286b1cce702) (ScriptedImporter) -> (artifact id: '494d7def6057a0eca3649d738034f082') in 0.0101167 seconds
Number of updated asset objects reloaded before import = 0Number of asset objects unloaded after import = 1

========================================================================
Received Import Request.
  Time since last request: 0.000012 seconds.
  path: Assets/SocketsAndSwitches/Models/LightSwitches01.fbx
  artifactKey: Guid(93e76fb15ea8c4a8ab92ae6a7c83a4f0) Importer(2089858483,192608db42251d675da83286b1cce702)
Start importing Assets/SocketsAndSwitches/Models/LightSwitches01.fbx using Guid(93e76fb15ea8c4a8ab92ae6a7c83a4f0) Importer(2089858483,192608db42251d675da83286b1cce702) (ScriptedImporter) -> (artifact id: '8d47aeca4a9c8f487b3c8cf41420a5bc') in 0.0215611 seconds
Number of updated asset objects reloaded before import = 0Number of asset objects unloaded after import = 8

========================================================================
Received Import Request.
  Time since last request: 0.000011 seconds.
  path: Assets/ClickForSound.cs
  artifactKey: Guid(b535100582b066f42b930a143083c939) Importer(2089858483,192608db42251d675da83286b1cce702)
Start importing Assets/ClickForSound.cs using Guid(b535100582b066f42b930a143083c939) Importer(2089858483,192608db42251d675da83286b1cce702) (ScriptedImporter) -> (artifact id: '74e6c642125fdbdcdfdf65d6ad273bf2') in 0.0109901 seconds
Number of updated asset objects reloaded before import = 0Number of asset objects unloaded after import = 0

========================================================================
Received Import Request.
  Time since last request: 0.000015 seconds.
  path: Assets/CrowAssets/Assets/Low Poly Stylized Food/URP/Materials/Glass.mat
  artifactKey: Guid(88c827d251a0a8747b5b818e86a9c09b) Importer(2089858483,192608db42251d675da83286b1cce702)
Start importing Assets/CrowAssets/Assets/Low Poly Stylized Food/URP/Materials/Glass.mat using Guid(88c827d251a0a8747b5b818e86a9c09b) Importer(2089858483,192608db42251d675da83286b1cce702) (ScriptedImporter) -> (artifact id: 'e5ef3424bc422940266f652f5f7f7e63') in 0.0106451 seconds
Number of updated asset objects reloaded before import = 0Number of asset objects unloaded after import = 1

========================================================================
Received Import Request.
  Time since last request: 0.000022 seconds.
  path: Assets/Polytope Studio/Lowpoly_Environments/Prefabs/Trees/PT_Fruit_Tree_01_dead_cut.prefab
  artifactKey: Guid(66d0615cc71cd48408b75ff3f99c97af) Importer(2089858483,192608db42251d675da83286b1cce702)
Start importing Assets/Polytope Studio/Lowpoly_Environments/Prefabs/Trees/PT_Fruit_Tree_01_dead_cut.prefab using Guid(66d0615cc71cd48408b75ff3f99c97af) Importer(2089858483,192608db42251d675da83286b1cce702) (ScriptedImporter) -> (artifact id: 'ba33e5b90c57a3c47f7b8c9f227a7b6c') in 0.0302969 seconds
Number of updated asset objects reloaded before import = 0Number of asset objects unloaded after import = 8

========================================================================
Received Import Request.
  Time since last request: 0.000013 seconds.
  path: Assets/AllMaterials/matBody_Mixed_AO.mat
  artifactKey: Guid(f22abb39113245e468e84909753e3b96) Importer(2089858483,192608db42251d675da83286b1cce702)
Start importing Assets/AllMaterials/matBody_Mixed_AO.mat using Guid(f22abb39113245e468e84909753e3b96) Importer(2089858483,192608db42251d675da83286b1cce702) (ScriptedImporter) -> (artifact id: '5bb5f90b5567b12a5a6f96ac45370cf2') in 0.0372488 seconds
Number of updated asset objects reloaded before import = 0Number of asset objects unloaded after import = 2

========================================================================
Received Import Request.
  Time since last request: 0.000014 seconds.
  path: Assets/fog.psd
  artifactKey: Guid(d01ab9d7173d01041acff7e561eae9b7) Importer(2089858483,192608db42251d675da83286b1cce702)
Start importing Assets/fog.psd using Guid(d01ab9d7173d01041acff7e561eae9b7) Importer(2089858483,192608db42251d675da83286b1cce702) (ScriptedImporter) -> (artifact id: 'bf6d4eb700c51e607b5f1c711880378b') in 0.0181301 seconds
Number of updated asset objects reloaded before import = 0Number of asset objects unloaded after import = 1

========================================================================
Received Import Request.
  Time since last request: 0.000014 seconds.
  path: Assets/ClickTurnOn.cs
  artifactKey: Guid(fc226ab4dcaac0f45bb4d0eb1ddeaf6e) Importer(2089858483,192608db42251d675da83286b1cce702)
Start importing Assets/ClickTurnOn.cs using Guid(fc226ab4dcaac0f45bb4d0eb1ddeaf6e) Importer(2089858483,192608db42251d675da83286b1cce702) (ScriptedImporter) -> (artifact id: '0c5b6ace539250c77169c90110b6816c') in 0.0112597 seconds
Number of updated asset objects reloaded before import = 0Number of asset objects unloaded after import = 0

========================================================================
Received Import Request.
  Time since last request: 0.000014 seconds.
  path: Assets/Polytope Studio/Lowpoly_Environments/Sources/Materials/PT_Rocks_mat.mat
  artifactKey: Guid(93415edde47040648869ae6638d33ced) Importer(2089858483,192608db42251d675da83286b1cce702)
Start importing Assets/Polytope Studio/Lowpoly_Environments/Sources/Materials/PT_Rocks_mat.mat using Guid(93415edde47040648869ae6638d33ced) Importer(2089858483,192608db42251d675da83286b1cce702) (ScriptedImporter) -> (artifact id: 'c48665b2ad93951ee38165718bdad7fc') in 0.0372521 seconds
Number of updated asset objects reloaded before import = 0Number of asset objects unloaded after import = 3

========================================================================
Received Import Request.
  Time since last request: 0.000014 seconds.
  path: Assets/Polytope Studio/Lowpoly_Environments/Prefabs/Trees/PT_Pine_Tree_03_dead.prefab
  artifactKey: Guid(c7827efbbf7212f42803476ce3f9d082) Importer(2089858483,192608db42251d675da83286b1cce702)
Start importing Assets/Polytope Studio/Lowpoly_Environments/Prefabs/Trees/PT_Pine_Tree_03_dead.prefab using Guid(c7827efbbf7212f42803476ce3f9d082) Importer(2089858483,192608db42251d675da83286b1cce702) (ScriptedImporter) -> (artifact id: '08a6bf78cc5ae8f67034f197cce11ac7') in 0.0279993 seconds
Number of updated asset objects reloaded before import = 0Number of asset objects unloaded after import = 20

========================================================================
Received Import Request.
  Time since last request: 0.367077 seconds.
  path: Assets/SocketsAndSwitches/Textures/1024/White/Socket02Material_Normal.png
  artifactKey: Guid(51de1bcbda47040e2aa4b012a3d07207) Importer(2089858483,192608db42251d675da83286b1cce702)
Start importing Assets/SocketsAndSwitches/Textures/1024/White/Socket02Material_Normal.png using Guid(51de1bcbda47040e2aa4b012a3d07207) Importer(2089858483,192608db42251d675da83286b1cce702) (ScriptedImporter) -> (artifact id: 'da9016f8e04565960ee9246c9f540c78') in 0.0156164 seconds
Number of updated asset objects reloaded before import = 0Number of asset objects unloaded after import = 1

========================================================================
Received Import Request.
  Time since last request: 0.000012 seconds.
  path: Assets/SocketsAndSwitches/Prefabs/128x128/WhiteDirt/SocketLightSwitches.prefab
  artifactKey: Guid(018d984dfe2e143d78fec0b664b8e68a) Importer(2089858483,192608db42251d675da83286b1cce702)
Start importing Assets/SocketsAndSwitches/Prefabs/128x128/WhiteDirt/SocketLightSwitches.prefab using Guid(018d984dfe2e143d78fec0b664b8e68a) Importer(2089858483,192608db42251d675da83286b1cce702) (ScriptedImporter) -> (artifact id: 'dc18b039b0043cbac6e1d34689b4d2c1') in 0.014381 seconds
Number of updated asset objects reloaded before import = 0Number of asset objects unloaded after import = 19

========================================================================
Received Import Request.
  Time since last request: 0.000016 seconds.
  path: Assets/SocketsAndSwitches/Prefabs/256x256/WhiteDirt/SocketCaseRotate.prefab
  artifactKey: Guid(a7270bbb288764e23b4bb28af2bd20f5) Importer(2089858483,192608db42251d675da83286b1cce702)
Start importing Assets/SocketsAndSwitches/Prefabs/256x256/WhiteDirt/SocketCaseRotate.prefab using Guid(a7270bbb288764e23b4bb28af2bd20f5) Importer(2089858483,192608db42251d675da83286b1cce702) (ScriptedImporter) -> (artifact id: 'af34df9bd83335520fcaea56d946fea5') in 0.0126451 seconds
Number of updated asset objects reloaded before import = 0Number of asset objects unloaded after import = 18

========================================================================
Received Import Request.
  Time since last request: 0.000020 seconds.
  path: Assets/SocketsAndSwitches/Textures/1024/Rotation/WhiteDirt/SocketCase02Material_AlbedoTransparency.png
  artifactKey: Guid(4e09afb38ee44471690663be45b3a4d0) Importer(2089858483,192608db42251d675da83286b1cce702)
Start importing Assets/SocketsAndSwitches/Textures/1024/Rotation/WhiteDirt/SocketCase02Material_AlbedoTransparency.png using Guid(4e09afb38ee44471690663be45b3a4d0) Importer(2089858483,192608db42251d675da83286b1cce702) (ScriptedImporter) -> (artifact id: 'bc69a99cb7cc7661034c774d2a1f9533') in 0.0185421 seconds
Number of updated asset objects reloaded before import = 0Number of asset objects unloaded after import = 1

========================================================================
Received Import Request.
  Time since last request: 0.000011 seconds.
  path: Assets/SocketsAndSwitches/Material/512x512/White
  artifactKey: Guid(c39d1c28db3274a71931f33cd5ac8bea) Importer(2089858483,192608db42251d675da83286b1cce702)
Start importing Assets/SocketsAndSwitches/Material/512x512/White using Guid(c39d1c28db3274a71931f33cd5ac8bea) Importer(2089858483,192608db42251d675da83286b1cce702) (ScriptedImporter) -> (artifact id: 'd587631bb7cbbf34923fe0715386e7b6') in 0.0089078 seconds
Number of updated asset objects reloaded before import = 0Number of asset objects unloaded after import = 1

========================================================================
Received Import Request.
  Time since last request: 0.000012 seconds.
  path: Assets/SocketsAndSwitches/Material/2048x2048/Rotation/Black/SocketCase02Material.mat
  artifactKey: Guid(8bb7ce128d6d74077a4b6e7e757e5009) Importer(2089858483,192608db42251d675da83286b1cce702)
Start importing Assets/SocketsAndSwitches/Material/2048x2048/Rotation/Black/SocketCase02Material.mat using Guid(8bb7ce128d6d74077a4b6e7e757e5009) Importer(2089858483,192608db42251d675da83286b1cce702) (ScriptedImporter) -> (artifact id: '135b4c861f696addfaed81c1c71bec72') in 0.019399 seconds
Number of updated asset objects reloaded before import = 0Number of asset objects unloaded after import = 4

========================================================================
Received Import Request.
  Time since last request: 0.000013 seconds.
  path: Assets/SocketsAndSwitches/Prefabs/128x128/BlackDirt/LightSwitches02.prefab
  artifactKey: Guid(0e17b4107c4a64a15ac4d54fd7cd7b62) Importer(2089858483,192608db42251d675da83286b1cce702)
Start importing Assets/SocketsAndSwitches/Prefabs/128x128/BlackDirt/LightSwitches02.prefab using Guid(0e17b4107c4a64a15ac4d54fd7cd7b62) Importer(2089858483,192608db42251d675da83286b1cce702) (ScriptedImporter) -> (artifact id: '45afd10f19fabc287242850e69bfe32e') in 0.0118146 seconds
Number of updated asset objects reloaded before import = 0Number of asset objects unloaded after import = 21

========================================================================
Received Import Request.
  Time since last request: 0.000013 seconds.
  path: Assets/SocketsAndSwitches/Material/1024x1024/Rotation/BlackDirt/SocketCase01Material.mat
  artifactKey: Guid(1417efeaa71f043edae632ad0f17a5f5) Importer(2089858483,192608db42251d675da83286b1cce702)
Start importing Assets/SocketsAndSwitches/Material/1024x1024/Rotation/BlackDirt/SocketCase01Material.mat using Guid(1417efeaa71f043edae632ad0f17a5f5) Importer(2089858483,192608db42251d675da83286b1cce702) (ScriptedImporter) -> (artifact id: 'fe5d8759e96eb460fde1dcbaa868e1a6') in 0.0133693 seconds
Number of updated asset objects reloaded before import = 0Number of asset objects unloaded after import = 4

========================================================================
Received Import Request.
  Time since last request: 0.000011 seconds.
  path: Assets/SocketsAndSwitches/Textures/2048/Rotation/Black/SocketCase01Material_MetallicSmoothness.png
  artifactKey: Guid(d09108efd923e491bac5cf60d84c18df) Importer(2089858483,192608db42251d675da83286b1cce702)
Start importing Assets/SocketsAndSwitches/Textures/2048/Rotation/Black/SocketCase01Material_MetallicSmoothness.png using Guid(d09108efd923e491bac5cf60d84c18df) Importer(2089858483,192608db42251d675da83286b1cce702) (ScriptedImporter) -> (artifact id: '965a927ac14f27b5d53e207f4f0bdcc6') in 0.0193533 seconds
Number of updated asset objects reloaded before import = 0Number of asset objects unloaded after import = 1

========================================================================
Received Import Request.
  Time since last request: 0.000013 seconds.
  path: Assets/SocketsAndSwitches/Textures/512/BlackDirt/Socket02Material_AlbedoTransparency.png
  artifactKey: Guid(fe17c55343d96446a9136697147f6ede) Importer(2089858483,192608db42251d675da83286b1cce702)
Start importing Assets/SocketsAndSwitches/Textures/512/BlackDirt/Socket02Material_AlbedoTransparency.png using Guid(fe17c55343d96446a9136697147f6ede) Importer(2089858483,192608db42251d675da83286b1cce702) (ScriptedImporter) -> (artifact id: 'b10cbfcba089ed98437c6f0d11555a9b') in 0.0166625 seconds
Number of updated asset objects reloaded before import = 0Number of asset objects unloaded after import = 1

========================================================================
Received Import Request.
  Time since last request: 0.000016 seconds.
  path: Assets/SocketsAndSwitches/Textures/128/Black/SocketCase01Material_AlbedoTransparency.png
  artifactKey: Guid(bd5859b61627b4695a88a428e8aaafeb) Importer(2089858483,192608db42251d675da83286b1cce702)
Start importing Assets/SocketsAndSwitches/Textures/128/Black/SocketCase01Material_AlbedoTransparency.png using Guid(bd5859b61627b4695a88a428e8aaafeb) Importer(2089858483,192608db42251d675da83286b1cce702) (ScriptedImporter) -> (artifact id: '5a1ecf12a9a134f812850f4d6b4dcb7d') in 0.0183789 seconds
Number of updated asset objects reloaded before import = 0Number of asset objects unloaded after import = 1

========================================================================
Received Import Request.
  Time since last request: 0.000020 seconds.
  path: Assets/SocketsAndSwitches/Textures/128/White
  artifactKey: Guid(5abcacfc78f0349fcafd55e9adb3132d) Importer(2089858483,192608db42251d675da83286b1cce702)
Start importing Assets/SocketsAndSwitches/Textures/128/White using Guid(5abcacfc78f0349fcafd55e9adb3132d) Importer(2089858483,192608db42251d675da83286b1cce702) (ScriptedImporter) -> (artifact id: '8a43a45f60142ce66b17d0e0b29e16fc') in 0.0096375 seconds
Number of updated asset objects reloaded before import = 0Number of asset objects unloaded after import = 1

========================================================================
Received Import Request.
  Time since last request: 0.000013 seconds.
  path: Assets/SocketsAndSwitches/Prefabs/256x256/WhiteDirt/LightSwitches03.prefab
  artifactKey: Guid(9648cdaf26a16447ebea51273ed98ce2) Importer(2089858483,192608db42251d675da83286b1cce702)
Start importing Assets/SocketsAndSwitches/Prefabs/256x256/WhiteDirt/LightSwitches03.prefab using Guid(9648cdaf26a16447ebea51273ed98ce2) Importer(2089858483,192608db42251d675da83286b1cce702) (ScriptedImporter) -> (artifact id: 'c75e3ef08b089619d641b7fe1d5b4ae1') in 0.01182 seconds
Number of updated asset objects reloaded before import = 0Number of asset objects unloaded after import = 26

========================================================================
Received Import Request.
  Time since last request: 0.000014 seconds.
  path: Assets/SocketsAndSwitches/Material/1024x1024/Rotation/WhiteDirt/SocketCase01Material.mat
  artifactKey: Guid(0560e34a1c4a640c0860103dc8d945a7) Importer(2089858483,192608db42251d675da83286b1cce702)
Start importing Assets/SocketsAndSwitches/Material/1024x1024/Rotation/WhiteDirt/SocketCase01Material.mat using Guid(0560e34a1c4a640c0860103dc8d945a7) Importer(2089858483,192608db42251d675da83286b1cce702) (ScriptedImporter) -> (artifact id: '191837e172628e312d9c1d5412750ff9') in 0.0131401 seconds
Number of updated asset objects reloaded before import = 0Number of asset objects unloaded after import = 4

========================================================================
Received Import Request.
  Time since last request: 0.000012 seconds.
  path: Assets/SocketsAndSwitches/Textures/128/Black/Socket03Material_MetallicSmoothness.png
  artifactKey: Guid(b3b6ca02ea224409eaa215b776284bb8) Importer(2089858483,192608db42251d675da83286b1cce702)
Start importing Assets/SocketsAndSwitches/Textures/128/Black/Socket03Material_MetallicSmoothness.png using Guid(b3b6ca02ea224409eaa215b776284bb8) Importer(2089858483,192608db42251d675da83286b1cce702) (ScriptedImporter) -> (artifact id: 'a90e9f0b46a38479ef00e852190ad482') in 0.0197005 seconds
Number of updated asset objects reloaded before import = 0Number of asset objects unloaded after import = 1

========================================================================
Received Import Request.
  Time since last request: 0.000011 seconds.
  path: Assets/SocketsAndSwitches/Material/2048x2048/Rotation/WhiteDirt/SocketCase01Material.mat
  artifactKey: Guid(6ce10d89068124af3944e22b5243712f) Importer(2089858483,192608db42251d675da83286b1cce702)
Start importing Assets/SocketsAndSwitches/Material/2048x2048/Rotation/WhiteDirt/SocketCase01Material.mat using Guid(6ce10d89068124af3944e22b5243712f) Importer(2089858483,192608db42251d675da83286b1cce702) (ScriptedImporter) -> (artifact id: '5626ecfb9a7ef64798ade72a635cb431') in 0.0138156 seconds
Number of updated asset objects reloaded before import = 0Number of asset objects unloaded after import = 4

========================================================================
Received Import Request.
  Time since last request: 0.000011 seconds.
  path: Assets/SocketsAndSwitches/Prefabs/2048x2048/White/LightSwitches02.prefab
  artifactKey: Guid(2c45e016b68b0431f9d20d686ecd52a5) Importer(2089858483,192608db42251d675da83286b1cce702)
Start importing Assets/SocketsAndSwitches/Prefabs/2048x2048/White/LightSwitches02.prefab using Guid(2c45e016b68b0431f9d20d686ecd52a5) Importer(2089858483,192608db42251d675da83286b1cce702) (ScriptedImporter) -> (artifact id: 'f36633bfa2042d2c19c21ea5cd7fc4ab') in 0.0098055 seconds
Number of updated asset objects reloaded before import = 0Number of asset objects unloaded after import = 21

========================================================================
Received Import Request.
  Time since last request: 0.299301 seconds.
  path: Assets/SocketsAndSwitches/Prefabs/128x128/WhiteDirt/LightSwitches02.prefab
  artifactKey: Guid(a6a43eac3c71047289c475d6a266a05f) Importer(2089858483,192608db42251d675da83286b1cce702)
Start importing Assets/SocketsAndSwitches/Prefabs/128x128/WhiteDirt/LightSwitches02.prefab using Guid(a6a43eac3c71047289c475d6a266a05f) Importer(2089858483,192608db42251d675da83286b1cce702) (ScriptedImporter) -> (artifact id: 'bf9d625f3904db204b7121c2411ff200') in 0.0109229 seconds
Number of updated asset objects reloaded before import = 0Number of asset objects unloaded after import = 21

========================================================================
Received Import Request.
  Time since last request: 0.000011 seconds.
  path: Assets/SocketsAndSwitches/Textures/512/White/SocketCase02Material_AlbedoTransparency.png
  artifactKey: Guid(c39a008ead1524fb8892ca659fe8fbff) Importer(2089858483,192608db42251d675da83286b1cce702)
Start importing Assets/SocketsAndSwitches/Textures/512/White/SocketCase02Material_AlbedoTransparency.png using Guid(c39a008ead1524fb8892ca659fe8fbff) Importer(2089858483,192608db42251d675da83286b1cce702) (ScriptedImporter) -> (artifact id: 'f37773e43ae80ff354afd9a6463c4f4b') in 0.0161177 seconds
Number of updated asset objects reloaded before import = 0Number of asset objects unloaded after import = 1

========================================================================
Received Import Request.
  Time since last request: 0.000012 seconds.
  path: Assets/SocketsAndSwitches/Prefabs/256x256/Black/SocketCase03.prefab
  artifactKey: Guid(f6355295c8c5e4da4ba6171e76b85a58) Importer(2089858483,192608db42251d675da83286b1cce702)
Start importing Assets/SocketsAndSwitches/Prefabs/256x256/Black/SocketCase03.prefab using Guid(f6355295c8c5e4da4ba6171e76b85a58) Importer(2089858483,192608db42251d675da83286b1cce702) (ScriptedImporter) -> (artifact id: '08cd5761c8581a43095668440b3fba31') in 0.0121291 seconds
Number of updated asset objects reloaded before import = 0Number of asset objects unloaded after import = 22

========================================================================
Received Import Request.
  Time since last request: 0.000011 seconds.
  path: Assets/SocketsAndSwitches/Textures/512/Black
  artifactKey: Guid(849418a50ab7441caa80bd3c28b7ffb6) Importer(2089858483,192608db42251d675da83286b1cce702)
Start importing Assets/SocketsAndSwitches/Textures/512/Black using Guid(849418a50ab7441caa80bd3c28b7ffb6) Importer(2089858483,192608db42251d675da83286b1cce702) (ScriptedImporter) -> (artifact id: '7e7cfdca8ba849e9f12eef6b701a745e') in 0.0104934 seconds
Number of updated asset objects reloaded before import = 0Number of asset objects unloaded after import = 1

========================================================================
Received Import Request.
  Time since last request: 0.000013 seconds.
  path: Assets/SocketsAndSwitches/Material/512x512/White/Socket03Material.mat
  artifactKey: Guid(b0f81d6f71dbd44ccbfed18b426c473b) Importer(2089858483,192608db42251d675da83286b1cce702)
Start importing Assets/SocketsAndSwitches/Material/512x512/White/Socket03Material.mat using Guid(b0f81d6f71dbd44ccbfed18b426c473b) Importer(2089858483,192608db42251d675da83286b1cce702) (ScriptedImporter) -> (artifact id: '45964e5d9342679989bb5d8d11e4e031') in 0.0112015 seconds
Number of updated asset objects reloaded before import = 0Number of asset objects unloaded after import = 4

========================================================================
Received Import Request.
  Time since last request: 0.000023 seconds.
  path: Assets/SocketsAndSwitches/Textures/1024/Rotation/White/SocketCase01Material_Normal.png
  artifactKey: Guid(99998c4a1fc7a4e0197c0400df05b595) Importer(2089858483,192608db42251d675da83286b1cce702)
Start importing Assets/SocketsAndSwitches/Textures/1024/Rotation/White/SocketCase01Material_Normal.png using Guid(99998c4a1fc7a4e0197c0400df05b595) Importer(2089858483,192608db42251d675da83286b1cce702) (ScriptedImporter) -> (artifact id: 'fb70c559743ff3261ed77d14ad3ee489') in 0.016378 seconds
Number of updated asset objects reloaded before import = 0Number of asset objects unloaded after import = 1

========================================================================
Received Import Request.
  Time since last request: 0.000013 seconds.
  path: Assets/SocketsAndSwitches/Material/256x256/BlackDirt/SocketCase02Material.mat
  artifactKey: Guid(9ae825eb7226640fba1776e73c097770) Importer(2089858483,192608db42251d675da83286b1cce702)
Start importing Assets/SocketsAndSwitches/Material/256x256/BlackDirt/SocketCase02Material.mat using Guid(9ae825eb7226640fba1776e73c097770) Importer(2089858483,192608db42251d675da83286b1cce702) (ScriptedImporter) -> (artifact id: 'fe85b93c39ca7c1e870442259d6e2819') in 0.0116727 seconds
Number of updated asset objects reloaded before import = 0Number of asset objects unloaded after import = 4

========================================================================
Received Import Request.
  Time since last request: 0.000011 seconds.
  path: Assets/SocketsAndSwitches/Prefabs/2048x2048/Black/SocketLightSwitches.prefab
  artifactKey: Guid(0287fa814ab9d4d74a2bd4d32bc3e1bd) Importer(2089858483,192608db42251d675da83286b1cce702)
Start importing Assets/SocketsAndSwitches/Prefabs/2048x2048/Black/SocketLightSwitches.prefab using Guid(0287fa814ab9d4d74a2bd4d32bc3e1bd) Importer(2089858483,192608db42251d675da83286b1cce702) (ScriptedImporter) -> (artifact id: '3bb8bd859df2b5640684370af5906ebe') in 0.010609 seconds
Number of updated asset objects reloaded before import = 0Number of asset objects unloaded after import = 19

========================================================================
Received Import Request.
  Time since last request: 0.000012 seconds.
  path: Assets/SocketsAndSwitches/Material/256x256/BlackDirt/LightSwitchesMaterial.mat
  artifactKey: Guid(8c4e87e6dae314f9f9e9c75df25ba814) Importer(2089858483,192608db42251d675da83286b1cce702)
Start importing Assets/SocketsAndSwitches/Material/256x256/BlackDirt/LightSwitchesMaterial.mat using Guid(8c4e87e6dae314f9f9e9c75df25ba814) Importer(2089858483,192608db42251d675da83286b1cce702) (ScriptedImporter) -> (artifact id: 'e20af1c660ada8fa0e3019249415c047') in 0.0124143 seconds
Number of updated asset objects reloaded before import = 0Number of asset objects unloaded after import = 4

========================================================================
Received Import Request.
  Time since last request: 0.000012 seconds.
  path: Assets/SocketsAndSwitches/Prefabs/256x256/WhiteDirt/LightSwitches01.prefab
  artifactKey: Guid(32784447fab99447590af3d14a2621e3) Importer(2089858483,192608db42251d675da83286b1cce702)
Start importing Assets/SocketsAndSwitches/Prefabs/256x256/WhiteDirt/LightSwitches01.prefab using Guid(32784447fab99447590af3d14a2621e3) Importer(2089858483,192608db42251d675da83286b1cce702) (ScriptedImporter) -> (artifact id: '144d851fea4457b1c77c5cf33d857791') in 0.0118034 seconds
Number of updated asset objects reloaded before import = 0Number of asset objects unloaded after import = 14

========================================================================
Received Import Request.
  Time since last request: 0.000016 seconds.
  path: Assets/SocketsAndSwitches/Prefabs/2048x2048/WhiteDirt/SocketCase01.prefab
  artifactKey: Guid(669c621ade35e47bc857dbef78b75992) Importer(2089858483,192608db42251d675da83286b1cce702)
Start importing Assets/SocketsAndSwitches/Prefabs/2048x2048/WhiteDirt/SocketCase01.prefab using Guid(669c621ade35e47bc857dbef78b75992) Importer(2089858483,192608db42251d675da83286b1cce702) (ScriptedImporter) -> (artifact id: '4e4665c195b3f7e5435f56363e42eefb') in 0.0100887 seconds
Number of updated asset objects reloaded before import = 0Number of asset objects unloaded after import = 14

========================================================================
Received Import Request.
  Time since last request: 0.000013 seconds.
  path: Assets/SocketsAndSwitches/Textures/512/BlackDirt/SocketCase02Material_AlbedoTransparency.png
  artifactKey: Guid(f941b99af96b74ff68be8dda1da7252b) Importer(2089858483,192608db42251d675da83286b1cce702)
Start importing Assets/SocketsAndSwitches/Textures/512/BlackDirt/SocketCase02Material_AlbedoTransparency.png using Guid(f941b99af96b74ff68be8dda1da7252b) Importer(2089858483,192608db42251d675da83286b1cce702) (ScriptedImporter) -> (artifact id: '2251d3aeb416ab6c7e6ab88ed3e5c90c') in 0.0191834 seconds
Number of updated asset objects reloaded before import = 0Number of asset objects unloaded after import = 1

========================================================================
Received Import Request.
  Time since last request: 0.000017 seconds.
  path: Assets/SocketsAndSwitches/Material/256x256/BlackDirt/Socket03Material.mat
  artifactKey: Guid(be8afd34af67f4bdea5860e9f2caa316) Importer(2089858483,192608db42251d675da83286b1cce702)
Start importing Assets/SocketsAndSwitches/Material/256x256/BlackDirt/Socket03Material.mat using Guid(be8afd34af67f4bdea5860e9f2caa316) Importer(2089858483,192608db42251d675da83286b1cce702) (ScriptedImporter) -> (artifact id: '58846b58769dbc0ece073b03a786258c') in 0.012212 seconds
Number of updated asset objects reloaded before import = 0Number of asset objects unloaded after import = 4

========================================================================
Received Import Request.
  Time since last request: 0.000021 seconds.
  path: Assets/SocketsAndSwitches/Prefabs/2048x2048/Black/Socket02.prefab
  artifactKey: Guid(e2c8e1c811e554af08a31a117c27289e) Importer(2089858483,192608db42251d675da83286b1cce702)
Start importing Assets/SocketsAndSwitches/Prefabs/2048x2048/Black/Socket02.prefab using Guid(e2c8e1c811e554af08a31a117c27289e) Importer(2089858483,192608db42251d675da83286b1cce702) (ScriptedImporter) -> (artifact id: '2eb1a25654e0bd55639c44014670d4b8') in 0.0147642 seconds
Number of updated asset objects reloaded before import = 0Number of asset objects unloaded after import = 8

========================================================================
Received Import Request.
  Time since last request: 0.000014 seconds.
  path: Assets/SocketsAndSwitches/Prefabs/2048x2048/BlackDirt/SocketLightSwitches.prefab
  artifactKey: Guid(49f55b94843c84fdcaa685a2877a2e0d) Importer(2089858483,192608db42251d675da83286b1cce702)
Start importing Assets/SocketsAndSwitches/Prefabs/2048x2048/BlackDirt/SocketLightSwitches.prefab using Guid(49f55b94843c84fdcaa685a2877a2e0d) Importer(2089858483,192608db42251d675da83286b1cce702) (ScriptedImporter) -> (artifact id: 'aea6039e72e4dc391625779cc972b205') in 0.0100586 seconds
Number of updated asset objects reloaded before import = 0Number of asset objects unloaded after import = 19

========================================================================
Received Import Request.
  Time since last request: 0.000012 seconds.
  path: Assets/SocketsAndSwitches/Models/Socket02.fbx
  artifactKey: Guid(ce5d75d55123447069903d64d6719fdc) Importer(2089858483,192608db42251d675da83286b1cce702)
Start importing Assets/SocketsAndSwitches/Models/Socket02.fbx using Guid(ce5d75d55123447069903d64d6719fdc) Importer(2089858483,192608db42251d675da83286b1cce702) (ScriptedImporter) -> (artifact id: 'bd812dab4241c2467b19ff215506a69c') in 0.0182324 seconds
Number of updated asset objects reloaded before import = 0Number of asset objects unloaded after import = 8

========================================================================
Received Import Request.
  Time since last request: 0.000011 seconds.
  path: Assets/SocketsAndSwitches/Prefabs/2048x2048/Black/LightSwitches01.prefab
  artifactKey: Guid(e8e293ac8bea9492f99d018a316a7086) Importer(2089858483,192608db42251d675da83286b1cce702)
Start importing Assets/SocketsAndSwitches/Prefabs/2048x2048/Black/LightSwitches01.prefab using Guid(e8e293ac8bea9492f99d018a316a7086) Importer(2089858483,192608db42251d675da83286b1cce702) (ScriptedImporter) -> (artifact id: '25fb340ee7d6372a329267a8ba9fcbbe') in 0.0116009 seconds
Number of updated asset objects reloaded before import = 0Number of asset objects unloaded after import = 14

========================================================================
Received Import Request.
  Time since last request: 0.000012 seconds.
  path: Assets/SocketsAndSwitches/Textures/2048/White/SocketCase01Material_Normal.png
  artifactKey: Guid(58cf1a4a62ed94eb0a8e9d9e3c8bbf3c) Importer(2089858483,192608db42251d675da83286b1cce702)
Start importing Assets/SocketsAndSwitches/Textures/2048/White/SocketCase01Material_Normal.png using Guid(58cf1a4a62ed94eb0a8e9d9e3c8bbf3c) Importer(2089858483,192608db42251d675da83286b1cce702) (ScriptedImporter) -> (artifact id: '4f2cb96d8d3faab5c029ee6dd2a57db5') in 0.0176798 seconds
Number of updated asset objects reloaded before import = 0Number of asset objects unloaded after import = 1

========================================================================
Received Import Request.
  Time since last request: 0.000014 seconds.
  path: Assets/SocketsAndSwitches/Textures/2048/WhiteDirt/InsideMaterial_MetallicSmoothness.png
  artifactKey: Guid(c086745a78d2c479b9c6c490b40f5a92) Importer(2089858483,192608db42251d675da83286b1cce702)
Start importing Assets/SocketsAndSwitches/Textures/2048/WhiteDirt/InsideMaterial_MetallicSmoothness.png using Guid(c086745a78d2c479b9c6c490b40f5a92) Importer(2089858483,192608db42251d675da83286b1cce702) (ScriptedImporter) -> (artifact id: 'd49d387e4c82b23a2912552b2ce0e0d2') in 0.0201679 seconds
Number of updated asset objects reloaded before import = 0Number of asset objects unloaded after import = 1

========================================================================
Received Import Request.
  Time since last request: 0.000012 seconds.
  path: Assets/SocketsAndSwitches/Material/128x128/BlackDirt/SocketCase02Material.mat
  artifactKey: Guid(60364320ecc17440eb7427f707eb76a7) Importer(2089858483,192608db42251d675da83286b1cce702)
Start importing Assets/SocketsAndSwitches/Material/128x128/BlackDirt/SocketCase02Material.mat using Guid(60364320ecc17440eb7427f707eb76a7) Importer(2089858483,192608db42251d675da83286b1cce702) (ScriptedImporter) -> (artifact id: 'e58ae8785a4e6a2df62ba3aa36604562') in 0.0127177 seconds
Number of updated asset objects reloaded before import = 0Number of asset objects unloaded after import = 4

========================================================================
Received Import Request.
  Time since last request: 0.000015 seconds.
  path: Assets/SocketsAndSwitches/Textures/2048/Black/Socket03Material_Normal.png
  artifactKey: Guid(f11dc593c01d8448298d4a4a2c485220) Importer(2089858483,192608db42251d675da83286b1cce702)
Start importing Assets/SocketsAndSwitches/Textures/2048/Black/Socket03Material_Normal.png using Guid(f11dc593c01d8448298d4a4a2c485220) Importer(2089858483,192608db42251d675da83286b1cce702) (ScriptedImporter) -> (artifact id: '8898c79100978a430211bc0ab264218d') in 0.020923 seconds
Number of updated asset objects reloaded before import = 0Number of asset objects unloaded after import = 1

========================================================================
Received Import Request.
  Time since last request: 0.000021 seconds.
  path: Assets/SocketsAndSwitches/Textures/1024/Rotation/White/SocketCase02Material_Normal.png
  artifactKey: Guid(9ef8390cc8b4c4735a887f42e7ad050b) Importer(2089858483,192608db42251d675da83286b1cce702)
Start importing Assets/SocketsAndSwitches/Textures/1024/Rotation/White/SocketCase02Material_Normal.png using Guid(9ef8390cc8b4c4735a887f42e7ad050b) Importer(2089858483,192608db42251d675da83286b1cce702) (ScriptedImporter) -> (artifact id: 'd1dcac813b99138b6609c38d812fa451') in 0.0209256 seconds
Number of updated asset objects reloaded before import = 0Number of asset objects unloaded after import = 1

========================================================================
Received Import Request.
  Time since last request: 0.000013 seconds.
  path: Assets/SocketsAndSwitches/Textures/1024
  artifactKey: Guid(e403ee04ef5d94111bb9084373407015) Importer(2089858483,192608db42251d675da83286b1cce702)
Start importing Assets/SocketsAndSwitches/Textures/1024 using Guid(e403ee04ef5d94111bb9084373407015) Importer(2089858483,192608db42251d675da83286b1cce702) (ScriptedImporter) -> (artifact id: '14c48ad20739c4bdbfd59e880d2bc83f') in 0.0096164 seconds
Number of updated asset objects reloaded before import = 0Number of asset objects unloaded after import = 1

========================================================================
Received Import Request.
  Time since last request: 0.000017 seconds.
  path: Assets/SocketsAndSwitches/Material/1024x1024/White/SocketCase02Material.mat
  artifactKey: Guid(bbb40d86dead747b7a7597638f6ceccc) Importer(2089858483,192608db42251d675da83286b1cce702)
Start importing Assets/SocketsAndSwitches/Material/1024x1024/White/SocketCase02Material.mat using Guid(bbb40d86dead747b7a7597638f6ceccc) Importer(2089858483,192608db42251d675da83286b1cce702) (ScriptedImporter) -> (artifact id: 'ef2cac1b50f4b9b33bff2cf2b3372b14') in 0.0145837 seconds
Number of updated asset objects reloaded before import = 0Number of asset objects unloaded after import = 4

========================================================================
Received Import Request.
  Time since last request: 0.000014 seconds.
  path: Assets/SocketsAndSwitches/Textures/512/BlackDirt/Socket03Material_AlbedoTransparency.png
  artifactKey: Guid(74a91a6383973426280f388f97af6ed3) Importer(2089858483,192608db42251d675da83286b1cce702)
Start importing Assets/SocketsAndSwitches/Textures/512/BlackDirt/Socket03Material_AlbedoTransparency.png using Guid(74a91a6383973426280f388f97af6ed3) Importer(2089858483,192608db42251d675da83286b1cce702) (ScriptedImporter) -> (artifact id: 'ce9b96de903b3e922ae7d21df03bfd32') in 0.0170636 seconds
Number of updated asset objects reloaded before import = 0Number of asset objects unloaded after import = 1

========================================================================
Received Import Request.
  Time since last request: 0.000012 seconds.
  path: Assets/SocketsAndSwitches/Textures/256/WhiteDirt/SocketCase01Material_MetallicSmoothness.png
  artifactKey: Guid(7007d26c019cd446a928d0e99103e0ba) Importer(2089858483,192608db42251d675da83286b1cce702)
Start importing Assets/SocketsAndSwitches/Textures/256/WhiteDirt/SocketCase01Material_MetallicSmoothness.png using Guid(7007d26c019cd446a928d0e99103e0ba) Importer(2089858483,192608db42251d675da83286b1cce702) (ScriptedImporter) -> (artifact id: 'f7fb5355965e7ce53b996e43025905a8') in 0.0144791 seconds
Number of updated asset objects reloaded before import = 0Number of asset objects unloaded after import = 1

========================================================================
Received Import Request.
  Time since last request: 0.000013 seconds.
  path: Assets/SocketsAndSwitches/Prefabs/2048x2048/BlackDirt/SocketCase01.prefab
  artifactKey: Guid(5b0cba41173b8401b9ff6bdc04ad6e9f) Importer(2089858483,192608db42251d675da83286b1cce702)
Start importing Assets/SocketsAndSwitches/Prefabs/2048x2048/BlackDirt/SocketCase01.prefab using Guid(5b0cba41173b8401b9ff6bdc04ad6e9f) Importer(2089858483,192608db42251d675da83286b1cce702) (ScriptedImporter) -> (artifact id: '5175d08507769e5c4a71222082eb515a') in 0.0163156 seconds
Number of updated asset objects reloaded before import = 0Number of asset objects unloaded after import = 14

========================================================================
Received Import Request.
  Time since last request: 0.000015 seconds.
  path: Assets/SocketsAndSwitches/Textures/512/Black/SocketCase02Material_MetallicSmoothness.png
  artifactKey: Guid(9b0adcd06d77c4627b7d617bb0597431) Importer(2089858483,192608db42251d675da83286b1cce702)
Start importing Assets/SocketsAndSwitches/Textures/512/Black/SocketCase02Material_MetallicSmoothness.png using Guid(9b0adcd06d77c4627b7d617bb0597431) Importer(2089858483,192608db42251d675da83286b1cce702) (ScriptedImporter) -> (artifact id: '25856515d7e8a55058c4adbffeb384fd') in 0.0182249 seconds
Number of updated asset objects reloaded before import = 0Number of asset objects unloaded after import = 1

========================================================================
Received Import Request.
  Time since last request: 0.000017 seconds.
  path: Assets/SocketsAndSwitches/Textures/256/White/Socket03Material_Normal.png
  artifactKey: Guid(7d73b9ecba33b435eacae62aab504554) Importer(2089858483,192608db42251d675da83286b1cce702)
Start importing Assets/SocketsAndSwitches/Textures/256/White/Socket03Material_Normal.png using Guid(7d73b9ecba33b435eacae62aab504554) Importer(2089858483,192608db42251d675da83286b1cce702) (ScriptedImporter) -> (artifact id: '27994dd54cc93be0676deb3c3c99cbe7') in 0.0161679 seconds
Number of updated asset objects reloaded before import = 0Number of asset objects unloaded after import = 1

========================================================================
Received Import Request.
  Time since last request: 0.000012 seconds.
  path: Assets/SocketsAndSwitches/Prefabs/256x256/WhiteDirt/Socket03.prefab
  artifactKey: Guid(68a349b47a6a046dca292bfcb4c55e04) Importer(2089858483,192608db42251d675da83286b1cce702)
Start importing Assets/SocketsAndSwitches/Prefabs/256x256/WhiteDirt/Socket03.prefab using Guid(68a349b47a6a046dca292bfcb4c55e04) Importer(2089858483,192608db42251d675da83286b1cce702) (ScriptedImporter) -> (artifact id: '642fb4b49c08fe325ea371bb217b2729') in 0.0146599 seconds
Number of updated asset objects reloaded before import = 0Number of asset objects unloaded after import = 8

========================================================================
Received Import Request.
  Time since last request: 0.000012 seconds.
  path: Assets/SocketsAndSwitches/Textures/128/BlackDirt/SocketCase02Material_MetallicSmoothness.png
  artifactKey: Guid(7b03c60ac587e46bfb2e56bd1e1ad597) Importer(2089858483,192608db42251d675da83286b1cce702)
Start importing Assets/SocketsAndSwitches/Textures/128/BlackDirt/SocketCase02Material_MetallicSmoothness.png using Guid(7b03c60ac587e46bfb2e56bd1e1ad597) Importer(2089858483,192608db42251d675da83286b1cce702) (ScriptedImporter) -> (artifact id: '1814eaf0fbb3369c029e547ca761663c') in 0.0183624 seconds
Number of updated asset objects reloaded before import = 0Number of asset objects unloaded after import = 1

========================================================================
Received Import Request.
  Time since last request: 0.000011 seconds.
  path: Assets/SocketsAndSwitches/Prefabs/2048x2048/WhiteDirt
  artifactKey: Guid(3fb3a3318f0514dcc9c78a63c73dde64) Importer(2089858483,192608db42251d675da83286b1cce702)
Start importing Assets/SocketsAndSwitches/Prefabs/2048x2048/WhiteDirt using Guid(3fb3a3318f0514dcc9c78a63c73dde64) Importer(2089858483,192608db42251d675da83286b1cce702) (ScriptedImporter) -> (artifact id: 'e9e0d153936b2df8bd35fb0002feadd7') in 0.0092174 seconds
Number of updated asset objects reloaded before import = 0Number of asset objects unloaded after import = 1

========================================================================
Received Import Request.
  Time since last request: 0.000013 seconds.
  path: Assets/SocketsAndSwitches/Textures/512/White/SocketCase02Material_MetallicSmoothness.png
  artifactKey: Guid(23236bbb42d244c4e8a779b1dcad66ea) Importer(2089858483,192608db42251d675da83286b1cce702)
Start importing Assets/SocketsAndSwitches/Textures/512/White/SocketCase02Material_MetallicSmoothness.png using Guid(23236bbb42d244c4e8a779b1dcad66ea) Importer(2089858483,192608db42251d675da83286b1cce702) (ScriptedImporter) -> (artifact id: '498df683154edb7955896f78f6ea3c95') in 0.0179409 seconds
Number of updated asset objects reloaded before import = 0Number of asset objects unloaded after import = 1

========================================================================
Received Import Request.
  Time since last request: 0.000013 seconds.
  path: Assets/SocketsAndSwitches/Textures/1024/White/SocketCase02Material_Normal.png
  artifactKey: Guid(7101b893aa0d344919b5ff9d682e3ab5) Importer(2089858483,192608db42251d675da83286b1cce702)
Start importing Assets/SocketsAndSwitches/Textures/1024/White/SocketCase02Material_Normal.png using Guid(7101b893aa0d344919b5ff9d682e3ab5) Importer(2089858483,192608db42251d675da83286b1cce702) (ScriptedImporter) -> (artifact id: '2db75c98c1284a5a95e3bf300a7179b5') in 0.018177 seconds
Number of updated asset objects reloaded before import = 0Number of asset objects unloaded after import = 1

========================================================================
Received Import Request.
  Time since last request: 0.000014 seconds.
  path: Assets/SocketsAndSwitches/Textures/1024/White/Socket02Material_AlbedoTransparency.png
  artifactKey: Guid(14dd5bad78bfe46e687a60c68bd84e6b) Importer(2089858483,192608db42251d675da83286b1cce702)
Start importing Assets/SocketsAndSwitches/Textures/1024/White/Socket02Material_AlbedoTransparency.png using Guid(14dd5bad78bfe46e687a60c68bd84e6b) Importer(2089858483,192608db42251d675da83286b1cce702) (ScriptedImporter) -> (artifact id: '3260d024fb368288cead0468ba1ef4b7') in 0.0179069 seconds
Number of updated asset objects reloaded before import = 0Number of asset objects unloaded after import = 1

========================================================================
Received Import Request.
  Time since last request: 0.000021 seconds.
  path: Assets/SocketsAndSwitches/Material/2048x2048/Rotation/White/SocketCase02Material.mat
  artifactKey: Guid(84c62870130314aab93e3c0140d039a8) Importer(2089858483,192608db42251d675da83286b1cce702)
Start importing Assets/SocketsAndSwitches/Material/2048x2048/Rotation/White/SocketCase02Material.mat using Guid(84c62870130314aab93e3c0140d039a8) Importer(2089858483,192608db42251d675da83286b1cce702) (ScriptedImporter) -> (artifact id: '74c8f7695fae278d8752309bc6116587') in 0.0162528 seconds
Number of updated asset objects reloaded before import = 0Number of asset objects unloaded after import = 4

========================================================================
Received Import Request.
  Time since last request: 0.000012 seconds.
  path: Assets/SocketsAndSwitches/Textures/1024/Rotation/Black/SocketCase02Material_AlbedoTransparency.png
  artifactKey: Guid(a18295abc9bde4e9e99fa0713d12d46b) Importer(2089858483,192608db42251d675da83286b1cce702)
Start importing Assets/SocketsAndSwitches/Textures/1024/Rotation/Black/SocketCase02Material_AlbedoTransparency.png using Guid(a18295abc9bde4e9e99fa0713d12d46b) Importer(2089858483,192608db42251d675da83286b1cce702) (ScriptedImporter) -> (artifact id: '3bbfbbb70093913a453cbd49b81021f4') in 0.0174811 seconds
Number of updated asset objects reloaded before import = 0Number of asset objects unloaded after import = 1

========================================================================
Received Import Request.
  Time since last request: 0.000013 seconds.
  path: Assets/SocketsAndSwitches/Boxx-Games Assets - README.pdf
  artifactKey: Guid(cef6e29a55a3946c48f8a9e90feaf577) Importer(2089858483,192608db42251d675da83286b1cce702)
Start importing Assets/SocketsAndSwitches/Boxx-Games Assets - README.pdf using Guid(cef6e29a55a3946c48f8a9e90feaf577) Importer(2089858483,192608db42251d675da83286b1cce702) (ScriptedImporter) -> (artifact id: '6c90ceadf64191e63cd0b55c1d155311') in 0.0109386 seconds
Number of updated asset objects reloaded before import = 0Number of asset objects unloaded after import = 1

========================================================================
Received Import Request.
  Time since last request: 0.000011 seconds.
  path: Assets/SocketsAndSwitches/Prefabs/512x512/BlackDirt/SocketCase03.prefab
  artifactKey: Guid(830a1f276caa94ac391a838c76e683d1) Importer(2089858483,192608db42251d675da83286b1cce702)
Start importing Assets/SocketsAndSwitches/Prefabs/512x512/BlackDirt/SocketCase03.prefab using Guid(830a1f276caa94ac391a838c76e683d1) Importer(2089858483,192608db42251d675da83286b1cce702) (ScriptedImporter) -> (artifact id: '7dcf70f62ca8319cb5ddbe52c54ef961') in 0.0130428 seconds
Number of updated asset objects reloaded before import = 0Number of asset objects unloaded after import = 22

========================================================================
Received Import Request.
  Time since last request: 0.000012 seconds.
  path: Assets/SocketsAndSwitches/Prefabs/2048x2048/BlackDirt/LightSwitches02.prefab
  artifactKey: Guid(563c59fc144294fbd9e2e361c507910f) Importer(2089858483,192608db42251d675da83286b1cce702)
Start importing Assets/SocketsAndSwitches/Prefabs/2048x2048/BlackDirt/LightSwitches02.prefab using Guid(563c59fc144294fbd9e2e361c507910f) Importer(2089858483,192608db42251d675da83286b1cce702) (ScriptedImporter) -> (artifact id: '1106de9e6fad4652cf75a38a33aec936') in 0.011482 seconds
Number of updated asset objects reloaded before import = 0Number of asset objects unloaded after import = 21

========================================================================
Received Import Request.
  Time since last request: 0.000015 seconds.
  path: Assets/SocketsAndSwitches/Prefabs/128x128/BlackDirt/SocketLightSwitches.prefab
  artifactKey: Guid(ccd47fdc8234b45ac86cf08146244043) Importer(2089858483,192608db42251d675da83286b1cce702)
Start importing Assets/SocketsAndSwitches/Prefabs/128x128/BlackDirt/SocketLightSwitches.prefab using Guid(ccd47fdc8234b45ac86cf08146244043) Importer(2089858483,192608db42251d675da83286b1cce702) (ScriptedImporter) -> (artifact id: 'dfeb9b7e6d71828605cbdacf3a939055') in 0.0127269 seconds
Number of updated asset objects reloaded before import = 0Number of asset objects unloaded after import = 19

========================================================================
Received Import Request.
  Time since last request: 0.000014 seconds.
  path: Assets/SocketsAndSwitches/Prefabs/1024x1024/White/SocketLightSwitches.prefab
  artifactKey: Guid(ae925d36256c64bdeba743bf86eb56d0) Importer(2089858483,192608db42251d675da83286b1cce702)
Start importing Assets/SocketsAndSwitches/Prefabs/1024x1024/White/SocketLightSwitches.prefab using Guid(ae925d36256c64bdeba743bf86eb56d0) Importer(2089858483,192608db42251d675da83286b1cce702) (ScriptedImporter) -> (artifact id: '58dee895e6aae08ab09ff39c20b92eb2') in 0.0108622 seconds
Number of updated asset objects reloaded before import = 0Number of asset objects unloaded after import = 19

========================================================================
Received Import Request.
  Time since last request: 0.000016 seconds.
  path: Assets/SocketsAndSwitches/Prefabs/256x256/BlackDirt/SocketCase02.prefab
  artifactKey: Guid(b5e14d27f1ee44c4ca7d9f7ddf597a28) Importer(2089858483,192608db42251d675da83286b1cce702)
Start importing Assets/SocketsAndSwitches/Prefabs/256x256/BlackDirt/SocketCase02.prefab using Guid(b5e14d27f1ee44c4ca7d9f7ddf597a28) Importer(2089858483,192608db42251d675da83286b1cce702) (ScriptedImporter) -> (artifact id: 'c611970f6e610d77895068169a1fc0f1') in 0.0114703 seconds
Number of updated asset objects reloaded before import = 0Number of asset objects unloaded after import = 18

========================================================================
Received Import Request.
  Time since last request: 0.000021 seconds.
  path: Assets/SocketsAndSwitches/Prefabs/128x128/White/LightSwitches03.prefab
  artifactKey: Guid(4251663ee94a84e459ec13d94745c9e3) Importer(2089858483,192608db42251d675da83286b1cce702)
Start importing Assets/SocketsAndSwitches/Prefabs/128x128/White/LightSwitches03.prefab using Guid(4251663ee94a84e459ec13d94745c9e3) Importer(2089858483,192608db42251d675da83286b1cce702) (ScriptedImporter) -> (artifact id: 'd56f23b7e3634697261b776e2515c56b') in 0.0137378 seconds
Number of updated asset objects reloaded before import = 0Number of asset objects unloaded after import = 26

========================================================================
Received Import Request.
  Time since last request: 0.000014 seconds.
  path: Assets/SocketsAndSwitches/Textures/512/Black/Socket03Material_MetallicSmoothness.png
  artifactKey: Guid(06b36fadc0bcf4480be7822cfefed1ed) Importer(2089858483,192608db42251d675da83286b1cce702)
Start importing Assets/SocketsAndSwitches/Textures/512/Black/Socket03Material_MetallicSmoothness.png using Guid(06b36fadc0bcf4480be7822cfefed1ed) Importer(2089858483,192608db42251d675da83286b1cce702) (ScriptedImporter) -> (artifact id: '3d6f1932327e7e7790e8e9c2ea550705') in 0.01868 seconds
Number of updated asset objects reloaded before import = 0Number of asset objects unloaded after import = 1

========================================================================
Received Import Request.
  Time since last request: 0.000015 seconds.
  path: Assets/SocketsAndSwitches/Prefabs/128x128/Black/SocketCase03.prefab
  artifactKey: Guid(eed66b2387c924130818bcf7899e000d) Importer(2089858483,192608db42251d675da83286b1cce702)
Start importing Assets/SocketsAndSwitches/Prefabs/128x128/Black/SocketCase03.prefab using Guid(eed66b2387c924130818bcf7899e000d) Importer(2089858483,192608db42251d675da83286b1cce702) (ScriptedImporter) -> (artifact id: '1ce0554f4570eb321570e8d78ac8c942') in 0.0101143 seconds
Number of updated asset objects reloaded before import = 0Number of asset objects unloaded after import = 22

========================================================================
Received Import Request.
  Time since last request: 0.000012 seconds.
  path: Assets/SocketsAndSwitches/Textures/1024/Rotation/WhiteDirt/SocketCase02Material_MetallicSmoothness.png
  artifactKey: Guid(11a82cf4d3983414682200eafedccf84) Importer(2089858483,192608db42251d675da83286b1cce702)
Start importing Assets/SocketsAndSwitches/Textures/1024/Rotation/WhiteDirt/SocketCase02Material_MetallicSmoothness.png using Guid(11a82cf4d3983414682200eafedccf84) Importer(2089858483,192608db42251d675da83286b1cce702) (ScriptedImporter) -> (artifact id: 'c646d729ab1e5a5405172323a68f7093') in 0.0182598 seconds
Number of updated asset objects reloaded before import = 0Number of asset objects unloaded after import = 1

========================================================================
Received Import Request.
  Time since last request: 0.000014 seconds.
  path: Assets/SocketsAndSwitches/Textures/1024/Rotation/Black
  artifactKey: Guid(73a1eec31a7404121b9bda875a83adf2) Importer(2089858483,192608db42251d675da83286b1cce702)
Start importing Assets/SocketsAndSwitches/Textures/1024/Rotation/Black using Guid(73a1eec31a7404121b9bda875a83adf2) Importer(2089858483,192608db42251d675da83286b1cce702) (ScriptedImporter) -> (artifact id: '4a670603ab6834aa19f47b4d61f5e460') in 0.0094724 seconds
Number of updated asset objects reloaded before import = 0Number of asset objects unloaded after import = 1

========================================================================
Received Import Request.
  Time since last request: 0.000011 seconds.
  path: Assets/SocketsAndSwitches/Textures/512/Rotation
  artifactKey: Guid(7dead2aac8dcb4e4ba030fa68b4be6a2) Importer(2089858483,192608db42251d675da83286b1cce702)
Start importing Assets/SocketsAndSwitches/Textures/512/Rotation using Guid(7dead2aac8dcb4e4ba030fa68b4be6a2) Importer(2089858483,192608db42251d675da83286b1cce702) (ScriptedImporter) -> (artifact id: 'fbcd8abf6f3a8a6ed6af710701426244') in 0.0104952 seconds
Number of updated asset objects reloaded before import = 0Number of asset objects unloaded after import = 1

========================================================================
Received Import Request.
  Time since last request: 0.000016 seconds.
  path: Assets/SocketsAndSwitches/Prefabs/128x128/WhiteDirt/Socket03.prefab
  artifactKey: Guid(d9efa74f7aced42b49351f971aafe689) Importer(2089858483,192608db42251d675da83286b1cce702)
Start importing Assets/SocketsAndSwitches/Prefabs/128x128/WhiteDirt/Socket03.prefab using Guid(d9efa74f7aced42b49351f971aafe689) Importer(2089858483,192608db42251d675da83286b1cce702) (ScriptedImporter) -> (artifact id: '52e74d75fcc325c93b6cd30938d6b2da') in 0.0133642 seconds
Number of updated asset objects reloaded before import = 0Number of asset objects unloaded after import = 8

========================================================================
Received Import Request.
  Time since last request: 0.000017 seconds.
  path: Assets/SocketsAndSwitches/Textures/2048/White/SocketCase02Material_AlbedoTransparency.png
  artifactKey: Guid(f80261e883bb6443bb2e7050f921f23a) Importer(2089858483,192608db42251d675da83286b1cce702)
Start importing Assets/SocketsAndSwitches/Textures/2048/White/SocketCase02Material_AlbedoTransparency.png using Guid(f80261e883bb6443bb2e7050f921f23a) Importer(2089858483,192608db42251d675da83286b1cce702) (ScriptedImporter) -> (artifact id: 'ad0db07e04486bff9428c8f6d0b750f3') in 0.0191934 seconds
Number of updated asset objects reloaded before import = 0Number of asset objects unloaded after import = 1

========================================================================
Received Import Request.
  Time since last request: 0.000024 seconds.
  path: Assets/SocketsAndSwitches/Material/512x512/Rotation
  artifactKey: Guid(cc663d15b4c6c450998b271e8942d1ef) Importer(2089858483,192608db42251d675da83286b1cce702)
Start importing Assets/SocketsAndSwitches/Material/512x512/Rotation using Guid(cc663d15b4c6c450998b271e8942d1ef) Importer(2089858483,192608db42251d675da83286b1cce702) (ScriptedImporter) -> (artifact id: '51d378d65e4afe566ce948cb920eadcd') in 0.0103734 seconds
Number of updated asset objects reloaded before import = 0Number of asset objects unloaded after import = 1

========================================================================
Received Import Request.
  Time since last request: 0.000014 seconds.
  path: Assets/SocketsAndSwitches/Textures/1024/Black
  artifactKey: Guid(6917a3b6b520d444892c164f819b649e) Importer(2089858483,192608db42251d675da83286b1cce702)
Start importing Assets/SocketsAndSwitches/Textures/1024/Black using Guid(6917a3b6b520d444892c164f819b649e) Importer(2089858483,192608db42251d675da83286b1cce702) (ScriptedImporter) -> (artifact id: '4b9b754cfb82d89af395dd11d168102d') in 0.0093416 seconds
Number of updated asset objects reloaded before import = 0Number of asset objects unloaded after import = 1

========================================================================
Received Import Request.
  Time since last request: 0.000013 seconds.
  path: Assets/SocketsAndSwitches/Textures/128/BlackDirt/SocketCase01Material_Normal.png
  artifactKey: Guid(b9f7efe761ddc4f62810692369fb2e58) Importer(2089858483,192608db42251d675da83286b1cce702)
Start importing Assets/SocketsAndSwitches/Textures/128/BlackDirt/SocketCase01Material_Normal.png using Guid(b9f7efe761ddc4f62810692369fb2e58) Importer(2089858483,192608db42251d675da83286b1cce702) (ScriptedImporter) -> (artifact id: '2ffbfaebc0c76f8ee9f8a31a35ec0d65') in 0.0167056 seconds
Number of updated asset objects reloaded before import = 0Number of asset objects unloaded after import = 1

========================================================================
Received Import Request.
  Time since last request: 0.000013 seconds.
  path: Assets/SocketsAndSwitches/Material/2048x2048
  artifactKey: Guid(d67b55bff38b44b6183a2da47c957b58) Importer(2089858483,192608db42251d675da83286b1cce702)
Start importing Assets/SocketsAndSwitches/Material/2048x2048 using Guid(d67b55bff38b44b6183a2da47c957b58) Importer(2089858483,192608db42251d675da83286b1cce702) (ScriptedImporter) -> (artifact id: '441f4c04dd099a8982efdde6df678bb7') in 0.0097102 seconds
Number of updated asset objects reloaded before import = 0Number of asset objects unloaded after import = 1

========================================================================
Received Import Request.
  Time since last request: 0.000012 seconds.
  path: Assets/SocketsAndSwitches/Material/1024x1024/BlackDirt
  artifactKey: Guid(7fb7bbd4d050945c58a30361a34d6a0d) Importer(2089858483,192608db42251d675da83286b1cce702)
Start importing Assets/SocketsAndSwitches/Material/1024x1024/BlackDirt using Guid(7fb7bbd4d050945c58a30361a34d6a0d) Importer(2089858483,192608db42251d675da83286b1cce702) (ScriptedImporter) -> (artifact id: 'd4b2d23b7659b148b280c6c91e70ed4e') in 0.0097139 seconds
Number of updated asset objects reloaded before import = 0Number of asset objects unloaded after import = 1

========================================================================
Received Import Request.
  Time since last request: 0.000013 seconds.
  path: Assets/SocketsAndSwitches/Textures/1024/White/InsideMaterial_MetallicSmoothness.png
  artifactKey: Guid(59058986dee2140ffafe46cdd767f240) Importer(2089858483,192608db42251d675da83286b1cce702)
Start importing Assets/SocketsAndSwitches/Textures/1024/White/InsideMaterial_MetallicSmoothness.png using Guid(59058986dee2140ffafe46cdd767f240) Importer(2089858483,192608db42251d675da83286b1cce702) (ScriptedImporter) -> (artifact id: '3548e281b1708eb8f698343c7642e429') in 0.016076 seconds
Number of updated asset objects reloaded before import = 0Number of asset objects unloaded after import = 1

========================================================================
Received Import Request.
  Time since last request: 0.000010 seconds.
  path: Assets/SocketsAndSwitches/Textures/1024/Black/SocketCase01Material_AlbedoTransparency.png
  artifactKey: Guid(daf6e6afb527d4c34b746b67e53c1cca) Importer(2089858483,192608db42251d675da83286b1cce702)
Start importing Assets/SocketsAndSwitches/Textures/1024/Black/SocketCase01Material_AlbedoTransparency.png using Guid(daf6e6afb527d4c34b746b67e53c1cca) Importer(2089858483,192608db42251d675da83286b1cce702) (ScriptedImporter) -> (artifact id: '5f87d8544d81c982cb32b5eb05cb9fd6') in 0.021038 seconds
Number of updated asset objects reloaded before import = 0Number of asset objects unloaded after import = 1

========================================================================
Received Import Request.
  Time since last request: 0.000017 seconds.
  path: Assets/SocketsAndSwitches/Textures/512/White/Socket02Material_AlbedoTransparency.png
  artifactKey: Guid(e16b9747500774282852a719e8e33b66) Importer(2089858483,192608db42251d675da83286b1cce702)
Start importing Assets/SocketsAndSwitches/Textures/512/White/Socket02Material_AlbedoTransparency.png using Guid(e16b9747500774282852a719e8e33b66) Importer(2089858483,192608db42251d675da83286b1cce702) (ScriptedImporter) -> (artifact id: 'b15bb26ba303585489ec1c97af5b7c48') in 0.017153 seconds
Number of updated asset objects reloaded before import = 0Number of asset objects unloaded after import = 1

========================================================================
Received Import Request.
  Time since last request: 0.000023 seconds.
  path: Assets/SocketsAndSwitches/Material/2048x2048/Black/SocketCase02Material.mat
  artifactKey: Guid(d90c4ce794ee44d29be5951e9345170a) Importer(2089858483,192608db42251d675da83286b1cce702)
Start importing Assets/SocketsAndSwitches/Material/2048x2048/Black/SocketCase02Material.mat using Guid(d90c4ce794ee44d29be5951e9345170a) Importer(2089858483,192608db42251d675da83286b1cce702) (ScriptedImporter) -> (artifact id: '24fa3bad7594ac8996b8b862963295d1') in 0.0181646 seconds
Number of updated asset objects reloaded before import = 0Number of asset objects unloaded after import = 4

========================================================================
Received Import Request.
  Time since last request: 0.000013 seconds.
  path: Assets/SocketsAndSwitches/Material/1024x1024/White/SocketCase01Material.mat
  artifactKey: Guid(37884395d836c48e1a3bd3d2f43fa46b) Importer(2089858483,192608db42251d675da83286b1cce702)
Start importing Assets/SocketsAndSwitches/Material/1024x1024/White/SocketCase01Material.mat using Guid(37884395d836c48e1a3bd3d2f43fa46b) Importer(2089858483,192608db42251d675da83286b1cce702) (ScriptedImporter) -> (artifact id: '9688831f6b63b68c93920c128d719b9c') in 0.013723 seconds
Number of updated asset objects reloaded before import = 0Number of asset objects unloaded after import = 4

========================================================================
Received Import Request.
  Time since last request: 0.000012 seconds.
  path: Assets/SocketsAndSwitches/Textures/128/White/InsideMaterial_AlbedoTransparency.png
  artifactKey: Guid(07c136f62132f428aa8b7d11e5c544a0) Importer(2089858483,192608db42251d675da83286b1cce702)
Start importing Assets/SocketsAndSwitches/Textures/128/White/InsideMaterial_AlbedoTransparency.png using Guid(07c136f62132f428aa8b7d11e5c544a0) Importer(2089858483,192608db42251d675da83286b1cce702) (ScriptedImporter) -> (artifact id: 'f81d961a4de129cdc79e4a5597ab0039') in 0.0180981 seconds
Number of updated asset objects reloaded before import = 0Number of asset objects unloaded after import = 1

========================================================================
Received Import Request.
  Time since last request: 0.000013 seconds.
  path: Assets/SocketsAndSwitches/Prefabs/128x128/WhiteDirt/SocketCase01.prefab
  artifactKey: Guid(0028efcb6c14c44aaa054dd59938ef86) Importer(2089858483,192608db42251d675da83286b1cce702)
Start importing Assets/SocketsAndSwitches/Prefabs/128x128/WhiteDirt/SocketCase01.prefab using Guid(0028efcb6c14c44aaa054dd59938ef86) Importer(2089858483,192608db42251d675da83286b1cce702) (ScriptedImporter) -> (artifact id: 'e3feccc9fdee07ffedb70f95210320a3') in 0.011754 seconds
Number of updated asset objects reloaded before import = 0Number of asset objects unloaded after import = 14

========================================================================
Received Import Request.
  Time since last request: 0.000017 seconds.
  path: Assets/SocketsAndSwitches/Textures/2048/Black/InsideMaterial_MetallicSmoothness.png
  artifactKey: Guid(7f64a2d6be98b4d559edfe48a24fd230) Importer(2089858483,192608db42251d675da83286b1cce702)
Start importing Assets/SocketsAndSwitches/Textures/2048/Black/InsideMaterial_MetallicSmoothness.png using Guid(7f64a2d6be98b4d559edfe48a24fd230) Importer(2089858483,192608db42251d675da83286b1cce702) (ScriptedImporter) -> (artifact id: '4929ac7493db58ab87a5f32b77bdc69e') in 0.0181315 seconds
Number of updated asset objects reloaded before import = 0Number of asset objects unloaded after import = 1

========================================================================
Received Import Request.
  Time since last request: 0.000011 seconds.
  path: Assets/SocketsAndSwitches/Textures/256/BlackDirt/Socket02Material_AlbedoTransparency.png
  artifactKey: Guid(ba2f04293d6a14a408c137868479325f) Importer(2089858483,192608db42251d675da83286b1cce702)
Start importing Assets/SocketsAndSwitches/Textures/256/BlackDirt/Socket02Material_AlbedoTransparency.png using Guid(ba2f04293d6a14a408c137868479325f) Importer(2089858483,192608db42251d675da83286b1cce702) (ScriptedImporter) -> (artifact id: '1c1b0f236bce072ea79a6bb1d229c519') in 0.0172115 seconds
Number of updated asset objects reloaded before import = 0Number of asset objects unloaded after import = 1

========================================================================
Received Import Request.
  Time since last request: 0.000015 seconds.
  path: Assets/SocketsAndSwitches/Textures/2048/White/InsideMaterial_Normal.png
  artifactKey: Guid(ebac8944832084690b08f53c7cfe4b21) Importer(2089858483,192608db42251d675da83286b1cce702)
Start importing Assets/SocketsAndSwitches/Textures/2048/White/InsideMaterial_Normal.png using Guid(ebac8944832084690b08f53c7cfe4b21) Importer(2089858483,192608db42251d675da83286b1cce702) (ScriptedImporter) -> (artifact id: 'c2563298f2aba0cb75c3a83bf85ebf42') in 0.0172754 seconds
Number of updated asset objects reloaded before import = 0Number of asset objects unloaded after import = 1

========================================================================
Received Import Request.
  Time since last request: 0.000022 seconds.
  path: Assets/SocketsAndSwitches/Prefabs/128x128/White
  artifactKey: Guid(4bb74f1ab3cb14f8d9bef8f157d7a255) Importer(2089858483,192608db42251d675da83286b1cce702)
Start importing Assets/SocketsAndSwitches/Prefabs/128x128/White using Guid(4bb74f1ab3cb14f8d9bef8f157d7a255) Importer(2089858483,192608db42251d675da83286b1cce702) (ScriptedImporter) -> (artifact id: '166d221517d524931c06a0acf7bf93d2') in 0.0102873 seconds
Number of updated asset objects reloaded before import = 0Number of asset objects unloaded after import = 1

========================================================================
Received Import Request.
  Time since last request: 0.000012 seconds.
  path: Assets/SocketsAndSwitches/Textures/512/White/Socket03Material_Normal.png
  artifactKey: Guid(c784be1e2f6714ccbad4096ddc5f788a) Importer(2089858483,192608db42251d675da83286b1cce702)
Start importing Assets/SocketsAndSwitches/Textures/512/White/Socket03Material_Normal.png using Guid(c784be1e2f6714ccbad4096ddc5f788a) Importer(2089858483,192608db42251d675da83286b1cce702) (ScriptedImporter) -> (artifact id: '82578337086b55dc10a2c9c38da6662c') in 0.0191487 seconds
Number of updated asset objects reloaded before import = 0Number of asset objects unloaded after import = 1

========================================================================
Received Import Request.
  Time since last request: 0.000011 seconds.
  path: Assets/SocketsAndSwitches/Prefabs/256x256/Black/SocketCase02.prefab
  artifactKey: Guid(67b5c99b265994ee385c1c080f27e408) Importer(2089858483,192608db42251d675da83286b1cce702)
Start importing Assets/SocketsAndSwitches/Prefabs/256x256/Black/SocketCase02.prefab using Guid(67b5c99b265994ee385c1c080f27e408) Importer(2089858483,192608db42251d675da83286b1cce702) (ScriptedImporter) -> (artifact id: 'ae762033602e760076d75bc7f1801b27') in 0.0119914 seconds
Number of updated asset objects reloaded before import = 0Number of asset objects unloaded after import = 18

========================================================================
Received Import Request.
  Time since last request: 0.000011 seconds.
  path: Assets/SocketsAndSwitches/Textures/256/WhiteDirt/Socket03Material_Normal.png
  artifactKey: Guid(dcd27594e93f146aaa4719715f4d1226) Importer(2089858483,192608db42251d675da83286b1cce702)
Start importing Assets/SocketsAndSwitches/Textures/256/WhiteDirt/Socket03Material_Normal.png using Guid(dcd27594e93f146aaa4719715f4d1226) Importer(2089858483,192608db42251d675da83286b1cce702) (ScriptedImporter) -> (artifact id: '60009db56ae592ebff4d1b928307cbb8') in 0.0167226 seconds
Number of updated asset objects reloaded before import = 0Number of asset objects unloaded after import = 1

========================================================================
Received Import Request.
  Time since last request: 0.000012 seconds.
  path: Assets/SocketsAndSwitches/Textures/128/WhiteDirt/Socket03Material_MetallicSmoothness.png
  artifactKey: Guid(a8ae3f6b9421d468da9f3e3a58d7abeb) Importer(2089858483,192608db42251d675da83286b1cce702)
Start importing Assets/SocketsAndSwitches/Textures/128/WhiteDirt/Socket03Material_MetallicSmoothness.png using Guid(a8ae3f6b9421d468da9f3e3a58d7abeb) Importer(2089858483,192608db42251d675da83286b1cce702) (ScriptedImporter) -> (artifact id: '4223fa2c92f69a6562de0fdbcc230816') in 0.0146742 seconds
Number of updated asset objects reloaded before import = 0Number of asset objects unloaded after import = 1

========================================================================
Received Import Request.
  Time since last request: 0.000010 seconds.
  path: Assets/SocketsAndSwitches/Material/1024x1024/WhiteDirt/LightSwitchesMaterial.mat
  artifactKey: Guid(58ac8772f544e41958dc93958dff7baf) Importer(2089858483,192608db42251d675da83286b1cce702)
Start importing Assets/SocketsAndSwitches/Material/1024x1024/WhiteDirt/LightSwitchesMaterial.mat using Guid(58ac8772f544e41958dc93958dff7baf) Importer(2089858483,192608db42251d675da83286b1cce702) (ScriptedImporter) -> (artifact id: 'f37fdb2147a21825417d663978581441') in 0.014006 seconds
Number of updated asset objects reloaded before import = 0Number of asset objects unloaded after import = 4

========================================================================
Received Import Request.
  Time since last request: 0.000013 seconds.
  path: Assets/SocketsAndSwitches/Textures/512/White/InsideMaterial_MetallicSmoothness.png
  artifactKey: Guid(88cef4add2bbb4d25a61671519358a5a) Importer(2089858483,192608db42251d675da83286b1cce702)
Start importing Assets/SocketsAndSwitches/Textures/512/White/InsideMaterial_MetallicSmoothness.png using Guid(88cef4add2bbb4d25a61671519358a5a) Importer(2089858483,192608db42251d675da83286b1cce702) (ScriptedImporter) -> (artifact id: '5cc5868f55ae11bc7c261ae4f4ce50f8') in 0.016267 seconds
Number of updated asset objects reloaded before import = 0Number of asset objects unloaded after import = 1

========================================================================
Received Import Request.
  Time since last request: 0.000015 seconds.
  path: Assets/SocketsAndSwitches/Prefabs/256x256/BlackDirt/SocketLightSwitches.prefab
  artifactKey: Guid(f7d710f8b458741e8a119e06485b1e5e) Importer(2089858483,192608db42251d675da83286b1cce702)
Start importing Assets/SocketsAndSwitches/Prefabs/256x256/BlackDirt/SocketLightSwitches.prefab using Guid(f7d710f8b458741e8a119e06485b1e5e) Importer(2089858483,192608db42251d675da83286b1cce702) (ScriptedImporter) -> (artifact id: '4a2efdbdf379a28e31242ea3ca78cd34') in 0.011085 seconds
Number of updated asset objects reloaded before import = 0Number of asset objects unloaded after import = 19

========================================================================
Received Import Request.
  Time since last request: 0.000017 seconds.
  path: Assets/SocketsAndSwitches/Prefabs/128x128
  artifactKey: Guid(6d437cdb1857442e7be1d98af230a301) Importer(2089858483,192608db42251d675da83286b1cce702)
Start importing Assets/SocketsAndSwitches/Prefabs/128x128 using Guid(6d437cdb1857442e7be1d98af230a301) Importer(2089858483,192608db42251d675da83286b1cce702) (ScriptedImporter) -> (artifact id: '11f0f361a16bab042968c6e0b5c2d6d5') in 0.0086574 seconds
Number of updated asset objects reloaded before import = 0Number of asset objects unloaded after import = 1

========================================================================
Received Import Request.
  Time since last request: 0.000014 seconds.
  path: Assets/SocketsAndSwitches/Textures/128/Black/Socket02Material_Normal.png
  artifactKey: Guid(1660969d3fa464c12bd68ea7b3435cf9) Importer(2089858483,192608db42251d675da83286b1cce702)
Start importing Assets/SocketsAndSwitches/Textures/128/Black/Socket02Material_Normal.png using Guid(1660969d3fa464c12bd68ea7b3435cf9) Importer(2089858483,192608db42251d675da83286b1cce702) (ScriptedImporter) -> (artifact id: '409bf8744f4420c4b1bfadbecc2f579b') in 0.0163709 seconds
Number of updated asset objects reloaded before import = 0Number of asset objects unloaded after import = 1

========================================================================
Received Import Request.
  Time since last request: 0.000013 seconds.
  path: Assets/SocketsAndSwitches/Prefabs/128x128/WhiteDirt/SocketCaseRotate.prefab
  artifactKey: Guid(616bc2ace883c4b649a13ebb89bc0e32) Importer(2089858483,192608db42251d675da83286b1cce702)
Start importing Assets/SocketsAndSwitches/Prefabs/128x128/WhiteDirt/SocketCaseRotate.prefab using Guid(616bc2ace883c4b649a13ebb89bc0e32) Importer(2089858483,192608db42251d675da83286b1cce702) (ScriptedImporter) -> (artifact id: '9b36c681b79e32b32633f15b9a3c3feb') in 0.0147044 seconds
Number of updated asset objects reloaded before import = 0Number of asset objects unloaded after import = 18

========================================================================
Received Import Request.
  Time since last request: 0.000013 seconds.
  path: Assets/SocketsAndSwitches/SRP UpgradePackage
  artifactKey: Guid(91cc2e24d14a248aa89167fcd265678a) Importer(2089858483,192608db42251d675da83286b1cce702)
Start importing Assets/SocketsAndSwitches/SRP UpgradePackage using Guid(91cc2e24d14a248aa89167fcd265678a) Importer(2089858483,192608db42251d675da83286b1cce702) (ScriptedImporter) -> (artifact id: 'd091d587bfd78326c0cc48556aae683b') in 0.0109663 seconds
Number of updated asset objects reloaded before import = 0Number of asset objects unloaded after import = 1

========================================================================
Received Import Request.
  Time since last request: 0.000017 seconds.
  path: Assets/SocketsAndSwitches/Textures/1024/WhiteDirt
  artifactKey: Guid(2e1c283dc6dc945c3bcce487edbd2732) Importer(2089858483,192608db42251d675da83286b1cce702)
Start importing Assets/SocketsAndSwitches/Textures/1024/WhiteDirt using Guid(2e1c283dc6dc945c3bcce487edbd2732) Importer(2089858483,192608db42251d675da83286b1cce702) (ScriptedImporter) -> (artifact id: 'c3b04b3a27c361c34117151810fe4f79') in 0.0103085 seconds
Number of updated asset objects reloaded before import = 0Number of asset objects unloaded after import = 1

========================================================================
Received Import Request.
  Time since last request: 0.000013 seconds.
  path: Assets/SocketsAndSwitches/Material/256x256/Black/SocketCase01Material.mat
  artifactKey: Guid(e6d2579522ab14bd695cc970307168f5) Importer(2089858483,192608db42251d675da83286b1cce702)
Start importing Assets/SocketsAndSwitches/Material/256x256/Black/SocketCase01Material.mat using Guid(e6d2579522ab14bd695cc970307168f5) Importer(2089858483,192608db42251d675da83286b1cce702) (ScriptedImporter) -> (artifact id: '59d25d31d707c0d00d8847e345472990') in 0.0129973 seconds
Number of updated asset objects reloaded before import = 0Number of asset objects unloaded after import = 4

========================================================================
Received Import Request.
  Time since last request: 0.000017 seconds.
  path: Assets/SocketsAndSwitches/Prefabs/1024x1024/BlackDirt/SocketCase03.prefab
  artifactKey: Guid(e91227f36ad534a7f8af19c6e3517ee9) Importer(2089858483,192608db42251d675da83286b1cce702)
Start importing Assets/SocketsAndSwitches/Prefabs/1024x1024/BlackDirt/SocketCase03.prefab using Guid(e91227f36ad534a7f8af19c6e3517ee9) Importer(2089858483,192608db42251d675da83286b1cce702) (ScriptedImporter) -> (artifact id: 'aade4434d97ced80a2a5acc562337832') in 0.0146042 seconds
Number of updated asset objects reloaded before import = 0Number of asset objects unloaded after import = 22

========================================================================
Received Import Request.
  Time since last request: 0.000015 seconds.
  path: Assets/SocketsAndSwitches/Textures/512/Rotation/Black/SocketCase01Material_MetallicSmoothness.png
  artifactKey: Guid(3c46ca6c0601848a1ad7b20389911905) Importer(2089858483,192608db42251d675da83286b1cce702)
Start importing Assets/SocketsAndSwitches/Textures/512/Rotation/Black/SocketCase01Material_MetallicSmoothness.png using Guid(3c46ca6c0601848a1ad7b20389911905) Importer(2089858483,192608db42251d675da83286b1cce702) (ScriptedImporter) -> (artifact id: 'fbf2c57eb306547252d37578e6fc0a79') in 0.0196833 seconds
Number of updated asset objects reloaded before import = 0Number of asset objects unloaded after import = 1

========================================================================
Received Import Request.
  Time since last request: 0.000026 seconds.
  path: Assets/SocketsAndSwitches/Textures/1024/BlackDirt/Socket03Material_MetallicSmoothness.png
  artifactKey: Guid(46c3d82ae403b4f029dcc9d39d7663ee) Importer(2089858483,192608db42251d675da83286b1cce702)
Start importing Assets/SocketsAndSwitches/Textures/1024/BlackDirt/Socket03Material_MetallicSmoothness.png using Guid(46c3d82ae403b4f029dcc9d39d7663ee) Importer(2089858483,192608db42251d675da83286b1cce702) (ScriptedImporter) -> (artifact id: '9d96bae264920ba58ab6473c31ea75d6') in 0.019114 seconds
Number of updated asset objects reloaded before import = 0Number of asset objects unloaded after import = 1

========================================================================
Received Import Request.
  Time since last request: 0.000012 seconds.
  path: Assets/SocketsAndSwitches/Textures/512/Black/Socket02Material_MetallicSmoothness.png
  artifactKey: Guid(52bd1778ec24b47c08c5694ac636b766) Importer(2089858483,192608db42251d675da83286b1cce702)
Start importing Assets/SocketsAndSwitches/Textures/512/Black/Socket02Material_MetallicSmoothness.png using Guid(52bd1778ec24b47c08c5694ac636b766) Importer(2089858483,192608db42251d675da83286b1cce702) (ScriptedImporter) -> (artifact id: '2d24478e6de6bd612ec6699dc8ce6aab') in 0.0156171 seconds
Number of updated asset objects reloaded before import = 0Number of asset objects unloaded after import = 1

========================================================================
Received Import Request.
  Time since last request: 0.000015 seconds.
  path: Assets/SocketsAndSwitches/Textures/512/Rotation/White/SocketCase01Material_AlbedoTransparency.png
  artifactKey: Guid(eeffe1997e2be4bee979e3bbc1f06bfd) Importer(2089858483,192608db42251d675da83286b1cce702)
Start importing Assets/SocketsAndSwitches/Textures/512/Rotation/White/SocketCase01Material_AlbedoTransparency.png using Guid(eeffe1997e2be4bee979e3bbc1f06bfd) Importer(2089858483,192608db42251d675da83286b1cce702) (ScriptedImporter) -> (artifact id: 'ce93b87b8e831277668e4520206dfb45') in 0.0182569 seconds
Number of updated asset objects reloaded before import = 0Number of asset objects unloaded after import = 1

========================================================================
Received Import Request.
  Time since last request: 0.000012 seconds.
  path: Assets/SocketsAndSwitches/Prefabs/2048x2048/White/Socket02.prefab
  artifactKey: Guid(9aa0e7d5e754145ec8361c9d727c9cfe) Importer(2089858483,192608db42251d675da83286b1cce702)
Start importing Assets/SocketsAndSwitches/Prefabs/2048x2048/White/Socket02.prefab using Guid(9aa0e7d5e754145ec8361c9d727c9cfe) Importer(2089858483,192608db42251d675da83286b1cce702) (ScriptedImporter) -> (artifact id: 'f70958ae613113e032f6751674d83a07') in 0.0150203 seconds
Number of updated asset objects reloaded before import = 0Number of asset objects unloaded after import = 8

========================================================================
Received Import Request.
  Time since last request: 0.000012 seconds.
  path: Assets/SocketsAndSwitches/Prefabs/128x128/BlackDirt/LightSwitches03.prefab
  artifactKey: Guid(238b76807e3fe4d4cbd326bda5fbbef9) Importer(2089858483,192608db42251d675da83286b1cce702)
Start importing Assets/SocketsAndSwitches/Prefabs/128x128/BlackDirt/LightSwitches03.prefab using Guid(238b76807e3fe4d4cbd326bda5fbbef9) Importer(2089858483,192608db42251d675da83286b1cce702) (ScriptedImporter) -> (artifact id: 'ac64bc84c879897159375ca838ddf874') in 0.0117884 seconds
Number of updated asset objects reloaded before import = 0Number of asset objects unloaded after import = 26

========================================================================
Received Import Request.
  Time since last request: 0.000012 seconds.
  path: Assets/SocketsAndSwitches/Prefabs/2048x2048/BlackDirt/LightSwitches01.prefab
  artifactKey: Guid(7553446adc3c74ffc8c0cd2d40f72182) Importer(2089858483,192608db42251d675da83286b1cce702)
Start importing Assets/SocketsAndSwitches/Prefabs/2048x2048/BlackDirt/LightSwitches01.prefab using Guid(7553446adc3c74ffc8c0cd2d40f72182) Importer(2089858483,192608db42251d675da83286b1cce702) (ScriptedImporter) -> (artifact id: '90931ac10eac11469f7f86ef96836469') in 0.010049 seconds
Number of updated asset objects reloaded before import = 0Number of asset objects unloaded after import = 14

========================================================================
Received Import Request.
  Time since last request: 0.000013 seconds.
  path: Assets/SocketsAndSwitches/Textures/1024/WhiteDirt/SocketCase02Material_MetallicSmoothness.png
  artifactKey: Guid(7d1c1967bbd274ea38ff17cc275c7f4f) Importer(2089858483,192608db42251d675da83286b1cce702)
Start importing Assets/SocketsAndSwitches/Textures/1024/WhiteDirt/SocketCase02Material_MetallicSmoothness.png using Guid(7d1c1967bbd274ea38ff17cc275c7f4f) Importer(2089858483,192608db42251d675da83286b1cce702) (ScriptedImporter) -> (artifact id: '4fa255f44687acddbfa472939930045b') in 0.0165694 seconds
Number of updated asset objects reloaded before import = 0Number of asset objects unloaded after import = 1

========================================================================
Received Import Request.
  Time since last request: 0.000014 seconds.
  path: Assets/SocketsAndSwitches/Textures/1024/BlackDirt/InsideMaterial_MetallicSmoothness.png
  artifactKey: Guid(6dcaad354c06f4b9ebff0defcbf99651) Importer(2089858483,192608db42251d675da83286b1cce702)
Start importing Assets/SocketsAndSwitches/Textures/1024/BlackDirt/InsideMaterial_MetallicSmoothness.png using Guid(6dcaad354c06f4b9ebff0defcbf99651) Importer(2089858483,192608db42251d675da83286b1cce702) (ScriptedImporter) -> (artifact id: '53c010244e7f791f0bb7abf80018768b') in 0.0202125 seconds
Number of updated asset objects reloaded before import = 0Number of asset objects unloaded after import = 1

========================================================================
Received Import Request.
  Time since last request: 0.000020 seconds.
  path: Assets/SocketsAndSwitches/Material/512x512/White/SocketCase02Material.mat
  artifactKey: Guid(7d5cab5d56de944fa8cf52f68257bc6f) Importer(2089858483,192608db42251d675da83286b1cce702)
Start importing Assets/SocketsAndSwitches/Material/512x512/White/SocketCase02Material.mat using Guid(7d5cab5d56de944fa8cf52f68257bc6f) Importer(2089858483,192608db42251d675da83286b1cce702) (ScriptedImporter) -> (artifact id: 'aee6b64047fbcd4fa2bc393a01cdc712') in 0.0174191 seconds
Number of updated asset objects reloaded before import = 0Number of asset objects unloaded after import = 4

========================================================================
Received Import Request.
  Time since last request: 0.000012 seconds.
  path: Assets/SocketsAndSwitches/Material/2048x2048/WhiteDirt/SocketCase02Material.mat
  artifactKey: Guid(0199da919af3a41a69113400be55ca76) Importer(2089858483,192608db42251d675da83286b1cce702)
Start importing Assets/SocketsAndSwitches/Material/2048x2048/WhiteDirt/SocketCase02Material.mat using Guid(0199da919af3a41a69113400be55ca76) Importer(2089858483,192608db42251d675da83286b1cce702) (ScriptedImporter) -> (artifact id: 'a3ec992a64ccb3700bdcd3b7c57183b1') in 0.0168232 seconds
Number of updated asset objects reloaded before import = 0Number of asset objects unloaded after import = 4

========================================================================
Received Import Request.
  Time since last request: 0.000012 seconds.
  path: Assets/SocketsAndSwitches/Textures/1024/Rotation/BlackDirt/SocketCase02Material_AlbedoTransparency.png
  artifactKey: Guid(0f86f733cb32f49aa821415f3a17a463) Importer(2089858483,192608db42251d675da83286b1cce702)
Start importing Assets/SocketsAndSwitches/Textures/1024/Rotation/BlackDirt/SocketCase02Material_AlbedoTransparency.png using Guid(0f86f733cb32f49aa821415f3a17a463) Importer(2089858483,192608db42251d675da83286b1cce702) (ScriptedImporter) -> (artifact id: '57170e0d149072f16b787fa0fb1354d8') in 0.0170414 seconds
Number of updated asset objects reloaded before import = 0Number of asset objects unloaded after import = 1

========================================================================
Received Import Request.
  Time since last request: 0.000012 seconds.
  path: Assets/SocketsAndSwitches/Material/256x256/WhiteDirt/Socket02Material.mat
  artifactKey: Guid(a288ce99ca872458f8d244350ba39d94) Importer(2089858483,192608db42251d675da83286b1cce702)
Start importing Assets/SocketsAndSwitches/Material/256x256/WhiteDirt/Socket02Material.mat using Guid(a288ce99ca872458f8d244350ba39d94) Importer(2089858483,192608db42251d675da83286b1cce702) (ScriptedImporter) -> (artifact id: '6d6bd705b11de01d48e425bda9d1e8db') in 0.0108439 seconds
Number of updated asset objects reloaded before import = 0Number of asset objects unloaded after import = 4

========================================================================
Received Import Request.
  Time since last request: 0.000014 seconds.
  path: Assets/SocketsAndSwitches/Textures/256/White
  artifactKey: Guid(148c9f5c24ca24abe8e032048f762fe0) Importer(2089858483,192608db42251d675da83286b1cce702)
Start importing Assets/SocketsAndSwitches/Textures/256/White using Guid(148c9f5c24ca24abe8e032048f762fe0) Importer(2089858483,192608db42251d675da83286b1cce702) (ScriptedImporter) -> (artifact id: 'b572bac37c19fd54fe486864d97edc5a') in 0.0101906 seconds
Number of updated asset objects reloaded before import = 0Number of asset objects unloaded after import = 1

========================================================================
Received Import Request.
  Time since last request: 0.000013 seconds.
  path: Assets/SocketsAndSwitches/Textures/512/BlackDirt/SocketCase01Material_Normal.png
  artifactKey: Guid(2939bb39ba2f84bdba62705060fd7386) Importer(2089858483,192608db42251d675da83286b1cce702)
Start importing Assets/SocketsAndSwitches/Textures/512/BlackDirt/SocketCase01Material_Normal.png using Guid(2939bb39ba2f84bdba62705060fd7386) Importer(2089858483,192608db42251d675da83286b1cce702) (ScriptedImporter) -> (artifact id: '5585bd5d9e482bee9051ac3d25679f7f') in 0.0154536 seconds
Number of updated asset objects reloaded before import = 0Number of asset objects unloaded after import = 1

========================================================================
Received Import Request.
  Time since last request: 0.000013 seconds.
  path: Assets/SocketsAndSwitches/Textures/128/WhiteDirt/Socket03Material_Normal.png
  artifactKey: Guid(2dc27bfb959f64342b72408adcd20c4d) Importer(2089858483,192608db42251d675da83286b1cce702)
Start importing Assets/SocketsAndSwitches/Textures/128/WhiteDirt/Socket03Material_Normal.png using Guid(2dc27bfb959f64342b72408adcd20c4d) Importer(2089858483,192608db42251d675da83286b1cce702) (ScriptedImporter) -> (artifact id: '7f547a554037c5dc4f502b6f1d128c90') in 0.0174309 seconds
Number of updated asset objects reloaded before import = 0Number of asset objects unloaded after import = 1

========================================================================
Received Import Request.
  Time since last request: 0.000014 seconds.
  path: Assets/SocketsAndSwitches/Prefabs/512x512/WhiteDirt/LightSwitches01.prefab
  artifactKey: Guid(2821c86d7372242df8db12cdfe043eb2) Importer(2089858483,192608db42251d675da83286b1cce702)
Start importing Assets/SocketsAndSwitches/Prefabs/512x512/WhiteDirt/LightSwitches01.prefab using Guid(2821c86d7372242df8db12cdfe043eb2) Importer(2089858483,192608db42251d675da83286b1cce702) (ScriptedImporter) -> (artifact id: '3a7b7673a6e5e2570f7e27a091ee6fc1') in 0.0106172 seconds
Number of updated asset objects reloaded before import = 0Number of asset objects unloaded after import = 14

========================================================================
Received Import Request.
  Time since last request: 0.000019 seconds.
  path: Assets/SocketsAndSwitches/Textures/128/White/SocketCase01Material_AlbedoTransparency.png
  artifactKey: Guid(ca6a1ef9d68b7439c8a8481ca837d31a) Importer(2089858483,192608db42251d675da83286b1cce702)
Start importing Assets/SocketsAndSwitches/Textures/128/White/SocketCase01Material_AlbedoTransparency.png using Guid(ca6a1ef9d68b7439c8a8481ca837d31a) Importer(2089858483,192608db42251d675da83286b1cce702) (ScriptedImporter) -> (artifact id: '8180155bcdeb5ba3695debb7e1b0fe45') in 0.0166469 seconds
Number of updated asset objects reloaded before import = 0Number of asset objects unloaded after import = 1

========================================================================
Received Import Request.
  Time since last request: 0.000020 seconds.
  path: Assets/SocketsAndSwitches/Material/128x128/BlackDirt/Socket02Material.mat
  artifactKey: Guid(b5a65c51624594c35bda21e82ee11323) Importer(2089858483,192608db42251d675da83286b1cce702)
Start importing Assets/SocketsAndSwitches/Material/128x128/BlackDirt/Socket02Material.mat using Guid(b5a65c51624594c35bda21e82ee11323) Importer(2089858483,192608db42251d675da83286b1cce702) (ScriptedImporter) -> (artifact id: '79779983904316227109ac78445b61fa') in 0.0146065 seconds
Number of updated asset objects reloaded before import = 0Number of asset objects unloaded after import = 4

========================================================================
Received Import Request.
  Time since last request: 0.000013 seconds.
  path: Assets/SocketsAndSwitches/Textures/512/Black/Socket03Material_Normal.png
  artifactKey: Guid(ae70fff7c53df42a098fb32855477905) Importer(2089858483,192608db42251d675da83286b1cce702)
Start importing Assets/SocketsAndSwitches/Textures/512/Black/Socket03Material_Normal.png using Guid(ae70fff7c53df42a098fb32855477905) Importer(2089858483,192608db42251d675da83286b1cce702) (ScriptedImporter) -> (artifact id: '5263171649752f78b93f42a85c92a248') in 0.0199718 seconds
Number of updated asset objects reloaded before import = 0Number of asset objects unloaded after import = 1

========================================================================
Received Import Request.
  Time since last request: 0.000011 seconds.
  path: Assets/SocketsAndSwitches/Material/2048x2048/Rotation/Black/SocketCase01Material.mat
  artifactKey: Guid(c97b86ef416634108b56be695cc2e5d0) Importer(2089858483,192608db42251d675da83286b1cce702)
Start importing Assets/SocketsAndSwitches/Material/2048x2048/Rotation/Black/SocketCase01Material.mat using Guid(c97b86ef416634108b56be695cc2e5d0) Importer(2089858483,192608db42251d675da83286b1cce702) (ScriptedImporter) -> (artifact id: 'eb148f4e42273c47ec7822da7a916c80') in 0.0152472 seconds
Number of updated asset objects reloaded before import = 0Number of asset objects unloaded after import = 4

========================================================================
Received Import Request.
  Time since last request: 0.000010 seconds.
  path: Assets/SocketsAndSwitches/Textures/128/BlackDirt/SocketCase01Material_MetallicSmoothness.png
  artifactKey: Guid(5f0f8cbdfcea941979f8dfd2396fcfda) Importer(2089858483,192608db42251d675da83286b1cce702)
Start importing Assets/SocketsAndSwitches/Textures/128/BlackDirt/SocketCase01Material_MetallicSmoothness.png using Guid(5f0f8cbdfcea941979f8dfd2396fcfda) Importer(2089858483,192608db42251d675da83286b1cce702) (ScriptedImporter) -> (artifact id: '64c6d82a9e706f5c2cc6428190df8134') in 0.0164209 seconds
Number of updated asset objects reloaded before import = 0Number of asset objects unloaded after import = 1

========================================================================
Received Import Request.
  Time since last request: 0.000010 seconds.
  path: Assets/SocketsAndSwitches/Textures/2048/BlackDirt/Socket03Material_MetallicSmoothness.png
  artifactKey: Guid(2b78e4c45554b43e5802c87cd5546305) Importer(2089858483,192608db42251d675da83286b1cce702)
Start importing Assets/SocketsAndSwitches/Textures/2048/BlackDirt/Socket03Material_MetallicSmoothness.png using Guid(2b78e4c45554b43e5802c87cd5546305) Importer(2089858483,192608db42251d675da83286b1cce702) (ScriptedImporter) -> (artifact id: '208a9e47faaebe3ce8988c49fcad788d') in 0.0183296 seconds
Number of updated asset objects reloaded before import = 0Number of asset objects unloaded after import = 1

========================================================================
Received Import Request.
  Time since last request: 0.000015 seconds.
  path: Assets/SocketsAndSwitches/Prefabs/128x128/WhiteDirt/LightSwitches03.prefab
  artifactKey: Guid(d1914c47e52044eb6b65540cd4286672) Importer(2089858483,192608db42251d675da83286b1cce702)
Start importing Assets/SocketsAndSwitches/Prefabs/128x128/WhiteDirt/LightSwitches03.prefab using Guid(d1914c47e52044eb6b65540cd4286672) Importer(2089858483,192608db42251d675da83286b1cce702) (ScriptedImporter) -> (artifact id: '08ae5cfe1c09f2a4fa047bf3cebc1c6f') in 0.012658 seconds
Number of updated asset objects reloaded before import = 0Number of asset objects unloaded after import = 26

========================================================================
Received Import Request.
  Time since last request: 0.000023 seconds.
  path: Assets/AllMaterials/matCloth_Mixed_AO 1.mat
  artifactKey: Guid(665765c35d9ab354b9da39b7f529996e) Importer(2089858483,192608db42251d675da83286b1cce702)
Start importing Assets/AllMaterials/matCloth_Mixed_AO 1.mat using Guid(665765c35d9ab354b9da39b7f529996e) Importer(2089858483,192608db42251d675da83286b1cce702) (ScriptedImporter) -> (artifact id: 'fb9faf6c0c50e9bffa86de28be530002') in 0.0247634 seconds
Number of updated asset objects reloaded before import = 0Number of asset objects unloaded after import = 2

========================================================================
Received Import Request.
  Time since last request: 0.000012 seconds.
  path: Assets/AllMaterials/Rug_baseColour_1k.mat
  artifactKey: Guid(57f7453f50935d541a4c9db212d2fc9e) Importer(2089858483,192608db42251d675da83286b1cce702)
Start importing Assets/AllMaterials/Rug_baseColour_1k.mat using Guid(57f7453f50935d541a4c9db212d2fc9e) Importer(2089858483,192608db42251d675da83286b1cce702) (ScriptedImporter) -> (artifact id: '65178cbdc20760f984f3bb3ecb27adf7') in 0.0254678 seconds
Number of updated asset objects reloaded before import = 0Number of asset objects unloaded after import = 2

========================================================================
Received Import Request.
  Time since last request: 0.000012 seconds.
  path: Assets/SocketsAndSwitches/Textures/512/WhiteDirt/Socket02Material_AlbedoTransparency.png
  artifactKey: Guid(3712e1aa9235c42b192b9327b6cfebbc) Importer(2089858483,192608db42251d675da83286b1cce702)
Start importing Assets/SocketsAndSwitches/Textures/512/WhiteDirt/Socket02Material_AlbedoTransparency.png using Guid(3712e1aa9235c42b192b9327b6cfebbc) Importer(2089858483,192608db42251d675da83286b1cce702) (ScriptedImporter) -> (artifact id: '7829da799b1a08e58546192df253a948') in 0.0173254 seconds
Number of updated asset objects reloaded before import = 0Number of asset objects unloaded after import = 1

========================================================================
Received Import Request.
  Time since last request: 0.000010 seconds.
  path: Assets/SocketsAndSwitches/Textures/512/Black/Socket02Material_Normal.png
  artifactKey: Guid(717d6274faf924a2d85277ae400ebb34) Importer(2089858483,192608db42251d675da83286b1cce702)
Start importing Assets/SocketsAndSwitches/Textures/512/Black/Socket02Material_Normal.png using Guid(717d6274faf924a2d85277ae400ebb34) Importer(2089858483,192608db42251d675da83286b1cce702) (ScriptedImporter) -> (artifact id: '1ca23009f3e8502f33009617d9f2f664') in 0.0164892 seconds
Number of updated asset objects reloaded before import = 0Number of asset objects unloaded after import = 1

========================================================================
Received Import Request.
  Time since last request: 0.000012 seconds.
  path: Assets/AllMaterials/matHead_Mixed_AO.mat
  artifactKey: Guid(21ff39c6551ae9f4a90f5b317272bec5) Importer(2089858483,192608db42251d675da83286b1cce702)
Start importing Assets/AllMaterials/matHead_Mixed_AO.mat using Guid(21ff39c6551ae9f4a90f5b317272bec5) Importer(2089858483,192608db42251d675da83286b1cce702) (ScriptedImporter) -> (artifact id: '1741a0cd1f55c54569d02f31f5ef01e0') in 0.0144356 seconds
Number of updated asset objects reloaded before import = 0Number of asset objects unloaded after import = 2

========================================================================
Received Import Request.
  Time since last request: 0.000015 seconds.
  path: Assets/SocketsAndSwitches/Textures/512/Black/SocketCase01Material_Normal.png
  artifactKey: Guid(f1698c303d255493a9edae362d7129a1) Importer(2089858483,192608db42251d675da83286b1cce702)
Start importing Assets/SocketsAndSwitches/Textures/512/Black/SocketCase01Material_Normal.png using Guid(f1698c303d255493a9edae362d7129a1) Importer(2089858483,192608db42251d675da83286b1cce702) (ScriptedImporter) -> (artifact id: '720075f6ef79976c253b27b523ce8759') in 0.0195164 seconds
Number of updated asset objects reloaded before import = 0Number of asset objects unloaded after import = 1

========================================================================
Received Import Request.
  Time since last request: 0.000016 seconds.
  path: Assets/AllMaterials/FabricClothes_height_1k.png
  artifactKey: Guid(be70ab9742658894cbafc99b23c77798) Importer(2089858483,192608db42251d675da83286b1cce702)
Start importing Assets/AllMaterials/FabricClothes_height_1k.png using Guid(be70ab9742658894cbafc99b23c77798) Importer(2089858483,192608db42251d675da83286b1cce702) (ScriptedImporter) -> (artifact id: 'cf7ff4fe2cae692135a5cea44ff1839b') in 0.0180094 seconds
Number of updated asset objects reloaded before import = 0Number of asset objects unloaded after import = 1

========================================================================
Received Import Request.
  Time since last request: 0.000019 seconds.
  path: Assets/SocketsAndSwitches/Textures/1024/Black/Socket02Material_MetallicSmoothness.png
  artifactKey: Guid(e97c664a146ac4fcb92cbc3e288df332) Importer(2089858483,192608db42251d675da83286b1cce702)
Start importing Assets/SocketsAndSwitches/Textures/1024/Black/Socket02Material_MetallicSmoothness.png using Guid(e97c664a146ac4fcb92cbc3e288df332) Importer(2089858483,192608db42251d675da83286b1cce702) (ScriptedImporter) -> (artifact id: '510a7224557ab0000fa1f41928531745') in 0.016318 seconds
Number of updated asset objects reloaded before import = 0Number of asset objects unloaded after import = 1

========================================================================
Received Import Request.
  Time since last request: 0.000013 seconds.
  path: Assets/AllMaterials/low_matBody_AlbedoTransparency.mat
  artifactKey: Guid(cb9bd431746113142a08af8d7e1dba09) Importer(2089858483,192608db42251d675da83286b1cce702)
Start importing Assets/AllMaterials/low_matBody_AlbedoTransparency.mat using Guid(cb9bd431746113142a08af8d7e1dba09) Importer(2089858483,192608db42251d675da83286b1cce702) (ScriptedImporter) -> (artifact id: 'a4cae6472ee5a484ac5bebb1e4e9687b') in 0.0251109 seconds
Number of updated asset objects reloaded before import = 0Number of asset objects unloaded after import = 2

========================================================================
Received Import Request.
  Time since last request: 0.000011 seconds.
  path: Assets/SocketsAndSwitches/Material/512x512/Black
  artifactKey: Guid(43a035d6e982140fabb11ffce2d08873) Importer(2089858483,192608db42251d675da83286b1cce702)
Start importing Assets/SocketsAndSwitches/Material/512x512/Black using Guid(43a035d6e982140fabb11ffce2d08873) Importer(2089858483,192608db42251d675da83286b1cce702) (ScriptedImporter) -> (artifact id: '111b6bafeb1eceab1445c84f8a20be62') in 0.0108322 seconds
Number of updated asset objects reloaded before import = 0Number of asset objects unloaded after import = 1

========================================================================
Received Import Request.
  Time since last request: 0.000013 seconds.
  path: Assets/AllMaterials/AtlasTexture_Mattress_DefaultMaterial_AlbedoTransparency.png
  artifactKey: Guid(ee198704a6c9c644989fb2e7fa702efe) Importer(2089858483,192608db42251d675da83286b1cce702)
Start importing Assets/AllMaterials/AtlasTexture_Mattress_DefaultMaterial_AlbedoTransparency.png using Guid(ee198704a6c9c644989fb2e7fa702efe) Importer(2089858483,192608db42251d675da83286b1cce702) (ScriptedImporter) -> (artifact id: 'f13cbaca340e9517e32727e2845237e5') in 0.0283176 seconds
Number of updated asset objects reloaded before import = 0Number of asset objects unloaded after import = 1

========================================================================
Received Import Request.
  Time since last request: 0.000013 seconds.
  path: Assets/AllMaterials/FabricWrinkled_baseColour_2k.png
  artifactKey: Guid(9811821af9523b04594c9176ea834c0e) Importer(2089858483,192608db42251d675da83286b1cce702)
Start importing Assets/AllMaterials/FabricWrinkled_baseColour_2k.png using Guid(9811821af9523b04594c9176ea834c0e) Importer(2089858483,192608db42251d675da83286b1cce702) (ScriptedImporter) -> (artifact id: '6bfa06a20cb4dddf40c56a2ce8e23a70') in 0.0178103 seconds
Number of updated asset objects reloaded before import = 0Number of asset objects unloaded after import = 1

========================================================================
Received Import Request.
  Time since last request: 0.000013 seconds.
  path: Assets/AllMaterials/low_matCloth_MetallicSmoothness.mat
  artifactKey: Guid(1fd4ff3f5340b734f88a56e3296e4f30) Importer(2089858483,192608db42251d675da83286b1cce702)
Start importing Assets/AllMaterials/low_matCloth_MetallicSmoothness.mat using Guid(1fd4ff3f5340b734f88a56e3296e4f30) Importer(2089858483,192608db42251d675da83286b1cce702) (ScriptedImporter) -> (artifact id: '082a95dd639fccb881c8c5a6324bc322') in 0.0331683 seconds
Number of updated asset objects reloaded before import = 0Number of asset objects unloaded after import = 2

========================================================================
Received Import Request.
  Time since last request: 0.000015 seconds.
  path: Assets/AllMaterials/Plywood_baseColour_02_1k.mat
  artifactKey: Guid(3284a528316169e439af3a5c4f79dc90) Importer(2089858483,192608db42251d675da83286b1cce702)
Start importing Assets/AllMaterials/Plywood_baseColour_02_1k.mat using Guid(3284a528316169e439af3a5c4f79dc90) Importer(2089858483,192608db42251d675da83286b1cce702) (ScriptedImporter) -> (artifact id: 'f78de10ed3e552a3cc71a9c140ab3f70') in 0.0196659 seconds
Number of updated asset objects reloaded before import = 0Number of asset objects unloaded after import = 2

========================================================================
Received Import Request.
  Time since last request: 0.000023 seconds.
  path: Assets/AllMaterials/Blue.mat
  artifactKey: Guid(7b26add94f09dc44fb811013f007a3aa) Importer(2089858483,192608db42251d675da83286b1cce702)
Start importing Assets/AllMaterials/Blue.mat using Guid(7b26add94f09dc44fb811013f007a3aa) Importer(2089858483,192608db42251d675da83286b1cce702) (ScriptedImporter) -> (artifact id: 'a6c223743f1578cad84807da48af98e0') in 0.011006 seconds
Number of updated asset objects reloaded before import = 0Number of asset objects unloaded after import = 1

========================================================================
Received Import Request.
  Time since last request: 0.000012 seconds.
  path: Assets/AllMaterials/low_matBody_MetallicSmoothness.mat
  artifactKey: Guid(b8d28ed1333e32346ad48f79924d3191) Importer(2089858483,192608db42251d675da83286b1cce702)
Start importing Assets/AllMaterials/low_matBody_MetallicSmoothness.mat using Guid(b8d28ed1333e32346ad48f79924d3191) Importer(2089858483,192608db42251d675da83286b1cce702) (ScriptedImporter) -> (artifact id: 'edbc6355fe7a86c9f22249a9d6649c81') in 0.0416954 seconds
Number of updated asset objects reloaded before import = 0Number of asset objects unloaded after import = 2

========================================================================
Received Import Request.
  Time since last request: 0.000013 seconds.
  path: Assets/AllMaterials/FabricClothes_ao_1k.png
  artifactKey: Guid(08305d27b7be66043a1c14de85a4d851) Importer(2089858483,192608db42251d675da83286b1cce702)
Start importing Assets/AllMaterials/FabricClothes_ao_1k.png using Guid(08305d27b7be66043a1c14de85a4d851) Importer(2089858483,192608db42251d675da83286b1cce702) (ScriptedImporter) -> (artifact id: 'eca1325b12ba7854f6f80f7e202287a7') in 0.0205801 seconds
Number of updated asset objects reloaded before import = 0Number of asset objects unloaded after import = 1

========================================================================
Received Import Request.
  Time since last request: 0.000012 seconds.
  path: Assets/SocketsAndSwitches/Textures/2048/Rotation/WhiteDirt/SocketCase01Material_MetallicSmoothness.png
  artifactKey: Guid(cf12eb9c465de4e4786561a7f7f906cf) Importer(2089858483,192608db42251d675da83286b1cce702)
Start importing Assets/SocketsAndSwitches/Textures/2048/Rotation/WhiteDirt/SocketCase01Material_MetallicSmoothness.png using Guid(cf12eb9c465de4e4786561a7f7f906cf) Importer(2089858483,192608db42251d675da83286b1cce702) (ScriptedImporter) -> (artifact id: '6454f1d9691b3ea31add013f926d0542') in 0.0199546 seconds
Number of updated asset objects reloaded before import = 0Number of asset objects unloaded after import = 1

========================================================================
Received Import Request.
  Time since last request: 0.000013 seconds.
  path: Assets/SocketsAndSwitches/Textures/256/WhiteDirt/SocketCase01Material_AlbedoTransparency.png
  artifactKey: Guid(c6189e6c756df4e2da743d8dcfcf5ff5) Importer(2089858483,192608db42251d675da83286b1cce702)
Start importing Assets/SocketsAndSwitches/Textures/256/WhiteDirt/SocketCase01Material_AlbedoTransparency.png using Guid(c6189e6c756df4e2da743d8dcfcf5ff5) Importer(2089858483,192608db42251d675da83286b1cce702) (ScriptedImporter) -> (artifact id: '8649105c3aff85631b9f6320ccc68ae2') in 0.0169892 seconds
Number of updated asset objects reloaded before import = 0Number of asset objects unloaded after import = 1

========================================================================
Received Import Request.
  Time since last request: 0.000027 seconds.
  path: Assets/SocketsAndSwitches/Prefabs/128x128/BlackDirt/SocketCase02.prefab
  artifactKey: Guid(be880460f97234ec49fb0621b8f89c2d) Importer(2089858483,192608db42251d675da83286b1cce702)
Start importing Assets/SocketsAndSwitches/Prefabs/128x128/BlackDirt/SocketCase02.prefab using Guid(be880460f97234ec49fb0621b8f89c2d) Importer(2089858483,192608db42251d675da83286b1cce702) (ScriptedImporter) -> (artifact id: '496096773304a077336b9f8b52b9587d') in 0.0119391 seconds
Number of updated asset objects reloaded before import = 0Number of asset objects unloaded after import = 18

========================================================================
Received Import Request.
  Time since last request: 0.000023 seconds.
  path: Assets/SocketsAndSwitches/Textures/512/BlackDirt/SocketCase02Material_Normal.png
  artifactKey: Guid(8f73330de4182462787bc3563d187852) Importer(2089858483,192608db42251d675da83286b1cce702)
Start importing Assets/SocketsAndSwitches/Textures/512/BlackDirt/SocketCase02Material_Normal.png using Guid(8f73330de4182462787bc3563d187852) Importer(2089858483,192608db42251d675da83286b1cce702) (ScriptedImporter) -> (artifact id: 'ec1ddfd78b06e1d676df0653ac1231ae') in 0.0180284 seconds
Number of updated asset objects reloaded before import = 0Number of asset objects unloaded after import = 1

========================================================================
Received Import Request.
  Time since last request: 0.000012 seconds.
  path: Assets/SocketsAndSwitches/Prefabs/2048x2048/White/Socket03.prefab
  artifactKey: Guid(1d6a2d50a0f3a476c905e020bf695a0c) Importer(2089858483,192608db42251d675da83286b1cce702)
Start importing Assets/SocketsAndSwitches/Prefabs/2048x2048/White/Socket03.prefab using Guid(1d6a2d50a0f3a476c905e020bf695a0c) Importer(2089858483,192608db42251d675da83286b1cce702) (ScriptedImporter) -> (artifact id: 'b23a102fe1c754cc793e9401b5752f3e') in 0.0124691 seconds
Number of updated asset objects reloaded before import = 0Number of asset objects unloaded after import = 8

========================================================================
Received Import Request.
  Time since last request: 0.000013 seconds.
  path: Assets/SocketsAndSwitches/Textures/256/White/SocketCase02Material_AlbedoTransparency.png
  artifactKey: Guid(b85fc0d8c61834160902df68b48fc321) Importer(2089858483,192608db42251d675da83286b1cce702)
Start importing Assets/SocketsAndSwitches/Textures/256/White/SocketCase02Material_AlbedoTransparency.png using Guid(b85fc0d8c61834160902df68b48fc321) Importer(2089858483,192608db42251d675da83286b1cce702) (ScriptedImporter) -> (artifact id: '2f344fe20c4b1fb838108ee90ce3cb9f') in 0.0172661 seconds
Number of updated asset objects reloaded before import = 0Number of asset objects unloaded after import = 1

========================================================================
Received Import Request.
  Time since last request: 0.000015 seconds.
  path: Assets/SocketsAndSwitches/Textures/2048/Rotation/BlackDirt
  artifactKey: Guid(ffbf5ef0c75254d1e8c04275f6c3210f) Importer(2089858483,192608db42251d675da83286b1cce702)
Start importing Assets/SocketsAndSwitches/Textures/2048/Rotation/BlackDirt using Guid(ffbf5ef0c75254d1e8c04275f6c3210f) Importer(2089858483,192608db42251d675da83286b1cce702) (ScriptedImporter) -> (artifact id: 'ae6f69ac089b2d622c1e6fbcd604edc7') in 0.0101734 seconds
Number of updated asset objects reloaded before import = 0Number of asset objects unloaded after import = 1

========================================================================
Received Import Request.
  Time since last request: 0.000011 seconds.
  path: Assets/SocketsAndSwitches/Prefabs/512x512/WhiteDirt/Socket03.prefab
  artifactKey: Guid(8bd764b12552b433cbbee36b24bcfb67) Importer(2089858483,192608db42251d675da83286b1cce702)
Start importing Assets/SocketsAndSwitches/Prefabs/512x512/WhiteDirt/Socket03.prefab using Guid(8bd764b12552b433cbbee36b24bcfb67) Importer(2089858483,192608db42251d675da83286b1cce702) (ScriptedImporter) -> (artifact id: '38c991c9b348a6b436b72cab4f754408') in 0.0128954 seconds
Number of updated asset objects reloaded before import = 0Number of asset objects unloaded after import = 8

Editor requested this worker to shutdown with reason: Scaling down because of idle timeout
AssetImportWorkerClient::OnTransportError - code=2 error=End of file
AssetImportWorker is now disconnected from the server
Process exiting
Exiting without the bug reporter. Application will terminate with return code 0