Using pre-set license
Built from '6000.0/respin/6000.0.58f2-44b8bf3a32' branch; Version is '6000.0.58f2 (92dee566b325) revision 9625317'; Using compiler version '193933523'; Build Type 'Release'
OS: 'Windows 11  (10.0.26100) 64bit Professional' Language: 'en' Physical Memory: 65254 MB
BatchMode: 1, IsHumanControllingUs: 0, StartBugReporterOnCrash: 0, Is64bit: 1
Date: 2025-10-13T19:54:29Z

COMMAND LINE ARGUMENTS:
C:\Program Files\Unity 6000.0.58f2\Editor\Unity.exe
-adb2
-batchMode
-noUpm
-name
AssetImportWorker20
-projectPath
D:/hlt22c/Viverse
-logFile
Logs/AssetImportWorker20.log
-srvPort
62244
-job-worker-count
11
-background-job-worker-count
8
-gc-helper-count
1
-name
AssetImport
Successfully changed project path to: D:/hlt22c/Viverse
D:/hlt22c/Viverse
[UnityMemory] Configuration Parameters - Can be set up in boot.config
    "memorysetup-bucket-allocator-granularity=16"
    "memorysetup-bucket-allocator-bucket-count=8"
    "memorysetup-bucket-allocator-block-size=33554432"
    "memorysetup-bucket-allocator-block-count=8"
    "memorysetup-main-allocator-block-size=16777216"
    "memorysetup-thread-allocator-block-size=16777216"
    "memorysetup-gfx-main-allocator-block-size=16777216"
    "memorysetup-gfx-thread-allocator-block-size=16777216"
    "memorysetup-cache-allocator-block-size=4194304"
    "memorysetup-typetree-allocator-block-size=2097152"
    "memorysetup-profiler-bucket-allocator-granularity=16"
    "memorysetup-profiler-bucket-allocator-bucket-count=8"
    "memorysetup-profiler-bucket-allocator-block-size=33554432"
    "memorysetup-profiler-bucket-allocator-block-count=8"
    "memorysetup-profiler-allocator-block-size=16777216"
    "memorysetup-profiler-editor-allocator-block-size=1048576"
    "memorysetup-temp-allocator-size-main=16777216"
    "memorysetup-job-temp-allocator-block-size=2097152"
    "memorysetup-job-temp-allocator-block-size-background=1048576"
    "memorysetup-job-temp-allocator-reduction-small-platforms=262144"
    "memorysetup-allocator-temp-initial-block-size-main=262144"
    "memorysetup-allocator-temp-initial-block-size-worker=262144"
    "memorysetup-temp-allocator-size-background-worker=32768"
    "memorysetup-temp-allocator-size-job-worker=262144"
    "memorysetup-temp-allocator-size-preload-manager=33554432"
    "memorysetup-temp-allocator-size-nav-mesh-worker=65536"
    "memorysetup-temp-allocator-size-audio-worker=65536"
    "memorysetup-temp-allocator-size-cloud-worker=32768"
    "memorysetup-temp-allocator-size-gi-baking-worker=262144"
    "memorysetup-temp-allocator-size-gi-baking-worker=262144"
    "memorysetup-temp-allocator-size-gi-baking-worker=262144"
    "memorysetup-temp-allocator-size-gi-baking-worker=262144"
    "memorysetup-temp-allocator-size-gi-baking-worker=262144"
    "memorysetup-temp-allocator-size-gfx=262144"
Player connection [32148]  Target information:

Player connection [32148]  * "[IP] 192.168.50.5 [Port] 0 [Flags] 2 [Guid] 1754240956 [EditorId] 1754240956 [Version] 1048832 [Id] WindowsEditor(7,FIH-COM23a109) [Debug] 1 [PackageName] WindowsEditor [ProjectName] Editor" 

Player connection [32148] Host joined multi-casting on [225.0.0.222:54997]...
Player connection [32148] Host joined alternative multi-casting on [225.0.0.222:34997]...
JobSystem: Creating JobQueue using job-worker-count value 11
Input System module state changed to: Initialized.
[Physics::Module] Initialized fallback backend.
[Physics::Module] Id: 0xdecafbad
Library Redirect Path: Library/
[Physics::Module] Selected backend.
[Physics::Module] Name: PhysX
[Physics::Module] Id: 0xf2b8ea05
[Physics::Module] SDK Version: 4.1.2
[Physics::Module] Integration Version: 1.0.0
[Physics::Module] Threading Mode: Multi-Threaded
Refreshing native plugins compatible for Editor in 8.63 ms, found 10 plugins.
Preloading 0 native plugins for Editor in 0.00 ms.
Initialize engine version: 6000.0.58f2 (92dee566b325)
[Subsystems] Discovering subsystems at path C:/Program Files/Unity 6000.0.58f2/Editor/Data/Resources/UnitySubsystems
[Subsystems] Discovering subsystems at path D:/hlt22c/Viverse/Assets
GfxDevice: creating device client; kGfxThreadingModeNonThreaded
Direct3D:
    Version:  Direct3D 11.0 [level 11.1]
    Renderer: NVIDIA GeForce RTX 3090 (ID=0x2204)
    Vendor:   NVIDIA
    VRAM:     24326 MB
    Driver:   32.0.15.8142
Initialize mono
Mono path[0] = 'C:/Program Files/Unity 6000.0.58f2/Editor/Data/Managed'
Mono path[1] = 'C:/Program Files/Unity 6000.0.58f2/Editor/Data/MonoBleedingEdge/lib/mono/unityjit-win32'
Mono config path = 'C:/Program Files/Unity 6000.0.58f2/Editor/Data/MonoBleedingEdge/etc'
Using monoOptions --debugger-agent=transport=dt_socket,embedding=1,server=y,suspend=n,address=127.0.0.1:56044
Begin MonoManager ReloadAssembly
Registering precompiled unity dll's ...
Register platform support module: C:/Program Files/Unity 6000.0.58f2/Editor/Data/PlaybackEngines/WebGLSupport/UnityEditor.WebGL.Extensions.dll
Register platform support module: C:/Program Files/Unity 6000.0.58f2/Editor/Data/PlaybackEngines/WindowsStandaloneSupport/UnityEditor.WindowsStandalone.Extensions.dll
Register platform support module: C:/Program Files/Unity 6000.0.58f2/Editor/Data/PlaybackEngines/AndroidPlayer/UnityEditor.Android.Extensions.dll
Registered in 0.004314 seconds.
- Loaded All Assemblies, in  0.472 seconds
Native extension for Android target not found
Native extension for WindowsStandalone target not found
Native extension for WebGL target not found
Mono: successfully reloaded assembly
- Finished resetting the current domain, in  0.780 seconds
Domain Reload Profiling: 1251ms
	BeginReloadAssembly (158ms)
		ExecutionOrderSort (0ms)
		DisableScriptedObjects (0ms)
		BackupInstance (0ms)
		ReleaseScriptingObjects (0ms)
		CreateAndSetChildDomain (1ms)
	RebuildCommonClasses (49ms)
	RebuildNativeTypeToScriptingClass (13ms)
	initialDomainReloadingComplete (62ms)
	LoadAllAssembliesAndSetupDomain (188ms)
		LoadAssemblies (156ms)
		RebuildTransferFunctionScriptingTraits (0ms)
		AnalyzeDomain (184ms)
			TypeCache.Refresh (182ms)
				TypeCache.ScanAssembly (167ms)
			BuildScriptInfoCaches (0ms)
			ResolveRequiredComponents (1ms)
	FinalizeReload (781ms)
		ReleaseScriptCaches (0ms)
		RebuildScriptCaches (0ms)
		SetupLoadedEditorAssemblies (720ms)
			LogAssemblyErrors (0ms)
			InitializePlatformSupportModulesInManaged (189ms)
			SetLoadedEditorAssemblies (79ms)
			BeforeProcessingInitializeOnLoad (267ms)
			ProcessInitializeOnLoadAttributes (128ms)
			ProcessInitializeOnLoadMethodAttributes (56ms)
			AfterProcessingInitializeOnLoad (0ms)
			EditorAssembliesLoaded (0ms)
		ExecutionOrderSort2 (0ms)
		AwakeInstancesAfterBackupRestoration (0ms)
========================================================================
Worker process is ready to serve import requests
Import Worker Mode flag is 0x00
Begin MonoManager ReloadAssembly
Symbol file LoadedFromMemory is not a mono symbol file
- Loaded All Assemblies, in  1.094 seconds
Refreshing native plugins compatible for Editor in 10.77 ms, found 10 plugins.
Native extension for Android target not found
Native extension for WindowsStandalone target not found
Native extension for WebGL target not found
Package Manager log level set to [2]
[Package Manager] Failed to launch server process. Reason: Unity was launched with the -noUpm command-line argument
[Package Manager] Unable to send message (not connected to server process).
[Package Manager] Cannot connect to Unity Package Manager local server
[Package Manager] Failed to launch server process. Reason: Unity was launched with the -noUpm command-line argument
[Package Manager] Unable to send message (not connected to server process).
[Package Manager] Cannot connect to Unity Package Manager local server
Trying to set shader on a Material Variant.
UnityEngine.Debug:ExtractStackTraceNoAlloc (byte*,int,string)
UnityEngine.StackTraceUtility:ExtractStackTrace ()
UnityEngine.Material:set_shader (UnityEngine.Shader)
UnityEngine.XR.Interaction.Toolkit.Samples.StarterAssets.MaterialPipelineHandler:SetPipelineShaders () (at Assets/Samples/XR Interaction Toolkit/3.2.1/Starter Assets/Scripts/MaterialPipelineHandler.cs:114)
UnityEngine.XR.Interaction.Toolkit.Samples.StarterAssets.MaterialPipelineHandler:AutoRefreshPipelineShaders () (at Assets/Samples/XR Interaction Toolkit/3.2.1/Starter Assets/Scripts/MaterialPipelineHandler.cs:81)
UnityEngine.XR.Interaction.Toolkit.Samples.StarterAssets.MaterialPipelineHandler:OnEnable () (at Assets/Samples/XR Interaction Toolkit/3.2.1/Starter Assets/Scripts/MaterialPipelineHandler.cs:74)
UnityEditor.AssetDatabase:LoadAssetAtPath (string,System.Type)
UnityEditor.AssetDatabase:LoadAssetAtPath<UnityEngine.XR.Hands.Samples.VisualizerSample.MaterialPipelineHandler> (string)
UnityEngine.XR.Hands.Samples.VisualizerSample.RenderPipelineValidation:GetAllInstances () (at Assets/Samples/XR Hands/1.6.1/HandVisualizer/Scripts/MaterialPipelineHandler.cs:28)
UnityEngine.XR.Hands.Samples.VisualizerSample.RenderPipelineValidation:.cctor () (at Assets/Samples/XR Hands/1.6.1/HandVisualizer/Scripts/MaterialPipelineHandler.cs:15)
System.Runtime.CompilerServices.RuntimeHelpers:RunClassConstructor (System.RuntimeTypeHandle)
UnityEditor.EditorAssemblies:ProcessInitializeOnLoadAttributes (System.Type[])

[Assets/Samples/XR Interaction Toolkit/3.2.1/Starter Assets/Scripts/MaterialPipelineHandler.cs line 114]

Trying to set shader on a Material Variant.
UnityEngine.Debug:ExtractStackTraceNoAlloc (byte*,int,string)
UnityEngine.StackTraceUtility:ExtractStackTrace ()
UnityEngine.Material:set_shader (UnityEngine.Shader)
UnityEngine.XR.Interaction.Toolkit.Samples.StarterAssets.MaterialPipelineHandler:SetPipelineShaders () (at Assets/Samples/XR Interaction Toolkit/3.2.1/Starter Assets/Scripts/MaterialPipelineHandler.cs:114)
UnityEngine.XR.Interaction.Toolkit.Samples.StarterAssets.MaterialPipelineHandler:AutoRefreshPipelineShaders () (at Assets/Samples/XR Interaction Toolkit/3.2.1/Starter Assets/Scripts/MaterialPipelineHandler.cs:81)
UnityEngine.XR.Interaction.Toolkit.Samples.StarterAssets.RenderPipelineValidation:.cctor () (at Assets/Samples/XR Interaction Toolkit/3.2.1/Starter Assets/Scripts/MaterialPipelineHandler.cs:16)
System.Runtime.CompilerServices.RuntimeHelpers:RunClassConstructor (System.RuntimeTypeHandle)
UnityEditor.EditorAssemblies:ProcessInitializeOnLoadAttributes (System.Type[])

[Assets/Samples/XR Interaction Toolkit/3.2.1/Starter Assets/Scripts/MaterialPipelineHandler.cs line 114]

Mono: successfully reloaded assembly
[Package Manager] Failed to launch server process. Reason: Unity was launched with the -noUpm command-line argument
[Package Manager] Unable to send message (not connected to server process).
[Package Manager] Cannot connect to Unity Package Manager local server
[Package Manager] Failed to launch server process. Reason: Unity was launched with the -noUpm command-line argument
[Package Manager] Unable to send message (not connected to server process).
[Package Manager] Cannot connect to Unity Package Manager local server
- Finished resetting the current domain, in  3.680 seconds
Domain Reload Profiling: 4771ms
	BeginReloadAssembly (202ms)
		ExecutionOrderSort (0ms)
		DisableScriptedObjects (7ms)
		BackupInstance (0ms)
		ReleaseScriptingObjects (0ms)
		CreateAndSetChildDomain (41ms)
	RebuildCommonClasses (44ms)
	RebuildNativeTypeToScriptingClass (13ms)
	initialDomainReloadingComplete (46ms)
	LoadAllAssembliesAndSetupDomain (785ms)
		LoadAssemblies (508ms)
		RebuildTransferFunctionScriptingTraits (0ms)
		AnalyzeDomain (379ms)
			TypeCache.Refresh (273ms)
				TypeCache.ScanAssembly (246ms)
			BuildScriptInfoCaches (87ms)
			ResolveRequiredComponents (15ms)
	FinalizeReload (3681ms)
		ReleaseScriptCaches (0ms)
		RebuildScriptCaches (0ms)
		SetupLoadedEditorAssemblies (3496ms)
			LogAssemblyErrors (0ms)
			InitializePlatformSupportModulesInManaged (14ms)
			SetLoadedEditorAssemblies (22ms)
			BeforeProcessingInitializeOnLoad (359ms)
			ProcessInitializeOnLoadAttributes (2208ms)
			ProcessInitializeOnLoadMethodAttributes (888ms)
			AfterProcessingInitializeOnLoad (5ms)
			EditorAssembliesLoaded (1ms)
		ExecutionOrderSort2 (0ms)
		AwakeInstancesAfterBackupRestoration (5ms)
WARNING: Shader Unsupported: 'Hidden/Simulation/URP/Synthetic' - All subshaders removed
WARNING: Shader Did you use #pragma only_renderers and omit this platform?
WARNING: Shader If subshaders removal was intentional, you may have forgotten turning Fallback off?
WARNING: Shader Unsupported: 'Hidden/Simulation/URP/Synthetic' - All subshaders removed
WARNING: Shader Did you use #pragma only_renderers and omit this platform?
WARNING: Shader If subshaders removal was intentional, you may have forgotten turning Fallback off?
WARNING: Shader Unsupported: 'Hidden/Simulation/Synthetic Lit' - All subshaders removed
WARNING: Shader Did you use #pragma only_renderers and omit this platform?
WARNING: Shader If subshaders removal was intentional, you may have forgotten turning Fallback off?
WARNING: Shader Unsupported: 'Hidden/Simulation/Synthetic Lit' - All subshaders removed
WARNING: Shader Did you use #pragma only_renderers and omit this platform?
WARNING: Shader If subshaders removal was intentional, you may have forgotten turning Fallback off?
WARNING: Shader Unsupported: 'Simulation/Standard Lit' - All subshaders removed
WARNING: Shader Did you use #pragma only_renderers and omit this platform?
WARNING: Shader If subshaders removal was intentional, you may have forgotten turning Fallback off?
WARNING: Shader Unsupported: 'Simulation/Standard Lit' - All subshaders removed
WARNING: Shader Did you use #pragma only_renderers and omit this platform?
WARNING: Shader If subshaders removal was intentional, you may have forgotten turning Fallback off?
WARNING: Shader Unsupported: 'Simulation/URP/Room X-Ray' - All subshaders removed
WARNING: Shader Did you use #pragma only_renderers and omit this platform?
WARNING: Shader If subshaders removal was intentional, you may have forgotten turning Fallback off?
WARNING: Shader Unsupported: 'Simulation/URP/Room X-Ray' - All subshaders removed
WARNING: Shader Did you use #pragma only_renderers and omit this platform?
WARNING: Shader If subshaders removal was intentional, you may have forgotten turning Fallback off?
WARNING: Shader Unsupported: 'Simulation/Room X-Ray' - All subshaders removed
WARNING: Shader Did you use #pragma only_renderers and omit this platform?
WARNING: Shader If subshaders removal was intentional, you may have forgotten turning Fallback off?
WARNING: Shader Unsupported: 'Simulation/Room X-Ray' - All subshaders removed
WARNING: Shader Did you use #pragma only_renderers and omit this platform?
WARNING: Shader If subshaders removal was intentional, you may have forgotten turning Fallback off?
WARNING: Shader Unsupported: 'Simulation/URP/Lit' - All subshaders removed
WARNING: Shader Did you use #pragma only_renderers and omit this platform?
WARNING: Shader If subshaders removal was intentional, you may have forgotten turning Fallback off?
WARNING: Shader Unsupported: 'Simulation/URP/Lit' - All subshaders removed
WARNING: Shader Did you use #pragma only_renderers and omit this platform?
WARNING: Shader If subshaders removal was intentional, you may have forgotten turning Fallback off?
Launched and connected shader compiler UnityShaderCompiler.exe after 0.01 seconds
Refreshing native plugins compatible for Editor in 8.92 ms, found 10 plugins.
Preloading 0 native plugins for Editor in 0.00 ms.
Unloading 58 Unused Serialized files (Serialized files now loaded: 0)
Unloading 7384 unused Assets / (13.0 MB). Loaded Objects now: 8042.
Memory consumption went from 161.6 MB to 148.6 MB.
Total: 17.248900 ms (FindLiveObjects: 0.607200 ms CreateObjectMapping: 0.479600 ms MarkObjects: 9.618400 ms  DeleteObjects: 6.542300 ms)

========================================================================
Received Import Request.
  Time since last request: 5090.159256 seconds.
  path: Assets/Furniture Mega Pack/Prefabs/Cushioins/Cushion13.prefab
  artifactKey: Guid(6611becc8c216694e8ed578c7a2eb86a) Importer(2089858483,3d70f49cd1c2eb9ae422958d1c652c6b)
Start importing Assets/Furniture Mega Pack/Prefabs/Cushioins/Cushion13.prefab using Guid(6611becc8c216694e8ed578c7a2eb86a) Importer(2089858483,3d70f49cd1c2eb9ae422958d1c652c6b) (ScriptedImporter) -> (artifact id: '2096f42157617f66d52735cf029aa8b4') in 0.2692329 seconds
Number of updated asset objects reloaded before import = 0Number of asset objects unloaded after import = 10

========================================================================
Received Import Request.
  Time since last request: 0.222702 seconds.
  path: Assets/MinimalistBedroom/Materials/Misc/GlassFaded_01.mat
  artifactKey: Guid(a122f1f7919c9e04bb73269738422ca2) Importer(2089858483,192608db42251d675da83286b1cce702)
Start importing Assets/MinimalistBedroom/Materials/Misc/GlassFaded_01.mat using Guid(a122f1f7919c9e04bb73269738422ca2) Importer(2089858483,192608db42251d675da83286b1cce702) (ScriptedImporter) -> (artifact id: 'ba5a638aeff160ebfd3082d4e483944e') in 0.0740632 seconds
Number of updated asset objects reloaded before import = 0Number of asset objects unloaded after import = 1

========================================================================
Received Import Request.
  Time since last request: 0.000015 seconds.
  path: Assets/MinimalistBedroom/Materials/Metals/StanlessSteelClean_01.mat
  artifactKey: Guid(562c7b5eda7baf140864f6b826cc02ce) Importer(2089858483,192608db42251d675da83286b1cce702)
Start importing Assets/MinimalistBedroom/Materials/Metals/StanlessSteelClean_01.mat using Guid(562c7b5eda7baf140864f6b826cc02ce) Importer(2089858483,192608db42251d675da83286b1cce702) (ScriptedImporter) -> (artifact id: '52caea24c68395d7d92fccfaf41a3db0') in 0.0186552 seconds
Number of updated asset objects reloaded before import = 0Number of asset objects unloaded after import = 1

========================================================================
Received Import Request.
  Time since last request: 0.000016 seconds.
  path: Assets/MinimalistBedroom/Prefabs/Interior/ShirtStackThree_01.prefab
  artifactKey: Guid(937d3a138c549c24e9d5e5352d774e77) Importer(2089858483,192608db42251d675da83286b1cce702)
Start importing Assets/MinimalistBedroom/Prefabs/Interior/ShirtStackThree_01.prefab using Guid(937d3a138c549c24e9d5e5352d774e77) Importer(2089858483,192608db42251d675da83286b1cce702) (ScriptedImporter) -> (artifact id: '2e6f4e6053f7e8dbf404b996846f2a49') in 0.1009585 seconds
Number of updated asset objects reloaded before import = 0Number of asset objects unloaded after import = 8

========================================================================
Received Import Request.
  Time since last request: 0.000019 seconds.
  path: Assets/MinimalistBedroom/Materials/Misc
  artifactKey: Guid(a0afdf4e8268b834dbc5eb4bb3251f44) Importer(2089858483,192608db42251d675da83286b1cce702)
Start importing Assets/MinimalistBedroom/Materials/Misc using Guid(a0afdf4e8268b834dbc5eb4bb3251f44) Importer(2089858483,192608db42251d675da83286b1cce702) (ScriptedImporter) -> (artifact id: '090759480b7722cb37cc34d2b917faf0') in 0.0124378 seconds
Number of updated asset objects reloaded before import = 0Number of asset objects unloaded after import = 1

========================================================================
Received Import Request.
  Time since last request: 0.032809 seconds.
  path: Assets/Furniture Mega Pack/Prefabs/Kitchen/CabinetB02.prefab
  artifactKey: Guid(386736fba5adf7047925f6e124b70d34) Importer(2089858483,3d70f49cd1c2eb9ae422958d1c652c6b)
Start importing Assets/Furniture Mega Pack/Prefabs/Kitchen/CabinetB02.prefab using Guid(386736fba5adf7047925f6e124b70d34) Importer(2089858483,3d70f49cd1c2eb9ae422958d1c652c6b) (ScriptedImporter) -> (artifact id: 'aef4647df403369bf4d74f29b30c198d') in 0.0159605 seconds
Number of updated asset objects reloaded before import = 0Number of asset objects unloaded after import = 15

========================================================================
Received Import Request.
  Time since last request: 0.000019 seconds.
  path: Assets/Furniture Mega Pack/Prefabs/Kitchen/KitchenExhaust05.prefab
  artifactKey: Guid(07ce33531c3ebb84b90d1a0d5004eaa3) Importer(2089858483,3d70f49cd1c2eb9ae422958d1c652c6b)
Start importing Assets/Furniture Mega Pack/Prefabs/Kitchen/KitchenExhaust05.prefab using Guid(07ce33531c3ebb84b90d1a0d5004eaa3) Importer(2089858483,3d70f49cd1c2eb9ae422958d1c652c6b) (ScriptedImporter) -> (artifact id: '3b7b60fe80043141d6228773d3b01a96') in 0.0198926 seconds
Number of updated asset objects reloaded before import = 0Number of asset objects unloaded after import = 10

========================================================================
Received Import Request.
  Time since last request: 0.000019 seconds.
  path: Assets/Furniture Mega Pack/Prefabs/Sofas/Sofa18.prefab
  artifactKey: Guid(f535af0f178ec824790c390c3fe0f6d6) Importer(2089858483,3d70f49cd1c2eb9ae422958d1c652c6b)
Start importing Assets/Furniture Mega Pack/Prefabs/Sofas/Sofa18.prefab using Guid(f535af0f178ec824790c390c3fe0f6d6) Importer(2089858483,3d70f49cd1c2eb9ae422958d1c652c6b) (ScriptedImporter) -> (artifact id: 'ce0036758af6c2f0c16155f25b42a27f') in 0.0323365 seconds
Number of updated asset objects reloaded before import = 0Number of asset objects unloaded after import = 10

========================================================================
Received Import Request.
  Time since last request: 0.000015 seconds.
  path: Assets/Furniture Mega Pack/Prefabs/Kitchen/CabinetGCorner01.prefab
  artifactKey: Guid(66439534740f77548b4a7401823ca5ea) Importer(2089858483,3d70f49cd1c2eb9ae422958d1c652c6b)
Start importing Assets/Furniture Mega Pack/Prefabs/Kitchen/CabinetGCorner01.prefab using Guid(66439534740f77548b4a7401823ca5ea) Importer(2089858483,3d70f49cd1c2eb9ae422958d1c652c6b) (ScriptedImporter) -> (artifact id: 'bf734f8f75fd1907dd12d67b0715d650') in 0.0136868 seconds
Number of updated asset objects reloaded before import = 0Number of asset objects unloaded after import = 10

========================================================================
Received Import Request.
  Time since last request: 0.000019 seconds.
  path: Assets/Furniture Mega Pack/Prefabs/Sofas/Sofa02.prefab
  artifactKey: Guid(37b824d7267a6d641b0d5da4c2e5c9de) Importer(2089858483,3d70f49cd1c2eb9ae422958d1c652c6b)
Start importing Assets/Furniture Mega Pack/Prefabs/Sofas/Sofa02.prefab using Guid(37b824d7267a6d641b0d5da4c2e5c9de) Importer(2089858483,3d70f49cd1c2eb9ae422958d1c652c6b) (ScriptedImporter) -> (artifact id: '1a11aec984803fd48913cdd67a3172e4') in 0.0298995 seconds
Number of updated asset objects reloaded before import = 0Number of asset objects unloaded after import = 10

========================================================================
Received Import Request.
  Time since last request: 0.000029 seconds.
  path: Assets/Furniture Mega Pack/Prefabs/Sofas/Sofa10.prefab
  artifactKey: Guid(95da023d2b6394c48b40ca82d8750e36) Importer(2089858483,3d70f49cd1c2eb9ae422958d1c652c6b)
Start importing Assets/Furniture Mega Pack/Prefabs/Sofas/Sofa10.prefab using Guid(95da023d2b6394c48b40ca82d8750e36) Importer(2089858483,3d70f49cd1c2eb9ae422958d1c652c6b) (ScriptedImporter) -> (artifact id: 'b2107f8909ef850f538174a5a15561d4') in 0.0283646 seconds
Number of updated asset objects reloaded before import = 0Number of asset objects unloaded after import = 10

========================================================================
Received Import Request.
  Time since last request: 0.000019 seconds.
  path: Assets/Furniture Mega Pack/Prefabs/Kitchen/Refrigerator02.prefab
  artifactKey: Guid(514d8e30396a5714aa6e425fa787b2b6) Importer(2089858483,3d70f49cd1c2eb9ae422958d1c652c6b)
Start importing Assets/Furniture Mega Pack/Prefabs/Kitchen/Refrigerator02.prefab using Guid(514d8e30396a5714aa6e425fa787b2b6) Importer(2089858483,3d70f49cd1c2eb9ae422958d1c652c6b) (ScriptedImporter) -> (artifact id: 'e83e22523d8805ecfc701b6428f2adac') in 0.0162517 seconds
Number of updated asset objects reloaded before import = 0Number of asset objects unloaded after import = 20

========================================================================
Received Import Request.
  Time since last request: 0.402116 seconds.
  path: Assets/Furniture Mega Pack/Prefabs/Sofas/Sofa48.prefab
  artifactKey: Guid(7b57b6de1589dd247923393cf7bb817c) Importer(2089858483,3d70f49cd1c2eb9ae422958d1c652c6b)
Start importing Assets/Furniture Mega Pack/Prefabs/Sofas/Sofa48.prefab using Guid(7b57b6de1589dd247923393cf7bb817c) Importer(2089858483,3d70f49cd1c2eb9ae422958d1c652c6b) (ScriptedImporter) -> (artifact id: '90098cedf7e45d5b55ff62d5cb8b6aa7') in 0.0148473 seconds
Number of updated asset objects reloaded before import = 0Number of asset objects unloaded after import = 10

========================================================================
Received Import Request.
  Time since last request: 0.000015 seconds.
  path: Assets/Furniture Mega Pack/Prefabs/Tables/Table10.prefab
  artifactKey: Guid(d8430fea2e186b44a970ce2b48f0ed53) Importer(2089858483,3d70f49cd1c2eb9ae422958d1c652c6b)
Start importing Assets/Furniture Mega Pack/Prefabs/Tables/Table10.prefab using Guid(d8430fea2e186b44a970ce2b48f0ed53) Importer(2089858483,3d70f49cd1c2eb9ae422958d1c652c6b) (ScriptedImporter) -> (artifact id: '9ec98fc80de00e33c1062cf493bcb182') in 0.0164827 seconds
Number of updated asset objects reloaded before import = 0Number of asset objects unloaded after import = 10

========================================================================
Received Import Request.
  Time since last request: 0.000013 seconds.
  path: Assets/MinimalistBedroom/Prefabs/Interior/FoldedShirt_01.prefab
  artifactKey: Guid(44621dadeb10a4c4cb54cc0531bdb9db) Importer(2089858483,3d70f49cd1c2eb9ae422958d1c652c6b)
Start importing Assets/MinimalistBedroom/Prefabs/Interior/FoldedShirt_01.prefab using Guid(44621dadeb10a4c4cb54cc0531bdb9db) Importer(2089858483,3d70f49cd1c2eb9ae422958d1c652c6b) (ScriptedImporter) -> (artifact id: '2b5b7b7c453aa8dfae8ed8f376e4f866') in 0.0151622 seconds
Number of updated asset objects reloaded before import = 0Number of asset objects unloaded after import = 8

========================================================================
Received Import Request.
  Time since last request: 0.000016 seconds.
  path: Assets/Furniture Mega Pack/Prefabs/Tables/Table35.prefab
  artifactKey: Guid(fb6f5c2ce908dc847b4404228028dab0) Importer(2089858483,3d70f49cd1c2eb9ae422958d1c652c6b)
Start importing Assets/Furniture Mega Pack/Prefabs/Tables/Table35.prefab using Guid(fb6f5c2ce908dc847b4404228028dab0) Importer(2089858483,3d70f49cd1c2eb9ae422958d1c652c6b) (ScriptedImporter) -> (artifact id: '7af71a331b2999dd7790778af37bf429') in 0.0128422 seconds
Number of updated asset objects reloaded before import = 0Number of asset objects unloaded after import = 10

========================================================================
Received Import Request.
  Time since last request: 0.000024 seconds.
  path: Assets/nappin/OfficeEssentialsPack/Prefabs/(Prb)Clock.prefab
  artifactKey: Guid(b2baa11c7e87fe941afe32f3c50cc082) Importer(2089858483,3d70f49cd1c2eb9ae422958d1c652c6b)
Start importing Assets/nappin/OfficeEssentialsPack/Prefabs/(Prb)Clock.prefab using Guid(b2baa11c7e87fe941afe32f3c50cc082) Importer(2089858483,3d70f49cd1c2eb9ae422958d1c652c6b) (ScriptedImporter) -> (artifact id: 'c2d3be6b42fc20bdd68c1cc1fbb14a7d') in 0.0294631 seconds
Number of updated asset objects reloaded before import = 0Number of asset objects unloaded after import = 33

========================================================================
Received Import Request.
  Time since last request: 0.000017 seconds.
  path: Assets/MinimalistBedroom/Prefabs/Interior/RoundBox_a_01.prefab
  artifactKey: Guid(730082d80da31094a9c60cc910872b34) Importer(2089858483,3d70f49cd1c2eb9ae422958d1c652c6b)
Start importing Assets/MinimalistBedroom/Prefabs/Interior/RoundBox_a_01.prefab using Guid(730082d80da31094a9c60cc910872b34) Importer(2089858483,3d70f49cd1c2eb9ae422958d1c652c6b) (ScriptedImporter) -> (artifact id: 'a5c60c7ba7d5bab60fd72d7e6a26d562') in 0.0189315 seconds
Number of updated asset objects reloaded before import = 0Number of asset objects unloaded after import = 8

========================================================================
Received Import Request.
  Time since last request: 0.000019 seconds.
  path: Assets/MinimalistBedroom/Prefabs/Interior/Stool_01.prefab
  artifactKey: Guid(4b8b798e2838ddb4ab32cf5a5f57eec5) Importer(2089858483,3d70f49cd1c2eb9ae422958d1c652c6b)
Start importing Assets/MinimalistBedroom/Prefabs/Interior/Stool_01.prefab using Guid(4b8b798e2838ddb4ab32cf5a5f57eec5) Importer(2089858483,3d70f49cd1c2eb9ae422958d1c652c6b) (ScriptedImporter) -> (artifact id: '0de1ab8e1e7879ae3d26cb9a8f39e363') in 0.016361 seconds
Number of updated asset objects reloaded before import = 0Number of asset objects unloaded after import = 8

========================================================================
Received Import Request.
  Time since last request: 0.276452 seconds.
  path: Assets/nappin/OfficeEssentialsPack/Prefabs/(Prb)Drawer1.prefab
  artifactKey: Guid(676edecf7cf6d7645a15b3550dce3e70) Importer(2089858483,3d70f49cd1c2eb9ae422958d1c652c6b)
Start importing Assets/nappin/OfficeEssentialsPack/Prefabs/(Prb)Drawer1.prefab using Guid(676edecf7cf6d7645a15b3550dce3e70) Importer(2089858483,3d70f49cd1c2eb9ae422958d1c652c6b) (ScriptedImporter) -> (artifact id: 'ee6fb6dbf9ef156673740e5f5b1fe5af') in 0.0224436 seconds
Number of updated asset objects reloaded before import = 0Number of asset objects unloaded after import = 27

========================================================================
Received Import Request.
  Time since last request: 0.000018 seconds.
  path: Assets/nappin/OfficeEssentialsPack/Prefabs/(Prb)Sofa3.prefab
  artifactKey: Guid(4c2b4033ea200a340bdf5dd2b0145174) Importer(2089858483,3d70f49cd1c2eb9ae422958d1c652c6b)
Start importing Assets/nappin/OfficeEssentialsPack/Prefabs/(Prb)Sofa3.prefab using Guid(4c2b4033ea200a340bdf5dd2b0145174) Importer(2089858483,3d70f49cd1c2eb9ae422958d1c652c6b) (ScriptedImporter) -> (artifact id: 'b5ed64184c934212758de8d11682960f') in 0.0169295 seconds
Number of updated asset objects reloaded before import = 0Number of asset objects unloaded after import = 12

========================================================================
Received Import Request.
  Time since last request: 0.000017 seconds.
  path: Assets/Pandazole_Ultimate_Pack/Pandazole Kitchen Food/Prefabs/Prop_Cup_04.prefab
  artifactKey: Guid(c21890caac874da4181fef610b3c7c8a) Importer(2089858483,3d70f49cd1c2eb9ae422958d1c652c6b)
Start importing Assets/Pandazole_Ultimate_Pack/Pandazole Kitchen Food/Prefabs/Prop_Cup_04.prefab using Guid(c21890caac874da4181fef610b3c7c8a) Importer(2089858483,3d70f49cd1c2eb9ae422958d1c652c6b) (ScriptedImporter) -> (artifact id: '3451460bc1fe69c852cc4cd5f33ee301') in 0.0149267 seconds
Number of updated asset objects reloaded before import = 0Number of asset objects unloaded after import = 9

========================================================================
Received Import Request.
  Time since last request: 0.000016 seconds.
  path: Assets/nappin/OfficeEssentialsPack/Prefabs/(Prb)Mirror1.prefab
  artifactKey: Guid(1054fb16f1ee4104ca711b702ac76af8) Importer(2089858483,3d70f49cd1c2eb9ae422958d1c652c6b)
Start importing Assets/nappin/OfficeEssentialsPack/Prefabs/(Prb)Mirror1.prefab using Guid(1054fb16f1ee4104ca711b702ac76af8) Importer(2089858483,3d70f49cd1c2eb9ae422958d1c652c6b) (ScriptedImporter) -> (artifact id: '9bc3aa9387a231084977171ba531103c') in 0.0193479 seconds
Number of updated asset objects reloaded before import = 0Number of asset objects unloaded after import = 12

========================================================================
Received Import Request.
  Time since last request: 0.000015 seconds.
  path: Assets/Pandazole_Ultimate_Pack/Pandazole Kitchen Food/Prefabs/Prop_Microwave_01.prefab
  artifactKey: Guid(313d0d112f5d6c844821d1dd1ba5b6ea) Importer(2089858483,3d70f49cd1c2eb9ae422958d1c652c6b)
Start importing Assets/Pandazole_Ultimate_Pack/Pandazole Kitchen Food/Prefabs/Prop_Microwave_01.prefab using Guid(313d0d112f5d6c844821d1dd1ba5b6ea) Importer(2089858483,3d70f49cd1c2eb9ae422958d1c652c6b) (ScriptedImporter) -> (artifact id: 'a351d011cf824694baf5e04f209a4940') in 0.0163893 seconds
Number of updated asset objects reloaded before import = 0Number of asset objects unloaded after import = 14

========================================================================
Received Import Request.
  Time since last request: 0.000022 seconds.
  path: Assets/Pandazole_Ultimate_Pack/Pandazole Kitchen Food/Prefabs/Food_Pasta.prefab
  artifactKey: Guid(e587153d97158e54cb4442ea55fbdf6b) Importer(2089858483,3d70f49cd1c2eb9ae422958d1c652c6b)
Start importing Assets/Pandazole_Ultimate_Pack/Pandazole Kitchen Food/Prefabs/Food_Pasta.prefab using Guid(e587153d97158e54cb4442ea55fbdf6b) Importer(2089858483,3d70f49cd1c2eb9ae422958d1c652c6b) (ScriptedImporter) -> (artifact id: '9ad62a38c2e910f70bc254b7421f18ce') in 0.0192644 seconds
Number of updated asset objects reloaded before import = 0Number of asset objects unloaded after import = 9

========================================================================
Received Import Request.
  Time since last request: 0.000015 seconds.
  path: Assets/nappin/OfficeEssentialsPack/Prefabs/(Prb)Sofa2.prefab
  artifactKey: Guid(9cf94939f3dfab54eb62e181bdc60594) Importer(2089858483,3d70f49cd1c2eb9ae422958d1c652c6b)
Start importing Assets/nappin/OfficeEssentialsPack/Prefabs/(Prb)Sofa2.prefab using Guid(9cf94939f3dfab54eb62e181bdc60594) Importer(2089858483,3d70f49cd1c2eb9ae422958d1c652c6b) (ScriptedImporter) -> (artifact id: 'b7d7ae7cabff9fda971f3cff37287d94') in 0.0150173 seconds
Number of updated asset objects reloaded before import = 0Number of asset objects unloaded after import = 12

========================================================================
Received Import Request.
  Time since last request: 0.000016 seconds.
  path: Assets/nappin/OfficeEssentialsPack/Prefabs/(Prb)WaterGarden.prefab
  artifactKey: Guid(2d96fb7ed786a5646a75d8a849edc8f4) Importer(2089858483,3d70f49cd1c2eb9ae422958d1c652c6b)
Start importing Assets/nappin/OfficeEssentialsPack/Prefabs/(Prb)WaterGarden.prefab using Guid(2d96fb7ed786a5646a75d8a849edc8f4) Importer(2089858483,3d70f49cd1c2eb9ae422958d1c652c6b) (ScriptedImporter) -> (artifact id: 'e8c309410386e92904441e47c92e1dec') in 0.0174938 seconds
Number of updated asset objects reloaded before import = 0Number of asset objects unloaded after import = 20

========================================================================
Received Import Request.
  Time since last request: 0.000014 seconds.
  path: Assets/Pandazole_Ultimate_Pack/Pandazole Kitchen Food/Prefabs/Prop_KitchenTable_04.prefab
  artifactKey: Guid(5b64bcaaa6de77345bb5f15d719356d7) Importer(2089858483,3d70f49cd1c2eb9ae422958d1c652c6b)
Start importing Assets/Pandazole_Ultimate_Pack/Pandazole Kitchen Food/Prefabs/Prop_KitchenTable_04.prefab using Guid(5b64bcaaa6de77345bb5f15d719356d7) Importer(2089858483,3d70f49cd1c2eb9ae422958d1c652c6b) (ScriptedImporter) -> (artifact id: '9399f9d6a87fb373bd7b9277864ed433') in 0.019794 seconds
Number of updated asset objects reloaded before import = 0Number of asset objects unloaded after import = 9

========================================================================
Received Import Request.
  Time since last request: 0.000016 seconds.
  path: Assets/Pandazole_Ultimate_Pack/Pandazole Kitchen Food/Prefabs/Food_Mac n Cheese with brocoli.prefab
  artifactKey: Guid(498f1f2c073f4444cad8be3ce8e3c12d) Importer(2089858483,3d70f49cd1c2eb9ae422958d1c652c6b)
Start importing Assets/Pandazole_Ultimate_Pack/Pandazole Kitchen Food/Prefabs/Food_Mac n Cheese with brocoli.prefab using Guid(498f1f2c073f4444cad8be3ce8e3c12d) Importer(2089858483,3d70f49cd1c2eb9ae422958d1c652c6b) (ScriptedImporter) -> (artifact id: 'e2c48d2f3cafba2cc8c7f49bce7a01b5') in 0.0134874 seconds
Number of updated asset objects reloaded before import = 0Number of asset objects unloaded after import = 9

========================================================================
Received Import Request.
  Time since last request: 0.026677 seconds.
  path: Assets/VRTemplateAssets/Prefabs/Interactables/Cube Interactable.prefab
  artifactKey: Guid(72138a47ec7b8714c91aa39dcdf3b714) Importer(2089858483,3d70f49cd1c2eb9ae422958d1c652c6b)
Start importing Assets/VRTemplateAssets/Prefabs/Interactables/Cube Interactable.prefab using Guid(72138a47ec7b8714c91aa39dcdf3b714) Importer(2089858483,3d70f49cd1c2eb9ae422958d1c652c6b) (ScriptedImporter) -> (artifact id: 'dc578c5a7395a33ceec903ce052cb90b') in 0.0397882 seconds
Number of updated asset objects reloaded before import = 0Number of asset objects unloaded after import = 30

========================================================================
Received Import Request.
  Time since last request: 0.000018 seconds.
  path: Assets/CrowAssets/Assets/Low Poly Stylized Food/BuiltIn/Prefabs/Sardines.prefab
  artifactKey: Guid(fe0856fd57d9e4645b17fb344ac2b2c6) Importer(2089858483,3d70f49cd1c2eb9ae422958d1c652c6b)
Start importing Assets/CrowAssets/Assets/Low Poly Stylized Food/BuiltIn/Prefabs/Sardines.prefab using Guid(fe0856fd57d9e4645b17fb344ac2b2c6) Importer(2089858483,3d70f49cd1c2eb9ae422958d1c652c6b) (ScriptedImporter) -> (artifact id: '4aa63d6c58793b0bb4d268f4a54c536d') in 0.0154142 seconds
Number of updated asset objects reloaded before import = 0Number of asset objects unloaded after import = 15

========================================================================
Received Import Request.
  Time since last request: 0.000019 seconds.
  path: Assets/Samples/XR Interaction Toolkit/3.2.1/Starter Assets/Prefabs/Affordances/PokePointerAffordance.prefab
  artifactKey: Guid(bb91fcbcb3cc896468b372b1c762bfab) Importer(2089858483,3d70f49cd1c2eb9ae422958d1c652c6b)
Start importing Assets/Samples/XR Interaction Toolkit/3.2.1/Starter Assets/Prefabs/Affordances/PokePointerAffordance.prefab using Guid(bb91fcbcb3cc896468b372b1c762bfab) Importer(2089858483,3d70f49cd1c2eb9ae422958d1c652c6b) (ScriptedImporter) -> (artifact id: '5a93aef1490f4a7dc9509a43d29daf53') in 0.0166211 seconds
Number of updated asset objects reloaded before import = 0Number of asset objects unloaded after import = 15

========================================================================
Received Import Request.
  Time since last request: 0.000019 seconds.
  path: Assets/CrowAssets/Assets/Low Poly Stylized Food/URP/Prefabs/Can_01_Open.prefab
  artifactKey: Guid(ae3f9394eb1ec2f49999db3c2f9441d9) Importer(2089858483,3d70f49cd1c2eb9ae422958d1c652c6b)
Start importing Assets/CrowAssets/Assets/Low Poly Stylized Food/URP/Prefabs/Can_01_Open.prefab using Guid(ae3f9394eb1ec2f49999db3c2f9441d9) Importer(2089858483,3d70f49cd1c2eb9ae422958d1c652c6b) (ScriptedImporter) -> (artifact id: '78d95508befcf1ba646fc6e6be04b136') in 0.0156201 seconds
Number of updated asset objects reloaded before import = 0Number of asset objects unloaded after import = 15

========================================================================
Received Import Request.
  Time since last request: 0.000024 seconds.
  path: Assets/CrowAssets/Assets/Low Poly Stylized Food/URP/Prefabs/Ketchup.prefab
  artifactKey: Guid(a05a2ca545669584297c9fd393aec872) Importer(2089858483,3d70f49cd1c2eb9ae422958d1c652c6b)
Start importing Assets/CrowAssets/Assets/Low Poly Stylized Food/URP/Prefabs/Ketchup.prefab using Guid(a05a2ca545669584297c9fd393aec872) Importer(2089858483,3d70f49cd1c2eb9ae422958d1c652c6b) (ScriptedImporter) -> (artifact id: '2a03dfaefc993695bdb929191c566360') in 0.0143239 seconds
Number of updated asset objects reloaded before import = 0Number of asset objects unloaded after import = 10

========================================================================
Received Import Request.
  Time since last request: 0.000031 seconds.
  path: Assets/Samples/XR Interaction Toolkit/3.2.1/Hands Interaction Demo/DatumPresets/Under Watch Controller Follow Preset.asset
  artifactKey: Guid(979c1b69d98e91041bc1c5c6e63aab97) Importer(2089858483,3d70f49cd1c2eb9ae422958d1c652c6b)
Start importing Assets/Samples/XR Interaction Toolkit/3.2.1/Hands Interaction Demo/DatumPresets/Under Watch Controller Follow Preset.asset using Guid(979c1b69d98e91041bc1c5c6e63aab97) Importer(2089858483,3d70f49cd1c2eb9ae422958d1c652c6b) (ScriptedImporter) -> (artifact id: '53dd4214b865244f693199c7693291c9') in 0.0150167 seconds
Number of updated asset objects reloaded before import = 0Number of asset objects unloaded after import = 0

========================================================================
Received Import Request.
  Time since last request: 0.000018 seconds.
  path: Assets/Samples/XR Interaction Toolkit/3.2.1/Hands Interaction Demo/AffordanceThemes/PinchPointColor.asset
  artifactKey: Guid(1468864c36cbf39428681b1f0d9ef149) Importer(2089858483,3d70f49cd1c2eb9ae422958d1c652c6b)
Start importing Assets/Samples/XR Interaction Toolkit/3.2.1/Hands Interaction Demo/AffordanceThemes/PinchPointColor.asset using Guid(1468864c36cbf39428681b1f0d9ef149) Importer(2089858483,3d70f49cd1c2eb9ae422958d1c652c6b) (ScriptedImporter) -> (artifact id: '9ebc1f52e215f441d94e5db6c7aa865b') in 0.0245275 seconds
Number of updated asset objects reloaded before import = 0Number of asset objects unloaded after import = 0

========================================================================
Received Import Request.
  Time since last request: 0.000026 seconds.
  path: Assets/Samples/XR Interaction Toolkit/3.2.1/Hands Interaction Demo/HandsDemoSceneAssets/Prefabs/Cylinder.prefab
  artifactKey: Guid(531d9182cdbe93948a57bd87a1e47fdf) Importer(2089858483,3d70f49cd1c2eb9ae422958d1c652c6b)
Start importing Assets/Samples/XR Interaction Toolkit/3.2.1/Hands Interaction Demo/HandsDemoSceneAssets/Prefabs/Cylinder.prefab using Guid(531d9182cdbe93948a57bd87a1e47fdf) Importer(2089858483,3d70f49cd1c2eb9ae422958d1c652c6b) (ScriptedImporter) -> (artifact id: '673d6668e1cb5704ac7b6bb46f924a43') in 0.0385241 seconds
Number of updated asset objects reloaded before import = 0Number of asset objects unloaded after import = 35

========================================================================
Received Import Request.
  Time since last request: 0.000020 seconds.
  path: Assets/Samples/XR Interaction Toolkit/3.2.1/Hands Interaction Demo/Prefabs/HandMenuRig.prefab
  artifactKey: Guid(58011bca9681c484080084eccc4cb150) Importer(2089858483,3d70f49cd1c2eb9ae422958d1c652c6b)
Start importing Assets/Samples/XR Interaction Toolkit/3.2.1/Hands Interaction Demo/Prefabs/HandMenuRig.prefab using Guid(58011bca9681c484080084eccc4cb150) Importer(2089858483,3d70f49cd1c2eb9ae422958d1c652c6b) (ScriptedImporter) -> (artifact id: '2d530c1df11e1f971780f30e081887f0') in 0.0355305 seconds
Number of updated asset objects reloaded before import = 0Number of asset objects unloaded after import = 22

========================================================================
Received Import Request.
  Time since last request: 0.000021 seconds.
  path: Assets/CrowAssets/Assets/Low Poly Stylized Food/URP/Prefabs/SodaCan_01.prefab
  artifactKey: Guid(15b4595daf9236d459dc7b0aa2efddf4) Importer(2089858483,3d70f49cd1c2eb9ae422958d1c652c6b)
Start importing Assets/CrowAssets/Assets/Low Poly Stylized Food/URP/Prefabs/SodaCan_01.prefab using Guid(15b4595daf9236d459dc7b0aa2efddf4) Importer(2089858483,3d70f49cd1c2eb9ae422958d1c652c6b) (ScriptedImporter) -> (artifact id: 'fa7816a243695ce8a705c87faeb45f2b') in 0.016591 seconds
Number of updated asset objects reloaded before import = 0Number of asset objects unloaded after import = 15

========================================================================
Received Import Request.
  Time since last request: 0.000029 seconds.
  path: Assets/nappin/OfficeEssentialsPack/Prefabs/(Prb)OfficeChair.prefab
  artifactKey: Guid(3713613c4ffcd6945900432c53af79b8) Importer(2089858483,192608db42251d675da83286b1cce702)
Start importing Assets/nappin/OfficeEssentialsPack/Prefabs/(Prb)OfficeChair.prefab using Guid(3713613c4ffcd6945900432c53af79b8) Importer(2089858483,192608db42251d675da83286b1cce702) (ScriptedImporter) -> (artifact id: 'e2558b4ae48f2605aef76693b72d10a5') in 0.029479 seconds
Number of updated asset objects reloaded before import = 0Number of asset objects unloaded after import = 10

========================================================================
Received Import Request.
  Time since last request: 0.000018 seconds.
  path: Assets/Samples/XR Interaction Toolkit/3.2.1/Starter Assets/DemoSceneAssets/Prefabs/UI/Interactive Controls.prefab
  artifactKey: Guid(7bbb1960bab3e75459304488d8d1ffba) Importer(2089858483,3d70f49cd1c2eb9ae422958d1c652c6b)
Start importing Assets/Samples/XR Interaction Toolkit/3.2.1/Starter Assets/DemoSceneAssets/Prefabs/UI/Interactive Controls.prefab using Guid(7bbb1960bab3e75459304488d8d1ffba) Importer(2089858483,3d70f49cd1c2eb9ae422958d1c652c6b) (ScriptedImporter) -> (artifact id: 'f5a6fbac192b9218dc0542273e853f9a') in 0.0804725 seconds
Number of updated asset objects reloaded before import = 0Number of asset objects unloaded after import = 364

========================================================================
Received Import Request.
  Time since last request: 0.000019 seconds.
  path: Assets/nappin/OfficeEssentialsPack/Materials/(Mat)Floor.mat
  artifactKey: Guid(d06cbe6bddb870d438765bf1f774411d) Importer(2089858483,192608db42251d675da83286b1cce702)
Start importing Assets/nappin/OfficeEssentialsPack/Materials/(Mat)Floor.mat using Guid(d06cbe6bddb870d438765bf1f774411d) Importer(2089858483,192608db42251d675da83286b1cce702) (ScriptedImporter) -> (artifact id: '7912d03264ba5b8921737c5dee123e6f') in 0.0185496 seconds
Number of updated asset objects reloaded before import = 0Number of asset objects unloaded after import = 1

========================================================================
Received Import Request.
  Time since last request: 0.000016 seconds.
  path: Assets/nappin/OfficeEssentialsPack/Models/(Msh)CeilingFan.fbx
  artifactKey: Guid(b8382dad890a52e499e640be2fba6e18) Importer(2089858483,192608db42251d675da83286b1cce702)
Start importing Assets/nappin/OfficeEssentialsPack/Models/(Msh)CeilingFan.fbx using Guid(b8382dad890a52e499e640be2fba6e18) Importer(2089858483,192608db42251d675da83286b1cce702) (ScriptedImporter) -> (artifact id: '44c48c10cfe8629f6a5ce086086ace09') in 0.062567 seconds
Number of updated asset objects reloaded before import = 0Number of asset objects unloaded after import = 16

========================================================================
Received Import Request.
  Time since last request: 0.000028 seconds.
  path: Assets/nappin/OfficeEssentialsPack/Prefabs/(Prb)BigDrawer.prefab
  artifactKey: Guid(c53fe300edecc524f9f511dc58792d47) Importer(2089858483,192608db42251d675da83286b1cce702)
Start importing Assets/nappin/OfficeEssentialsPack/Prefabs/(Prb)BigDrawer.prefab using Guid(c53fe300edecc524f9f511dc58792d47) Importer(2089858483,192608db42251d675da83286b1cce702) (ScriptedImporter) -> (artifact id: '1698b0831ffa57643303f6f94a06b465') in 0.0332896 seconds
Number of updated asset objects reloaded before import = 0Number of asset objects unloaded after import = 59

========================================================================
Received Import Request.
  Time since last request: 0.000017 seconds.
  path: Assets/nappin/OfficeEssentialsPack/Prefabs/(Prb)DeskLight.prefab
  artifactKey: Guid(e0a309163f5d1ef4e81367371dba0804) Importer(2089858483,192608db42251d675da83286b1cce702)
Start importing Assets/nappin/OfficeEssentialsPack/Prefabs/(Prb)DeskLight.prefab using Guid(e0a309163f5d1ef4e81367371dba0804) Importer(2089858483,192608db42251d675da83286b1cce702) (ScriptedImporter) -> (artifact id: '045fd1ca4eb10415a00cd144b3dde612') in 0.0298466 seconds
Number of updated asset objects reloaded before import = 0Number of asset objects unloaded after import = 10

========================================================================
Received Import Request.
  Time since last request: 0.000013 seconds.
  path: Assets/nappin/OfficeEssentialsPack/Models/(Msh)YogaBall.fbx
  artifactKey: Guid(ecce3f1d808befa47abc1b334d5016f8) Importer(2089858483,192608db42251d675da83286b1cce702)
Start importing Assets/nappin/OfficeEssentialsPack/Models/(Msh)YogaBall.fbx using Guid(ecce3f1d808befa47abc1b334d5016f8) Importer(2089858483,192608db42251d675da83286b1cce702) (ScriptedImporter) -> (artifact id: '19c4fb2ec6e3d598c84ec48f68d09ed5') in 0.0271437 seconds
Number of updated asset objects reloaded before import = 0Number of asset objects unloaded after import = 9

========================================================================
Received Import Request.
  Time since last request: 0.000016 seconds.
  path: Assets/nappin/OfficeEssentialsPack/Textures/(Txt)GradientOrange.png
  artifactKey: Guid(1be709cd9dfa27c48a678cdacc829f7e) Importer(2089858483,192608db42251d675da83286b1cce702)
Start importing Assets/nappin/OfficeEssentialsPack/Textures/(Txt)GradientOrange.png using Guid(1be709cd9dfa27c48a678cdacc829f7e) Importer(2089858483,192608db42251d675da83286b1cce702) (ScriptedImporter) -> (artifact id: '4837decc06684a40b2a5f1e9ddcfa641') in 0.0762933 seconds
Number of updated asset objects reloaded before import = 0Number of asset objects unloaded after import = 1

========================================================================
Received Import Request.
  Time since last request: 0.000019 seconds.
  path: Assets/nappin/OfficeEssentialsPack/Materials/(Mat)GradientBlue.mat
  artifactKey: Guid(35261150e5398c0439d6fd7481f62b62) Importer(2089858483,192608db42251d675da83286b1cce702)
Start importing Assets/nappin/OfficeEssentialsPack/Materials/(Mat)GradientBlue.mat using Guid(35261150e5398c0439d6fd7481f62b62) Importer(2089858483,192608db42251d675da83286b1cce702) (ScriptedImporter) -> (artifact id: 'abcab0a2f98027fb6385f631828010f0') in 0.0199142 seconds
Number of updated asset objects reloaded before import = 0Number of asset objects unloaded after import = 2

========================================================================
Received Import Request.
  Time since last request: 1.960329 seconds.
  path: Assets/nappin/OfficeEssentialsPack/Prefabs/(Prb)Sofa2.prefab
  artifactKey: Guid(9cf94939f3dfab54eb62e181bdc60594) Importer(2089858483,192608db42251d675da83286b1cce702)
Start importing Assets/nappin/OfficeEssentialsPack/Prefabs/(Prb)Sofa2.prefab using Guid(9cf94939f3dfab54eb62e181bdc60594) Importer(2089858483,192608db42251d675da83286b1cce702) (ScriptedImporter) -> (artifact id: 'ed49832e033d4d54e9182ba30a49d1d8') in 0.0339691 seconds
Number of updated asset objects reloaded before import = 0Number of asset objects unloaded after import = 10

========================================================================
Received Import Request.
  Time since last request: 0.000016 seconds.
  path: Assets/nappin/OfficeEssentialsPack/Prefabs/(Prb)WaterGarden.prefab
  artifactKey: Guid(2d96fb7ed786a5646a75d8a849edc8f4) Importer(2089858483,192608db42251d675da83286b1cce702)
Start importing Assets/nappin/OfficeEssentialsPack/Prefabs/(Prb)WaterGarden.prefab using Guid(2d96fb7ed786a5646a75d8a849edc8f4) Importer(2089858483,192608db42251d675da83286b1cce702) (ScriptedImporter) -> (artifact id: 'dcb1134e71d26d74e2f28d5a076a5d41') in 0.0336905 seconds
Number of updated asset objects reloaded before import = 0Number of asset objects unloaded after import = 18

========================================================================
Received Import Request.
  Time since last request: 0.000020 seconds.
  path: Assets/nappin/HouseInteriorPack/Models/(Msh)Fridge.fbx
  artifactKey: Guid(2fd41568ee19c9343a65da176f778932) Importer(2089858483,192608db42251d675da83286b1cce702)
Start importing Assets/nappin/HouseInteriorPack/Models/(Msh)Fridge.fbx using Guid(2fd41568ee19c9343a65da176f778932) Importer(2089858483,192608db42251d675da83286b1cce702) (ScriptedImporter) -> (artifact id: '9ae219def9ab259d7f9abcbe4f71f439') in 0.0369621 seconds
Number of updated asset objects reloaded before import = 0Number of asset objects unloaded after import = 21

========================================================================
Received Import Request.
  Time since last request: 0.000110 seconds.
  path: Assets/nappin/HouseInteriorPack/Models/(Msh)ShoeRack.fbx
  artifactKey: Guid(9125ce88ab24cae46b1bbf17a45a17d9) Importer(2089858483,192608db42251d675da83286b1cce702)
Start importing Assets/nappin/HouseInteriorPack/Models/(Msh)ShoeRack.fbx using Guid(9125ce88ab24cae46b1bbf17a45a17d9) Importer(2089858483,192608db42251d675da83286b1cce702) (ScriptedImporter) -> (artifact id: 'c5eedab15e2e4bbcf833a0f6acdd6723') in 0.0302949 seconds
Number of updated asset objects reloaded before import = 0Number of asset objects unloaded after import = 9

========================================================================
Received Import Request.
  Time since last request: 0.000015 seconds.
  path: Assets/Furniture Mega Pack/Prefabs/Kitchen/MicrowaveOven02.prefab
  artifactKey: Guid(b47d2e27a88dd4d4980f333390e1624f) Importer(2089858483,192608db42251d675da83286b1cce702)
Start importing Assets/Furniture Mega Pack/Prefabs/Kitchen/MicrowaveOven02.prefab using Guid(b47d2e27a88dd4d4980f333390e1624f) Importer(2089858483,192608db42251d675da83286b1cce702) (ScriptedImporter) -> (artifact id: 'ffb52e605d644b47cb1094d9f813bec5') in 0.0314472 seconds
Number of updated asset objects reloaded before import = 0Number of asset objects unloaded after import = 34

========================================================================
Received Import Request.
  Time since last request: 0.000017 seconds.
  path: Assets/nappin/HouseInteriorPack/Models/(Msh)Minifridge.fbx
  artifactKey: Guid(c950d3ea9d36ed640a9cc0b4bb299a85) Importer(2089858483,192608db42251d675da83286b1cce702)
Start importing Assets/nappin/HouseInteriorPack/Models/(Msh)Minifridge.fbx using Guid(c950d3ea9d36ed640a9cc0b4bb299a85) Importer(2089858483,192608db42251d675da83286b1cce702) (ScriptedImporter) -> (artifact id: 'b821892b7cfa1c8b9041ed7e870cae1e') in 0.0270228 seconds
Number of updated asset objects reloaded before import = 0Number of asset objects unloaded after import = 85

========================================================================
Received Import Request.
  Time since last request: 0.000057 seconds.
  path: Assets/Furniture Mega Pack/Materials/Kitchen/mat_Glass.mat
  artifactKey: Guid(8a073d0e64a56904ea5187ca77edcbac) Importer(2089858483,192608db42251d675da83286b1cce702)
Start importing Assets/Furniture Mega Pack/Materials/Kitchen/mat_Glass.mat using Guid(8a073d0e64a56904ea5187ca77edcbac) Importer(2089858483,192608db42251d675da83286b1cce702) (ScriptedImporter) -> (artifact id: '8a505908698e69ec9b6d96694107118f') in 0.0149069 seconds
Number of updated asset objects reloaded before import = 0Number of asset objects unloaded after import = 1

========================================================================
Received Import Request.
  Time since last request: 118.429444 seconds.
  path: Assets/Furniture Mega Pack/Materials/Chair/mat_Chair06.mat
  artifactKey: Guid(011f60e93f286c94281b6fe7d51fee56) Importer(2089858483,192608db42251d675da83286b1cce702)
Start importing Assets/Furniture Mega Pack/Materials/Chair/mat_Chair06.mat using Guid(011f60e93f286c94281b6fe7d51fee56) Importer(2089858483,192608db42251d675da83286b1cce702) (ScriptedImporter) -> (artifact id: '5a9769acf3bb7d4fa48e87385ecf6677') in 0.0331139 seconds
Number of updated asset objects reloaded before import = 0Number of asset objects unloaded after import = 4

========================================================================
Received Import Request.
  Time since last request: 0.000016 seconds.
  path: Assets/Furniture Mega Pack/Prefabs/Closets/Closet36.prefab
  artifactKey: Guid(d9bca690979e8a746a244f41022d3fc7) Importer(2089858483,192608db42251d675da83286b1cce702)
Start importing Assets/Furniture Mega Pack/Prefabs/Closets/Closet36.prefab using Guid(d9bca690979e8a746a244f41022d3fc7) Importer(2089858483,192608db42251d675da83286b1cce702) (ScriptedImporter) -> (artifact id: '31c45fad404ee921566c07fdc4b5fb7b') in 0.0233156 seconds
Number of updated asset objects reloaded before import = 0Number of asset objects unloaded after import = 9

========================================================================
Received Import Request.
  Time since last request: 0.000015 seconds.
  path: Assets/Furniture Mega Pack/Textures/Sofas/Sofa11/Sofa11_mat_Sofa11_AlbedoTransparency.png
  artifactKey: Guid(61717d662eb152742b98668902f1fda0) Importer(2089858483,192608db42251d675da83286b1cce702)
Start importing Assets/Furniture Mega Pack/Textures/Sofas/Sofa11/Sofa11_mat_Sofa11_AlbedoTransparency.png using Guid(61717d662eb152742b98668902f1fda0) Importer(2089858483,192608db42251d675da83286b1cce702) (ScriptedImporter) -> (artifact id: 'bed3c080acff6de9fdc0587bc1bc20a3') in 0.0215251 seconds
Number of updated asset objects reloaded before import = 0Number of asset objects unloaded after import = 1

========================================================================
Received Import Request.
  Time since last request: 0.000019 seconds.
  path: Assets/Furniture Mega Pack/Prefabs/Cushioins/Cushion36.prefab
  artifactKey: Guid(3bacba4f69e99db41b59608ce62ce089) Importer(2089858483,192608db42251d675da83286b1cce702)
Start importing Assets/Furniture Mega Pack/Prefabs/Cushioins/Cushion36.prefab using Guid(3bacba4f69e99db41b59608ce62ce089) Importer(2089858483,192608db42251d675da83286b1cce702) (ScriptedImporter) -> (artifact id: '55c4da11d46571dc0bd62a2518093ec2') in 0.0187033 seconds
Number of updated asset objects reloaded before import = 0Number of asset objects unloaded after import = 9

========================================================================
Received Import Request.
  Time since last request: 0.000012 seconds.
  path: Assets/Furniture Mega Pack/Textures/Sofas/Sofa25/Sofa25_mat_Sofa25_Normal.png
  artifactKey: Guid(e0b5107c1af10f34ca8cef97f79c4720) Importer(2089858483,192608db42251d675da83286b1cce702)
Start importing Assets/Furniture Mega Pack/Textures/Sofas/Sofa25/Sofa25_mat_Sofa25_Normal.png using Guid(e0b5107c1af10f34ca8cef97f79c4720) Importer(2089858483,192608db42251d675da83286b1cce702) (ScriptedImporter) -> (artifact id: 'd35f69c9abe124bbd89782011892e7ac') in 0.0220745 seconds
Number of updated asset objects reloaded before import = 0Number of asset objects unloaded after import = 1

========================================================================
Received Import Request.
  Time since last request: 0.000011 seconds.
  path: Assets/Furniture Mega Pack/FBX/Table/Table16.fbx
  artifactKey: Guid(dae05536ab8296e4db4f9ba03c7aaca1) Importer(2089858483,192608db42251d675da83286b1cce702)
Start importing Assets/Furniture Mega Pack/FBX/Table/Table16.fbx using Guid(dae05536ab8296e4db4f9ba03c7aaca1) Importer(2089858483,192608db42251d675da83286b1cce702) (ScriptedImporter) -> (artifact id: 'ba513d0783db458808156b81fc4f1633') in 0.020538 seconds
Number of updated asset objects reloaded before import = 0Number of asset objects unloaded after import = 8

========================================================================
Received Import Request.
  Time since last request: 0.000010 seconds.
  path: Assets/Furniture Mega Pack/Materials/Chair/mat_Chair47.mat
  artifactKey: Guid(3ff494926fd7aef4d8a204012608e9aa) Importer(2089858483,192608db42251d675da83286b1cce702)
Start importing Assets/Furniture Mega Pack/Materials/Chair/mat_Chair47.mat using Guid(3ff494926fd7aef4d8a204012608e9aa) Importer(2089858483,192608db42251d675da83286b1cce702) (ScriptedImporter) -> (artifact id: 'bcc47d49eed85b731835878e9a5f3390') in 0.0195843 seconds
Number of updated asset objects reloaded before import = 0Number of asset objects unloaded after import = 4

========================================================================
Received Import Request.
  Time since last request: 0.000011 seconds.
  path: Assets/Furniture Mega Pack/Prefabs/Bathroom/TissueHanger01.prefab
  artifactKey: Guid(9bdcb33c2a78d0d49a739f83ed245b35) Importer(2089858483,192608db42251d675da83286b1cce702)
Start importing Assets/Furniture Mega Pack/Prefabs/Bathroom/TissueHanger01.prefab using Guid(9bdcb33c2a78d0d49a739f83ed245b35) Importer(2089858483,192608db42251d675da83286b1cce702) (ScriptedImporter) -> (artifact id: 'd92965bdfa96dab7e58ac4bf7b5df056') in 0.020259 seconds
Number of updated asset objects reloaded before import = 0Number of asset objects unloaded after import = 9

========================================================================
Received Import Request.
  Time since last request: 0.000011 seconds.
  path: Assets/Furniture Mega Pack/Textures/Sofas/Sofa37
  artifactKey: Guid(e63ec290a121bc5488cb56143a63cb32) Importer(2089858483,192608db42251d675da83286b1cce702)
Start importing Assets/Furniture Mega Pack/Textures/Sofas/Sofa37 using Guid(e63ec290a121bc5488cb56143a63cb32) Importer(2089858483,192608db42251d675da83286b1cce702) (ScriptedImporter) -> (artifact id: 'be330f6814028e892304522c9c4134b0') in 0.0103525 seconds
Number of updated asset objects reloaded before import = 0Number of asset objects unloaded after import = 1

========================================================================
Received Import Request.
  Time since last request: 0.000018 seconds.
  path: Assets/Furniture Mega Pack/Textures/Tables/Table03/Table03_mat_Table03_MetallicSmoothness.png
  artifactKey: Guid(eebc9db2a3022cc469fdcac5378daec4) Importer(2089858483,192608db42251d675da83286b1cce702)
Start importing Assets/Furniture Mega Pack/Textures/Tables/Table03/Table03_mat_Table03_MetallicSmoothness.png using Guid(eebc9db2a3022cc469fdcac5378daec4) Importer(2089858483,192608db42251d675da83286b1cce702) (ScriptedImporter) -> (artifact id: '1d9362c0797528706a6f35b8b154d1ae') in 0.0214159 seconds
Number of updated asset objects reloaded before import = 0Number of asset objects unloaded after import = 1

========================================================================
Received Import Request.
  Time since last request: 0.000022 seconds.
  path: Assets/Furniture Mega Pack/FBX/Table/Table39.fbx
  artifactKey: Guid(1c1c111bfb7ecf34c91ed94904a4cc91) Importer(2089858483,192608db42251d675da83286b1cce702)
Start importing Assets/Furniture Mega Pack/FBX/Table/Table39.fbx using Guid(1c1c111bfb7ecf34c91ed94904a4cc91) Importer(2089858483,192608db42251d675da83286b1cce702) (ScriptedImporter) -> (artifact id: '204c5de8fda419a3291dc1a57593a608') in 0.0202027 seconds
Number of updated asset objects reloaded before import = 0Number of asset objects unloaded after import = 8

========================================================================
Received Import Request.
  Time since last request: 0.000012 seconds.
  path: Assets/Furniture Mega Pack/Textures/Tables/Table35
  artifactKey: Guid(9f653aff792bd95498cabed1d74f9f40) Importer(2089858483,192608db42251d675da83286b1cce702)
Start importing Assets/Furniture Mega Pack/Textures/Tables/Table35 using Guid(9f653aff792bd95498cabed1d74f9f40) Importer(2089858483,192608db42251d675da83286b1cce702) (ScriptedImporter) -> (artifact id: 'c736d490317eb2009c59eb807f10d5c8') in 0.0095438 seconds
Number of updated asset objects reloaded before import = 0Number of asset objects unloaded after import = 1

========================================================================
Received Import Request.
  Time since last request: 0.000015 seconds.
  path: Assets/Furniture Mega Pack/Textures/Tables/Table49
  artifactKey: Guid(3763ca151009e0b4299d76351d5f2e6d) Importer(2089858483,192608db42251d675da83286b1cce702)
Start importing Assets/Furniture Mega Pack/Textures/Tables/Table49 using Guid(3763ca151009e0b4299d76351d5f2e6d) Importer(2089858483,192608db42251d675da83286b1cce702) (ScriptedImporter) -> (artifact id: '063bba51fbdb6297a753caa1db981f8e') in 0.011009 seconds
Number of updated asset objects reloaded before import = 0Number of asset objects unloaded after import = 1

========================================================================
Received Import Request.
  Time since last request: 0.000014 seconds.
  path: Assets/Furniture Mega Pack/FBX/Bathroom/Toilet03.fbx
  artifactKey: Guid(2bbb9bf0ef302bc4a839437a30327c57) Importer(2089858483,192608db42251d675da83286b1cce702)
Start importing Assets/Furniture Mega Pack/FBX/Bathroom/Toilet03.fbx using Guid(2bbb9bf0ef302bc4a839437a30327c57) Importer(2089858483,192608db42251d675da83286b1cce702) (ScriptedImporter) -> (artifact id: '7421bb09938fe89cb761337cc5efa8c7') in 0.0298827 seconds
Number of updated asset objects reloaded before import = 0Number of asset objects unloaded after import = 25

========================================================================
Received Import Request.
  Time since last request: 0.000012 seconds.
  path: Assets/Furniture Mega Pack/Textures/Tables/Table20
  artifactKey: Guid(6c647cf02e3f75e4c8c1e5b9883311ff) Importer(2089858483,192608db42251d675da83286b1cce702)
Start importing Assets/Furniture Mega Pack/Textures/Tables/Table20 using Guid(6c647cf02e3f75e4c8c1e5b9883311ff) Importer(2089858483,192608db42251d675da83286b1cce702) (ScriptedImporter) -> (artifact id: '6f29c795457950860342104ef717ef8d') in 0.0107029 seconds
Number of updated asset objects reloaded before import = 0Number of asset objects unloaded after import = 1

========================================================================
Received Import Request.
  Time since last request: 0.000016 seconds.
  path: Assets/Furniture Mega Pack/Materials/Sofa/mat_Sofa32.mat
  artifactKey: Guid(32e43949363267249be28a71582f9628) Importer(2089858483,192608db42251d675da83286b1cce702)
Start importing Assets/Furniture Mega Pack/Materials/Sofa/mat_Sofa32.mat using Guid(32e43949363267249be28a71582f9628) Importer(2089858483,192608db42251d675da83286b1cce702) (ScriptedImporter) -> (artifact id: '7a4d3139010e61cfc50d3a480ee01d8d') in 0.0218417 seconds
Number of updated asset objects reloaded before import = 0Number of asset objects unloaded after import = 4

========================================================================
Received Import Request.
  Time since last request: 0.000013 seconds.
  path: Assets/Furniture Mega Pack/Prefabs/Kitchen/CabinetC_Sink.prefab
  artifactKey: Guid(49aff6557c8b33449bbf335f9e02fd18) Importer(2089858483,192608db42251d675da83286b1cce702)
Start importing Assets/Furniture Mega Pack/Prefabs/Kitchen/CabinetC_Sink.prefab using Guid(49aff6557c8b33449bbf335f9e02fd18) Importer(2089858483,192608db42251d675da83286b1cce702) (ScriptedImporter) -> (artifact id: '5bae4722d7cfdaee4020137b80061e8e') in 0.0210776 seconds
Number of updated asset objects reloaded before import = 0Number of asset objects unloaded after import = 19

========================================================================
Received Import Request.
  Time since last request: 0.000020 seconds.
  path: Assets/Furniture Mega Pack/Textures/Tables/Table12
  artifactKey: Guid(a10f06ebda4a07c4abe8529227c1dcd5) Importer(2089858483,192608db42251d675da83286b1cce702)
Start importing Assets/Furniture Mega Pack/Textures/Tables/Table12 using Guid(a10f06ebda4a07c4abe8529227c1dcd5) Importer(2089858483,192608db42251d675da83286b1cce702) (ScriptedImporter) -> (artifact id: '48d8e99963c2b535a973f0ce6844d207') in 0.0109294 seconds
Number of updated asset objects reloaded before import = 0Number of asset objects unloaded after import = 1

========================================================================
Received Import Request.
  Time since last request: 0.000013 seconds.
  path: Assets/Furniture Mega Pack/FBX/Closet/Closet34.fbx
  artifactKey: Guid(ff023c5c995d2ac4b881818aeb49bc9f) Importer(2089858483,192608db42251d675da83286b1cce702)
Start importing Assets/Furniture Mega Pack/FBX/Closet/Closet34.fbx using Guid(ff023c5c995d2ac4b881818aeb49bc9f) Importer(2089858483,192608db42251d675da83286b1cce702) (ScriptedImporter) -> (artifact id: 'aa7ea8e8fd2b84369d873094711fe728') in 0.0243193 seconds
Number of updated asset objects reloaded before import = 0Number of asset objects unloaded after import = 10

========================================================================
Received Import Request.
  Time since last request: 0.000012 seconds.
  path: Assets/Furniture Mega Pack/Textures/Tables/Table44/Table44_mat_Table44_MetallicSmoothness.png
  artifactKey: Guid(18d99c86d5a0ca04eb364701c76e5f4d) Importer(2089858483,192608db42251d675da83286b1cce702)
Start importing Assets/Furniture Mega Pack/Textures/Tables/Table44/Table44_mat_Table44_MetallicSmoothness.png using Guid(18d99c86d5a0ca04eb364701c76e5f4d) Importer(2089858483,192608db42251d675da83286b1cce702) (ScriptedImporter) -> (artifact id: '4afeb51810e1fb4fa4a74979c91a54ce') in 0.0191457 seconds
Number of updated asset objects reloaded before import = 0Number of asset objects unloaded after import = 1

========================================================================
Received Import Request.
  Time since last request: 0.000011 seconds.
  path: Assets/Furniture Mega Pack/Prefabs/Drawers/Drawer36.prefab
  artifactKey: Guid(a1c8c2454b0c95942944c837286faa71) Importer(2089858483,192608db42251d675da83286b1cce702)
Start importing Assets/Furniture Mega Pack/Prefabs/Drawers/Drawer36.prefab using Guid(a1c8c2454b0c95942944c837286faa71) Importer(2089858483,192608db42251d675da83286b1cce702) (ScriptedImporter) -> (artifact id: '022d45ec68f008d91c22c91c719c540b') in 0.0213277 seconds
Number of updated asset objects reloaded before import = 0Number of asset objects unloaded after import = 39

========================================================================
Received Import Request.
  Time since last request: 0.000011 seconds.
  path: Assets/Furniture Mega Pack/Prefabs/Sofas/Sofa37.prefab
  artifactKey: Guid(396fa738e5240d44db7c810eba66ee76) Importer(2089858483,192608db42251d675da83286b1cce702)
Start importing Assets/Furniture Mega Pack/Prefabs/Sofas/Sofa37.prefab using Guid(396fa738e5240d44db7c810eba66ee76) Importer(2089858483,192608db42251d675da83286b1cce702) (ScriptedImporter) -> (artifact id: '60699d31b2db4c54489edaecdc2b1652') in 0.0223984 seconds
Number of updated asset objects reloaded before import = 0Number of asset objects unloaded after import = 9

========================================================================
Received Import Request.
  Time since last request: 0.000012 seconds.
  path: Assets/Furniture Mega Pack/Textures/Kitchen/AtlasTexture_KitchenCollection_Atlastexture_KitchenCollection_Normal.png
  artifactKey: Guid(924cdcce2161686499ed87fb56b6bc82) Importer(2089858483,192608db42251d675da83286b1cce702)
Start importing Assets/Furniture Mega Pack/Textures/Kitchen/AtlasTexture_KitchenCollection_Atlastexture_KitchenCollection_Normal.png using Guid(924cdcce2161686499ed87fb56b6bc82) Importer(2089858483,192608db42251d675da83286b1cce702) (ScriptedImporter) -> (artifact id: '614e392f2153e44783906e7bcbde9c5d') in 0.0206868 seconds
Number of updated asset objects reloaded before import = 0Number of asset objects unloaded after import = 1

========================================================================
Received Import Request.
  Time since last request: 0.000015 seconds.
  path: Assets/Furniture Mega Pack/FBX/Bathroom/BathroomVanity05.fbx
  artifactKey: Guid(475f1ec0c321a8f40b2d86a540da9951) Importer(2089858483,192608db42251d675da83286b1cce702)
Start importing Assets/Furniture Mega Pack/FBX/Bathroom/BathroomVanity05.fbx using Guid(475f1ec0c321a8f40b2d86a540da9951) Importer(2089858483,192608db42251d675da83286b1cce702) (ScriptedImporter) -> (artifact id: '5c7746b5f7e23cfeb9db16a1026103f7') in 0.0340627 seconds
Number of updated asset objects reloaded before import = 0Number of asset objects unloaded after import = 25

========================================================================
Received Import Request.
  Time since last request: 0.000021 seconds.
  path: Assets/Furniture Mega Pack/FBX/Closet/Closet50.fbx
  artifactKey: Guid(2e776eecf23953747b6689aff705fa98) Importer(2089858483,192608db42251d675da83286b1cce702)
Start importing Assets/Furniture Mega Pack/FBX/Closet/Closet50.fbx using Guid(2e776eecf23953747b6689aff705fa98) Importer(2089858483,192608db42251d675da83286b1cce702) (ScriptedImporter) -> (artifact id: '4bc791c730fc020f005263a89cdb7e72') in 0.0283393 seconds
Number of updated asset objects reloaded before import = 0Number of asset objects unloaded after import = 20

========================================================================
Received Import Request.
  Time since last request: 0.000013 seconds.
  path: Assets/Furniture Mega Pack/Materials/Chair/mat_Chair34.mat
  artifactKey: Guid(91517bea0b50b344abbcdc1825376f57) Importer(2089858483,192608db42251d675da83286b1cce702)
Start importing Assets/Furniture Mega Pack/Materials/Chair/mat_Chair34.mat using Guid(91517bea0b50b344abbcdc1825376f57) Importer(2089858483,192608db42251d675da83286b1cce702) (ScriptedImporter) -> (artifact id: '44f78f5685531559b5a7eb9f1671e0a2') in 0.0199245 seconds
Number of updated asset objects reloaded before import = 0Number of asset objects unloaded after import = 4

========================================================================
Received Import Request.
  Time since last request: 0.000012 seconds.
  path: Assets/Furniture Mega Pack/Materials/Sofa/mat_Sofa20.mat
  artifactKey: Guid(5bcccac276394cf4a887ac81aef4b2c1) Importer(2089858483,192608db42251d675da83286b1cce702)
Start importing Assets/Furniture Mega Pack/Materials/Sofa/mat_Sofa20.mat using Guid(5bcccac276394cf4a887ac81aef4b2c1) Importer(2089858483,192608db42251d675da83286b1cce702) (ScriptedImporter) -> (artifact id: '9b6d9016260ad47547a8688eb2e20055') in 0.0203207 seconds
Number of updated asset objects reloaded before import = 0Number of asset objects unloaded after import = 4

========================================================================
Received Import Request.
  Time since last request: 0.000011 seconds.
  path: Assets/Furniture Mega Pack/Textures/Cushions
  artifactKey: Guid(b30eafd606a13fd4684959f101da4b35) Importer(2089858483,192608db42251d675da83286b1cce702)
Start importing Assets/Furniture Mega Pack/Textures/Cushions using Guid(b30eafd606a13fd4684959f101da4b35) Importer(2089858483,192608db42251d675da83286b1cce702) (ScriptedImporter) -> (artifact id: '2671eec1ed0825ba501cbc91a12054a6') in 0.008436 seconds
Number of updated asset objects reloaded before import = 0Number of asset objects unloaded after import = 1

========================================================================
Received Import Request.
  Time since last request: 0.000011 seconds.
  path: Assets/Furniture Mega Pack/Textures/Sofas/Sofa17/Sofa17_mat_Sofa17_Normal.png
  artifactKey: Guid(9f326ad488b8f83428037ca06b5484fa) Importer(2089858483,192608db42251d675da83286b1cce702)
Start importing Assets/Furniture Mega Pack/Textures/Sofas/Sofa17/Sofa17_mat_Sofa17_Normal.png using Guid(9f326ad488b8f83428037ca06b5484fa) Importer(2089858483,192608db42251d675da83286b1cce702) (ScriptedImporter) -> (artifact id: '24a2be0152de890c242a55bd85ca3123') in 0.0204724 seconds
Number of updated asset objects reloaded before import = 0Number of asset objects unloaded after import = 1

========================================================================
Received Import Request.
  Time since last request: 0.000013 seconds.
  path: Assets/Furniture Mega Pack/Materials/Chair/mat_Chair38.mat
  artifactKey: Guid(5a5c1449142da934188f0440f8172794) Importer(2089858483,192608db42251d675da83286b1cce702)
Start importing Assets/Furniture Mega Pack/Materials/Chair/mat_Chair38.mat using Guid(5a5c1449142da934188f0440f8172794) Importer(2089858483,192608db42251d675da83286b1cce702) (ScriptedImporter) -> (artifact id: '50aab447190d165bf30b71a1efdcc311') in 0.0212282 seconds
Number of updated asset objects reloaded before import = 0Number of asset objects unloaded after import = 4

========================================================================
Received Import Request.
  Time since last request: 0.000014 seconds.
  path: Assets/Furniture Mega Pack/Textures/Tables/Table12/Table12_mat_Table12_AlbedoTransparency.png
  artifactKey: Guid(b6c6e964dabfaca49943241d150872bd) Importer(2089858483,192608db42251d675da83286b1cce702)
Start importing Assets/Furniture Mega Pack/Textures/Tables/Table12/Table12_mat_Table12_AlbedoTransparency.png using Guid(b6c6e964dabfaca49943241d150872bd) Importer(2089858483,192608db42251d675da83286b1cce702) (ScriptedImporter) -> (artifact id: '1a312986c0743aaa944e44868b6a7a10') in 0.018628 seconds
Number of updated asset objects reloaded before import = 0Number of asset objects unloaded after import = 1

========================================================================
Received Import Request.
  Time since last request: 0.000019 seconds.
  path: Assets/Furniture Mega Pack/Textures/Tables/Table34/Table34_mat_Table34_AlbedoTransparency.png
  artifactKey: Guid(3338849d75500624b8380df0b744591f) Importer(2089858483,192608db42251d675da83286b1cce702)
Start importing Assets/Furniture Mega Pack/Textures/Tables/Table34/Table34_mat_Table34_AlbedoTransparency.png using Guid(3338849d75500624b8380df0b744591f) Importer(2089858483,192608db42251d675da83286b1cce702) (ScriptedImporter) -> (artifact id: 'ec80c7c42889f9ddf27acceb016ae18b') in 0.018361 seconds
Number of updated asset objects reloaded before import = 0Number of asset objects unloaded after import = 1

========================================================================
Received Import Request.
  Time since last request: 0.000013 seconds.
  path: Assets/Furniture Mega Pack/Textures/Tables/Table23/Table23_mat_Table23_Normal.png
  artifactKey: Guid(b7846ad7e0887a84b8e49bf9cb6c3992) Importer(2089858483,192608db42251d675da83286b1cce702)
Start importing Assets/Furniture Mega Pack/Textures/Tables/Table23/Table23_mat_Table23_Normal.png using Guid(b7846ad7e0887a84b8e49bf9cb6c3992) Importer(2089858483,192608db42251d675da83286b1cce702) (ScriptedImporter) -> (artifact id: '37d9bac59c7ac8e473ac61b4d020ffd1') in 0.0190249 seconds
Number of updated asset objects reloaded before import = 0Number of asset objects unloaded after import = 1

========================================================================
Received Import Request.
  Time since last request: 0.000011 seconds.
  path: Assets/Furniture Mega Pack/Prefabs/Kitchen/GasStove02.prefab
  artifactKey: Guid(d8606f2d39bb7f8409da9460a84275a1) Importer(2089858483,192608db42251d675da83286b1cce702)
Start importing Assets/Furniture Mega Pack/Prefabs/Kitchen/GasStove02.prefab using Guid(d8606f2d39bb7f8409da9460a84275a1) Importer(2089858483,192608db42251d675da83286b1cce702) (ScriptedImporter) -> (artifact id: '8e4a794959930ea17a3dd7af5e654927') in 0.0206563 seconds
Number of updated asset objects reloaded before import = 0Number of asset objects unloaded after import = 19

========================================================================
Received Import Request.
  Time since last request: 0.000009 seconds.
  path: Assets/Furniture Mega Pack/Materials/Chair/mat_Chair09.mat
  artifactKey: Guid(f307c70dc4ccc7142b91748155d42211) Importer(2089858483,192608db42251d675da83286b1cce702)
Start importing Assets/Furniture Mega Pack/Materials/Chair/mat_Chair09.mat using Guid(f307c70dc4ccc7142b91748155d42211) Importer(2089858483,192608db42251d675da83286b1cce702) (ScriptedImporter) -> (artifact id: 'b481213ca7ca4a10b46bef6812bffbcf') in 0.0196538 seconds
Number of updated asset objects reloaded before import = 0Number of asset objects unloaded after import = 4

========================================================================
Received Import Request.
  Time since last request: 0.000011 seconds.
  path: Assets/Furniture Mega Pack/Textures/Closet/AtlasTexture_Closet_Normal.png
  artifactKey: Guid(3b2b04765bc760148b4b6560492f7c27) Importer(2089858483,192608db42251d675da83286b1cce702)
Start importing Assets/Furniture Mega Pack/Textures/Closet/AtlasTexture_Closet_Normal.png using Guid(3b2b04765bc760148b4b6560492f7c27) Importer(2089858483,192608db42251d675da83286b1cce702) (ScriptedImporter) -> (artifact id: '9fd2615c2a0bc3a0a3c9b33184fe0374') in 0.0181619 seconds
Number of updated asset objects reloaded before import = 0Number of asset objects unloaded after import = 1

========================================================================
Received Import Request.
  Time since last request: 0.000013 seconds.
  path: Assets/Furniture Mega Pack/Textures/Chairs/Chair27/Chair27_mat_Chair27_AlbedoTransparency.png
  artifactKey: Guid(b86cdfde26f58614388e01e6f9fd7799) Importer(2089858483,192608db42251d675da83286b1cce702)
Start importing Assets/Furniture Mega Pack/Textures/Chairs/Chair27/Chair27_mat_Chair27_AlbedoTransparency.png using Guid(b86cdfde26f58614388e01e6f9fd7799) Importer(2089858483,192608db42251d675da83286b1cce702) (ScriptedImporter) -> (artifact id: 'f1c39486b4b43e787620f30d5c37a81c') in 0.0182912 seconds
Number of updated asset objects reloaded before import = 0Number of asset objects unloaded after import = 1

========================================================================
Received Import Request.
  Time since last request: 0.951865 seconds.
  path: Assets/Furniture Mega Pack/Prefabs/Closets/Closet35.prefab
  artifactKey: Guid(18ab8441bc004f446b0bd6479a1f8431) Importer(2089858483,192608db42251d675da83286b1cce702)
Start importing Assets/Furniture Mega Pack/Prefabs/Closets/Closet35.prefab using Guid(18ab8441bc004f446b0bd6479a1f8431) Importer(2089858483,192608db42251d675da83286b1cce702) (ScriptedImporter) -> (artifact id: '5409d271f89be5089657950db283609e') in 0.0214873 seconds
Number of updated asset objects reloaded before import = 0Number of asset objects unloaded after import = 9

========================================================================
Received Import Request.
  Time since last request: 0.000010 seconds.
  path: Assets/Furniture Mega Pack/Textures/Sofas/Sofa33/Sofa33_mat_Sofa33_AlbedoTransparency.png
  artifactKey: Guid(654444278af5ed244a6ffadedba0615d) Importer(2089858483,192608db42251d675da83286b1cce702)
Start importing Assets/Furniture Mega Pack/Textures/Sofas/Sofa33/Sofa33_mat_Sofa33_AlbedoTransparency.png using Guid(654444278af5ed244a6ffadedba0615d) Importer(2089858483,192608db42251d675da83286b1cce702) (ScriptedImporter) -> (artifact id: 'f490728a19176539a1fb94c75b63cd40') in 0.0192994 seconds
Number of updated asset objects reloaded before import = 0Number of asset objects unloaded after import = 1

========================================================================
Received Import Request.
  Time since last request: 0.000014 seconds.
  path: Assets/Furniture Mega Pack/Textures/Bed/Blanket/AtlasTexture_Blanket_DefaultMaterial_MetallicSmoothness.png
  artifactKey: Guid(c2f9325ce48498945bd830bbee92eca3) Importer(2089858483,192608db42251d675da83286b1cce702)
Start importing Assets/Furniture Mega Pack/Textures/Bed/Blanket/AtlasTexture_Blanket_DefaultMaterial_MetallicSmoothness.png using Guid(c2f9325ce48498945bd830bbee92eca3) Importer(2089858483,192608db42251d675da83286b1cce702) (ScriptedImporter) -> (artifact id: 'cd7769a3d3353b746e217ee2e9164515') in 0.0202654 seconds
Number of updated asset objects reloaded before import = 0Number of asset objects unloaded after import = 1

========================================================================
Received Import Request.
  Time since last request: 0.000017 seconds.
  path: Assets/Furniture Mega Pack/Textures/Tables/Table43/Table43_mat_Table43_AlbedoTransparency.png
  artifactKey: Guid(5b67e79a6abfb97488910ae16f4714b1) Importer(2089858483,192608db42251d675da83286b1cce702)
Start importing Assets/Furniture Mega Pack/Textures/Tables/Table43/Table43_mat_Table43_AlbedoTransparency.png using Guid(5b67e79a6abfb97488910ae16f4714b1) Importer(2089858483,192608db42251d675da83286b1cce702) (ScriptedImporter) -> (artifact id: '3e6bd76bcb6c7693ef3efc21bf42fc7c') in 0.0174674 seconds
Number of updated asset objects reloaded before import = 0Number of asset objects unloaded after import = 1

========================================================================
Received Import Request.
  Time since last request: 0.000012 seconds.
  path: Assets/Furniture Mega Pack/Textures/Tables/Table31/Table31_mat_Table31_AlbedoTransparency.png
  artifactKey: Guid(022c27bb0741b434e9e27726822b111a) Importer(2089858483,192608db42251d675da83286b1cce702)
Start importing Assets/Furniture Mega Pack/Textures/Tables/Table31/Table31_mat_Table31_AlbedoTransparency.png using Guid(022c27bb0741b434e9e27726822b111a) Importer(2089858483,192608db42251d675da83286b1cce702) (ScriptedImporter) -> (artifact id: 'ee47147c1e9067dff804349a9772770b') in 0.0193055 seconds
Number of updated asset objects reloaded before import = 0Number of asset objects unloaded after import = 1

========================================================================
Received Import Request.
  Time since last request: 0.000011 seconds.
  path: Assets/Furniture Mega Pack/Textures/Cushions/Cushion41_48/Cushion41_48_mat_Cushion41_48_Normal.png
  artifactKey: Guid(efe50577c039d244682306809d2f9b58) Importer(2089858483,192608db42251d675da83286b1cce702)
Start importing Assets/Furniture Mega Pack/Textures/Cushions/Cushion41_48/Cushion41_48_mat_Cushion41_48_Normal.png using Guid(efe50577c039d244682306809d2f9b58) Importer(2089858483,192608db42251d675da83286b1cce702) (ScriptedImporter) -> (artifact id: '424518050a22675b8f41d3ac493dc327') in 0.0200702 seconds
Number of updated asset objects reloaded before import = 0Number of asset objects unloaded after import = 1

========================================================================
Received Import Request.
  Time since last request: 0.000011 seconds.
  path: Assets/Furniture Mega Pack/FBX/Closet/Closet38.fbx
  artifactKey: Guid(84940a130f744d24a81966b38f8306d2) Importer(2089858483,192608db42251d675da83286b1cce702)
Start importing Assets/Furniture Mega Pack/FBX/Closet/Closet38.fbx using Guid(84940a130f744d24a81966b38f8306d2) Importer(2089858483,192608db42251d675da83286b1cce702) (ScriptedImporter) -> (artifact id: 'f69ee13f2bb99272546bfa54512f18d2') in 0.0216944 seconds
Number of updated asset objects reloaded before import = 0Number of asset objects unloaded after import = 10

========================================================================
Received Import Request.
  Time since last request: 0.000011 seconds.
  path: Assets/Furniture Mega Pack/Materials/Sofa/mat_Sofa11.mat
  artifactKey: Guid(ad02c60042dec314e98da8810599bb8c) Importer(2089858483,192608db42251d675da83286b1cce702)
Start importing Assets/Furniture Mega Pack/Materials/Sofa/mat_Sofa11.mat using Guid(ad02c60042dec314e98da8810599bb8c) Importer(2089858483,192608db42251d675da83286b1cce702) (ScriptedImporter) -> (artifact id: '258ed2cb6781520285f900ccae140a8d') in 0.0199195 seconds
Number of updated asset objects reloaded before import = 0Number of asset objects unloaded after import = 4

========================================================================
Received Import Request.
  Time since last request: 0.000010 seconds.
  path: Assets/Furniture Mega Pack/Textures/Sofas/Sofa22/Sofa22_mat_Sofa22_AlbedoTransparency.png
  artifactKey: Guid(34df7ff401a0ed34c8fd46f924e07299) Importer(2089858483,192608db42251d675da83286b1cce702)
Start importing Assets/Furniture Mega Pack/Textures/Sofas/Sofa22/Sofa22_mat_Sofa22_AlbedoTransparency.png using Guid(34df7ff401a0ed34c8fd46f924e07299) Importer(2089858483,192608db42251d675da83286b1cce702) (ScriptedImporter) -> (artifact id: '9eaa3427b68a606114c30fd5a911ef97') in 0.0202803 seconds
Number of updated asset objects reloaded before import = 0Number of asset objects unloaded after import = 1

========================================================================
Received Import Request.
  Time since last request: 0.000014 seconds.
  path: Assets/Furniture Mega Pack/FBX/Drawer/Drawer13.fbx
  artifactKey: Guid(62dd75c3ce9f7d24db3bc909fe0400e5) Importer(2089858483,192608db42251d675da83286b1cce702)
Start importing Assets/Furniture Mega Pack/FBX/Drawer/Drawer13.fbx using Guid(62dd75c3ce9f7d24db3bc909fe0400e5) Importer(2089858483,192608db42251d675da83286b1cce702) (ScriptedImporter) -> (artifact id: 'a208df8b47166ca21383400b1750089a') in 0.0327377 seconds
Number of updated asset objects reloaded before import = 0Number of asset objects unloaded after import = 40

========================================================================
Received Import Request.
  Time since last request: 0.000021 seconds.
  path: Assets/Furniture Mega Pack/Prefabs
  artifactKey: Guid(d8961a87e76d68e45a078fa5e15bc689) Importer(2089858483,192608db42251d675da83286b1cce702)
Start importing Assets/Furniture Mega Pack/Prefabs using Guid(d8961a87e76d68e45a078fa5e15bc689) Importer(2089858483,192608db42251d675da83286b1cce702) (ScriptedImporter) -> (artifact id: '68cc20963066405aa939e32ca4441009') in 0.0093868 seconds
Number of updated asset objects reloaded before import = 0Number of asset objects unloaded after import = 1

========================================================================
Received Import Request.
  Time since last request: 0.000010 seconds.
  path: Assets/Furniture Mega Pack/Materials/Chair/mat_Chair17.mat
  artifactKey: Guid(687762cb6aa996342aeaa461a634e666) Importer(2089858483,192608db42251d675da83286b1cce702)
Start importing Assets/Furniture Mega Pack/Materials/Chair/mat_Chair17.mat using Guid(687762cb6aa996342aeaa461a634e666) Importer(2089858483,192608db42251d675da83286b1cce702) (ScriptedImporter) -> (artifact id: '1bcf6c81fe235aee3dfd5d4f26ec2462') in 0.0188215 seconds
Number of updated asset objects reloaded before import = 0Number of asset objects unloaded after import = 4

========================================================================
Received Import Request.
  Time since last request: 0.000010 seconds.
  path: Assets/Furniture Mega Pack/Textures/Chairs/Chair43
  artifactKey: Guid(f4d9c0a3d778c714b9851c1fda490f49) Importer(2089858483,192608db42251d675da83286b1cce702)
Start importing Assets/Furniture Mega Pack/Textures/Chairs/Chair43 using Guid(f4d9c0a3d778c714b9851c1fda490f49) Importer(2089858483,192608db42251d675da83286b1cce702) (ScriptedImporter) -> (artifact id: '7c634ddf345f3bcf3cf83d049c2d9512') in 0.0104146 seconds
Number of updated asset objects reloaded before import = 0Number of asset objects unloaded after import = 1

========================================================================
Received Import Request.
  Time since last request: 0.000011 seconds.
  path: Assets/Furniture Mega Pack/Prefabs/Sofas/Sofa26.prefab
  artifactKey: Guid(b294daefa4de91b45b01c18e5f62edb4) Importer(2089858483,192608db42251d675da83286b1cce702)
Start importing Assets/Furniture Mega Pack/Prefabs/Sofas/Sofa26.prefab using Guid(b294daefa4de91b45b01c18e5f62edb4) Importer(2089858483,192608db42251d675da83286b1cce702) (ScriptedImporter) -> (artifact id: '4c692e7c6f22f473b1e35b97021a9d77') in 0.0211235 seconds
Number of updated asset objects reloaded before import = 0Number of asset objects unloaded after import = 9

========================================================================
Received Import Request.
  Time since last request: 0.000011 seconds.
  path: Assets/Furniture Mega Pack/Textures/Sofas/Sofa21
  artifactKey: Guid(e3b4d21121d8f564d83ee3485f986799) Importer(2089858483,192608db42251d675da83286b1cce702)
Start importing Assets/Furniture Mega Pack/Textures/Sofas/Sofa21 using Guid(e3b4d21121d8f564d83ee3485f986799) Importer(2089858483,192608db42251d675da83286b1cce702) (ScriptedImporter) -> (artifact id: '494997adaedafb677d56f87922648fd1') in 0.0099675 seconds
Number of updated asset objects reloaded before import = 0Number of asset objects unloaded after import = 1

========================================================================
Received Import Request.
  Time since last request: 0.000011 seconds.
  path: Assets/Furniture Mega Pack/Prefabs/Sofas/Sofa28.prefab
  artifactKey: Guid(74114ce2835a7194fb242cbfe3556893) Importer(2089858483,192608db42251d675da83286b1cce702)
Start importing Assets/Furniture Mega Pack/Prefabs/Sofas/Sofa28.prefab using Guid(74114ce2835a7194fb242cbfe3556893) Importer(2089858483,192608db42251d675da83286b1cce702) (ScriptedImporter) -> (artifact id: '29ce00a0c204b04169cf81107bc57711') in 0.0214766 seconds
Number of updated asset objects reloaded before import = 0Number of asset objects unloaded after import = 9

========================================================================
Received Import Request.
  Time since last request: 0.000015 seconds.
  path: Assets/Furniture Mega Pack/Textures/Tables/Table08/Table08_mat_Table08_Normal.png
  artifactKey: Guid(f0445de6e318f72498ab3a85b0a28fe0) Importer(2089858483,192608db42251d675da83286b1cce702)
Start importing Assets/Furniture Mega Pack/Textures/Tables/Table08/Table08_mat_Table08_Normal.png using Guid(f0445de6e318f72498ab3a85b0a28fe0) Importer(2089858483,192608db42251d675da83286b1cce702) (ScriptedImporter) -> (artifact id: 'e1960d8ad35b366dff7b919fce03bd34') in 0.020213 seconds
Number of updated asset objects reloaded before import = 0Number of asset objects unloaded after import = 1

========================================================================
Received Import Request.
  Time since last request: 0.000021 seconds.
  path: Assets/Furniture Mega Pack/Textures/Tables/Table33
  artifactKey: Guid(f1da65fbea3613242a75c0d0c8daeaba) Importer(2089858483,192608db42251d675da83286b1cce702)
Start importing Assets/Furniture Mega Pack/Textures/Tables/Table33 using Guid(f1da65fbea3613242a75c0d0c8daeaba) Importer(2089858483,192608db42251d675da83286b1cce702) (ScriptedImporter) -> (artifact id: 'c7b55c76bd9f5ac466b0c4aa1be84d6d') in 0.0097838 seconds
Number of updated asset objects reloaded before import = 0Number of asset objects unloaded after import = 1

========================================================================
Received Import Request.
  Time since last request: 0.000015 seconds.
  path: Assets/Furniture Mega Pack/Textures/Chairs/Chair11/Chair11_mat_Chair11_AlbedoTransparency.png
  artifactKey: Guid(144e54ca2a79d9f4aaf256e9fe90c2be) Importer(2089858483,192608db42251d675da83286b1cce702)
Start importing Assets/Furniture Mega Pack/Textures/Chairs/Chair11/Chair11_mat_Chair11_AlbedoTransparency.png using Guid(144e54ca2a79d9f4aaf256e9fe90c2be) Importer(2089858483,192608db42251d675da83286b1cce702) (ScriptedImporter) -> (artifact id: 'f00869cb8f04260e9ed44b302babb418') in 0.0183771 seconds
Number of updated asset objects reloaded before import = 0Number of asset objects unloaded after import = 1

========================================================================
Received Import Request.
  Time since last request: 0.000012 seconds.
  path: Assets/Furniture Mega Pack/Textures/Sofas/Sofa28/Sofa28_mat_Sofa28_Normal.png
  artifactKey: Guid(8f5dc0f5f1724994bbad2ca46a41dc5b) Importer(2089858483,192608db42251d675da83286b1cce702)
Start importing Assets/Furniture Mega Pack/Textures/Sofas/Sofa28/Sofa28_mat_Sofa28_Normal.png using Guid(8f5dc0f5f1724994bbad2ca46a41dc5b) Importer(2089858483,192608db42251d675da83286b1cce702) (ScriptedImporter) -> (artifact id: '17b6616ebd22c38d9e0dae2360816513') in 0.0194096 seconds
Number of updated asset objects reloaded before import = 0Number of asset objects unloaded after import = 1

========================================================================
Received Import Request.
  Time since last request: 0.000010 seconds.
  path: Assets/Furniture Mega Pack/Materials/Table/mat_Table24.mat
  artifactKey: Guid(3a92b8bee90ba8549bea9db0c27d344f) Importer(2089858483,192608db42251d675da83286b1cce702)
Start importing Assets/Furniture Mega Pack/Materials/Table/mat_Table24.mat using Guid(3a92b8bee90ba8549bea9db0c27d344f) Importer(2089858483,192608db42251d675da83286b1cce702) (ScriptedImporter) -> (artifact id: '30906cc80b495cc4515dea3b63958623') in 0.0181393 seconds
Number of updated asset objects reloaded before import = 0Number of asset objects unloaded after import = 4

========================================================================
Received Import Request.
  Time since last request: 0.000014 seconds.
  path: Assets/Furniture Mega Pack/FBX/Bathroom/BathroomVanity03.fbx
  artifactKey: Guid(ae35d271993b43e4c81233af3c122a83) Importer(2089858483,192608db42251d675da83286b1cce702)
Start importing Assets/Furniture Mega Pack/FBX/Bathroom/BathroomVanity03.fbx using Guid(ae35d271993b43e4c81233af3c122a83) Importer(2089858483,192608db42251d675da83286b1cce702) (ScriptedImporter) -> (artifact id: '934985c3efb271747adfc8e57e31515e') in 0.0274558 seconds
Number of updated asset objects reloaded before import = 0Number of asset objects unloaded after import = 20

========================================================================
Received Import Request.
  Time since last request: 0.000012 seconds.
  path: Assets/Furniture Mega Pack/Textures/Chairs/Chair01/Chair01_mat_Chair01_MetallicSmoothness.png
  artifactKey: Guid(36b796ecdf60073449bf13d5d456ed28) Importer(2089858483,192608db42251d675da83286b1cce702)
Start importing Assets/Furniture Mega Pack/Textures/Chairs/Chair01/Chair01_mat_Chair01_MetallicSmoothness.png using Guid(36b796ecdf60073449bf13d5d456ed28) Importer(2089858483,192608db42251d675da83286b1cce702) (ScriptedImporter) -> (artifact id: '8fd8793ea953f7b875693ece9daae8c6') in 0.0205655 seconds
Number of updated asset objects reloaded before import = 0Number of asset objects unloaded after import = 1

========================================================================
Received Import Request.
  Time since last request: 0.000013 seconds.
  path: Assets/Furniture Mega Pack/FBX/Closet/Closet43.fbx
  artifactKey: Guid(478aaaf25ee57234b927d1a5cff35367) Importer(2089858483,192608db42251d675da83286b1cce702)
Start importing Assets/Furniture Mega Pack/FBX/Closet/Closet43.fbx using Guid(478aaaf25ee57234b927d1a5cff35367) Importer(2089858483,192608db42251d675da83286b1cce702) (ScriptedImporter) -> (artifact id: '578c36c19c31d8df445ae53bc9231045') in 0.0275164 seconds
Number of updated asset objects reloaded before import = 0Number of asset objects unloaded after import = 15

========================================================================
Received Import Request.
  Time since last request: 0.000021 seconds.
  path: Assets/Furniture Mega Pack/FBX/Bathroom/WashBasin05.fbx
  artifactKey: Guid(8722731deb9bf7f4c92325268ce179aa) Importer(2089858483,192608db42251d675da83286b1cce702)
Start importing Assets/Furniture Mega Pack/FBX/Bathroom/WashBasin05.fbx using Guid(8722731deb9bf7f4c92325268ce179aa) Importer(2089858483,192608db42251d675da83286b1cce702) (ScriptedImporter) -> (artifact id: '8aeb3f76f417dd93e648b4ba55385674') in 0.0274138 seconds
Number of updated asset objects reloaded before import = 0Number of asset objects unloaded after import = 20

========================================================================
Received Import Request.
  Time since last request: 0.000012 seconds.
  path: Assets/Furniture Mega Pack/Textures/Sofas/Sofa23
  artifactKey: Guid(1db63b98befe7a24c8e7c5ac31d87da7) Importer(2089858483,192608db42251d675da83286b1cce702)
Start importing Assets/Furniture Mega Pack/Textures/Sofas/Sofa23 using Guid(1db63b98befe7a24c8e7c5ac31d87da7) Importer(2089858483,192608db42251d675da83286b1cce702) (ScriptedImporter) -> (artifact id: 'ecd8bc1909b65a929ceaa9d675bd74c6') in 0.0109316 seconds
Number of updated asset objects reloaded before import = 0Number of asset objects unloaded after import = 1

========================================================================
Received Import Request.
  Time since last request: 0.000014 seconds.
  path: Assets/Furniture Mega Pack/FBX/Table/Table34.fbx
  artifactKey: Guid(e708cf659f3d5dd48b595ef878ad06d0) Importer(2089858483,192608db42251d675da83286b1cce702)
Start importing Assets/Furniture Mega Pack/FBX/Table/Table34.fbx using Guid(e708cf659f3d5dd48b595ef878ad06d0) Importer(2089858483,192608db42251d675da83286b1cce702) (ScriptedImporter) -> (artifact id: 'e639a1133631957d160095e4c9e843d9') in 0.0231296 seconds
Number of updated asset objects reloaded before import = 0Number of asset objects unloaded after import = 8

========================================================================
Received Import Request.
  Time since last request: 0.000011 seconds.
  path: Assets/Furniture Mega Pack/Textures/Chairs/Chair23
  artifactKey: Guid(90f48943a3b7a604689fa7a11411cf67) Importer(2089858483,192608db42251d675da83286b1cce702)
Start importing Assets/Furniture Mega Pack/Textures/Chairs/Chair23 using Guid(90f48943a3b7a604689fa7a11411cf67) Importer(2089858483,192608db42251d675da83286b1cce702) (ScriptedImporter) -> (artifact id: '07698837f02d0fc80b63e18e618dde69') in 0.0097424 seconds
Number of updated asset objects reloaded before import = 0Number of asset objects unloaded after import = 1

========================================================================
Received Import Request.
  Time since last request: 0.000015 seconds.
  path: Assets/Furniture Mega Pack/Textures/Sofas/Sofa25
  artifactKey: Guid(d2b2790029c05a145be26a17e3e973f5) Importer(2089858483,192608db42251d675da83286b1cce702)
Start importing Assets/Furniture Mega Pack/Textures/Sofas/Sofa25 using Guid(d2b2790029c05a145be26a17e3e973f5) Importer(2089858483,192608db42251d675da83286b1cce702) (ScriptedImporter) -> (artifact id: '5aee76c015469da571afe8b083e816a9') in 0.0105072 seconds
Number of updated asset objects reloaded before import = 0Number of asset objects unloaded after import = 1

========================================================================
Received Import Request.
  Time since last request: 0.000013 seconds.
  path: Assets/Furniture Mega Pack/Materials/Table/mat_Table28.mat
  artifactKey: Guid(083c71f71cd44064690c420e667d254a) Importer(2089858483,192608db42251d675da83286b1cce702)
Start importing Assets/Furniture Mega Pack/Materials/Table/mat_Table28.mat using Guid(083c71f71cd44064690c420e667d254a) Importer(2089858483,192608db42251d675da83286b1cce702) (ScriptedImporter) -> (artifact id: '600b26a7bb836561762d1a73f360c417') in 0.0195579 seconds
Number of updated asset objects reloaded before import = 0Number of asset objects unloaded after import = 4

========================================================================
Received Import Request.
  Time since last request: 0.000013 seconds.
  path: Assets/Furniture Mega Pack/Textures/Chairs/Chair14/Chair14_mat_Chair14_AlbedoTransparency.png
  artifactKey: Guid(1c099e58766014d4099bd0245019a72b) Importer(2089858483,192608db42251d675da83286b1cce702)
Start importing Assets/Furniture Mega Pack/Textures/Chairs/Chair14/Chair14_mat_Chair14_AlbedoTransparency.png using Guid(1c099e58766014d4099bd0245019a72b) Importer(2089858483,192608db42251d675da83286b1cce702) (ScriptedImporter) -> (artifact id: 'e0ebc4804de349368d56c380e8b1d91a') in 0.0207499 seconds
Number of updated asset objects reloaded before import = 0Number of asset objects unloaded after import = 1

========================================================================
Received Import Request.
  Time since last request: 0.000022 seconds.
  path: Assets/Furniture Mega Pack/FBX/Closet
  artifactKey: Guid(47ec9418ff413b9408d83e44cd65c1c6) Importer(2089858483,192608db42251d675da83286b1cce702)
Start importing Assets/Furniture Mega Pack/FBX/Closet using Guid(47ec9418ff413b9408d83e44cd65c1c6) Importer(2089858483,192608db42251d675da83286b1cce702) (ScriptedImporter) -> (artifact id: 'f96ab601906f1eaebe8c65748e254d61') in 0.0095289 seconds
Number of updated asset objects reloaded before import = 0Number of asset objects unloaded after import = 1

========================================================================
Received Import Request.
  Time since last request: 0.000011 seconds.
  path: Assets/Furniture Mega Pack/FBX/Sofa/Sofa16.fbx
  artifactKey: Guid(e9340df0c7dd9ee40932343b96e82ea1) Importer(2089858483,192608db42251d675da83286b1cce702)
Start importing Assets/Furniture Mega Pack/FBX/Sofa/Sofa16.fbx using Guid(e9340df0c7dd9ee40932343b96e82ea1) Importer(2089858483,192608db42251d675da83286b1cce702) (ScriptedImporter) -> (artifact id: 'bc3196986912b5e9322c57a7dd26997c') in 0.0229946 seconds
Number of updated asset objects reloaded before import = 0Number of asset objects unloaded after import = 8

========================================================================
Received Import Request.
  Time since last request: 0.000013 seconds.
  path: Assets/Furniture Mega Pack/Textures/Cushions/Cushion49_50/Cushion49_50_mat_Cushion49_50_AlbedoTransparency.png
  artifactKey: Guid(afeae6e6bcf1237409ec75ed5547a201) Importer(2089858483,192608db42251d675da83286b1cce702)
Start importing Assets/Furniture Mega Pack/Textures/Cushions/Cushion49_50/Cushion49_50_mat_Cushion49_50_AlbedoTransparency.png using Guid(afeae6e6bcf1237409ec75ed5547a201) Importer(2089858483,192608db42251d675da83286b1cce702) (ScriptedImporter) -> (artifact id: '3a9a63c28083a5822dad2491244669ba') in 0.0219993 seconds
Number of updated asset objects reloaded before import = 0Number of asset objects unloaded after import = 1

========================================================================
Received Import Request.
  Time since last request: 0.000013 seconds.
  path: Assets/Furniture Mega Pack/Textures/Tables/Table28
  artifactKey: Guid(f989e00d0bc7b764e8cf656ef7ceb14c) Importer(2089858483,192608db42251d675da83286b1cce702)
Start importing Assets/Furniture Mega Pack/Textures/Tables/Table28 using Guid(f989e00d0bc7b764e8cf656ef7ceb14c) Importer(2089858483,192608db42251d675da83286b1cce702) (ScriptedImporter) -> (artifact id: '724700bc3effa7d30e0e1bae02eb0926') in 0.0092606 seconds
Number of updated asset objects reloaded before import = 0Number of asset objects unloaded after import = 1

========================================================================
Received Import Request.
  Time since last request: 0.000013 seconds.
  path: Assets/Furniture Mega Pack/Textures/Sofas/Sofa15/Sofa15_mat_Sofa15_AlbedoTransparency.png
  artifactKey: Guid(84e68a6d20c472b4daf2a53bb6dd3aba) Importer(2089858483,192608db42251d675da83286b1cce702)
Start importing Assets/Furniture Mega Pack/Textures/Sofas/Sofa15/Sofa15_mat_Sofa15_AlbedoTransparency.png using Guid(84e68a6d20c472b4daf2a53bb6dd3aba) Importer(2089858483,192608db42251d675da83286b1cce702) (ScriptedImporter) -> (artifact id: '063d00beb91cf786eb81738e24b49d88') in 0.0160148 seconds
Number of updated asset objects reloaded before import = 0Number of asset objects unloaded after import = 1

========================================================================
Received Import Request.
  Time since last request: 0.000012 seconds.
  path: Assets/Furniture Mega Pack/Materials/Sofa/mat_Sofa01.mat
  artifactKey: Guid(9242c03b1845ae54f9751842c5db0c48) Importer(2089858483,192608db42251d675da83286b1cce702)
Start importing Assets/Furniture Mega Pack/Materials/Sofa/mat_Sofa01.mat using Guid(9242c03b1845ae54f9751842c5db0c48) Importer(2089858483,192608db42251d675da83286b1cce702) (ScriptedImporter) -> (artifact id: '505a7247dcde8a225e031332ccd27ba0') in 0.0209132 seconds
Number of updated asset objects reloaded before import = 0Number of asset objects unloaded after import = 4

========================================================================
Received Import Request.
  Time since last request: 0.786768 seconds.
  path: Assets/Furniture Mega Pack/Textures/Tables/Table48/Table48_mat_Table48_Normal.png
  artifactKey: Guid(1e54a6d5e2fe4b7468e79c2588ba4035) Importer(2089858483,192608db42251d675da83286b1cce702)
Start importing Assets/Furniture Mega Pack/Textures/Tables/Table48/Table48_mat_Table48_Normal.png using Guid(1e54a6d5e2fe4b7468e79c2588ba4035) Importer(2089858483,192608db42251d675da83286b1cce702) (ScriptedImporter) -> (artifact id: '665cd1a4a676634d652936891c074659') in 0.018929 seconds
Number of updated asset objects reloaded before import = 0Number of asset objects unloaded after import = 1

========================================================================
Received Import Request.
  Time since last request: 0.000014 seconds.
  path: Assets/Furniture Mega Pack/Prefabs/Chairs/Chair02.prefab
  artifactKey: Guid(7a9dfae893f7a9043a240af63f47c989) Importer(2089858483,192608db42251d675da83286b1cce702)
Start importing Assets/Furniture Mega Pack/Prefabs/Chairs/Chair02.prefab using Guid(7a9dfae893f7a9043a240af63f47c989) Importer(2089858483,192608db42251d675da83286b1cce702) (ScriptedImporter) -> (artifact id: '8e7668089cc34e25e92e47908e5d59c2') in 0.0217489 seconds
Number of updated asset objects reloaded before import = 0Number of asset objects unloaded after import = 9

========================================================================
Received Import Request.
  Time since last request: 0.000019 seconds.
  path: Assets/Furniture Mega Pack/Prefabs/Beds/Bed01.prefab
  artifactKey: Guid(feb6bc12e0b2f7d4091d8cffd0c3f20b) Importer(2089858483,192608db42251d675da83286b1cce702)
Start importing Assets/Furniture Mega Pack/Prefabs/Beds/Bed01.prefab using Guid(feb6bc12e0b2f7d4091d8cffd0c3f20b) Importer(2089858483,192608db42251d675da83286b1cce702) (ScriptedImporter) -> (artifact id: '73b7ce03a3bde4bd78df232d59773637') in 0.0204395 seconds
Number of updated asset objects reloaded before import = 0Number of asset objects unloaded after import = 19

========================================================================
Received Import Request.
  Time since last request: 0.000011 seconds.
  path: Assets/Furniture Mega Pack/Textures/Sofas/Sofa23/Sofa23_mat_Sofa23_Normal.png
  artifactKey: Guid(0dbee95644323c54884f6f9253d4a6df) Importer(2089858483,192608db42251d675da83286b1cce702)
Start importing Assets/Furniture Mega Pack/Textures/Sofas/Sofa23/Sofa23_mat_Sofa23_Normal.png using Guid(0dbee95644323c54884f6f9253d4a6df) Importer(2089858483,192608db42251d675da83286b1cce702) (ScriptedImporter) -> (artifact id: 'fd641deec4d9d7855b305469641c22e9') in 0.0194236 seconds
Number of updated asset objects reloaded before import = 0Number of asset objects unloaded after import = 1

========================================================================
Received Import Request.
  Time since last request: 0.000011 seconds.
  path: Assets/Furniture Mega Pack/Textures/Sofas/Sofa13/Sofa13_mat_Sofa13_AlbedoTransparency.png
  artifactKey: Guid(7521ffdb8bfe27f47af8a345413efc0c) Importer(2089858483,192608db42251d675da83286b1cce702)
Start importing Assets/Furniture Mega Pack/Textures/Sofas/Sofa13/Sofa13_mat_Sofa13_AlbedoTransparency.png using Guid(7521ffdb8bfe27f47af8a345413efc0c) Importer(2089858483,192608db42251d675da83286b1cce702) (ScriptedImporter) -> (artifact id: '08f2379e3d94d9247f6c7094f473a957') in 0.0197364 seconds
Number of updated asset objects reloaded before import = 0Number of asset objects unloaded after import = 1

========================================================================
Received Import Request.
  Time since last request: 0.000010 seconds.
  path: Assets/Furniture Mega Pack/Textures/Tables/Table41
  artifactKey: Guid(367922339b1768c4c84643119c2e7a3e) Importer(2089858483,192608db42251d675da83286b1cce702)
Start importing Assets/Furniture Mega Pack/Textures/Tables/Table41 using Guid(367922339b1768c4c84643119c2e7a3e) Importer(2089858483,192608db42251d675da83286b1cce702) (ScriptedImporter) -> (artifact id: '4eea2004297a17b9f5f95b467b0323b6') in 0.0073655 seconds
Number of updated asset objects reloaded before import = 0Number of asset objects unloaded after import = 1

========================================================================
Received Import Request.
  Time since last request: 0.000013 seconds.
  path: Assets/Furniture Mega Pack/FBX/Table/Table28.fbx
  artifactKey: Guid(09e5b168ec92aaf40ab442e979d73b76) Importer(2089858483,192608db42251d675da83286b1cce702)
Start importing Assets/Furniture Mega Pack/FBX/Table/Table28.fbx using Guid(09e5b168ec92aaf40ab442e979d73b76) Importer(2089858483,192608db42251d675da83286b1cce702) (ScriptedImporter) -> (artifact id: '623f80563e9fd4052273a7f6d80b62bb') in 0.0198584 seconds
Number of updated asset objects reloaded before import = 0Number of asset objects unloaded after import = 8

========================================================================
Received Import Request.
  Time since last request: 0.000010 seconds.
  path: Assets/Furniture Mega Pack/Materials/Sofa/mat_Sofa14.mat
  artifactKey: Guid(6dac7aa99f129b14eab837d56caf8d46) Importer(2089858483,192608db42251d675da83286b1cce702)
Start importing Assets/Furniture Mega Pack/Materials/Sofa/mat_Sofa14.mat using Guid(6dac7aa99f129b14eab837d56caf8d46) Importer(2089858483,192608db42251d675da83286b1cce702) (ScriptedImporter) -> (artifact id: 'e8a549253cfe4b42c001147de59cf8a3') in 0.017519 seconds
Number of updated asset objects reloaded before import = 0Number of asset objects unloaded after import = 4

========================================================================
Received Import Request.
  Time since last request: 0.000013 seconds.
  path: Assets/Furniture Mega Pack/Textures/Tables/Table22/Table22_mat_Table22_Normal.png
  artifactKey: Guid(fbb4b87c227c585498bf24ec6167f363) Importer(2089858483,192608db42251d675da83286b1cce702)
Start importing Assets/Furniture Mega Pack/Textures/Tables/Table22/Table22_mat_Table22_Normal.png using Guid(fbb4b87c227c585498bf24ec6167f363) Importer(2089858483,192608db42251d675da83286b1cce702) (ScriptedImporter) -> (artifact id: 'c3705f23053ccc8015228bbc767cdb7b') in 0.019088 seconds
Number of updated asset objects reloaded before import = 0Number of asset objects unloaded after import = 1

========================================================================
Received Import Request.
  Time since last request: 0.000018 seconds.
  path: Assets/Furniture Mega Pack/Textures/Chairs/Chair39/Chair39_mat_Chair39_MetallicSmoothness.png
  artifactKey: Guid(5e30260a3154e704cb2df2dbbf30a999) Importer(2089858483,192608db42251d675da83286b1cce702)
Start importing Assets/Furniture Mega Pack/Textures/Chairs/Chair39/Chair39_mat_Chair39_MetallicSmoothness.png using Guid(5e30260a3154e704cb2df2dbbf30a999) Importer(2089858483,192608db42251d675da83286b1cce702) (ScriptedImporter) -> (artifact id: 'c8d50a515b8ae38dfd98ddc4d355cca2') in 0.0230241 seconds
Number of updated asset objects reloaded before import = 0Number of asset objects unloaded after import = 1

========================================================================
Received Import Request.
  Time since last request: 0.000012 seconds.
  path: Assets/Furniture Mega Pack/Textures/Tables/Table34/Table34_mat_Table34_MetallicSmoothness.png
  artifactKey: Guid(b6f889fad0e4cc94eb782921930dbf4b) Importer(2089858483,192608db42251d675da83286b1cce702)
Start importing Assets/Furniture Mega Pack/Textures/Tables/Table34/Table34_mat_Table34_MetallicSmoothness.png using Guid(b6f889fad0e4cc94eb782921930dbf4b) Importer(2089858483,192608db42251d675da83286b1cce702) (ScriptedImporter) -> (artifact id: 'cd3f7133060b16e17ed10bc23793b370') in 0.0230423 seconds
Number of updated asset objects reloaded before import = 0Number of asset objects unloaded after import = 1

========================================================================
Received Import Request.
  Time since last request: 0.000013 seconds.
  path: Assets/Furniture Mega Pack/Textures/Tables/Table13
  artifactKey: Guid(ce4beb3beb484464282ff20f1463e356) Importer(2089858483,192608db42251d675da83286b1cce702)
Start importing Assets/Furniture Mega Pack/Textures/Tables/Table13 using Guid(ce4beb3beb484464282ff20f1463e356) Importer(2089858483,192608db42251d675da83286b1cce702) (ScriptedImporter) -> (artifact id: '6a3ea362bb5762a78345d72b713136b2') in 0.0109212 seconds
Number of updated asset objects reloaded before import = 0Number of asset objects unloaded after import = 1

========================================================================
Received Import Request.
  Time since last request: 0.000011 seconds.
  path: Assets/Furniture Mega Pack/Prefabs/Kitchen/CabinetC04.prefab
  artifactKey: Guid(c9cc0fd7cd2140c4c882d298aceb1104) Importer(2089858483,192608db42251d675da83286b1cce702)
Start importing Assets/Furniture Mega Pack/Prefabs/Kitchen/CabinetC04.prefab using Guid(c9cc0fd7cd2140c4c882d298aceb1104) Importer(2089858483,192608db42251d675da83286b1cce702) (ScriptedImporter) -> (artifact id: '9f31c0e628f0c9da44d4262169523fd9') in 0.0209785 seconds
Number of updated asset objects reloaded before import = 0Number of asset objects unloaded after import = 19

========================================================================
Received Import Request.
  Time since last request: 0.000011 seconds.
  path: Assets/Furniture Mega Pack/Textures/Tables/Table38/Table38_mat_Table38_MetallicSmoothness.png
  artifactKey: Guid(70878db69c32a194e8c15e0ab99d7912) Importer(2089858483,192608db42251d675da83286b1cce702)
Start importing Assets/Furniture Mega Pack/Textures/Tables/Table38/Table38_mat_Table38_MetallicSmoothness.png using Guid(70878db69c32a194e8c15e0ab99d7912) Importer(2089858483,192608db42251d675da83286b1cce702) (ScriptedImporter) -> (artifact id: 'dec4ab5c90c789488fdf767f7c478272') in 0.0241187 seconds
Number of updated asset objects reloaded before import = 0Number of asset objects unloaded after import = 1

========================================================================
Received Import Request.
  Time since last request: 0.000012 seconds.
  path: Assets/Furniture Mega Pack/FBX/Table/Table38.fbx
  artifactKey: Guid(68d5e903c2bcf97419b06f17e5d6d2ab) Importer(2089858483,192608db42251d675da83286b1cce702)
Start importing Assets/Furniture Mega Pack/FBX/Table/Table38.fbx using Guid(68d5e903c2bcf97419b06f17e5d6d2ab) Importer(2089858483,192608db42251d675da83286b1cce702) (ScriptedImporter) -> (artifact id: 'eb5e5ae9cfe9a70c439a4d769fc111f4') in 0.0191115 seconds
Number of updated asset objects reloaded before import = 0Number of asset objects unloaded after import = 8

========================================================================
Received Import Request.
  Time since last request: 0.000012 seconds.
  path: Assets/Furniture Mega Pack/Prefabs/Closets/Closet27.prefab
  artifactKey: Guid(88bb7ef7246e3784d9809ba4f6b47928) Importer(2089858483,192608db42251d675da83286b1cce702)
Start importing Assets/Furniture Mega Pack/Prefabs/Closets/Closet27.prefab using Guid(88bb7ef7246e3784d9809ba4f6b47928) Importer(2089858483,192608db42251d675da83286b1cce702) (ScriptedImporter) -> (artifact id: 'bd26fecb186ec55772faf326995a08c7') in 0.0193433 seconds
Number of updated asset objects reloaded before import = 0Number of asset objects unloaded after import = 14

========================================================================
Received Import Request.
  Time since last request: 0.000019 seconds.
  path: Assets/Furniture Mega Pack/Materials/Chair/mat_Chair37.mat
  artifactKey: Guid(8e0662a1d9087f04084c52f3c64ed5d0) Importer(2089858483,192608db42251d675da83286b1cce702)
Start importing Assets/Furniture Mega Pack/Materials/Chair/mat_Chair37.mat using Guid(8e0662a1d9087f04084c52f3c64ed5d0) Importer(2089858483,192608db42251d675da83286b1cce702) (ScriptedImporter) -> (artifact id: '6d78a0f06db3b1736cfa2bd57411ea7b') in 0.0197427 seconds
Number of updated asset objects reloaded before import = 0Number of asset objects unloaded after import = 4

========================================================================
Received Import Request.
  Time since last request: 0.000011 seconds.
  path: Assets/Furniture Mega Pack/Prefabs/Sofas/Sofa11.prefab
  artifactKey: Guid(2c41c2f8ac251514f9c1e795f2c7da6c) Importer(2089858483,192608db42251d675da83286b1cce702)
Start importing Assets/Furniture Mega Pack/Prefabs/Sofas/Sofa11.prefab using Guid(2c41c2f8ac251514f9c1e795f2c7da6c) Importer(2089858483,192608db42251d675da83286b1cce702) (ScriptedImporter) -> (artifact id: 'f703769bc89667b5b06965b3c422cae4') in 0.0252378 seconds
Number of updated asset objects reloaded before import = 0Number of asset objects unloaded after import = 9

========================================================================
Received Import Request.
  Time since last request: 0.000012 seconds.
  path: Assets/Furniture Mega Pack/FBX/Sofa/Sofa02.fbx
  artifactKey: Guid(8fdda730f75763b4b9b7b9f5b3af7bcd) Importer(2089858483,192608db42251d675da83286b1cce702)
Start importing Assets/Furniture Mega Pack/FBX/Sofa/Sofa02.fbx using Guid(8fdda730f75763b4b9b7b9f5b3af7bcd) Importer(2089858483,192608db42251d675da83286b1cce702) (ScriptedImporter) -> (artifact id: 'bb3dea7aad75b266717b0550f0d4ea8f') in 0.0227505 seconds
Number of updated asset objects reloaded before import = 0Number of asset objects unloaded after import = 8

========================================================================
Received Import Request.
  Time since last request: 0.000016 seconds.
  path: Assets/Furniture Mega Pack/FBX/Drawer/Drawer41.fbx
  artifactKey: Guid(df0609b24ff024040a8ad79084cb2be4) Importer(2089858483,192608db42251d675da83286b1cce702)
Start importing Assets/Furniture Mega Pack/FBX/Drawer/Drawer41.fbx using Guid(df0609b24ff024040a8ad79084cb2be4) Importer(2089858483,192608db42251d675da83286b1cce702) (ScriptedImporter) -> (artifact id: 'efb1ffbc4016c5c8291c5873fbdf61f9') in 0.0334259 seconds
Number of updated asset objects reloaded before import = 0Number of asset objects unloaded after import = 40

========================================================================
Received Import Request.
  Time since last request: 0.000010 seconds.
  path: Assets/Furniture Mega Pack/FBX/Closet/Closet01.fbx
  artifactKey: Guid(94fa542366f29b541af8b302d8bfdd60) Importer(2089858483,192608db42251d675da83286b1cce702)
Start importing Assets/Furniture Mega Pack/FBX/Closet/Closet01.fbx using Guid(94fa542366f29b541af8b302d8bfdd60) Importer(2089858483,192608db42251d675da83286b1cce702) (ScriptedImporter) -> (artifact id: 'c911c40e110b482c547dca4bda38da28') in 0.0217756 seconds
Number of updated asset objects reloaded before import = 0Number of asset objects unloaded after import = 10

========================================================================
Received Import Request.
  Time since last request: 0.000014 seconds.
  path: Assets/Furniture Mega Pack/Prefabs/Beds/Bed38.prefab
  artifactKey: Guid(03691ab165f38824bbd726af8b45b7bd) Importer(2089858483,192608db42251d675da83286b1cce702)
Start importing Assets/Furniture Mega Pack/Prefabs/Beds/Bed38.prefab using Guid(03691ab165f38824bbd726af8b45b7bd) Importer(2089858483,192608db42251d675da83286b1cce702) (ScriptedImporter) -> (artifact id: '8a5e945c5057fa1088ddf635d11afa84') in 0.0218127 seconds
Number of updated asset objects reloaded before import = 0Number of asset objects unloaded after import = 14

========================================================================
Received Import Request.
  Time since last request: 0.000021 seconds.
  path: Assets/Furniture Mega Pack/Textures/Chairs/Chair22/Chair22_mat_Chair22_AlbedoTransparency.png
  artifactKey: Guid(5a8514d62b311564486daf3ccdfba90f) Importer(2089858483,192608db42251d675da83286b1cce702)
Start importing Assets/Furniture Mega Pack/Textures/Chairs/Chair22/Chair22_mat_Chair22_AlbedoTransparency.png using Guid(5a8514d62b311564486daf3ccdfba90f) Importer(2089858483,192608db42251d675da83286b1cce702) (ScriptedImporter) -> (artifact id: '44d6325e0f9fb89bb4c3c81dd98cfff2') in 0.0192031 seconds
Number of updated asset objects reloaded before import = 0Number of asset objects unloaded after import = 1

========================================================================
Received Import Request.
  Time since last request: 0.000013 seconds.
  path: Assets/Furniture Mega Pack/Textures/Tables/Table11/Table11_mat_Table11_Normal.png
  artifactKey: Guid(2b1814664bb7d1b4d8336732e031f37c) Importer(2089858483,192608db42251d675da83286b1cce702)
Start importing Assets/Furniture Mega Pack/Textures/Tables/Table11/Table11_mat_Table11_Normal.png using Guid(2b1814664bb7d1b4d8336732e031f37c) Importer(2089858483,192608db42251d675da83286b1cce702) (ScriptedImporter) -> (artifact id: '785b9a9d5cbc9f35dc60a20ee4791308') in 0.020558 seconds
Number of updated asset objects reloaded before import = 0Number of asset objects unloaded after import = 1

========================================================================
Received Import Request.
  Time since last request: 0.000010 seconds.
  path: Assets/Furniture Mega Pack/Textures/Chairs/Chair05
  artifactKey: Guid(2007adee2a180ec46aae8e5efc492560) Importer(2089858483,192608db42251d675da83286b1cce702)
Start importing Assets/Furniture Mega Pack/Textures/Chairs/Chair05 using Guid(2007adee2a180ec46aae8e5efc492560) Importer(2089858483,192608db42251d675da83286b1cce702) (ScriptedImporter) -> (artifact id: 'a37ad03fae88fec0391c55b9aff67716') in 0.009619 seconds
Number of updated asset objects reloaded before import = 0Number of asset objects unloaded after import = 1

========================================================================
Received Import Request.
  Time since last request: 0.000011 seconds.
  path: Assets/Furniture Mega Pack/FBX/Bathroom/ShowerSystem03.fbx
  artifactKey: Guid(9f5bf74fb3b294b42bf3152ee76f4ae7) Importer(2089858483,192608db42251d675da83286b1cce702)
Start importing Assets/Furniture Mega Pack/FBX/Bathroom/ShowerSystem03.fbx using Guid(9f5bf74fb3b294b42bf3152ee76f4ae7) Importer(2089858483,192608db42251d675da83286b1cce702) (ScriptedImporter) -> (artifact id: 'af99e46ac1c15e14e45dbe3fd4481d3d') in 0.0270708 seconds
Number of updated asset objects reloaded before import = 0Number of asset objects unloaded after import = 20

========================================================================
Received Import Request.
  Time since last request: 0.000011 seconds.
  path: Assets/Furniture Mega Pack/FBX/Cushion/Cushion49_50.fbx
  artifactKey: Guid(c2b112962f174594c8984ddb66aac582) Importer(2089858483,192608db42251d675da83286b1cce702)
Start importing Assets/Furniture Mega Pack/FBX/Cushion/Cushion49_50.fbx using Guid(c2b112962f174594c8984ddb66aac582) Importer(2089858483,192608db42251d675da83286b1cce702) (ScriptedImporter) -> (artifact id: 'e71b936442dc05d4f910720f7094333e') in 0.0337269 seconds
Number of updated asset objects reloaded before import = 0Number of asset objects unloaded after import = 15

========================================================================
Received Import Request.
  Time since last request: 0.000014 seconds.
  path: Assets/Furniture Mega Pack/Prefabs/Drawers/Drawer35.prefab
  artifactKey: Guid(ee54c8752afee4a4fb1e2a2d5569cc0d) Importer(2089858483,192608db42251d675da83286b1cce702)
Start importing Assets/Furniture Mega Pack/Prefabs/Drawers/Drawer35.prefab using Guid(ee54c8752afee4a4fb1e2a2d5569cc0d) Importer(2089858483,192608db42251d675da83286b1cce702) (ScriptedImporter) -> (artifact id: '7dabce6d7a0bfcca7c4ddd933896454f') in 0.0207032 seconds
Number of updated asset objects reloaded before import = 0Number of asset objects unloaded after import = 44

========================================================================
Received Import Request.
  Time since last request: 0.000012 seconds.
  path: Assets/Furniture Mega Pack/Textures/Tables/Table06/Table06_mat_Table06_AlbedoTransparency.png
  artifactKey: Guid(2dd3c76b8bad53f43838cbb1c17e88ba) Importer(2089858483,192608db42251d675da83286b1cce702)
Start importing Assets/Furniture Mega Pack/Textures/Tables/Table06/Table06_mat_Table06_AlbedoTransparency.png using Guid(2dd3c76b8bad53f43838cbb1c17e88ba) Importer(2089858483,192608db42251d675da83286b1cce702) (ScriptedImporter) -> (artifact id: 'dc2c8e303ba46177757ad2c465558fca') in 0.0193554 seconds
Number of updated asset objects reloaded before import = 0Number of asset objects unloaded after import = 1

========================================================================
Received Import Request.
  Time since last request: 0.000016 seconds.
  path: Assets/Furniture Mega Pack/Prefabs/Cushioins/Cushion32.prefab
  artifactKey: Guid(2095d8a2132bb254caa3cf59f421d94a) Importer(2089858483,192608db42251d675da83286b1cce702)
Start importing Assets/Furniture Mega Pack/Prefabs/Cushioins/Cushion32.prefab using Guid(2095d8a2132bb254caa3cf59f421d94a) Importer(2089858483,192608db42251d675da83286b1cce702) (ScriptedImporter) -> (artifact id: '6a9912425bcfec00d31c21a2d09367e1') in 0.0163381 seconds
Number of updated asset objects reloaded before import = 0Number of asset objects unloaded after import = 9

========================================================================
Received Import Request.
  Time since last request: 0.000010 seconds.
  path: Assets/Furniture Mega Pack/FBX/Closet/Closet33.fbx
  artifactKey: Guid(733988a8ea7e9c8419579b87a71f333c) Importer(2089858483,192608db42251d675da83286b1cce702)
Start importing Assets/Furniture Mega Pack/FBX/Closet/Closet33.fbx using Guid(733988a8ea7e9c8419579b87a71f333c) Importer(2089858483,192608db42251d675da83286b1cce702) (ScriptedImporter) -> (artifact id: '74bf7ac8290a78f94d08e87083b6d475') in 0.0232006 seconds
Number of updated asset objects reloaded before import = 0Number of asset objects unloaded after import = 10

========================================================================
Received Import Request.
  Time since last request: 0.000011 seconds.
  path: Assets/Furniture Mega Pack/FBX/Drawer/Drawer29.fbx
  artifactKey: Guid(827d22ecb9bb9834d8e57a75ac0991b2) Importer(2089858483,192608db42251d675da83286b1cce702)
Start importing Assets/Furniture Mega Pack/FBX/Drawer/Drawer29.fbx using Guid(827d22ecb9bb9834d8e57a75ac0991b2) Importer(2089858483,192608db42251d675da83286b1cce702) (ScriptedImporter) -> (artifact id: '687b08da075a016ffa1d6760b8910034') in 0.0300944 seconds
Number of updated asset objects reloaded before import = 0Number of asset objects unloaded after import = 35

========================================================================
Received Import Request.
  Time since last request: 0.000013 seconds.
  path: Assets/Furniture Mega Pack/FBX/Bathroom/Toilet02.fbx
  artifactKey: Guid(86d3918dd1d48ed4c86a861e0c3fffe3) Importer(2089858483,192608db42251d675da83286b1cce702)
Start importing Assets/Furniture Mega Pack/FBX/Bathroom/Toilet02.fbx using Guid(86d3918dd1d48ed4c86a861e0c3fffe3) Importer(2089858483,192608db42251d675da83286b1cce702) (ScriptedImporter) -> (artifact id: '252710008d8f25ce86cdfbcec00215df') in 0.0265814 seconds
Number of updated asset objects reloaded before import = 0Number of asset objects unloaded after import = 25

========================================================================
Received Import Request.
  Time since last request: 0.000013 seconds.
  path: Assets/Furniture Mega Pack/FBX/Kitchen/Refrigerator05.fbx
  artifactKey: Guid(9b3fa99dd52578940b95dff0c09bf5b7) Importer(2089858483,192608db42251d675da83286b1cce702)
Start importing Assets/Furniture Mega Pack/FBX/Kitchen/Refrigerator05.fbx using Guid(9b3fa99dd52578940b95dff0c09bf5b7) Importer(2089858483,192608db42251d675da83286b1cce702) (ScriptedImporter) -> (artifact id: '66248578d7a2189ef3faa0be6899efb4') in 0.0256464 seconds
Number of updated asset objects reloaded before import = 0Number of asset objects unloaded after import = 20

========================================================================
Received Import Request.
  Time since last request: 0.000016 seconds.
  path: Assets/Furniture Mega Pack/Textures/Bathroom
  artifactKey: Guid(6f396ce7c44bcd74586827c1a37bafdc) Importer(2089858483,192608db42251d675da83286b1cce702)
Start importing Assets/Furniture Mega Pack/Textures/Bathroom using Guid(6f396ce7c44bcd74586827c1a37bafdc) Importer(2089858483,192608db42251d675da83286b1cce702) (ScriptedImporter) -> (artifact id: '39ca4ce43ba05a01cfe9dcaeb7c40850') in 0.0095149 seconds
Number of updated asset objects reloaded before import = 0Number of asset objects unloaded after import = 1

========================================================================
Received Import Request.
  Time since last request: 0.000023 seconds.
  path: Assets/Furniture Mega Pack/Prefabs/Kitchen/CabinetE01.prefab
  artifactKey: Guid(e2fa1db6b9c2c8143b2faf724b0bd43a) Importer(2089858483,192608db42251d675da83286b1cce702)
Start importing Assets/Furniture Mega Pack/Prefabs/Kitchen/CabinetE01.prefab using Guid(e2fa1db6b9c2c8143b2faf724b0bd43a) Importer(2089858483,192608db42251d675da83286b1cce702) (ScriptedImporter) -> (artifact id: '312515d012b9354172256c6b31007ca2') in 0.0215387 seconds
Number of updated asset objects reloaded before import = 0Number of asset objects unloaded after import = 14

========================================================================
Received Import Request.
  Time since last request: 0.000010 seconds.
  path: Assets/Furniture Mega Pack/Textures/Sofas/Sofa07/Sofa07_mat_Sofa07_Normal.png
  artifactKey: Guid(0b98971312c332046b0356e3e89868b4) Importer(2089858483,192608db42251d675da83286b1cce702)
Start importing Assets/Furniture Mega Pack/Textures/Sofas/Sofa07/Sofa07_mat_Sofa07_Normal.png using Guid(0b98971312c332046b0356e3e89868b4) Importer(2089858483,192608db42251d675da83286b1cce702) (ScriptedImporter) -> (artifact id: '3716bf891fc87a55304be9ef779eb955') in 0.0219849 seconds
Number of updated asset objects reloaded before import = 0Number of asset objects unloaded after import = 1

========================================================================
Received Import Request.
  Time since last request: 0.000012 seconds.
  path: Assets/Furniture Mega Pack/Textures/Tables/Table12/Table12_mat_Table12_Normal.png
  artifactKey: Guid(a77fbc263bd2ed6428c98c2488efc64f) Importer(2089858483,192608db42251d675da83286b1cce702)
Start importing Assets/Furniture Mega Pack/Textures/Tables/Table12/Table12_mat_Table12_Normal.png using Guid(a77fbc263bd2ed6428c98c2488efc64f) Importer(2089858483,192608db42251d675da83286b1cce702) (ScriptedImporter) -> (artifact id: 'd2012ae78fed80ed2dd548d89ce9e580') in 0.0191475 seconds
Number of updated asset objects reloaded before import = 0Number of asset objects unloaded after import = 1

========================================================================
Received Import Request.
  Time since last request: 0.000015 seconds.
  path: Assets/Furniture Mega Pack/Prefabs/Kitchen/GasStove03.prefab
  artifactKey: Guid(9afe2cb2b1bc0f94c9788b860d101095) Importer(2089858483,192608db42251d675da83286b1cce702)
Start importing Assets/Furniture Mega Pack/Prefabs/Kitchen/GasStove03.prefab using Guid(9afe2cb2b1bc0f94c9788b860d101095) Importer(2089858483,192608db42251d675da83286b1cce702) (ScriptedImporter) -> (artifact id: '35e5d59636883f5d165f6f2743e463c6') in 0.0207062 seconds
Number of updated asset objects reloaded before import = 0Number of asset objects unloaded after import = 19

========================================================================
Received Import Request.
  Time since last request: 0.000011 seconds.
  path: Assets/Furniture Mega Pack/Textures/Tables/Table43/Table43_mat_Table43_MetallicSmoothness.png
  artifactKey: Guid(4b7f30bbc0f64694d8c8937efd09759c) Importer(2089858483,192608db42251d675da83286b1cce702)
Start importing Assets/Furniture Mega Pack/Textures/Tables/Table43/Table43_mat_Table43_MetallicSmoothness.png using Guid(4b7f30bbc0f64694d8c8937efd09759c) Importer(2089858483,192608db42251d675da83286b1cce702) (ScriptedImporter) -> (artifact id: 'c9f655083e7c08d5274cf1c0f14fd1f0') in 0.0206702 seconds
Number of updated asset objects reloaded before import = 0Number of asset objects unloaded after import = 1

========================================================================
Received Import Request.
  Time since last request: 0.000012 seconds.
  path: Assets/Furniture Mega Pack/FBX/Bathroom/TissueHanger01.fbx
  artifactKey: Guid(7ed66e4abc5a27d44ba910e3fa3ffb3a) Importer(2089858483,192608db42251d675da83286b1cce702)
Start importing Assets/Furniture Mega Pack/FBX/Bathroom/TissueHanger01.fbx using Guid(7ed66e4abc5a27d44ba910e3fa3ffb3a) Importer(2089858483,192608db42251d675da83286b1cce702) (ScriptedImporter) -> (artifact id: '43de5ac11a7d50b2a7aa2ccb6b34d904') in 0.0253877 seconds
Number of updated asset objects reloaded before import = 0Number of asset objects unloaded after import = 10

========================================================================
Received Import Request.
  Time since last request: 0.000016 seconds.
  path: Assets/Furniture Mega Pack/Prefabs/Kitchen/CabinetG03.prefab
  artifactKey: Guid(d52c636ba3c84aa46924bdd3e53590ad) Importer(2089858483,192608db42251d675da83286b1cce702)
Start importing Assets/Furniture Mega Pack/Prefabs/Kitchen/CabinetG03.prefab using Guid(d52c636ba3c84aa46924bdd3e53590ad) Importer(2089858483,192608db42251d675da83286b1cce702) (ScriptedImporter) -> (artifact id: '616837c4b2e4c0fea0fee6f5e1735592') in 0.0232328 seconds
Number of updated asset objects reloaded before import = 0Number of asset objects unloaded after import = 24

========================================================================
Received Import Request.
  Time since last request: 0.000015 seconds.
  path: Assets/Furniture Mega Pack/FBX/Kitchen/GasStove06.fbx
  artifactKey: Guid(e21584e613ead1445b04c25f70eb7164) Importer(2089858483,192608db42251d675da83286b1cce702)
Start importing Assets/Furniture Mega Pack/FBX/Kitchen/GasStove06.fbx using Guid(e21584e613ead1445b04c25f70eb7164) Importer(2089858483,192608db42251d675da83286b1cce702) (ScriptedImporter) -> (artifact id: '57979dd4e831d36d3f476dcbdc314a5b') in 0.0227242 seconds
Number of updated asset objects reloaded before import = 0Number of asset objects unloaded after import = 15

========================================================================
Received Import Request.
  Time since last request: 0.000013 seconds.
  path: Assets/Furniture Mega Pack/Materials/Chair/mat_Chair27.mat
  artifactKey: Guid(6765caf6bb197914ba09753acf6f8b8a) Importer(2089858483,192608db42251d675da83286b1cce702)
Start importing Assets/Furniture Mega Pack/Materials/Chair/mat_Chair27.mat using Guid(6765caf6bb197914ba09753acf6f8b8a) Importer(2089858483,192608db42251d675da83286b1cce702) (ScriptedImporter) -> (artifact id: 'b044faf3092192b3ea69b18f0e6ad7b8') in 0.0166162 seconds
Number of updated asset objects reloaded before import = 0Number of asset objects unloaded after import = 4

========================================================================
Received Import Request.
  Time since last request: 0.000012 seconds.
  path: Assets/Furniture Mega Pack/Textures/Tables/Table41/Table41_mat_Table41_Normal.png
  artifactKey: Guid(8e20e44cf6cd6284b88e5135d54ebbf0) Importer(2089858483,192608db42251d675da83286b1cce702)
Start importing Assets/Furniture Mega Pack/Textures/Tables/Table41/Table41_mat_Table41_Normal.png using Guid(8e20e44cf6cd6284b88e5135d54ebbf0) Importer(2089858483,192608db42251d675da83286b1cce702) (ScriptedImporter) -> (artifact id: 'a218d499aba693e4dc5688cf4138ea0a') in 0.0219537 seconds
Number of updated asset objects reloaded before import = 0Number of asset objects unloaded after import = 1

========================================================================
Received Import Request.
  Time since last request: 0.000012 seconds.
  path: Assets/Furniture Mega Pack/Prefabs/Bathroom/WashBasin07.prefab
  artifactKey: Guid(d6a9da203f8613745af6e3d0e3c20d2c) Importer(2089858483,192608db42251d675da83286b1cce702)
Start importing Assets/Furniture Mega Pack/Prefabs/Bathroom/WashBasin07.prefab using Guid(d6a9da203f8613745af6e3d0e3c20d2c) Importer(2089858483,192608db42251d675da83286b1cce702) (ScriptedImporter) -> (artifact id: 'f8a8de87833710bd2da3b06c60d5fc66') in 0.0215576 seconds
Number of updated asset objects reloaded before import = 0Number of asset objects unloaded after import = 19

========================================================================
Received Import Request.
  Time since last request: 0.000012 seconds.
  path: Assets/Furniture Mega Pack/Prefabs/Sofas/Sofa15.prefab
  artifactKey: Guid(e58bac7285ab0604bada06bb0ee0657b) Importer(2089858483,192608db42251d675da83286b1cce702)
Start importing Assets/Furniture Mega Pack/Prefabs/Sofas/Sofa15.prefab using Guid(e58bac7285ab0604bada06bb0ee0657b) Importer(2089858483,192608db42251d675da83286b1cce702) (ScriptedImporter) -> (artifact id: '076e4858e40c172dfacfce72b483c8fa') in 0.0202535 seconds
Number of updated asset objects reloaded before import = 0Number of asset objects unloaded after import = 9

========================================================================
Received Import Request.
  Time since last request: 0.000011 seconds.
  path: Assets/Furniture Mega Pack/FBX/Bed/Bed48.fbx
  artifactKey: Guid(576305ba202c59b4fa3c0c1e82b9116a) Importer(2089858483,192608db42251d675da83286b1cce702)
Start importing Assets/Furniture Mega Pack/FBX/Bed/Bed48.fbx using Guid(576305ba202c59b4fa3c0c1e82b9116a) Importer(2089858483,192608db42251d675da83286b1cce702) (ScriptedImporter) -> (artifact id: '8148fc7e38cf7eb2549f72bd9e679068') in 0.0246291 seconds
Number of updated asset objects reloaded before import = 0Number of asset objects unloaded after import = 10

========================================================================
Received Import Request.
  Time since last request: 0.000013 seconds.
  path: Assets/Furniture Mega Pack/FBX/Closet/Closet20.fbx
  artifactKey: Guid(d395a867b0cd4b34abfeab6cd46f89d3) Importer(2089858483,192608db42251d675da83286b1cce702)
Start importing Assets/Furniture Mega Pack/FBX/Closet/Closet20.fbx using Guid(d395a867b0cd4b34abfeab6cd46f89d3) Importer(2089858483,192608db42251d675da83286b1cce702) (ScriptedImporter) -> (artifact id: '07f757283baf35e1310caec2181ed904') in 0.0240103 seconds
Number of updated asset objects reloaded before import = 0Number of asset objects unloaded after import = 10

========================================================================
Received Import Request.
  Time since last request: 0.000023 seconds.
  path: Assets/Furniture Mega Pack/FBX/Bathroom/TissueHanger02.fbx
  artifactKey: Guid(50f3767bc0d5d67419a23e49da97e1e0) Importer(2089858483,192608db42251d675da83286b1cce702)
Start importing Assets/Furniture Mega Pack/FBX/Bathroom/TissueHanger02.fbx using Guid(50f3767bc0d5d67419a23e49da97e1e0) Importer(2089858483,192608db42251d675da83286b1cce702) (ScriptedImporter) -> (artifact id: '50551cd58d3eb5872643e3d382df7be4') in 0.0247891 seconds
Number of updated asset objects reloaded before import = 0Number of asset objects unloaded after import = 10

========================================================================
Received Import Request.
  Time since last request: 0.000012 seconds.
  path: Assets/Furniture Mega Pack/Textures/Tables/Table04/Table04_mat_Table04_Normal.png
  artifactKey: Guid(f3da9e0616c0d974384c5c357ab6ee23) Importer(2089858483,192608db42251d675da83286b1cce702)
Start importing Assets/Furniture Mega Pack/Textures/Tables/Table04/Table04_mat_Table04_Normal.png using Guid(f3da9e0616c0d974384c5c357ab6ee23) Importer(2089858483,192608db42251d675da83286b1cce702) (ScriptedImporter) -> (artifact id: '209991f9e84e14519be9f24413517884') in 0.0200692 seconds
Number of updated asset objects reloaded before import = 0Number of asset objects unloaded after import = 1

========================================================================
Received Import Request.
  Time since last request: 0.000012 seconds.
  path: Assets/Furniture Mega Pack/Materials/Drawer
  artifactKey: Guid(cb099ca833d3dd04995e01a1dcfb2ec8) Importer(2089858483,192608db42251d675da83286b1cce702)
Start importing Assets/Furniture Mega Pack/Materials/Drawer using Guid(cb099ca833d3dd04995e01a1dcfb2ec8) Importer(2089858483,192608db42251d675da83286b1cce702) (ScriptedImporter) -> (artifact id: 'e9e3f8498710e22ec95455fcd3272320') in 0.0082778 seconds
Number of updated asset objects reloaded before import = 0Number of asset objects unloaded after import = 1

========================================================================
Received Import Request.
  Time since last request: 0.000014 seconds.
  path: Assets/Furniture Mega Pack/Textures/Chairs/Chair05/Chair05_mat_Chair05_Normal.png
  artifactKey: Guid(17cd621d23ccf9047b1bd8c926071157) Importer(2089858483,192608db42251d675da83286b1cce702)
Start importing Assets/Furniture Mega Pack/Textures/Chairs/Chair05/Chair05_mat_Chair05_Normal.png using Guid(17cd621d23ccf9047b1bd8c926071157) Importer(2089858483,192608db42251d675da83286b1cce702) (ScriptedImporter) -> (artifact id: '78a4d7aa4e39e35fd077693ebaa268fb') in 0.0183549 seconds
Number of updated asset objects reloaded before import = 0Number of asset objects unloaded after import = 1

========================================================================
Received Import Request.
  Time since last request: 0.000010 seconds.
  path: Assets/Furniture Mega Pack/FBX/Sofa/Sofa03.fbx
  artifactKey: Guid(cad8721ce8ad86745a0fbe0cc754b7f8) Importer(2089858483,192608db42251d675da83286b1cce702)
Start importing Assets/Furniture Mega Pack/FBX/Sofa/Sofa03.fbx using Guid(cad8721ce8ad86745a0fbe0cc754b7f8) Importer(2089858483,192608db42251d675da83286b1cce702) (ScriptedImporter) -> (artifact id: 'bd5c8ea4be794c3d00673c18b617703f') in 0.0213604 seconds
Number of updated asset objects reloaded before import = 0Number of asset objects unloaded after import = 8

========================================================================
Received Import Request.
  Time since last request: 0.000011 seconds.
  path: Assets/Furniture Mega Pack/Textures/Sofas/Sofa29
  artifactKey: Guid(43a3309b847817944acbcbd5c11865f6) Importer(2089858483,192608db42251d675da83286b1cce702)
Start importing Assets/Furniture Mega Pack/Textures/Sofas/Sofa29 using Guid(43a3309b847817944acbcbd5c11865f6) Importer(2089858483,192608db42251d675da83286b1cce702) (ScriptedImporter) -> (artifact id: '54f242c70455d824b2df3c5bba9fb769') in 0.0099804 seconds
Number of updated asset objects reloaded before import = 0Number of asset objects unloaded after import = 1

========================================================================
Received Import Request.
  Time since last request: 0.000012 seconds.
  path: Assets/Furniture Mega Pack/FBX/Drawer/Drawer09.fbx
  artifactKey: Guid(ecdca21a2dbdc9045a6ba705fe795c68) Importer(2089858483,192608db42251d675da83286b1cce702)
Start importing Assets/Furniture Mega Pack/FBX/Drawer/Drawer09.fbx using Guid(ecdca21a2dbdc9045a6ba705fe795c68) Importer(2089858483,192608db42251d675da83286b1cce702) (ScriptedImporter) -> (artifact id: '138323c87001369a24716793649697cd') in 0.0278518 seconds
Number of updated asset objects reloaded before import = 0Number of asset objects unloaded after import = 20

========================================================================
Received Import Request.
  Time since last request: 0.000020 seconds.
  path: Assets/Furniture Mega Pack/Textures/Tables/Table37/Table37_mat_Table37_MetallicSmoothness.png
  artifactKey: Guid(bb1c9a4dfcb87e848bbe2f464509f162) Importer(2089858483,192608db42251d675da83286b1cce702)
Start importing Assets/Furniture Mega Pack/Textures/Tables/Table37/Table37_mat_Table37_MetallicSmoothness.png using Guid(bb1c9a4dfcb87e848bbe2f464509f162) Importer(2089858483,192608db42251d675da83286b1cce702) (ScriptedImporter) -> (artifact id: '7682e527aa0a177eb02ed1f384b2d61c') in 0.0208383 seconds
Number of updated asset objects reloaded before import = 0Number of asset objects unloaded after import = 1

========================================================================
Received Import Request.
  Time since last request: 0.000011 seconds.
  path: Assets/Furniture Mega Pack/FBX/Bed/Bed24.fbx
  artifactKey: Guid(cfc2ebd52c59f4a4a88e8d57ff158d93) Importer(2089858483,192608db42251d675da83286b1cce702)
Start importing Assets/Furniture Mega Pack/FBX/Bed/Bed24.fbx using Guid(cfc2ebd52c59f4a4a88e8d57ff158d93) Importer(2089858483,192608db42251d675da83286b1cce702) (ScriptedImporter) -> (artifact id: '496399003055bd040964edf3fae2b399') in 0.0401309 seconds
Number of updated asset objects reloaded before import = 0Number of asset objects unloaded after import = 36

========================================================================
Received Import Request.
  Time since last request: 0.000015 seconds.
  path: Assets/Furniture Mega Pack/Materials/Sofa/mat_SectionalSofaLeather.mat
  artifactKey: Guid(62aa74608d9fcbb44ace8ca4e7cb4056) Importer(2089858483,192608db42251d675da83286b1cce702)
Start importing Assets/Furniture Mega Pack/Materials/Sofa/mat_SectionalSofaLeather.mat using Guid(62aa74608d9fcbb44ace8ca4e7cb4056) Importer(2089858483,192608db42251d675da83286b1cce702) (ScriptedImporter) -> (artifact id: '903e7285b08239cbacd2a81a69be5601') in 0.0185308 seconds
Number of updated asset objects reloaded before import = 0Number of asset objects unloaded after import = 4

========================================================================
Received Import Request.
  Time since last request: 0.000014 seconds.
  path: Assets/Furniture Mega Pack/Textures/Sofas/Sofa11
  artifactKey: Guid(0ef95a28d904f1a4da5f92a67656f75b) Importer(2089858483,192608db42251d675da83286b1cce702)
Start importing Assets/Furniture Mega Pack/Textures/Sofas/Sofa11 using Guid(0ef95a28d904f1a4da5f92a67656f75b) Importer(2089858483,192608db42251d675da83286b1cce702) (ScriptedImporter) -> (artifact id: '89ff77f8915102added82a325125c7e2') in 0.0120847 seconds
Number of updated asset objects reloaded before import = 0Number of asset objects unloaded after import = 1

========================================================================
Received Import Request.
  Time since last request: 0.000012 seconds.
  path: Assets/Furniture Mega Pack/Textures/Tables/Table28/Table28_mat_Table28_Normal.png
  artifactKey: Guid(f7b444fa24e21d040bd3c1a601d57e5e) Importer(2089858483,192608db42251d675da83286b1cce702)
Start importing Assets/Furniture Mega Pack/Textures/Tables/Table28/Table28_mat_Table28_Normal.png using Guid(f7b444fa24e21d040bd3c1a601d57e5e) Importer(2089858483,192608db42251d675da83286b1cce702) (ScriptedImporter) -> (artifact id: '21fac4c13aa81737b3c9b4a76c6cf346') in 0.0184116 seconds
Number of updated asset objects reloaded before import = 0Number of asset objects unloaded after import = 1

========================================================================
Received Import Request.
  Time since last request: 0.000012 seconds.
  path: Assets/Furniture Mega Pack/FBX/Table/Table15.fbx
  artifactKey: Guid(ea7ca5649e2b75c489584b25a03cb85a) Importer(2089858483,192608db42251d675da83286b1cce702)
Start importing Assets/Furniture Mega Pack/FBX/Table/Table15.fbx using Guid(ea7ca5649e2b75c489584b25a03cb85a) Importer(2089858483,192608db42251d675da83286b1cce702) (ScriptedImporter) -> (artifact id: '04a5acb718f1544fd4098fcaeadd7d77') in 0.0198364 seconds
Number of updated asset objects reloaded before import = 0Number of asset objects unloaded after import = 8

========================================================================
Received Import Request.
  Time since last request: 0.000017 seconds.
  path: Assets/Furniture Mega Pack/Prefabs/Kitchen/CabinetF05.prefab
  artifactKey: Guid(bab761e93c5403d45bbf4d1812d2b846) Importer(2089858483,192608db42251d675da83286b1cce702)
Start importing Assets/Furniture Mega Pack/Prefabs/Kitchen/CabinetF05.prefab using Guid(bab761e93c5403d45bbf4d1812d2b846) Importer(2089858483,192608db42251d675da83286b1cce702) (ScriptedImporter) -> (artifact id: '4e143f01c06d5d585229ceca97709354') in 0.0181187 seconds
Number of updated asset objects reloaded before import = 0Number of asset objects unloaded after import = 14

========================================================================
Received Import Request.
  Time since last request: 0.000020 seconds.
  path: Assets/Furniture Mega Pack/FBX/Bed/Bed14.fbx
  artifactKey: Guid(4cb8805d4c038a24ba92fafe0cf503ba) Importer(2089858483,192608db42251d675da83286b1cce702)
Start importing Assets/Furniture Mega Pack/FBX/Bed/Bed14.fbx using Guid(4cb8805d4c038a24ba92fafe0cf503ba) Importer(2089858483,192608db42251d675da83286b1cce702) (ScriptedImporter) -> (artifact id: '6a8f169ffc390f033d2fd4c855eef4d1') in 0.0402975 seconds
Number of updated asset objects reloaded before import = 0Number of asset objects unloaded after import = 41

========================================================================
Received Import Request.
  Time since last request: 0.000012 seconds.
  path: Assets/Furniture Mega Pack/Textures/Chairs/Chair13/Chair13_mat_Chair13_AlbedoTransparency.png
  artifactKey: Guid(1823bf6940b79ea4db7a892b559dc11b) Importer(2089858483,192608db42251d675da83286b1cce702)
Start importing Assets/Furniture Mega Pack/Textures/Chairs/Chair13/Chair13_mat_Chair13_AlbedoTransparency.png using Guid(1823bf6940b79ea4db7a892b559dc11b) Importer(2089858483,192608db42251d675da83286b1cce702) (ScriptedImporter) -> (artifact id: '1ca456816947331a9b32eb63360284d6') in 0.0225711 seconds
Number of updated asset objects reloaded before import = 0Number of asset objects unloaded after import = 1

========================================================================
Received Import Request.
  Time since last request: 0.000011 seconds.
  path: Assets/Furniture Mega Pack/FBX/Bed/Bed18.fbx
  artifactKey: Guid(f8c7759efdd3a394d848dde0dc83500e) Importer(2089858483,192608db42251d675da83286b1cce702)
Start importing Assets/Furniture Mega Pack/FBX/Bed/Bed18.fbx using Guid(f8c7759efdd3a394d848dde0dc83500e) Importer(2089858483,192608db42251d675da83286b1cce702) (ScriptedImporter) -> (artifact id: 'b4dd93e7d85c5cdcc6ae0c73c707e426') in 0.0408608 seconds
Number of updated asset objects reloaded before import = 0Number of asset objects unloaded after import = 36

========================================================================
Received Import Request.
  Time since last request: 0.000011 seconds.
  path: Assets/Furniture Mega Pack/Prefabs/Kitchen/CabinetACorner01.prefab
  artifactKey: Guid(f068c3514558c754aacc713e73b86383) Importer(2089858483,192608db42251d675da83286b1cce702)
Start importing Assets/Furniture Mega Pack/Prefabs/Kitchen/CabinetACorner01.prefab using Guid(f068c3514558c754aacc713e73b86383) Importer(2089858483,192608db42251d675da83286b1cce702) (ScriptedImporter) -> (artifact id: 'cc7a98de576f23fa7c46f04ca439b8f6') in 0.0206413 seconds
Number of updated asset objects reloaded before import = 0Number of asset objects unloaded after import = 9

========================================================================
Received Import Request.
  Time since last request: 0.000011 seconds.
  path: Assets/Furniture Mega Pack/FBX/Closet/Closet14.fbx
  artifactKey: Guid(fde459b66c5753441a84631185c0d2fb) Importer(2089858483,192608db42251d675da83286b1cce702)
Start importing Assets/Furniture Mega Pack/FBX/Closet/Closet14.fbx using Guid(fde459b66c5753441a84631185c0d2fb) Importer(2089858483,192608db42251d675da83286b1cce702) (ScriptedImporter) -> (artifact id: '58a8c922c32aef2364b433dd529617dd') in 0.0226767 seconds
Number of updated asset objects reloaded before import = 0Number of asset objects unloaded after import = 10

========================================================================
Received Import Request.
  Time since last request: 0.000012 seconds.
  path: Assets/Furniture Mega Pack/Textures/Sofas/Sofa12
  artifactKey: Guid(4e1481f744f87b9438cdda4b423b45da) Importer(2089858483,192608db42251d675da83286b1cce702)
Start importing Assets/Furniture Mega Pack/Textures/Sofas/Sofa12 using Guid(4e1481f744f87b9438cdda4b423b45da) Importer(2089858483,192608db42251d675da83286b1cce702) (ScriptedImporter) -> (artifact id: 'c66616b726efc67704f832b094362b88') in 0.008849 seconds
Number of updated asset objects reloaded before import = 0Number of asset objects unloaded after import = 1

========================================================================
Received Import Request.
  Time since last request: 0.000020 seconds.
  path: Assets/Furniture Mega Pack/Textures/Chairs/Chair40/Chair40_mat_Chair40_Normal.png
  artifactKey: Guid(8cf6ac53278dc1c429f8085ec4ce2231) Importer(2089858483,192608db42251d675da83286b1cce702)
Start importing Assets/Furniture Mega Pack/Textures/Chairs/Chair40/Chair40_mat_Chair40_Normal.png using Guid(8cf6ac53278dc1c429f8085ec4ce2231) Importer(2089858483,192608db42251d675da83286b1cce702) (ScriptedImporter) -> (artifact id: '7da20f548a844cd827aeacbec46d6c42') in 0.0209038 seconds
Number of updated asset objects reloaded before import = 0Number of asset objects unloaded after import = 1

========================================================================
Received Import Request.
  Time since last request: 0.000012 seconds.
  path: Assets/Furniture Mega Pack/Prefabs/Cushioins/Cushion46.prefab
  artifactKey: Guid(0707f26b71014d749bad1f19ddb609e7) Importer(2089858483,192608db42251d675da83286b1cce702)
Start importing Assets/Furniture Mega Pack/Prefabs/Cushioins/Cushion46.prefab using Guid(0707f26b71014d749bad1f19ddb609e7) Importer(2089858483,192608db42251d675da83286b1cce702) (ScriptedImporter) -> (artifact id: '4af667887208b66e779b2c6197022b66') in 0.0196141 seconds
Number of updated asset objects reloaded before import = 0Number of asset objects unloaded after import = 9

========================================================================
Received Import Request.
  Time since last request: 0.000013 seconds.
  path: Assets/Furniture Mega Pack/Prefabs/Kitchen/KitchenExhaust06.prefab
  artifactKey: Guid(0fda4e56379a4ab4bbf843485f7e44a3) Importer(2089858483,192608db42251d675da83286b1cce702)
Start importing Assets/Furniture Mega Pack/Prefabs/Kitchen/KitchenExhaust06.prefab using Guid(0fda4e56379a4ab4bbf843485f7e44a3) Importer(2089858483,192608db42251d675da83286b1cce702) (ScriptedImporter) -> (artifact id: 'bb98f6ac97697fb6937367df9a5b25f0') in 0.0197066 seconds
Number of updated asset objects reloaded before import = 0Number of asset objects unloaded after import = 9

========================================================================
Received Import Request.
  Time since last request: 0.000012 seconds.
  path: Assets/Furniture Mega Pack/FBX/Sofa/Sofa26.fbx
  artifactKey: Guid(01fd4c14a24f7df4699b4f54818183ae) Importer(2089858483,192608db42251d675da83286b1cce702)
Start importing Assets/Furniture Mega Pack/FBX/Sofa/Sofa26.fbx using Guid(01fd4c14a24f7df4699b4f54818183ae) Importer(2089858483,192608db42251d675da83286b1cce702) (ScriptedImporter) -> (artifact id: '2ac5052e4445a9067e05fa8ecebe24c7') in 0.0243748 seconds
Number of updated asset objects reloaded before import = 0Number of asset objects unloaded after import = 8

========================================================================
Received Import Request.
  Time since last request: 0.000013 seconds.
  path: Assets/Furniture Mega Pack/Prefabs/Bathroom/BathroomVanity06.prefab
  artifactKey: Guid(af480e9db557e1d4ca4f6f6a991c860c) Importer(2089858483,192608db42251d675da83286b1cce702)
Start importing Assets/Furniture Mega Pack/Prefabs/Bathroom/BathroomVanity06.prefab using Guid(af480e9db557e1d4ca4f6f6a991c860c) Importer(2089858483,192608db42251d675da83286b1cce702) (ScriptedImporter) -> (artifact id: '940a986695da19e37653d105b8eeb160') in 0.0200691 seconds
Number of updated asset objects reloaded before import = 0Number of asset objects unloaded after import = 9

========================================================================
Received Import Request.
  Time since last request: 0.000012 seconds.
  path: Assets/Furniture Mega Pack/Materials/Chair/mat_Chair08.mat
  artifactKey: Guid(2f1318e04ec54e64b9e7c164530324db) Importer(2089858483,192608db42251d675da83286b1cce702)
Start importing Assets/Furniture Mega Pack/Materials/Chair/mat_Chair08.mat using Guid(2f1318e04ec54e64b9e7c164530324db) Importer(2089858483,192608db42251d675da83286b1cce702) (ScriptedImporter) -> (artifact id: '69947187cb151fd22cdeff6967909cc9') in 0.0152044 seconds
Number of updated asset objects reloaded before import = 0Number of asset objects unloaded after import = 4

========================================================================
Received Import Request.
  Time since last request: 0.000012 seconds.
  path: Assets/Furniture Mega Pack/FBX/Bathroom/Toilet01.fbx
  artifactKey: Guid(dc9d3e2e5daec0a44b787d64d9c6a3ac) Importer(2089858483,192608db42251d675da83286b1cce702)
Start importing Assets/Furniture Mega Pack/FBX/Bathroom/Toilet01.fbx using Guid(dc9d3e2e5daec0a44b787d64d9c6a3ac) Importer(2089858483,192608db42251d675da83286b1cce702) (ScriptedImporter) -> (artifact id: '0004c8c5c2fc7d7914faef5062b2dbac') in 0.0273862 seconds
Number of updated asset objects reloaded before import = 0Number of asset objects unloaded after import = 25

========================================================================
Received Import Request.
  Time since last request: 0.000019 seconds.
  path: Assets/Furniture Mega Pack/Textures/Tables/Table38
  artifactKey: Guid(581c11ff24fda51479c3d17a06e77a37) Importer(2089858483,192608db42251d675da83286b1cce702)
Start importing Assets/Furniture Mega Pack/Textures/Tables/Table38 using Guid(581c11ff24fda51479c3d17a06e77a37) Importer(2089858483,192608db42251d675da83286b1cce702) (ScriptedImporter) -> (artifact id: '77b0f2156a5333816c9e2b02f656138e') in 0.0087012 seconds
Number of updated asset objects reloaded before import = 0Number of asset objects unloaded after import = 1

========================================================================
Received Import Request.
  Time since last request: 0.000016 seconds.
  path: Assets/Furniture Mega Pack/FBX/Bed/Bed06.fbx
  artifactKey: Guid(35f97888690d2ce478c8837d134779ea) Importer(2089858483,192608db42251d675da83286b1cce702)
Start importing Assets/Furniture Mega Pack/FBX/Bed/Bed06.fbx using Guid(35f97888690d2ce478c8837d134779ea) Importer(2089858483,192608db42251d675da83286b1cce702) (ScriptedImporter) -> (artifact id: 'fbff4c63c2d2b68cbf358210a5b2b8d1') in 0.0367009 seconds
Number of updated asset objects reloaded before import = 0Number of asset objects unloaded after import = 26

========================================================================
Received Import Request.
  Time since last request: 0.000014 seconds.
  path: Assets/Furniture Mega Pack/Textures/Tables/Table09/Table09_mat_Table09_AlbedoTransparency.png
  artifactKey: Guid(969d6a2cdb30c9743a78c12bacd1794d) Importer(2089858483,192608db42251d675da83286b1cce702)
Start importing Assets/Furniture Mega Pack/Textures/Tables/Table09/Table09_mat_Table09_AlbedoTransparency.png using Guid(969d6a2cdb30c9743a78c12bacd1794d) Importer(2089858483,192608db42251d675da83286b1cce702) (ScriptedImporter) -> (artifact id: '105e8d890e7b9e345e5698f04fca812d') in 0.0213199 seconds
Number of updated asset objects reloaded before import = 0Number of asset objects unloaded after import = 1

========================================================================
Received Import Request.
  Time since last request: 0.000014 seconds.
  path: Assets/Furniture Mega Pack/FBX/Sofa/Sofa20.fbx
  artifactKey: Guid(5062376b3c1b5e740932443a6b69946b) Importer(2089858483,192608db42251d675da83286b1cce702)
Start importing Assets/Furniture Mega Pack/FBX/Sofa/Sofa20.fbx using Guid(5062376b3c1b5e740932443a6b69946b) Importer(2089858483,192608db42251d675da83286b1cce702) (ScriptedImporter) -> (artifact id: '974b8ecef7dc217e8688d06b13c06f3f') in 0.0215851 seconds
Number of updated asset objects reloaded before import = 0Number of asset objects unloaded after import = 8

========================================================================
Received Import Request.
  Time since last request: 0.000012 seconds.
  path: Assets/Furniture Mega Pack/FBX/Cushion
  artifactKey: Guid(148220acfe55e6a4796f78c6055c58bf) Importer(2089858483,192608db42251d675da83286b1cce702)
Start importing Assets/Furniture Mega Pack/FBX/Cushion using Guid(148220acfe55e6a4796f78c6055c58bf) Importer(2089858483,192608db42251d675da83286b1cce702) (ScriptedImporter) -> (artifact id: '4562377ccb33d9d22c19bb68d8345e9b') in 0.0106681 seconds
Number of updated asset objects reloaded before import = 0Number of asset objects unloaded after import = 1

========================================================================
Received Import Request.
  Time since last request: 0.000013 seconds.
  path: Assets/Furniture Mega Pack/Prefabs/Kitchen/CabinetA02.prefab
  artifactKey: Guid(6468a71e97f039f4dba7df716de2a76a) Importer(2089858483,192608db42251d675da83286b1cce702)
Start importing Assets/Furniture Mega Pack/Prefabs/Kitchen/CabinetA02.prefab using Guid(6468a71e97f039f4dba7df716de2a76a) Importer(2089858483,192608db42251d675da83286b1cce702) (ScriptedImporter) -> (artifact id: 'f2f6d355d3d77eed3d389490b25df17b') in 0.0212057 seconds
Number of updated asset objects reloaded before import = 0Number of asset objects unloaded after import = 14

========================================================================
Received Import Request.
  Time since last request: 0.000014 seconds.
  path: Assets/Furniture Mega Pack/Textures/Tables/Table48/Table48_mat_Table48_MetallicSmoothness.png
  artifactKey: Guid(44bc124f36e948a49aa533061ada7719) Importer(2089858483,192608db42251d675da83286b1cce702)
Start importing Assets/Furniture Mega Pack/Textures/Tables/Table48/Table48_mat_Table48_MetallicSmoothness.png using Guid(44bc124f36e948a49aa533061ada7719) Importer(2089858483,192608db42251d675da83286b1cce702) (ScriptedImporter) -> (artifact id: '465af162c4426288303e18d1a8a13aef') in 0.0206533 seconds
Number of updated asset objects reloaded before import = 0Number of asset objects unloaded after import = 1

========================================================================
Received Import Request.
  Time since last request: 0.000027 seconds.
  path: Assets/Furniture Mega Pack/Materials/Table/mat_Table33.mat
  artifactKey: Guid(0e112c13b7d8bf340b664e37e5629f4d) Importer(2089858483,192608db42251d675da83286b1cce702)
Start importing Assets/Furniture Mega Pack/Materials/Table/mat_Table33.mat using Guid(0e112c13b7d8bf340b664e37e5629f4d) Importer(2089858483,192608db42251d675da83286b1cce702) (ScriptedImporter) -> (artifact id: 'e700d5e900df09688b441723b3e276ba') in 0.0206332 seconds
Number of updated asset objects reloaded before import = 0Number of asset objects unloaded after import = 4

========================================================================
Received Import Request.
  Time since last request: 0.000014 seconds.
  path: Assets/Furniture Mega Pack/Prefabs/Drawers/Drawer06.prefab
  artifactKey: Guid(88f87bf2ebf55ee4388d499ea5d7ae86) Importer(2089858483,192608db42251d675da83286b1cce702)
Start importing Assets/Furniture Mega Pack/Prefabs/Drawers/Drawer06.prefab using Guid(88f87bf2ebf55ee4388d499ea5d7ae86) Importer(2089858483,192608db42251d675da83286b1cce702) (ScriptedImporter) -> (artifact id: '504faadf4ce501698b4cde69a5d8ad82') in 0.0208794 seconds
Number of updated asset objects reloaded before import = 0Number of asset objects unloaded after import = 19

========================================================================
Received Import Request.
  Time since last request: 0.000012 seconds.
  path: Assets/Furniture Mega Pack/Materials/Table/mat_Table04.mat
  artifactKey: Guid(1eadfa9514f8f574983a5e152407ded3) Importer(2089858483,192608db42251d675da83286b1cce702)
Start importing Assets/Furniture Mega Pack/Materials/Table/mat_Table04.mat using Guid(1eadfa9514f8f574983a5e152407ded3) Importer(2089858483,192608db42251d675da83286b1cce702) (ScriptedImporter) -> (artifact id: '2c4260ddcfdb0326b974d1ca6ec827d5') in 0.0177325 seconds
Number of updated asset objects reloaded before import = 0Number of asset objects unloaded after import = 4

========================================================================
Received Import Request.
  Time since last request: 0.000012 seconds.
  path: Assets/Furniture Mega Pack/Materials/Sofa/mat_Sofa15.mat
  artifactKey: Guid(3791fe94ea9ece448a27da3fef0dfb78) Importer(2089858483,192608db42251d675da83286b1cce702)
Start importing Assets/Furniture Mega Pack/Materials/Sofa/mat_Sofa15.mat using Guid(3791fe94ea9ece448a27da3fef0dfb78) Importer(2089858483,192608db42251d675da83286b1cce702) (ScriptedImporter) -> (artifact id: '79b3c180ae79ee83c04275f3387fe533') in 0.0189841 seconds
Number of updated asset objects reloaded before import = 0Number of asset objects unloaded after import = 4

========================================================================
Received Import Request.
  Time since last request: 0.000010 seconds.
  path: Assets/Furniture Mega Pack/Prefabs/Drawers/Drawer40.prefab
  artifactKey: Guid(07879566b0420df40951d151bc78654f) Importer(2089858483,192608db42251d675da83286b1cce702)
Start importing Assets/Furniture Mega Pack/Prefabs/Drawers/Drawer40.prefab using Guid(07879566b0420df40951d151bc78654f) Importer(2089858483,192608db42251d675da83286b1cce702) (ScriptedImporter) -> (artifact id: '25c3ce978e8e009248c08a0c9c2a1d9c') in 0.02187 seconds
Number of updated asset objects reloaded before import = 0Number of asset objects unloaded after import = 44

========================================================================
Received Import Request.
  Time since last request: 0.000011 seconds.
  path: Assets/Furniture Mega Pack/Textures/Chairs/Chair31
  artifactKey: Guid(b1f56e644337ee84088475e033070c0e) Importer(2089858483,192608db42251d675da83286b1cce702)
Start importing Assets/Furniture Mega Pack/Textures/Chairs/Chair31 using Guid(b1f56e644337ee84088475e033070c0e) Importer(2089858483,192608db42251d675da83286b1cce702) (ScriptedImporter) -> (artifact id: 'fe1581460ead797c9d204451f28fe3d9') in 0.009315 seconds
Number of updated asset objects reloaded before import = 0Number of asset objects unloaded after import = 1

========================================================================
Received Import Request.
  Time since last request: 0.000013 seconds.
  path: Assets/Furniture Mega Pack/Materials/Table/mat_Table14.mat
  artifactKey: Guid(eeb73590e9c6bfc4597726e0215beb4f) Importer(2089858483,192608db42251d675da83286b1cce702)
Start importing Assets/Furniture Mega Pack/Materials/Table/mat_Table14.mat using Guid(eeb73590e9c6bfc4597726e0215beb4f) Importer(2089858483,192608db42251d675da83286b1cce702) (ScriptedImporter) -> (artifact id: 'b54ec9bd09f4fdc96b2470de5a4cd8f8') in 0.0181249 seconds
Number of updated asset objects reloaded before import = 0Number of asset objects unloaded after import = 4

========================================================================
Received Import Request.
  Time since last request: 0.000021 seconds.
  path: Assets/Furniture Mega Pack/FBX/Sofa/SectionalSofaLeather.fbx
  artifactKey: Guid(dce77265389fb3244bbe544fbbd191b2) Importer(2089858483,192608db42251d675da83286b1cce702)
Start importing Assets/Furniture Mega Pack/FBX/Sofa/SectionalSofaLeather.fbx using Guid(dce77265389fb3244bbe544fbbd191b2) Importer(2089858483,192608db42251d675da83286b1cce702) (ScriptedImporter) -> (artifact id: '1e4e910289b2e2a4ca97d6d858eb53cd') in 0.0279153 seconds
Number of updated asset objects reloaded before import = 0Number of asset objects unloaded after import = 35

========================================================================
Received Import Request.
  Time since last request: 0.000013 seconds.
  path: Assets/Furniture Mega Pack/Prefabs/Tables/Table12.prefab
  artifactKey: Guid(cd378623cbdd61b4d8dacf2bde38fd09) Importer(2089858483,192608db42251d675da83286b1cce702)
Start importing Assets/Furniture Mega Pack/Prefabs/Tables/Table12.prefab using Guid(cd378623cbdd61b4d8dacf2bde38fd09) Importer(2089858483,192608db42251d675da83286b1cce702) (ScriptedImporter) -> (artifact id: 'dc0486e0f93510ebed696fe860311b3b') in 0.0209847 seconds
Number of updated asset objects reloaded before import = 0Number of asset objects unloaded after import = 9

========================================================================
Received Import Request.
  Time since last request: 0.000012 seconds.
  path: Assets/Furniture Mega Pack/Materials/Chair/mat_Chair25.mat
  artifactKey: Guid(fa5fea759fd4523419471fe4e5e3726a) Importer(2089858483,192608db42251d675da83286b1cce702)
Start importing Assets/Furniture Mega Pack/Materials/Chair/mat_Chair25.mat using Guid(fa5fea759fd4523419471fe4e5e3726a) Importer(2089858483,192608db42251d675da83286b1cce702) (ScriptedImporter) -> (artifact id: '25e3746d49368595f5bd598bd82b3a32') in 0.0158279 seconds
Number of updated asset objects reloaded before import = 0Number of asset objects unloaded after import = 4

========================================================================
Received Import Request.
  Time since last request: 0.000011 seconds.
  path: Assets/Furniture Mega Pack/Textures/Cushions/Cushion29_36/Cushion29_36_mat_Cushion29_36_AlbedoTransparency.png
  artifactKey: Guid(f87876204b95f0e4aa9ad04ef0a0a6a3) Importer(2089858483,192608db42251d675da83286b1cce702)
Start importing Assets/Furniture Mega Pack/Textures/Cushions/Cushion29_36/Cushion29_36_mat_Cushion29_36_AlbedoTransparency.png using Guid(f87876204b95f0e4aa9ad04ef0a0a6a3) Importer(2089858483,192608db42251d675da83286b1cce702) (ScriptedImporter) -> (artifact id: 'b97c7e9cf0a10c6ad4e4387c6fe490ec') in 0.0198903 seconds
Number of updated asset objects reloaded before import = 0Number of asset objects unloaded after import = 1

========================================================================
Received Import Request.
  Time since last request: 0.000014 seconds.
  path: Assets/Furniture Mega Pack/Prefabs/Closets/Closet08.prefab
  artifactKey: Guid(7f5394977e9021d4a8d54df2f68109ca) Importer(2089858483,192608db42251d675da83286b1cce702)
Start importing Assets/Furniture Mega Pack/Prefabs/Closets/Closet08.prefab using Guid(7f5394977e9021d4a8d54df2f68109ca) Importer(2089858483,192608db42251d675da83286b1cce702) (ScriptedImporter) -> (artifact id: '83f72c7acb242c4cca982a30ec8cf604') in 0.0196355 seconds
Number of updated asset objects reloaded before import = 0Number of asset objects unloaded after import = 9

========================================================================
Received Import Request.
  Time since last request: 0.000014 seconds.
  path: Assets/Furniture Mega Pack/Materials/Table/mat_Table01.mat
  artifactKey: Guid(afa148f627b43f94d9d9b650ac84f340) Importer(2089858483,192608db42251d675da83286b1cce702)
Start importing Assets/Furniture Mega Pack/Materials/Table/mat_Table01.mat using Guid(afa148f627b43f94d9d9b650ac84f340) Importer(2089858483,192608db42251d675da83286b1cce702) (ScriptedImporter) -> (artifact id: 'a5f4dd4e4efa78c7ba586443d9a20425') in 0.0176075 seconds
Number of updated asset objects reloaded before import = 0Number of asset objects unloaded after import = 4

========================================================================
Received Import Request.
  Time since last request: 0.000015 seconds.
  path: Assets/Furniture Mega Pack/Prefabs/Sofas/Sofa08.prefab
  artifactKey: Guid(73b8db2019487674a8d9d014cbaaae90) Importer(2089858483,192608db42251d675da83286b1cce702)
Start importing Assets/Furniture Mega Pack/Prefabs/Sofas/Sofa08.prefab using Guid(73b8db2019487674a8d9d014cbaaae90) Importer(2089858483,192608db42251d675da83286b1cce702) (ScriptedImporter) -> (artifact id: 'ec4d949d2fecd6b13345cdf632cc9c5f') in 0.0188298 seconds
Number of updated asset objects reloaded before import = 0Number of asset objects unloaded after import = 9

========================================================================
Received Import Request.
  Time since last request: 0.000028 seconds.
  path: Assets/Furniture Mega Pack/Prefabs/Drawers/Drawer09.prefab
  artifactKey: Guid(65077924a00ce9e49b55294561b23c31) Importer(2089858483,192608db42251d675da83286b1cce702)
Start importing Assets/Furniture Mega Pack/Prefabs/Drawers/Drawer09.prefab using Guid(65077924a00ce9e49b55294561b23c31) Importer(2089858483,192608db42251d675da83286b1cce702) (ScriptedImporter) -> (artifact id: '03fc5f9cbd0d9b948fd79a3f6d34c8d5') in 0.0209906 seconds
Number of updated asset objects reloaded before import = 0Number of asset objects unloaded after import = 19

========================================================================
Received Import Request.
  Time since last request: 0.000010 seconds.
  path: Assets/Furniture Mega Pack/Textures/Sofas/Sofa34/Sofa34_mat_Sofa34_MetallicSmoothness.png
  artifactKey: Guid(68684cba36379394bbe7daddbe87dbfe) Importer(2089858483,192608db42251d675da83286b1cce702)
Start importing Assets/Furniture Mega Pack/Textures/Sofas/Sofa34/Sofa34_mat_Sofa34_MetallicSmoothness.png using Guid(68684cba36379394bbe7daddbe87dbfe) Importer(2089858483,192608db42251d675da83286b1cce702) (ScriptedImporter) -> (artifact id: '762c032444524cfd347a97dee3345f62') in 0.0193988 seconds
Number of updated asset objects reloaded before import = 0Number of asset objects unloaded after import = 1

========================================================================
Received Import Request.
  Time since last request: 0.000010 seconds.
  path: Assets/Furniture Mega Pack/Textures/Tables/Table29/Table29_mat_Table29_Normal.png
  artifactKey: Guid(71da3cb0c0682954ab94a0908a720723) Importer(2089858483,192608db42251d675da83286b1cce702)
Start importing Assets/Furniture Mega Pack/Textures/Tables/Table29/Table29_mat_Table29_Normal.png using Guid(71da3cb0c0682954ab94a0908a720723) Importer(2089858483,192608db42251d675da83286b1cce702) (ScriptedImporter) -> (artifact id: 'c55c3e9f427886fa74f8dc85c4cb4e91') in 0.0206676 seconds
Number of updated asset objects reloaded before import = 0Number of asset objects unloaded after import = 1

========================================================================
Received Import Request.
  Time since last request: 0.000011 seconds.
  path: Assets/Furniture Mega Pack/FBX/Bathroom
  artifactKey: Guid(92e582f16f50b87439c2ece65acfd1f7) Importer(2089858483,192608db42251d675da83286b1cce702)
Start importing Assets/Furniture Mega Pack/FBX/Bathroom using Guid(92e582f16f50b87439c2ece65acfd1f7) Importer(2089858483,192608db42251d675da83286b1cce702) (ScriptedImporter) -> (artifact id: '2831bd3d83657ccedd957fc5a281ed18') in 0.0076846 seconds
Number of updated asset objects reloaded before import = 0Number of asset objects unloaded after import = 1

========================================================================
Received Import Request.
  Time since last request: 0.000011 seconds.
  path: Assets/Furniture Mega Pack/Prefabs/Kitchen/Sink06.prefab
  artifactKey: Guid(cbaef4e0e3332ef45b322275d7653ea0) Importer(2089858483,192608db42251d675da83286b1cce702)
Start importing Assets/Furniture Mega Pack/Prefabs/Kitchen/Sink06.prefab using Guid(cbaef4e0e3332ef45b322275d7653ea0) Importer(2089858483,192608db42251d675da83286b1cce702) (ScriptedImporter) -> (artifact id: '070a50d9828b0f84ddcbbaeeaa79b5b3') in 0.0212733 seconds
Number of updated asset objects reloaded before import = 0Number of asset objects unloaded after import = 34

========================================================================
Received Import Request.
  Time since last request: 0.000012 seconds.
  path: Assets/Furniture Mega Pack/Prefabs/Closets/Closet23.prefab
  artifactKey: Guid(69adb4426cb56da4fb882b18c3cc9fad) Importer(2089858483,192608db42251d675da83286b1cce702)
Start importing Assets/Furniture Mega Pack/Prefabs/Closets/Closet23.prefab using Guid(69adb4426cb56da4fb882b18c3cc9fad) Importer(2089858483,192608db42251d675da83286b1cce702) (ScriptedImporter) -> (artifact id: 'ab3e5eacdceb40eda061cbff43614411') in 0.0216583 seconds
Number of updated asset objects reloaded before import = 0Number of asset objects unloaded after import = 19

========================================================================
Received Import Request.
  Time since last request: 0.000014 seconds.
  path: Assets/Furniture Mega Pack/Textures/Sofas/Sofa29/Sofa29_mat_Sofa29_AlbedoTransparency.png
  artifactKey: Guid(93146f9444096c64996eef4bc0a60d00) Importer(2089858483,192608db42251d675da83286b1cce702)
Start importing Assets/Furniture Mega Pack/Textures/Sofas/Sofa29/Sofa29_mat_Sofa29_AlbedoTransparency.png using Guid(93146f9444096c64996eef4bc0a60d00) Importer(2089858483,192608db42251d675da83286b1cce702) (ScriptedImporter) -> (artifact id: 'a155b643f0870b698299a92bc6b5f1c6') in 0.0175048 seconds
Number of updated asset objects reloaded before import = 0Number of asset objects unloaded after import = 1

========================================================================
Received Import Request.
  Time since last request: 0.000018 seconds.
  path: Assets/Furniture Mega Pack/Textures/Sofas/Sofa13/Sofa13_mat_Sofa13_MetallicSmoothness.png
  artifactKey: Guid(d5923d19d4e73a44b9eb1386d00ee319) Importer(2089858483,192608db42251d675da83286b1cce702)
Start importing Assets/Furniture Mega Pack/Textures/Sofas/Sofa13/Sofa13_mat_Sofa13_MetallicSmoothness.png using Guid(d5923d19d4e73a44b9eb1386d00ee319) Importer(2089858483,192608db42251d675da83286b1cce702) (ScriptedImporter) -> (artifact id: '8abca1f63890229f0ee4113152d87ad3') in 0.0215979 seconds
Number of updated asset objects reloaded before import = 0Number of asset objects unloaded after import = 1

========================================================================
Received Import Request.
  Time since last request: 0.000011 seconds.
  path: Assets/Furniture Mega Pack/Prefabs/Beds/Bed24.prefab
  artifactKey: Guid(80c8563b958abc04993f8d3e79cbdc67) Importer(2089858483,192608db42251d675da83286b1cce702)
Start importing Assets/Furniture Mega Pack/Prefabs/Beds/Bed24.prefab using Guid(80c8563b958abc04993f8d3e79cbdc67) Importer(2089858483,192608db42251d675da83286b1cce702) (ScriptedImporter) -> (artifact id: '599e96c855d3ed2a2253bed4106a726a') in 0.021316 seconds
Number of updated asset objects reloaded before import = 0Number of asset objects unloaded after import = 29

========================================================================
Received Import Request.
  Time since last request: 0.000012 seconds.
  path: Assets/Furniture Mega Pack/Prefabs/Kitchen/CabinetG04.prefab
  artifactKey: Guid(899fe677eb2561d4fac07a53aad6be57) Importer(2089858483,192608db42251d675da83286b1cce702)
Start importing Assets/Furniture Mega Pack/Prefabs/Kitchen/CabinetG04.prefab using Guid(899fe677eb2561d4fac07a53aad6be57) Importer(2089858483,192608db42251d675da83286b1cce702) (ScriptedImporter) -> (artifact id: '66b97930bd43037d41117185df80831a') in 0.0212489 seconds
Number of updated asset objects reloaded before import = 0Number of asset objects unloaded after import = 19

========================================================================
Received Import Request.
  Time since last request: 0.000017 seconds.
  path: Assets/Furniture Mega Pack/Materials/Kitchen
  artifactKey: Guid(59986b12beafa0147a9cc30ca3e1c826) Importer(2089858483,192608db42251d675da83286b1cce702)
Start importing Assets/Furniture Mega Pack/Materials/Kitchen using Guid(59986b12beafa0147a9cc30ca3e1c826) Importer(2089858483,192608db42251d675da83286b1cce702) (ScriptedImporter) -> (artifact id: 'e04092ceaf3b759f470dcc0c998e5b0c') in 0.0087921 seconds
Number of updated asset objects reloaded before import = 0Number of asset objects unloaded after import = 1

========================================================================
Received Import Request.
  Time since last request: 0.000011 seconds.
  path: Assets/Furniture Mega Pack/Textures/Cushions/Cushion29_36
  artifactKey: Guid(2a5583301f7f9e84d8fe2da72d23e6fc) Importer(2089858483,192608db42251d675da83286b1cce702)
Start importing Assets/Furniture Mega Pack/Textures/Cushions/Cushion29_36 using Guid(2a5583301f7f9e84d8fe2da72d23e6fc) Importer(2089858483,192608db42251d675da83286b1cce702) (ScriptedImporter) -> (artifact id: '32ce61c94b72ad2dd9a69e11fa187255') in 0.0116572 seconds
Number of updated asset objects reloaded before import = 0Number of asset objects unloaded after import = 1

========================================================================
Received Import Request.
  Time since last request: 0.000013 seconds.
  path: Assets/Furniture Mega Pack/Prefabs/Cushioins/Cushion31.prefab
  artifactKey: Guid(e042b997cafb7cf43aee02508b194d4d) Importer(2089858483,192608db42251d675da83286b1cce702)
Start importing Assets/Furniture Mega Pack/Prefabs/Cushioins/Cushion31.prefab using Guid(e042b997cafb7cf43aee02508b194d4d) Importer(2089858483,192608db42251d675da83286b1cce702) (ScriptedImporter) -> (artifact id: '8c7cd70d7c46ac7ce45494c005eb19e2') in 0.0209297 seconds
Number of updated asset objects reloaded before import = 0Number of asset objects unloaded after import = 9

========================================================================
Received Import Request.
  Time since last request: 0.000013 seconds.
  path: Assets/Furniture Mega Pack/Textures/Bed/Mattress
  artifactKey: Guid(0a9a8c1738a5c104ca7ef60f4e522df6) Importer(2089858483,192608db42251d675da83286b1cce702)
Start importing Assets/Furniture Mega Pack/Textures/Bed/Mattress using Guid(0a9a8c1738a5c104ca7ef60f4e522df6) Importer(2089858483,192608db42251d675da83286b1cce702) (ScriptedImporter) -> (artifact id: '886ce21961bf643b439b43b7bf0f0d10') in 0.0102327 seconds
Number of updated asset objects reloaded before import = 0Number of asset objects unloaded after import = 1

========================================================================
Received Import Request.
  Time since last request: 0.000022 seconds.
  path: Assets/Furniture Mega Pack/Textures/Sofas/Sofa12/Sofa12_mat_Sofa12_Normal.png
  artifactKey: Guid(b12a6618ed8e983468c22b1ccf05238c) Importer(2089858483,192608db42251d675da83286b1cce702)
Start importing Assets/Furniture Mega Pack/Textures/Sofas/Sofa12/Sofa12_mat_Sofa12_Normal.png using Guid(b12a6618ed8e983468c22b1ccf05238c) Importer(2089858483,192608db42251d675da83286b1cce702) (ScriptedImporter) -> (artifact id: '3917293f754b8c2a715ce39b9bd510c2') in 0.0186687 seconds
Number of updated asset objects reloaded before import = 0Number of asset objects unloaded after import = 1

========================================================================
Received Import Request.
  Time since last request: 0.000013 seconds.
  path: Assets/Furniture Mega Pack/Materials/Chair/mat_Chair48.mat
  artifactKey: Guid(c5a2e22896d005849b94bb87535359ed) Importer(2089858483,192608db42251d675da83286b1cce702)
Start importing Assets/Furniture Mega Pack/Materials/Chair/mat_Chair48.mat using Guid(c5a2e22896d005849b94bb87535359ed) Importer(2089858483,192608db42251d675da83286b1cce702) (ScriptedImporter) -> (artifact id: 'a428dc808ff0ebf2c5ed6ba5fff9b293') in 0.0169274 seconds
Number of updated asset objects reloaded before import = 0Number of asset objects unloaded after import = 4

========================================================================
Received Import Request.
  Time since last request: 0.000011 seconds.
  path: Assets/Furniture Mega Pack/Textures/Tables/Table04/Table04_mat_Table04_AlbedoTransparency.png
  artifactKey: Guid(c2585cbab9f7e224c8487e6cdbf669a1) Importer(2089858483,192608db42251d675da83286b1cce702)
Start importing Assets/Furniture Mega Pack/Textures/Tables/Table04/Table04_mat_Table04_AlbedoTransparency.png using Guid(c2585cbab9f7e224c8487e6cdbf669a1) Importer(2089858483,192608db42251d675da83286b1cce702) (ScriptedImporter) -> (artifact id: 'b3c96eaaa5fe074791abf76cbe686386') in 0.0184628 seconds
Number of updated asset objects reloaded before import = 0Number of asset objects unloaded after import = 1

========================================================================
Received Import Request.
  Time since last request: 0.000013 seconds.
  path: Assets/Furniture Mega Pack/Prefabs/Cushioins/Cushion29.prefab
  artifactKey: Guid(f193697e09c63b54b887deb4b555f03b) Importer(2089858483,192608db42251d675da83286b1cce702)
Start importing Assets/Furniture Mega Pack/Prefabs/Cushioins/Cushion29.prefab using Guid(f193697e09c63b54b887deb4b555f03b) Importer(2089858483,192608db42251d675da83286b1cce702) (ScriptedImporter) -> (artifact id: 'bffb9f669b2ff41ad71687a958593116') in 0.0209586 seconds
Number of updated asset objects reloaded before import = 0Number of asset objects unloaded after import = 9

========================================================================
Received Import Request.
  Time since last request: 0.000011 seconds.
  path: Assets/Furniture Mega Pack/Materials/Chair/mat_Chair42.mat
  artifactKey: Guid(749ed2bf537f3fe44baae041a2b39473) Importer(2089858483,192608db42251d675da83286b1cce702)
Start importing Assets/Furniture Mega Pack/Materials/Chair/mat_Chair42.mat using Guid(749ed2bf537f3fe44baae041a2b39473) Importer(2089858483,192608db42251d675da83286b1cce702) (ScriptedImporter) -> (artifact id: '87ae5c14b94d64020a770535b5aa587e') in 0.0158811 seconds
Number of updated asset objects reloaded before import = 0Number of asset objects unloaded after import = 4

========================================================================
Received Import Request.
  Time since last request: 0.000010 seconds.
  path: Assets/Furniture Mega Pack/FBX/Bed/Bed17.fbx
  artifactKey: Guid(8ce1b2ac8e0fa374a9accc6535f5b060) Importer(2089858483,192608db42251d675da83286b1cce702)
Start importing Assets/Furniture Mega Pack/FBX/Bed/Bed17.fbx using Guid(8ce1b2ac8e0fa374a9accc6535f5b060) Importer(2089858483,192608db42251d675da83286b1cce702) (ScriptedImporter) -> (artifact id: '27875933f31c4a54a64b56e089fb24c0') in 0.0408666 seconds
Number of updated asset objects reloaded before import = 0Number of asset objects unloaded after import = 36

========================================================================
Received Import Request.
  Time since last request: 0.000022 seconds.
  path: Assets/Furniture Mega Pack/Textures/Sofas/Sofa01/Sofa01_mat_Sofa01_Normal.png
  artifactKey: Guid(aa04e9ec6f86fbd48b9bc68707315941) Importer(2089858483,192608db42251d675da83286b1cce702)
Start importing Assets/Furniture Mega Pack/Textures/Sofas/Sofa01/Sofa01_mat_Sofa01_Normal.png using Guid(aa04e9ec6f86fbd48b9bc68707315941) Importer(2089858483,192608db42251d675da83286b1cce702) (ScriptedImporter) -> (artifact id: '06ebeb5b9adc2dbf3ee15143d439269f') in 0.0183913 seconds
Number of updated asset objects reloaded before import = 0Number of asset objects unloaded after import = 1

========================================================================
Received Import Request.
  Time since last request: 0.000020 seconds.
  path: Assets/Furniture Mega Pack/Prefabs/Kitchen/CabinetD07.prefab
  artifactKey: Guid(b3d1518368a120846ae0f460c0309af0) Importer(2089858483,192608db42251d675da83286b1cce702)
Start importing Assets/Furniture Mega Pack/Prefabs/Kitchen/CabinetD07.prefab using Guid(b3d1518368a120846ae0f460c0309af0) Importer(2089858483,192608db42251d675da83286b1cce702) (ScriptedImporter) -> (artifact id: 'fa23ce1ee4a04ab266217b29f3ebdff1') in 0.0203068 seconds
Number of updated asset objects reloaded before import = 0Number of asset objects unloaded after import = 9

========================================================================
Received Import Request.
  Time since last request: 0.000011 seconds.
  path: Assets/Furniture Mega Pack/Prefabs/Closets/Closet30.prefab
  artifactKey: Guid(1398d45d9ef93774ba37f98c37b91e6c) Importer(2089858483,192608db42251d675da83286b1cce702)
Start importing Assets/Furniture Mega Pack/Prefabs/Closets/Closet30.prefab using Guid(1398d45d9ef93774ba37f98c37b91e6c) Importer(2089858483,192608db42251d675da83286b1cce702) (ScriptedImporter) -> (artifact id: 'ca6da6cbc3263b1df1ca31fe9484b635') in 0.0177375 seconds
Number of updated asset objects reloaded before import = 0Number of asset objects unloaded after import = 14

========================================================================
Received Import Request.
  Time since last request: 0.000014 seconds.
  path: Assets/Furniture Mega Pack/Prefabs/Closets/Closet04.prefab
  artifactKey: Guid(487466b848570584dad346bdf245c1be) Importer(2089858483,192608db42251d675da83286b1cce702)
Start importing Assets/Furniture Mega Pack/Prefabs/Closets/Closet04.prefab using Guid(487466b848570584dad346bdf245c1be) Importer(2089858483,192608db42251d675da83286b1cce702) (ScriptedImporter) -> (artifact id: 'da9756448b1a308eaa65e226fd2af2bc') in 0.022025 seconds
Number of updated asset objects reloaded before import = 0Number of asset objects unloaded after import = 9

========================================================================
Received Import Request.
  Time since last request: 0.000012 seconds.
  path: Assets/Furniture Mega Pack/Prefabs/Sofas/Sofa21.prefab
  artifactKey: Guid(8b5a551276190c943a934b075a4996ba) Importer(2089858483,192608db42251d675da83286b1cce702)
Start importing Assets/Furniture Mega Pack/Prefabs/Sofas/Sofa21.prefab using Guid(8b5a551276190c943a934b075a4996ba) Importer(2089858483,192608db42251d675da83286b1cce702) (ScriptedImporter) -> (artifact id: 'b91277dccef8fca16dacfbfd093d82b4') in 0.0196875 seconds
Number of updated asset objects reloaded before import = 0Number of asset objects unloaded after import = 9

========================================================================
Received Import Request.
  Time since last request: 0.000011 seconds.
  path: Assets/Furniture Mega Pack/FBX/Kitchen/MicrowaveOven07.fbx
  artifactKey: Guid(33c22f6f5f802ba4f8babe453f6952bb) Importer(2089858483,192608db42251d675da83286b1cce702)
Start importing Assets/Furniture Mega Pack/FBX/Kitchen/MicrowaveOven07.fbx using Guid(33c22f6f5f802ba4f8babe453f6952bb) Importer(2089858483,192608db42251d675da83286b1cce702) (ScriptedImporter) -> (artifact id: '30a03ad7f5f39dbf6454dbeb3d1ce1f1') in 0.0330844 seconds
Number of updated asset objects reloaded before import = 0Number of asset objects unloaded after import = 26

========================================================================
Received Import Request.
  Time since last request: 0.000011 seconds.
  path: Assets/Furniture Mega Pack/Prefabs/Kitchen/CabinetE03.prefab
  artifactKey: Guid(ccd6c6292aa459e44ad9558063548c5f) Importer(2089858483,192608db42251d675da83286b1cce702)
Start importing Assets/Furniture Mega Pack/Prefabs/Kitchen/CabinetE03.prefab using Guid(ccd6c6292aa459e44ad9558063548c5f) Importer(2089858483,192608db42251d675da83286b1cce702) (ScriptedImporter) -> (artifact id: '324d12692e81e195027317e06d079adb') in 0.022451 seconds
Number of updated asset objects reloaded before import = 0Number of asset objects unloaded after import = 24

========================================================================
Received Import Request.
  Time since last request: 0.000017 seconds.
  path: Assets/Furniture Mega Pack/Materials/Sofa/mat_Sofa04.mat
  artifactKey: Guid(ab9a5a5a92a0e774890867b91ad8de67) Importer(2089858483,192608db42251d675da83286b1cce702)
Start importing Assets/Furniture Mega Pack/Materials/Sofa/mat_Sofa04.mat using Guid(ab9a5a5a92a0e774890867b91ad8de67) Importer(2089858483,192608db42251d675da83286b1cce702) (ScriptedImporter) -> (artifact id: 'd63192b35ea725c723c52e2deb3fddb9') in 0.0171606 seconds
Number of updated asset objects reloaded before import = 0Number of asset objects unloaded after import = 4

========================================================================
Received Import Request.
  Time since last request: 0.000019 seconds.
  path: Assets/Furniture Mega Pack/Textures/Chairs/Chair37/Chair37_mat_Chair37_MetallicSmoothness.png
  artifactKey: Guid(910c6f043532a984db7696e3810e0138) Importer(2089858483,192608db42251d675da83286b1cce702)
Start importing Assets/Furniture Mega Pack/Textures/Chairs/Chair37/Chair37_mat_Chair37_MetallicSmoothness.png using Guid(910c6f043532a984db7696e3810e0138) Importer(2089858483,192608db42251d675da83286b1cce702) (ScriptedImporter) -> (artifact id: '818d1ab0e26c1cd84fc7bb0d07c66e10') in 0.0193833 seconds
Number of updated asset objects reloaded before import = 0Number of asset objects unloaded after import = 1

========================================================================
Received Import Request.
  Time since last request: 0.000013 seconds.
  path: Assets/Furniture Mega Pack/Materials/Sofa/mat_Sofa22.mat
  artifactKey: Guid(c529cb7d146fa9b4197e6e8060bd8923) Importer(2089858483,192608db42251d675da83286b1cce702)
Start importing Assets/Furniture Mega Pack/Materials/Sofa/mat_Sofa22.mat using Guid(c529cb7d146fa9b4197e6e8060bd8923) Importer(2089858483,192608db42251d675da83286b1cce702) (ScriptedImporter) -> (artifact id: '767a84c1ed86697a2d7aaa1ff072f3d8') in 0.017054 seconds
Number of updated asset objects reloaded before import = 0Number of asset objects unloaded after import = 4

========================================================================
Received Import Request.
  Time since last request: 0.000018 seconds.
  path: Assets/Furniture Mega Pack/Prefabs/Cushioins/Cushion48.prefab
  artifactKey: Guid(04fbe38c8f5338f4abdad2cf59cde335) Importer(2089858483,192608db42251d675da83286b1cce702)
Start importing Assets/Furniture Mega Pack/Prefabs/Cushioins/Cushion48.prefab using Guid(04fbe38c8f5338f4abdad2cf59cde335) Importer(2089858483,192608db42251d675da83286b1cce702) (ScriptedImporter) -> (artifact id: '6bb19d735570b0a2f540b968dca70a46') in 0.0214682 seconds
Number of updated asset objects reloaded before import = 0Number of asset objects unloaded after import = 9

========================================================================
Received Import Request.
  Time since last request: 0.000025 seconds.
  path: Assets/Furniture Mega Pack/Prefabs/Tables/Table40.prefab
  artifactKey: Guid(040db775ee76fb64c8f3d37bc037524d) Importer(2089858483,192608db42251d675da83286b1cce702)
Start importing Assets/Furniture Mega Pack/Prefabs/Tables/Table40.prefab using Guid(040db775ee76fb64c8f3d37bc037524d) Importer(2089858483,192608db42251d675da83286b1cce702) (ScriptedImporter) -> (artifact id: '8c58b2f4561687bd95e2d5457ee5dc85') in 0.0184631 seconds
Number of updated asset objects reloaded before import = 0Number of asset objects unloaded after import = 9

========================================================================
Received Import Request.
  Time since last request: 0.000011 seconds.
  path: Assets/Furniture Mega Pack/Prefabs/Kitchen/Sink04.prefab
  artifactKey: Guid(c746bafc63596504db19fb8a67bb6997) Importer(2089858483,192608db42251d675da83286b1cce702)
Start importing Assets/Furniture Mega Pack/Prefabs/Kitchen/Sink04.prefab using Guid(c746bafc63596504db19fb8a67bb6997) Importer(2089858483,192608db42251d675da83286b1cce702) (ScriptedImporter) -> (artifact id: 'a1e1fe4a5e9036e3aec9ef15f3a4ddee') in 0.0175944 seconds
Number of updated asset objects reloaded before import = 0Number of asset objects unloaded after import = 29

========================================================================
Received Import Request.
  Time since last request: 0.000014 seconds.
  path: Assets/Furniture Mega Pack/Textures/Chairs/Chair46/Chair46_mat_Chair46_MetallicSmoothness.png
  artifactKey: Guid(32785d166181842458d363d9cb9532a8) Importer(2089858483,192608db42251d675da83286b1cce702)
Start importing Assets/Furniture Mega Pack/Textures/Chairs/Chair46/Chair46_mat_Chair46_MetallicSmoothness.png using Guid(32785d166181842458d363d9cb9532a8) Importer(2089858483,192608db42251d675da83286b1cce702) (ScriptedImporter) -> (artifact id: '0431a60d9c5141ab87164ebe7113afd6') in 0.0199333 seconds
Number of updated asset objects reloaded before import = 0Number of asset objects unloaded after import = 1

========================================================================
Received Import Request.
  Time since last request: 0.000014 seconds.
  path: Assets/Furniture Mega Pack/Textures/Tables/Table35/Table35_mat_Table35_AlbedoTransparency.png
  artifactKey: Guid(60da00c64e8e613409bcdb84d75f22f3) Importer(2089858483,192608db42251d675da83286b1cce702)
Start importing Assets/Furniture Mega Pack/Textures/Tables/Table35/Table35_mat_Table35_AlbedoTransparency.png using Guid(60da00c64e8e613409bcdb84d75f22f3) Importer(2089858483,192608db42251d675da83286b1cce702) (ScriptedImporter) -> (artifact id: 'f16e305f3159d2ed782d032a64377fdd') in 0.0179312 seconds
Number of updated asset objects reloaded before import = 0Number of asset objects unloaded after import = 1

========================================================================
Received Import Request.
  Time since last request: 0.000019 seconds.
  path: Assets/Furniture Mega Pack/Textures/Closet/AtlasTexture_Closet_MetallicSmoothness.png
  artifactKey: Guid(6d5f9e42c93796d469b9371e55a96278) Importer(2089858483,192608db42251d675da83286b1cce702)
Start importing Assets/Furniture Mega Pack/Textures/Closet/AtlasTexture_Closet_MetallicSmoothness.png using Guid(6d5f9e42c93796d469b9371e55a96278) Importer(2089858483,192608db42251d675da83286b1cce702) (ScriptedImporter) -> (artifact id: '59b2331d3968748c5f0ecf5f014e144d') in 0.0197581 seconds
Number of updated asset objects reloaded before import = 0Number of asset objects unloaded after import = 1

========================================================================
Received Import Request.
  Time since last request: 0.000015 seconds.
  path: Assets/Furniture Mega Pack/Prefabs/Closets/Closet48.prefab
  artifactKey: Guid(fa25ddbf415fdc344aa1ed6d45096288) Importer(2089858483,192608db42251d675da83286b1cce702)
Start importing Assets/Furniture Mega Pack/Prefabs/Closets/Closet48.prefab using Guid(fa25ddbf415fdc344aa1ed6d45096288) Importer(2089858483,192608db42251d675da83286b1cce702) (ScriptedImporter) -> (artifact id: '27ca597585b2a0fb436f584fee413e2b') in 0.0207417 seconds
Number of updated asset objects reloaded before import = 0Number of asset objects unloaded after import = 14

========================================================================
Received Import Request.
  Time since last request: 0.000016 seconds.
  path: Assets/Furniture Mega Pack/Textures/Chairs/Chair04/Chair04_mat_Chair04_MetallicSmoothness.png
  artifactKey: Guid(2f2efec67b5a94747aaa3bcfb3bf4a6e) Importer(2089858483,192608db42251d675da83286b1cce702)
Start importing Assets/Furniture Mega Pack/Textures/Chairs/Chair04/Chair04_mat_Chair04_MetallicSmoothness.png using Guid(2f2efec67b5a94747aaa3bcfb3bf4a6e) Importer(2089858483,192608db42251d675da83286b1cce702) (ScriptedImporter) -> (artifact id: '9ed3d89abcf501cb24d281a16cc495a4') in 0.0213276 seconds
Number of updated asset objects reloaded before import = 0Number of asset objects unloaded after import = 1

========================================================================
Received Import Request.
  Time since last request: 0.000014 seconds.
  path: Assets/Furniture Mega Pack/Prefabs/Bathroom/TowelHanger03.prefab
  artifactKey: Guid(045e91383c6a342449192843bb309665) Importer(2089858483,192608db42251d675da83286b1cce702)
Start importing Assets/Furniture Mega Pack/Prefabs/Bathroom/TowelHanger03.prefab using Guid(045e91383c6a342449192843bb309665) Importer(2089858483,192608db42251d675da83286b1cce702) (ScriptedImporter) -> (artifact id: '6aaf84017a5e902bebbd731e2ed9dd98') in 0.0193184 seconds
Number of updated asset objects reloaded before import = 0Number of asset objects unloaded after import = 9

========================================================================
Received Import Request.
  Time since last request: 0.000013 seconds.
  path: Assets/Furniture Mega Pack/FBX/Chair/Chair26.fbx
  artifactKey: Guid(b9e32879e9568fa4daef8e7879cae362) Importer(2089858483,192608db42251d675da83286b1cce702)
Start importing Assets/Furniture Mega Pack/FBX/Chair/Chair26.fbx using Guid(b9e32879e9568fa4daef8e7879cae362) Importer(2089858483,192608db42251d675da83286b1cce702) (ScriptedImporter) -> (artifact id: '41273e6ae968464960ffb2e3fb76b0ff') in 0.0234529 seconds
Number of updated asset objects reloaded before import = 0Number of asset objects unloaded after import = 10

========================================================================
Received Import Request.
  Time since last request: 0.000010 seconds.
  path: Assets/Furniture Mega Pack/Textures/Sofas/Sofa28/Sofa28_mat_Sofa28_MetallicSmoothness.png
  artifactKey: Guid(b1cc91cc26da0f148a698579386bb5b2) Importer(2089858483,192608db42251d675da83286b1cce702)
Start importing Assets/Furniture Mega Pack/Textures/Sofas/Sofa28/Sofa28_mat_Sofa28_MetallicSmoothness.png using Guid(b1cc91cc26da0f148a698579386bb5b2) Importer(2089858483,192608db42251d675da83286b1cce702) (ScriptedImporter) -> (artifact id: '1ff1976377e03d57a14b19f8e3a5f554') in 0.0198999 seconds
Number of updated asset objects reloaded before import = 0Number of asset objects unloaded after import = 1

========================================================================
Received Import Request.
  Time since last request: 0.000012 seconds.
  path: Assets/Furniture Mega Pack/Textures/Tables/Table05
  artifactKey: Guid(d294df14d1e543046ad6bfd16cefe75f) Importer(2089858483,192608db42251d675da83286b1cce702)
Start importing Assets/Furniture Mega Pack/Textures/Tables/Table05 using Guid(d294df14d1e543046ad6bfd16cefe75f) Importer(2089858483,192608db42251d675da83286b1cce702) (ScriptedImporter) -> (artifact id: '39191c8641ccf65644c1f7a6e604d1d6') in 0.01057 seconds
Number of updated asset objects reloaded before import = 0Number of asset objects unloaded after import = 1

========================================================================
Received Import Request.
  Time since last request: 0.000022 seconds.
  path: Assets/Furniture Mega Pack/FBX/Chair/Chair47.fbx
  artifactKey: Guid(f60168e87c047e041a789f6ac5d375f3) Importer(2089858483,192608db42251d675da83286b1cce702)
Start importing Assets/Furniture Mega Pack/FBX/Chair/Chair47.fbx using Guid(f60168e87c047e041a789f6ac5d375f3) Importer(2089858483,192608db42251d675da83286b1cce702) (ScriptedImporter) -> (artifact id: '2b5fc16820bb2f37745e01b6be71f521') in 0.026094 seconds
Number of updated asset objects reloaded before import = 0Number of asset objects unloaded after import = 10

========================================================================
Received Import Request.
  Time since last request: 0.000010 seconds.
  path: Assets/Furniture Mega Pack/Prefabs/Closets/Closet29.prefab
  artifactKey: Guid(7a702b946fc7bde4faefe4a6e21c763f) Importer(2089858483,192608db42251d675da83286b1cce702)
Start importing Assets/Furniture Mega Pack/Prefabs/Closets/Closet29.prefab using Guid(7a702b946fc7bde4faefe4a6e21c763f) Importer(2089858483,192608db42251d675da83286b1cce702) (ScriptedImporter) -> (artifact id: '475ea1efcd6722f4e647107530b055e1') in 0.0182544 seconds
Number of updated asset objects reloaded before import = 0Number of asset objects unloaded after import = 14

========================================================================
Received Import Request.
  Time since last request: 0.000011 seconds.
  path: Assets/Furniture Mega Pack/Prefabs/Kitchen/CabinetF01.prefab
  artifactKey: Guid(278872f71b2970e40a35d114b3064149) Importer(2089858483,192608db42251d675da83286b1cce702)
Start importing Assets/Furniture Mega Pack/Prefabs/Kitchen/CabinetF01.prefab using Guid(278872f71b2970e40a35d114b3064149) Importer(2089858483,192608db42251d675da83286b1cce702) (ScriptedImporter) -> (artifact id: 'cac300da3fededfbf3883b42c9402cce') in 0.0194588 seconds
Number of updated asset objects reloaded before import = 0Number of asset objects unloaded after import = 14

========================================================================
Received Import Request.
  Time since last request: 0.000019 seconds.
  path: Assets/Furniture Mega Pack/Textures/Sofas/Sofa15
  artifactKey: Guid(2ac48070b1132e24389155cd525c1452) Importer(2089858483,192608db42251d675da83286b1cce702)
Start importing Assets/Furniture Mega Pack/Textures/Sofas/Sofa15 using Guid(2ac48070b1132e24389155cd525c1452) Importer(2089858483,192608db42251d675da83286b1cce702) (ScriptedImporter) -> (artifact id: '742af90a2b558bf190dbd1e06fac2aa5') in 0.0096299 seconds
Number of updated asset objects reloaded before import = 0Number of asset objects unloaded after import = 1

========================================================================
Received Import Request.
  Time since last request: 0.000013 seconds.
  path: Assets/Furniture Mega Pack/Prefabs/Closets/Closet01.prefab
  artifactKey: Guid(ecab5946fc82ea5459c10139ebfc248f) Importer(2089858483,192608db42251d675da83286b1cce702)
Start importing Assets/Furniture Mega Pack/Prefabs/Closets/Closet01.prefab using Guid(ecab5946fc82ea5459c10139ebfc248f) Importer(2089858483,192608db42251d675da83286b1cce702) (ScriptedImporter) -> (artifact id: '6ef3076aa7522068f0828888f5695253') in 0.0191134 seconds
Number of updated asset objects reloaded before import = 0Number of asset objects unloaded after import = 9

========================================================================
Received Import Request.
  Time since last request: 0.000011 seconds.
  path: Assets/Furniture Mega Pack/Textures/Tables/Table01
  artifactKey: Guid(b364ed3f44b3a134ea5a06aeaa151a8b) Importer(2089858483,192608db42251d675da83286b1cce702)
Start importing Assets/Furniture Mega Pack/Textures/Tables/Table01 using Guid(b364ed3f44b3a134ea5a06aeaa151a8b) Importer(2089858483,192608db42251d675da83286b1cce702) (ScriptedImporter) -> (artifact id: '9b0cffc1782ac827d1aa37b1479cd303') in 0.0102982 seconds
Number of updated asset objects reloaded before import = 0Number of asset objects unloaded after import = 1

========================================================================
Received Import Request.
  Time since last request: 0.000014 seconds.
  path: Assets/Furniture Mega Pack/Materials/Chair/mat_Chair23.mat
  artifactKey: Guid(e7fdb86756b96624a814d643292030f4) Importer(2089858483,192608db42251d675da83286b1cce702)
Start importing Assets/Furniture Mega Pack/Materials/Chair/mat_Chair23.mat using Guid(e7fdb86756b96624a814d643292030f4) Importer(2089858483,192608db42251d675da83286b1cce702) (ScriptedImporter) -> (artifact id: '7ab91589a524adc5e4eb0760a92d330a') in 0.0174765 seconds
Number of updated asset objects reloaded before import = 0Number of asset objects unloaded after import = 4

========================================================================
Received Import Request.
  Time since last request: 0.000018 seconds.
  path: Assets/Furniture Mega Pack/Textures/Sofas/Sofa32/Sofa32_mat_Sofa32_MetallicSmoothness.png
  artifactKey: Guid(241bb95e99211234a9e3e01b7360c7ef) Importer(2089858483,192608db42251d675da83286b1cce702)
Start importing Assets/Furniture Mega Pack/Textures/Sofas/Sofa32/Sofa32_mat_Sofa32_MetallicSmoothness.png using Guid(241bb95e99211234a9e3e01b7360c7ef) Importer(2089858483,192608db42251d675da83286b1cce702) (ScriptedImporter) -> (artifact id: 'bdf079c6a78ed2b65141f3fbc492e3f3') in 0.0203756 seconds
Number of updated asset objects reloaded before import = 0Number of asset objects unloaded after import = 1

========================================================================
Received Import Request.
  Time since last request: 0.000014 seconds.
  path: Assets/Furniture Mega Pack/FBX/Sofa/Sofa34.fbx
  artifactKey: Guid(67a43270ed85b4a4fbceaa57945a9deb) Importer(2089858483,192608db42251d675da83286b1cce702)
Start importing Assets/Furniture Mega Pack/FBX/Sofa/Sofa34.fbx using Guid(67a43270ed85b4a4fbceaa57945a9deb) Importer(2089858483,192608db42251d675da83286b1cce702) (ScriptedImporter) -> (artifact id: '772b779d9bb8dcec63662c14e84a8f4e') in 0.0211684 seconds
Number of updated asset objects reloaded before import = 0Number of asset objects unloaded after import = 8

========================================================================
Received Import Request.
  Time since last request: 0.000012 seconds.
  path: Assets/Furniture Mega Pack/Materials/Bed/mat_BedFrame.mat
  artifactKey: Guid(3dd5ce5af6e1b7741a19623c4bc951f6) Importer(2089858483,192608db42251d675da83286b1cce702)
Start importing Assets/Furniture Mega Pack/Materials/Bed/mat_BedFrame.mat using Guid(3dd5ce5af6e1b7741a19623c4bc951f6) Importer(2089858483,192608db42251d675da83286b1cce702) (ScriptedImporter) -> (artifact id: '225c866cb9ad16e0ee326a1f6bb44431') in 0.0171699 seconds
Number of updated asset objects reloaded before import = 0Number of asset objects unloaded after import = 4

========================================================================
Received Import Request.
  Time since last request: 0.000010 seconds.
  path: Assets/Furniture Mega Pack/Materials/Table/mat_Table11.mat
  artifactKey: Guid(69e3d9ea580fec943b939ff61fb19eb9) Importer(2089858483,192608db42251d675da83286b1cce702)
Start importing Assets/Furniture Mega Pack/Materials/Table/mat_Table11.mat using Guid(69e3d9ea580fec943b939ff61fb19eb9) Importer(2089858483,192608db42251d675da83286b1cce702) (ScriptedImporter) -> (artifact id: '1a58e5808cc453fa433144feee07a9f5') in 0.0173918 seconds
Number of updated asset objects reloaded before import = 0Number of asset objects unloaded after import = 4

========================================================================
Received Import Request.
  Time since last request: 0.000010 seconds.
  path: Assets/Furniture Mega Pack/Prefabs/Kitchen/CabinetG02.prefab
  artifactKey: Guid(dbf5d4beed440b64e84a6419194c4e8e) Importer(2089858483,192608db42251d675da83286b1cce702)
Start importing Assets/Furniture Mega Pack/Prefabs/Kitchen/CabinetG02.prefab using Guid(dbf5d4beed440b64e84a6419194c4e8e) Importer(2089858483,192608db42251d675da83286b1cce702) (ScriptedImporter) -> (artifact id: 'd7b3a9741a7c4655c6dabfa47ab773e3') in 0.0203051 seconds
Number of updated asset objects reloaded before import = 0Number of asset objects unloaded after import = 14

========================================================================
Received Import Request.
  Time since last request: 0.000012 seconds.
  path: Assets/Furniture Mega Pack/Prefabs/Drawers/Drawer24.prefab
  artifactKey: Guid(c0cb9887a0543e7449358145a0c438af) Importer(2089858483,192608db42251d675da83286b1cce702)
Start importing Assets/Furniture Mega Pack/Prefabs/Drawers/Drawer24.prefab using Guid(c0cb9887a0543e7449358145a0c438af) Importer(2089858483,192608db42251d675da83286b1cce702) (ScriptedImporter) -> (artifact id: 'b9ce7dcfb01cd1af2b3d536358bc0b32') in 0.0210254 seconds
Number of updated asset objects reloaded before import = 0Number of asset objects unloaded after import = 24

========================================================================
Received Import Request.
  Time since last request: 0.000029 seconds.
  path: Assets/Furniture Mega Pack/Prefabs/Cushioins/Cushion01.prefab
  artifactKey: Guid(7f6aa054aa8095d4bb013cdb67e015c9) Importer(2089858483,192608db42251d675da83286b1cce702)
Start importing Assets/Furniture Mega Pack/Prefabs/Cushioins/Cushion01.prefab using Guid(7f6aa054aa8095d4bb013cdb67e015c9) Importer(2089858483,192608db42251d675da83286b1cce702) (ScriptedImporter) -> (artifact id: '12094767401ef601f065b6edeec993e5') in 0.0232165 seconds
Number of updated asset objects reloaded before import = 0Number of asset objects unloaded after import = 9

========================================================================
Received Import Request.
  Time since last request: 0.000019 seconds.
  path: Assets/Furniture Mega Pack/Prefabs/Drawers/Drawer03.prefab
  artifactKey: Guid(04805d9fbd334654b92f9598db4ec946) Importer(2089858483,192608db42251d675da83286b1cce702)
Start importing Assets/Furniture Mega Pack/Prefabs/Drawers/Drawer03.prefab using Guid(04805d9fbd334654b92f9598db4ec946) Importer(2089858483,192608db42251d675da83286b1cce702) (ScriptedImporter) -> (artifact id: 'dc8f4ee6730eefd1d458e9f05bf1e64f') in 0.0217981 seconds
Number of updated asset objects reloaded before import = 0Number of asset objects unloaded after import = 24

========================================================================
Received Import Request.
  Time since last request: 0.000010 seconds.
  path: Assets/Furniture Mega Pack/FBX/Bed/Bed01.fbx
  artifactKey: Guid(2d3453b05be89384791717cd48f064fa) Importer(2089858483,192608db42251d675da83286b1cce702)
Start importing Assets/Furniture Mega Pack/FBX/Bed/Bed01.fbx using Guid(2d3453b05be89384791717cd48f064fa) Importer(2089858483,192608db42251d675da83286b1cce702) (ScriptedImporter) -> (artifact id: '8ce70fd573efbde49d9f2c43e50a1f1c') in 0.0346973 seconds
Number of updated asset objects reloaded before import = 0Number of asset objects unloaded after import = 33

========================================================================
Received Import Request.
  Time since last request: 0.000011 seconds.
  path: Assets/Furniture Mega Pack/Scenes/Furniture Mega Pack
  artifactKey: Guid(12cedcbdae54a064ebad4e54a4c898e1) Importer(2089858483,192608db42251d675da83286b1cce702)
Start importing Assets/Furniture Mega Pack/Scenes/Furniture Mega Pack using Guid(12cedcbdae54a064ebad4e54a4c898e1) Importer(2089858483,192608db42251d675da83286b1cce702) (ScriptedImporter) -> (artifact id: 'e7f0c37348146fe515adc5ea50fdd374') in 0.0102179 seconds
Number of updated asset objects reloaded before import = 0Number of asset objects unloaded after import = 1

========================================================================
Received Import Request.
  Time since last request: 0.000013 seconds.
  path: Assets/Furniture Mega Pack/Materials/Sofa/mat_Sofa13.mat
  artifactKey: Guid(872d5c575fc715441b2a1a8d689b9cc6) Importer(2089858483,192608db42251d675da83286b1cce702)
Start importing Assets/Furniture Mega Pack/Materials/Sofa/mat_Sofa13.mat using Guid(872d5c575fc715441b2a1a8d689b9cc6) Importer(2089858483,192608db42251d675da83286b1cce702) (ScriptedImporter) -> (artifact id: 'b8e3bbd6d39fbf5e729c1670f3798447') in 0.0169675 seconds
Number of updated asset objects reloaded before import = 0Number of asset objects unloaded after import = 4

========================================================================
Received Import Request.
  Time since last request: 0.000010 seconds.
  path: Assets/Furniture Mega Pack/Materials/Chair/mat_Chair41.mat
  artifactKey: Guid(f679274ffec18304997fa3ca21092db9) Importer(2089858483,192608db42251d675da83286b1cce702)
Start importing Assets/Furniture Mega Pack/Materials/Chair/mat_Chair41.mat using Guid(f679274ffec18304997fa3ca21092db9) Importer(2089858483,192608db42251d675da83286b1cce702) (ScriptedImporter) -> (artifact id: '839154a9a43a265fa51c064c5231a2aa') in 0.0172681 seconds
Number of updated asset objects reloaded before import = 0Number of asset objects unloaded after import = 4

========================================================================
Received Import Request.
  Time since last request: 0.000021 seconds.
  path: Assets/Furniture Mega Pack/FBX/Chair/Chair22.fbx
  artifactKey: Guid(21d0230feaf9d0a42980005f3113c6ee) Importer(2089858483,192608db42251d675da83286b1cce702)
Start importing Assets/Furniture Mega Pack/FBX/Chair/Chair22.fbx using Guid(21d0230feaf9d0a42980005f3113c6ee) Importer(2089858483,192608db42251d675da83286b1cce702) (ScriptedImporter) -> (artifact id: '5962419bd3208122c89189a27ade0ed1') in 0.0224478 seconds
Number of updated asset objects reloaded before import = 0Number of asset objects unloaded after import = 10

========================================================================
Received Import Request.
  Time since last request: 0.000017 seconds.
  path: Assets/Furniture Mega Pack/FBX/Bathroom/BathTub05.fbx
  artifactKey: Guid(d17fbc1678b1ce042a2589d47af5be34) Importer(2089858483,192608db42251d675da83286b1cce702)
Start importing Assets/Furniture Mega Pack/FBX/Bathroom/BathTub05.fbx using Guid(d17fbc1678b1ce042a2589d47af5be34) Importer(2089858483,192608db42251d675da83286b1cce702) (ScriptedImporter) -> (artifact id: 'cae0141f33de59c8682abaf4fb59e5ff') in 0.0250002 seconds
Number of updated asset objects reloaded before import = 0Number of asset objects unloaded after import = 10

========================================================================
Received Import Request.
  Time since last request: 0.000025 seconds.
  path: Assets/Furniture Mega Pack/Prefabs/Sofas/Sofa05.prefab
  artifactKey: Guid(144da6297c34ca943b2455225a7e969a) Importer(2089858483,192608db42251d675da83286b1cce702)
Start importing Assets/Furniture Mega Pack/Prefabs/Sofas/Sofa05.prefab using Guid(144da6297c34ca943b2455225a7e969a) Importer(2089858483,192608db42251d675da83286b1cce702) (ScriptedImporter) -> (artifact id: 'daa37d0ed70e42bd71f8f72759242e3e') in 0.0225226 seconds
Number of updated asset objects reloaded before import = 0Number of asset objects unloaded after import = 9

========================================================================
Received Import Request.
  Time since last request: 0.000012 seconds.
  path: Assets/Furniture Mega Pack/Textures/Sofas/Sofa31/Sofa31_mat_Sofa31_AlbedoTransparency.png
  artifactKey: Guid(52c75569fcc431e4492fe088455cd791) Importer(2089858483,192608db42251d675da83286b1cce702)
Start importing Assets/Furniture Mega Pack/Textures/Sofas/Sofa31/Sofa31_mat_Sofa31_AlbedoTransparency.png using Guid(52c75569fcc431e4492fe088455cd791) Importer(2089858483,192608db42251d675da83286b1cce702) (ScriptedImporter) -> (artifact id: 'a0550ca0adec851cea6a12912a68d375') in 0.0213395 seconds
Number of updated asset objects reloaded before import = 0Number of asset objects unloaded after import = 1

========================================================================
Received Import Request.
  Time since last request: 0.000014 seconds.
  path: Assets/Furniture Mega Pack/Textures/Tables/Table45/Table45_mat_Table45_AlbedoTransparency.png
  artifactKey: Guid(5656a01c7efa9d645bf48e32e105d3ac) Importer(2089858483,192608db42251d675da83286b1cce702)
Start importing Assets/Furniture Mega Pack/Textures/Tables/Table45/Table45_mat_Table45_AlbedoTransparency.png using Guid(5656a01c7efa9d645bf48e32e105d3ac) Importer(2089858483,192608db42251d675da83286b1cce702) (ScriptedImporter) -> (artifact id: 'b8bba6c8b8ddaf6f0f155ff227e2b2ec') in 0.0171781 seconds
Number of updated asset objects reloaded before import = 0Number of asset objects unloaded after import = 1

========================================================================
Received Import Request.
  Time since last request: 0.000011 seconds.
  path: Assets/MinimalistBedroom/Textures/Fabric/FabricClothes_1k/Materials/FabricClothes_baseColour_1k.mat
  artifactKey: Guid(fb8a2874b3a737f40927e5a9e8dfb464) Importer(2089858483,192608db42251d675da83286b1cce702)
Start importing Assets/MinimalistBedroom/Textures/Fabric/FabricClothes_1k/Materials/FabricClothes_baseColour_1k.mat using Guid(fb8a2874b3a737f40927e5a9e8dfb464) Importer(2089858483,192608db42251d675da83286b1cce702) (ScriptedImporter) -> (artifact id: '0a0a77729cc9e98a11199e8f4533c106') in 0.01643 seconds
Number of updated asset objects reloaded before import = 0Number of asset objects unloaded after import = 2

========================================================================
Received Import Request.
  Time since last request: 0.000010 seconds.
  path: Assets/pumpkin monster/Materials/low_matHead_MetallicSmoothness.mat
  artifactKey: Guid(fe9e7e9c2dcc49b47b91a4cad85b475a) Importer(2089858483,192608db42251d675da83286b1cce702)
Start importing Assets/pumpkin monster/Materials/low_matHead_MetallicSmoothness.mat using Guid(fe9e7e9c2dcc49b47b91a4cad85b475a) Importer(2089858483,192608db42251d675da83286b1cce702) (ScriptedImporter) -> (artifact id: '7b1b23b8efc77c1942fea6287245b892') in 0.0253996 seconds
Number of updated asset objects reloaded before import = 0Number of asset objects unloaded after import = 2

========================================================================
Received Import Request.
  Time since last request: 0.000012 seconds.
  path: Assets/Furniture Mega Pack/Prefabs/Bathroom/BathTub05.prefab
  artifactKey: Guid(981ceac0a357dc84f9cd83f858d8c713) Importer(2089858483,192608db42251d675da83286b1cce702)
Start importing Assets/Furniture Mega Pack/Prefabs/Bathroom/BathTub05.prefab using Guid(981ceac0a357dc84f9cd83f858d8c713) Importer(2089858483,192608db42251d675da83286b1cce702) (ScriptedImporter) -> (artifact id: '974159518834202385a27e2358d8aece') in 0.0215692 seconds
Number of updated asset objects reloaded before import = 0Number of asset objects unloaded after import = 9

========================================================================
Received Import Request.
  Time since last request: 0.000018 seconds.
  path: Assets/Furniture Mega Pack/FBX/Bed/Bed38.fbx
  artifactKey: Guid(cf911bde7927c114eb99c1687f1ade16) Importer(2089858483,192608db42251d675da83286b1cce702)
Start importing Assets/Furniture Mega Pack/FBX/Bed/Bed38.fbx using Guid(cf911bde7927c114eb99c1687f1ade16) Importer(2089858483,192608db42251d675da83286b1cce702) (ScriptedImporter) -> (artifact id: 'c69427ff53be33eacd8a049580819f37') in 0.035788 seconds
Number of updated asset objects reloaded before import = 0Number of asset objects unloaded after import = 18

========================================================================
Received Import Request.
  Time since last request: 0.000019 seconds.
  path: Assets/Furniture Mega Pack/Textures/Tables/Table06/Table06_mat_Table06_Normal.png
  artifactKey: Guid(bd9ea5267f43ed045a3d36f656a62830) Importer(2089858483,192608db42251d675da83286b1cce702)
Start importing Assets/Furniture Mega Pack/Textures/Tables/Table06/Table06_mat_Table06_Normal.png using Guid(bd9ea5267f43ed045a3d36f656a62830) Importer(2089858483,192608db42251d675da83286b1cce702) (ScriptedImporter) -> (artifact id: '2a00c2fee2f5f83df45ad3adb38d8f0d') in 0.0237113 seconds
Number of updated asset objects reloaded before import = 0Number of asset objects unloaded after import = 1

========================================================================
Received Import Request.
  Time since last request: 0.000012 seconds.
  path: Assets/Furniture Mega Pack/FBX/Bathroom/TissueHanger06.fbx
  artifactKey: Guid(4ba4ef0cfa691044f8456bc26865a56f) Importer(2089858483,192608db42251d675da83286b1cce702)
Start importing Assets/Furniture Mega Pack/FBX/Bathroom/TissueHanger06.fbx using Guid(4ba4ef0cfa691044f8456bc26865a56f) Importer(2089858483,192608db42251d675da83286b1cce702) (ScriptedImporter) -> (artifact id: '826d40ad5dc18f0b72f3b9f434f08d04') in 0.0230415 seconds
Number of updated asset objects reloaded before import = 0Number of asset objects unloaded after import = 10

========================================================================
Received Import Request.
  Time since last request: 0.000013 seconds.
  path: Assets/Furniture Mega Pack/Materials/Sofa/mat_Sofa29.mat
  artifactKey: Guid(d5f4ebba52909924bbb11629398e9dc4) Importer(2089858483,192608db42251d675da83286b1cce702)
Start importing Assets/Furniture Mega Pack/Materials/Sofa/mat_Sofa29.mat using Guid(d5f4ebba52909924bbb11629398e9dc4) Importer(2089858483,192608db42251d675da83286b1cce702) (ScriptedImporter) -> (artifact id: '09e608fe179c35a99af61b6cacc3215a') in 0.0179883 seconds
Number of updated asset objects reloaded before import = 0Number of asset objects unloaded after import = 4

========================================================================
Received Import Request.
  Time since last request: 0.000011 seconds.
  path: Assets/Furniture Mega Pack/Materials/Table/mat_Table46.mat
  artifactKey: Guid(6c151dbeca91f40468201bbd057c34cf) Importer(2089858483,192608db42251d675da83286b1cce702)
Start importing Assets/Furniture Mega Pack/Materials/Table/mat_Table46.mat using Guid(6c151dbeca91f40468201bbd057c34cf) Importer(2089858483,192608db42251d675da83286b1cce702) (ScriptedImporter) -> (artifact id: 'f62e336f8f9f4b3113e82c1a5c8f0c33') in 0.0181768 seconds
Number of updated asset objects reloaded before import = 0Number of asset objects unloaded after import = 4

========================================================================
Received Import Request.
  Time since last request: 0.000012 seconds.
  path: Assets/Furniture Mega Pack/Prefabs/Cushioins/Cushion05.prefab
  artifactKey: Guid(cfc4e31bf7c3bbc48a6a97f2126db323) Importer(2089858483,192608db42251d675da83286b1cce702)
Start importing Assets/Furniture Mega Pack/Prefabs/Cushioins/Cushion05.prefab using Guid(cfc4e31bf7c3bbc48a6a97f2126db323) Importer(2089858483,192608db42251d675da83286b1cce702) (ScriptedImporter) -> (artifact id: '8880c6f659de44fd3b2a081ea86976d4') in 0.0212074 seconds
Number of updated asset objects reloaded before import = 0Number of asset objects unloaded after import = 9

========================================================================
Received Import Request.
  Time since last request: 0.000022 seconds.
  path: Assets/Furniture Mega Pack/FBX/Chair/Chair01.fbx
  artifactKey: Guid(2f8616aed21e7d4488afa52137716c9d) Importer(2089858483,192608db42251d675da83286b1cce702)
Start importing Assets/Furniture Mega Pack/FBX/Chair/Chair01.fbx using Guid(2f8616aed21e7d4488afa52137716c9d) Importer(2089858483,192608db42251d675da83286b1cce702) (ScriptedImporter) -> (artifact id: 'b410dcd25259907d7ef48ca06a789e7b') in 0.0238867 seconds
Number of updated asset objects reloaded before import = 0Number of asset objects unloaded after import = 10

========================================================================
Received Import Request.
  Time since last request: 0.000016 seconds.
  path: Assets/pumpkin monster/Materials
  artifactKey: Guid(5c8bbb5052d538c4dafdd07143d90fb0) Importer(2089858483,192608db42251d675da83286b1cce702)
Start importing Assets/pumpkin monster/Materials using Guid(5c8bbb5052d538c4dafdd07143d90fb0) Importer(2089858483,192608db42251d675da83286b1cce702) (ScriptedImporter) -> (artifact id: '002d78fd59554b6a62db38226df7a69a') in 0.009985 seconds
Number of updated asset objects reloaded before import = 0Number of asset objects unloaded after import = 1

========================================================================
Received Import Request.
  Time since last request: 0.000020 seconds.
  path: Assets/Furniture Mega Pack/Prefabs/Closets/Closet38.prefab
  artifactKey: Guid(1139e46b49b73f44a8a146c2c81118ed) Importer(2089858483,192608db42251d675da83286b1cce702)
Start importing Assets/Furniture Mega Pack/Prefabs/Closets/Closet38.prefab using Guid(1139e46b49b73f44a8a146c2c81118ed) Importer(2089858483,192608db42251d675da83286b1cce702) (ScriptedImporter) -> (artifact id: '0f46c4c6064cbf668acd958dcd3697d0') in 0.0192274 seconds
Number of updated asset objects reloaded before import = 0Number of asset objects unloaded after import = 9

========================================================================
Received Import Request.
  Time since last request: 0.000012 seconds.
  path: Assets/pumpkin monster/Textures/low_matHead_Normal.png
  artifactKey: Guid(22ef6cf445bb1dc4e9f5bad6d2952476) Importer(2089858483,192608db42251d675da83286b1cce702)
Start importing Assets/pumpkin monster/Textures/low_matHead_Normal.png using Guid(22ef6cf445bb1dc4e9f5bad6d2952476) Importer(2089858483,192608db42251d675da83286b1cce702) (ScriptedImporter) -> (artifact id: '0be0b99f28aa6ddb3fe2e7d5ce32cc85') in 0.0274127 seconds
Number of updated asset objects reloaded before import = 0Number of asset objects unloaded after import = 1

========================================================================
Received Import Request.
  Time since last request: 0.000012 seconds.
  path: Assets/Furniture Mega Pack/Materials/Table/mat_Table29.mat
  artifactKey: Guid(62e8057e66427fb4bb4bdbfa137cc753) Importer(2089858483,192608db42251d675da83286b1cce702)
Start importing Assets/Furniture Mega Pack/Materials/Table/mat_Table29.mat using Guid(62e8057e66427fb4bb4bdbfa137cc753) Importer(2089858483,192608db42251d675da83286b1cce702) (ScriptedImporter) -> (artifact id: '525f6fbc2dce5ce851c44658e49a5384') in 0.0141647 seconds
Number of updated asset objects reloaded before import = 0Number of asset objects unloaded after import = 4

========================================================================
Received Import Request.
  Time since last request: 0.000010 seconds.
  path: Assets/Furniture Mega Pack/Prefabs/Drawers/Drawer28.prefab
  artifactKey: Guid(a20dc526241b4dc42b5539fe7a9ac726) Importer(2089858483,192608db42251d675da83286b1cce702)
Start importing Assets/Furniture Mega Pack/Prefabs/Drawers/Drawer28.prefab using Guid(a20dc526241b4dc42b5539fe7a9ac726) Importer(2089858483,192608db42251d675da83286b1cce702) (ScriptedImporter) -> (artifact id: '46eb0789866850ef23d62bf1e96e0f81') in 0.0176881 seconds
Number of updated asset objects reloaded before import = 0Number of asset objects unloaded after import = 24

========================================================================
Received Import Request.
  Time since last request: 0.000013 seconds.
  path: Assets/Furniture Mega Pack/Textures/Sofas/Sofa07/Sofa07_mat_Sofa07_MetallicSmoothness.png
  artifactKey: Guid(7224f5c9d7410c34ab42eb94791c8603) Importer(2089858483,192608db42251d675da83286b1cce702)
Start importing Assets/Furniture Mega Pack/Textures/Sofas/Sofa07/Sofa07_mat_Sofa07_MetallicSmoothness.png using Guid(7224f5c9d7410c34ab42eb94791c8603) Importer(2089858483,192608db42251d675da83286b1cce702) (ScriptedImporter) -> (artifact id: 'd5c0602e26566fed4bf43c11f2b7b78b') in 0.0201275 seconds
Number of updated asset objects reloaded before import = 0Number of asset objects unloaded after import = 1

========================================================================
Received Import Request.
  Time since last request: 0.000015 seconds.
  path: Assets/Furniture Mega Pack/Textures/Sofas/Sofa32/Sofa32_mat_Sofa32_Normal.png
  artifactKey: Guid(ff65857691cf4844796e02f19522721e) Importer(2089858483,192608db42251d675da83286b1cce702)
Start importing Assets/Furniture Mega Pack/Textures/Sofas/Sofa32/Sofa32_mat_Sofa32_Normal.png using Guid(ff65857691cf4844796e02f19522721e) Importer(2089858483,192608db42251d675da83286b1cce702) (ScriptedImporter) -> (artifact id: '383fea83e5166e1dcf4efc1827884c7e') in 0.0195979 seconds
Number of updated asset objects reloaded before import = 0Number of asset objects unloaded after import = 1

========================================================================
Received Import Request.
  Time since last request: 0.000014 seconds.
  path: Assets/Furniture Mega Pack/Prefabs/Cushioins/Cushion34.prefab
  artifactKey: Guid(ea1ecffb9f81daf4899c89b0c77d0551) Importer(2089858483,192608db42251d675da83286b1cce702)
Start importing Assets/Furniture Mega Pack/Prefabs/Cushioins/Cushion34.prefab using Guid(ea1ecffb9f81daf4899c89b0c77d0551) Importer(2089858483,192608db42251d675da83286b1cce702) (ScriptedImporter) -> (artifact id: 'eabad3b15de366b70781c23a2e148170') in 0.0205518 seconds
Number of updated asset objects reloaded before import = 0Number of asset objects unloaded after import = 9

========================================================================
Received Import Request.
  Time since last request: 0.000023 seconds.
  path: Assets/pumpkin monster/Textures/matCloth_Mixed_AO.png
  artifactKey: Guid(719b97bad2d55bc419c48a62f5449fe5) Importer(2089858483,192608db42251d675da83286b1cce702)
Start importing Assets/pumpkin monster/Textures/matCloth_Mixed_AO.png using Guid(719b97bad2d55bc419c48a62f5449fe5) Importer(2089858483,192608db42251d675da83286b1cce702) (ScriptedImporter) -> (artifact id: 'c70eb1aac1f64ab482dced5d9a7fce7d') in 0.0226517 seconds
Number of updated asset objects reloaded before import = 0Number of asset objects unloaded after import = 1

========================================================================
Received Import Request.
  Time since last request: 0.000013 seconds.
  path: Assets/Pandazole_Ultimate_Pack/Pandazole Kitchen Food/Models/Food_Seared Ground Beef.fbx
  artifactKey: Guid(92680b794337db845b868f78cc960077) Importer(2089858483,192608db42251d675da83286b1cce702)
Start importing Assets/Pandazole_Ultimate_Pack/Pandazole Kitchen Food/Models/Food_Seared Ground Beef.fbx using Guid(92680b794337db845b868f78cc960077) Importer(2089858483,192608db42251d675da83286b1cce702) (ScriptedImporter) -> (artifact id: '685bfc30c674625e47c162d7736a98e2') in 0.0198172 seconds
Number of updated asset objects reloaded before import = 0Number of asset objects unloaded after import = 8

========================================================================
Received Import Request.
  Time since last request: 0.000013 seconds.
  path: Assets/pumpkin monster/Materials/low_matHead_Normal.mat
  artifactKey: Guid(69e19ccb59e54b245a89510f2387f9db) Importer(2089858483,192608db42251d675da83286b1cce702)
Start importing Assets/pumpkin monster/Materials/low_matHead_Normal.mat using Guid(69e19ccb59e54b245a89510f2387f9db) Importer(2089858483,192608db42251d675da83286b1cce702) (ScriptedImporter) -> (artifact id: 'adcf3f3dedf711a0b11706b7a51eae8e') in 0.0207735 seconds
Number of updated asset objects reloaded before import = 0Number of asset objects unloaded after import = 2

========================================================================
Received Import Request.
  Time since last request: 0.000013 seconds.
  path: Assets/Pandazole_Ultimate_Pack/Pandazole Kitchen Food/Models/Food_Pizza.fbx
  artifactKey: Guid(e5b9ca4443220c44b8224a8fe7f8023c) Importer(2089858483,192608db42251d675da83286b1cce702)
Start importing Assets/Pandazole_Ultimate_Pack/Pandazole Kitchen Food/Models/Food_Pizza.fbx using Guid(e5b9ca4443220c44b8224a8fe7f8023c) Importer(2089858483,192608db42251d675da83286b1cce702) (ScriptedImporter) -> (artifact id: '7c7e34e22013f964eb909298b220168d') in 0.0202243 seconds
Number of updated asset objects reloaded before import = 0Number of asset objects unloaded after import = 8

========================================================================
Received Import Request.
  Time since last request: 0.000014 seconds.
  path: Assets/pumpkin monster/Materials/low_matCloth_Normal.mat
  artifactKey: Guid(d61f2322ee5fd234fb06ecd337af1d82) Importer(2089858483,192608db42251d675da83286b1cce702)
Start importing Assets/pumpkin monster/Materials/low_matCloth_Normal.mat using Guid(d61f2322ee5fd234fb06ecd337af1d82) Importer(2089858483,192608db42251d675da83286b1cce702) (ScriptedImporter) -> (artifact id: '559467ddaa83813e93c4c2480853aca8') in 0.0221237 seconds
Number of updated asset objects reloaded before import = 0Number of asset objects unloaded after import = 2

========================================================================
Received Import Request.
  Time since last request: 0.000015 seconds.
  path: Assets/Pandazole_Ultimate_Pack/Pandazole Kitchen Food/Prefabs/Prop_KitchenTable_08.prefab
  artifactKey: Guid(ef7f53cab60ed47469e7ce5e187c7c2b) Importer(2089858483,192608db42251d675da83286b1cce702)
Start importing Assets/Pandazole_Ultimate_Pack/Pandazole Kitchen Food/Prefabs/Prop_KitchenTable_08.prefab using Guid(ef7f53cab60ed47469e7ce5e187c7c2b) Importer(2089858483,192608db42251d675da83286b1cce702) (ScriptedImporter) -> (artifact id: 'a75ce58d4fa74453c8e1a0c431dfec75') in 0.0198519 seconds
Number of updated asset objects reloaded before import = 0Number of asset objects unloaded after import = 9

========================================================================
Received Import Request.
  Time since last request: 0.000014 seconds.
  path: Assets/Pandazole_Ultimate_Pack/Pandazole Kitchen Food/Models/Food_Broccoli.fbx
  artifactKey: Guid(9e1f94b791e4c4147a96182275f39d5f) Importer(2089858483,192608db42251d675da83286b1cce702)
Start importing Assets/Pandazole_Ultimate_Pack/Pandazole Kitchen Food/Models/Food_Broccoli.fbx using Guid(9e1f94b791e4c4147a96182275f39d5f) Importer(2089858483,192608db42251d675da83286b1cce702) (ScriptedImporter) -> (artifact id: 'fe32b7191eab34f72d53643c469d286c') in 0.0167568 seconds
Number of updated asset objects reloaded before import = 0Number of asset objects unloaded after import = 8

========================================================================
Received Import Request.
  Time since last request: 0.000018 seconds.
  path: Assets/Pandazole_Ultimate_Pack/Pandazole Kitchen Food/Prefabs/Food_Pumpkin.prefab
  artifactKey: Guid(4b12b415f689c64439a7d22f043b91db) Importer(2089858483,192608db42251d675da83286b1cce702)
Start importing Assets/Pandazole_Ultimate_Pack/Pandazole Kitchen Food/Prefabs/Food_Pumpkin.prefab using Guid(4b12b415f689c64439a7d22f043b91db) Importer(2089858483,192608db42251d675da83286b1cce702) (ScriptedImporter) -> (artifact id: '40a2b19080614d0d3695146e6e635b72') in 0.0165871 seconds
Number of updated asset objects reloaded before import = 0Number of asset objects unloaded after import = 9

========================================================================
Received Import Request.
  Time since last request: 0.000011 seconds.
  path: Assets/pumpkin monster/Materials/low_matBody_AlbedoTransparency 3.mat
  artifactKey: Guid(2001d51f79d8ede459a25a8789a61f0a) Importer(2089858483,192608db42251d675da83286b1cce702)
Start importing Assets/pumpkin monster/Materials/low_matBody_AlbedoTransparency 3.mat using Guid(2001d51f79d8ede459a25a8789a61f0a) Importer(2089858483,192608db42251d675da83286b1cce702) (ScriptedImporter) -> (artifact id: '23297544f15b6878241e2d5865cd03cd') in 0.0167289 seconds
Number of updated asset objects reloaded before import = 0Number of asset objects unloaded after import = 2

========================================================================
Received Import Request.
  Time since last request: 0.000012 seconds.
  path: Assets/pumpkin monster/Materials/low_matCloth_MetallicSmoothness.mat
  artifactKey: Guid(1fd4ff3f5340b734f88a56e3296e4f30) Importer(2089858483,192608db42251d675da83286b1cce702)
Start importing Assets/pumpkin monster/Materials/low_matCloth_MetallicSmoothness.mat using Guid(1fd4ff3f5340b734f88a56e3296e4f30) Importer(2089858483,192608db42251d675da83286b1cce702) (ScriptedImporter) -> (artifact id: '827888f10500280a40900aeb33506b65') in 0.0207912 seconds
Number of updated asset objects reloaded before import = 0Number of asset objects unloaded after import = 2

========================================================================
Received Import Request.
  Time since last request: 0.000015 seconds.
  path: Assets/Pandazole_Ultimate_Pack/Pandazole Kitchen Food/Models/Prop_Pan_03.fbx
  artifactKey: Guid(f34296e98fd69894dabce3d006694310) Importer(2089858483,192608db42251d675da83286b1cce702)
Start importing Assets/Pandazole_Ultimate_Pack/Pandazole Kitchen Food/Models/Prop_Pan_03.fbx using Guid(f34296e98fd69894dabce3d006694310) Importer(2089858483,192608db42251d675da83286b1cce702) (ScriptedImporter) -> (artifact id: '1cd45816bf22c71e5c8f4e970129cef8') in 0.020839 seconds
Number of updated asset objects reloaded before import = 0Number of asset objects unloaded after import = 8

========================================================================
Received Import Request.
  Time since last request: 0.000011 seconds.
  path: Assets/Pandazole_Ultimate_Pack/Pandazole Kitchen Food/Prefabs/Food_Pea Soup.prefab
  artifactKey: Guid(9e62411e27f2b1747a86838e3a89f720) Importer(2089858483,192608db42251d675da83286b1cce702)
Start importing Assets/Pandazole_Ultimate_Pack/Pandazole Kitchen Food/Prefabs/Food_Pea Soup.prefab using Guid(9e62411e27f2b1747a86838e3a89f720) Importer(2089858483,192608db42251d675da83286b1cce702) (ScriptedImporter) -> (artifact id: '71f245f28d08b20e1e35166d1f5dae60') in 0.0174169 seconds
Number of updated asset objects reloaded before import = 0Number of asset objects unloaded after import = 9

========================================================================
Received Import Request.
  Time since last request: 0.000011 seconds.
  path: Assets/Pandazole_Ultimate_Pack/Pandazole Kitchen Food/Prefabs/Prop_Spatula_09.prefab
  artifactKey: Guid(4a024ab392bc85649a12a2a4c017e73d) Importer(2089858483,192608db42251d675da83286b1cce702)
Start importing Assets/Pandazole_Ultimate_Pack/Pandazole Kitchen Food/Prefabs/Prop_Spatula_09.prefab using Guid(4a024ab392bc85649a12a2a4c017e73d) Importer(2089858483,192608db42251d675da83286b1cce702) (ScriptedImporter) -> (artifact id: '85b74851c0e739127910e6ec0f938917') in 0.0150946 seconds
Number of updated asset objects reloaded before import = 0Number of asset objects unloaded after import = 9

========================================================================
Received Import Request.
  Time since last request: 0.000020 seconds.
  path: Assets/pumpkin monster/Materials/matCloth_Mixed_AO 1.mat
  artifactKey: Guid(665765c35d9ab354b9da39b7f529996e) Importer(2089858483,192608db42251d675da83286b1cce702)
Start importing Assets/pumpkin monster/Materials/matCloth_Mixed_AO 1.mat using Guid(665765c35d9ab354b9da39b7f529996e) Importer(2089858483,192608db42251d675da83286b1cce702) (ScriptedImporter) -> (artifact id: '821a3bf3dec12a94de6f458c007d7a3d') in 0.0163196 seconds
Number of updated asset objects reloaded before import = 0Number of asset objects unloaded after import = 2

========================================================================
Received Import Request.
  Time since last request: 0.000028 seconds.
  path: Assets/Furniture Mega Pack/Textures/Drawer/Materials/AtlasTexture_Drawer_DefaultMaterial_AlbedoTransparency.mat
  artifactKey: Guid(b2fd3e644161a7e47b84de21b18ddce1) Importer(2089858483,192608db42251d675da83286b1cce702)
Start importing Assets/Furniture Mega Pack/Textures/Drawer/Materials/AtlasTexture_Drawer_DefaultMaterial_AlbedoTransparency.mat using Guid(b2fd3e644161a7e47b84de21b18ddce1) Importer(2089858483,192608db42251d675da83286b1cce702) (ScriptedImporter) -> (artifact id: '42afd905237adb4edd6616ce061b2459') in 0.0132328 seconds
Number of updated asset objects reloaded before import = 0Number of asset objects unloaded after import = 2

========================================================================
Received Import Request.
  Time since last request: 0.000011 seconds.
  path: Assets/steel_frame_shelves_01_1k.gltf/textures/steel_frame_shelves_01_nor_gl_1k.jpg
  artifactKey: Guid(8384f9f8d186a50419f0a9219262090e) Importer(2089858483,192608db42251d675da83286b1cce702)
Start importing Assets/steel_frame_shelves_01_1k.gltf/textures/steel_frame_shelves_01_nor_gl_1k.jpg using Guid(8384f9f8d186a50419f0a9219262090e) Importer(2089858483,192608db42251d675da83286b1cce702) (ScriptedImporter) -> (artifact id: '106ea0c81595dde98003c6b2858d7986') in 0.0167857 seconds
Number of updated asset objects reloaded before import = 0Number of asset objects unloaded after import = 1

========================================================================
Received Import Request.
  Time since last request: 0.000012 seconds.
  path: Assets/Pandazole_Ultimate_Pack/Pandazole Kitchen Food/Prefabs/Prop_Sink_01.prefab
  artifactKey: Guid(2dd8446d5d47e76478a67a28ebf6f864) Importer(2089858483,192608db42251d675da83286b1cce702)
Start importing Assets/Pandazole_Ultimate_Pack/Pandazole Kitchen Food/Prefabs/Prop_Sink_01.prefab using Guid(2dd8446d5d47e76478a67a28ebf6f864) Importer(2089858483,192608db42251d675da83286b1cce702) (ScriptedImporter) -> (artifact id: '4798420a360d5961115904d4528e26af') in 0.0166357 seconds
Number of updated asset objects reloaded before import = 0Number of asset objects unloaded after import = 9

========================================================================
Received Import Request.
  Time since last request: 0.000013 seconds.
  path: Assets/Pandazole_Ultimate_Pack/Pandazole Kitchen Food/Models/Prop_Stove.fbx
  artifactKey: Guid(e3bdfe6ad12e11446949ff5aa3cbc600) Importer(2089858483,192608db42251d675da83286b1cce702)
Start importing Assets/Pandazole_Ultimate_Pack/Pandazole Kitchen Food/Models/Prop_Stove.fbx using Guid(e3bdfe6ad12e11446949ff5aa3cbc600) Importer(2089858483,192608db42251d675da83286b1cce702) (ScriptedImporter) -> (artifact id: 'ed1f02d43e4d64ace51c42ce6b0a90bc') in 0.028706 seconds
Number of updated asset objects reloaded before import = 0Number of asset objects unloaded after import = 38

========================================================================
Received Import Request.
  Time since last request: 0.000010 seconds.
  path: Assets/Furniture Mega Pack/Materials/Chair/mat_Chair02.mat
  artifactKey: Guid(838331c5383674f449511bc6b020f99d) Importer(2089858483,192608db42251d675da83286b1cce702)
Start importing Assets/Furniture Mega Pack/Materials/Chair/mat_Chair02.mat using Guid(838331c5383674f449511bc6b020f99d) Importer(2089858483,192608db42251d675da83286b1cce702) (ScriptedImporter) -> (artifact id: 'd974c62b4d8b79f5ecc9cf0dfba2acb6') in 0.0154804 seconds
Number of updated asset objects reloaded before import = 0Number of asset objects unloaded after import = 4

========================================================================
Received Import Request.
  Time since last request: 0.000012 seconds.
  path: Assets/Pandazole_Ultimate_Pack/Pandazole Kitchen Food/Models/Prop_Cup_02_Cover.fbx
  artifactKey: Guid(d97d60f950e85c44e8894fb69b05c641) Importer(2089858483,192608db42251d675da83286b1cce702)
Start importing Assets/Pandazole_Ultimate_Pack/Pandazole Kitchen Food/Models/Prop_Cup_02_Cover.fbx using Guid(d97d60f950e85c44e8894fb69b05c641) Importer(2089858483,192608db42251d675da83286b1cce702) (ScriptedImporter) -> (artifact id: '84f0b7fe5803956f7597d8afa3f954ec') in 0.0210021 seconds
Number of updated asset objects reloaded before import = 0Number of asset objects unloaded after import = 8

========================================================================
Received Import Request.
  Time since last request: 0.000017 seconds.
  path: Assets/pumpkin monster/Materials/low_matHead_AlbedoTransparency.mat
  artifactKey: Guid(25c5bdbb30d12e94f972ed425d1e3dc8) Importer(2089858483,192608db42251d675da83286b1cce702)
Start importing Assets/pumpkin monster/Materials/low_matHead_AlbedoTransparency.mat using Guid(25c5bdbb30d12e94f972ed425d1e3dc8) Importer(2089858483,192608db42251d675da83286b1cce702) (ScriptedImporter) -> (artifact id: '4e4912132cb2bf2a9bc0ca2f2dcec16c') in 0.0152092 seconds
Number of updated asset objects reloaded before import = 0Number of asset objects unloaded after import = 2

========================================================================
Received Import Request.
  Time since last request: 0.000022 seconds.
  path: Assets/Pandazole_Ultimate_Pack/Pandazole Kitchen Food/Prefabs/Food_Cheese.prefab
  artifactKey: Guid(faddb7582ea378c44a767cc63fe84c89) Importer(2089858483,192608db42251d675da83286b1cce702)
Start importing Assets/Pandazole_Ultimate_Pack/Pandazole Kitchen Food/Prefabs/Food_Cheese.prefab using Guid(faddb7582ea378c44a767cc63fe84c89) Importer(2089858483,192608db42251d675da83286b1cce702) (ScriptedImporter) -> (artifact id: 'a002e7e4fa0fbbe81f928936bc62c4be') in 0.0168275 seconds
Number of updated asset objects reloaded before import = 0Number of asset objects unloaded after import = 9

========================================================================
Received Import Request.
  Time since last request: 0.000020 seconds.
  path: Assets/pumpkin monster/Textures/low_matBody_AlbedoTransparency.png
  artifactKey: Guid(22fcc0a20a65d3f488c047327b9ff98f) Importer(2089858483,192608db42251d675da83286b1cce702)
Start importing Assets/pumpkin monster/Textures/low_matBody_AlbedoTransparency.png using Guid(22fcc0a20a65d3f488c047327b9ff98f) Importer(2089858483,192608db42251d675da83286b1cce702) (ScriptedImporter) -> (artifact id: 'bab32173466901072b6be807ca3a0916') in 0.0207028 seconds
Number of updated asset objects reloaded before import = 0Number of asset objects unloaded after import = 1

========================================================================
Received Import Request.
  Time since last request: 0.000012 seconds.
  path: Assets/Pandazole_Ultimate_Pack/Pandazole Kitchen Food/Models/Food_Dough.fbx
  artifactKey: Guid(3b21e4f3421eb6349afd4402b8197574) Importer(2089858483,192608db42251d675da83286b1cce702)
Start importing Assets/Pandazole_Ultimate_Pack/Pandazole Kitchen Food/Models/Food_Dough.fbx using Guid(3b21e4f3421eb6349afd4402b8197574) Importer(2089858483,192608db42251d675da83286b1cce702) (ScriptedImporter) -> (artifact id: '7b319ed03d3eecc05237af4067521442') in 0.0194041 seconds
Number of updated asset objects reloaded before import = 0Number of asset objects unloaded after import = 8

========================================================================
Received Import Request.
  Time since last request: 0.000013 seconds.
  path: Assets/Pandazole_Ultimate_Pack/Pandazole Kitchen Food/Prefabs/Prop_Bowel_05.prefab
  artifactKey: Guid(2221062d665833a4cb3fad3c42851e20) Importer(2089858483,192608db42251d675da83286b1cce702)
Start importing Assets/Pandazole_Ultimate_Pack/Pandazole Kitchen Food/Prefabs/Prop_Bowel_05.prefab using Guid(2221062d665833a4cb3fad3c42851e20) Importer(2089858483,192608db42251d675da83286b1cce702) (ScriptedImporter) -> (artifact id: '96adb368fb3ca32a020e250c1548eb49') in 0.0174686 seconds
Number of updated asset objects reloaded before import = 0Number of asset objects unloaded after import = 9

========================================================================
Received Import Request.
  Time since last request: 0.000014 seconds.
  path: Assets/Pandazole_Ultimate_Pack/Pandazole Kitchen Food/Models/Prop_Spatula_04.fbx
  artifactKey: Guid(a13aba5443f8b9947b86d2ae6c642bea) Importer(2089858483,192608db42251d675da83286b1cce702)
Start importing Assets/Pandazole_Ultimate_Pack/Pandazole Kitchen Food/Models/Prop_Spatula_04.fbx using Guid(a13aba5443f8b9947b86d2ae6c642bea) Importer(2089858483,192608db42251d675da83286b1cce702) (ScriptedImporter) -> (artifact id: 'e1c3670367c0944a3a91414d8e3c7642') in 0.021153 seconds
Number of updated asset objects reloaded before import = 0Number of asset objects unloaded after import = 8

========================================================================
Received Import Request.
  Time since last request: 0.000012 seconds.
  path: Assets/Pandazole_Ultimate_Pack/Pandazole Kitchen Food/Prefabs/Prop_KitchenTable_01.prefab
  artifactKey: Guid(84897b65c1aad0446aa9f7450df88b60) Importer(2089858483,192608db42251d675da83286b1cce702)
Start importing Assets/Pandazole_Ultimate_Pack/Pandazole Kitchen Food/Prefabs/Prop_KitchenTable_01.prefab using Guid(84897b65c1aad0446aa9f7450df88b60) Importer(2089858483,192608db42251d675da83286b1cce702) (ScriptedImporter) -> (artifact id: '475e703ba8183629979432b6cd83c6a9') in 0.016381 seconds
Number of updated asset objects reloaded before import = 0Number of asset objects unloaded after import = 9

========================================================================
Received Import Request.
  Time since last request: 0.000012 seconds.
  path: Assets/Pandazole_Ultimate_Pack/Pandazole Kitchen Food/Prefabs/Food_Parsnip.prefab
  artifactKey: Guid(8d1a0fa409327b6408dd75559d1fa1e5) Importer(2089858483,192608db42251d675da83286b1cce702)
Start importing Assets/Pandazole_Ultimate_Pack/Pandazole Kitchen Food/Prefabs/Food_Parsnip.prefab using Guid(8d1a0fa409327b6408dd75559d1fa1e5) Importer(2089858483,192608db42251d675da83286b1cce702) (ScriptedImporter) -> (artifact id: '7a2a0fa3345154ce52a4441784611dfa') in 0.0156239 seconds
Number of updated asset objects reloaded before import = 0Number of asset objects unloaded after import = 9

========================================================================
Received Import Request.
  Time since last request: 0.000021 seconds.
  path: Assets/Pandazole_Ultimate_Pack/Pandazole Kitchen Food/Prefabs/Food_Chopped Carrot.prefab
  artifactKey: Guid(2b64e55e2ba72cc42804c35f4d30e3b4) Importer(2089858483,192608db42251d675da83286b1cce702)
Start importing Assets/Pandazole_Ultimate_Pack/Pandazole Kitchen Food/Prefabs/Food_Chopped Carrot.prefab using Guid(2b64e55e2ba72cc42804c35f4d30e3b4) Importer(2089858483,192608db42251d675da83286b1cce702) (ScriptedImporter) -> (artifact id: 'c1259cd8e633d7638dcb553767a49040') in 0.0149769 seconds
Number of updated asset objects reloaded before import = 0Number of asset objects unloaded after import = 9

========================================================================
Received Import Request.
  Time since last request: 0.000018 seconds.
  path: Assets/Pandazole_Ultimate_Pack/Pandazole Kitchen Food/Prefabs/Food_Egg.prefab
  artifactKey: Guid(26dd2342357dc454bb29148a4339dd1d) Importer(2089858483,192608db42251d675da83286b1cce702)
Start importing Assets/Pandazole_Ultimate_Pack/Pandazole Kitchen Food/Prefabs/Food_Egg.prefab using Guid(26dd2342357dc454bb29148a4339dd1d) Importer(2089858483,192608db42251d675da83286b1cce702) (ScriptedImporter) -> (artifact id: '4745b0800d4da8aa072761bcf2542979') in 0.0153245 seconds
Number of updated asset objects reloaded before import = 0Number of asset objects unloaded after import = 9

========================================================================
Received Import Request.
  Time since last request: 0.000012 seconds.
  path: Assets/Pandazole_Ultimate_Pack/Pandazole Kitchen Food/Prefabs/Food_Omelette.prefab
  artifactKey: Guid(4cc60c1d84364a7459d7ce80ea270a8b) Importer(2089858483,192608db42251d675da83286b1cce702)
Start importing Assets/Pandazole_Ultimate_Pack/Pandazole Kitchen Food/Prefabs/Food_Omelette.prefab using Guid(4cc60c1d84364a7459d7ce80ea270a8b) Importer(2089858483,192608db42251d675da83286b1cce702) (ScriptedImporter) -> (artifact id: '9d4a4ef01078bc4afd9d7f278dbadfda') in 0.015121 seconds
Number of updated asset objects reloaded before import = 0Number of asset objects unloaded after import = 9

========================================================================
Received Import Request.
  Time since last request: 0.000011 seconds.
  path: Assets/Pandazole_Ultimate_Pack/Pandazole Kitchen Food/Prefabs/Demo/Pandazole Kitchen Food.prefab
  artifactKey: Guid(4a279880c2ce38b42a3bcc9d211dc532) Importer(2089858483,192608db42251d675da83286b1cce702)
Start importing Assets/Pandazole_Ultimate_Pack/Pandazole Kitchen Food/Prefabs/Demo/Pandazole Kitchen Food.prefab using Guid(4a279880c2ce38b42a3bcc9d211dc532) Importer(2089858483,192608db42251d675da83286b1cce702) (ScriptedImporter) -> (artifact id: '1c8724a4fa6d79dd515eee787d817d76') in 0.0260399 seconds
Number of updated asset objects reloaded before import = 0Number of asset objects unloaded after import = 934

========================================================================
Received Import Request.
  Time since last request: 0.000014 seconds.
  path: Assets/Pandazole_Ultimate_Pack/Pandazole Kitchen Food/Models/Prop_Bowel_04.fbx
  artifactKey: Guid(c4d700d15d4109a4e9014173103d7b09) Importer(2089858483,192608db42251d675da83286b1cce702)
Start importing Assets/Pandazole_Ultimate_Pack/Pandazole Kitchen Food/Models/Prop_Bowel_04.fbx using Guid(c4d700d15d4109a4e9014173103d7b09) Importer(2089858483,192608db42251d675da83286b1cce702) (ScriptedImporter) -> (artifact id: 'e8be38dc00f168a2c1ffef61e9c67cae') in 0.0197536 seconds
Number of updated asset objects reloaded before import = 0Number of asset objects unloaded after import = 8

========================================================================
Received Import Request.
  Time since last request: 0.000011 seconds.
  path: Assets/Pandazole_Ultimate_Pack/Pandazole Kitchen Food/Prefabs/Prop_Knife_05.prefab
  artifactKey: Guid(a92e359905d533942a54eae60b56a29a) Importer(2089858483,192608db42251d675da83286b1cce702)
Start importing Assets/Pandazole_Ultimate_Pack/Pandazole Kitchen Food/Prefabs/Prop_Knife_05.prefab using Guid(a92e359905d533942a54eae60b56a29a) Importer(2089858483,192608db42251d675da83286b1cce702) (ScriptedImporter) -> (artifact id: '2492fd7e01e6467f0e3ef7d6b8a66198') in 0.0173023 seconds
Number of updated asset objects reloaded before import = 0Number of asset objects unloaded after import = 9

========================================================================
Received Import Request.
  Time since last request: 0.000012 seconds.
  path: Assets/Pandazole_Ultimate_Pack/Pandazole Kitchen Food/Models/Prop_Pot_03.fbx
  artifactKey: Guid(4858eab3b903d814dbe27febbf9f12a7) Importer(2089858483,192608db42251d675da83286b1cce702)
Start importing Assets/Pandazole_Ultimate_Pack/Pandazole Kitchen Food/Models/Prop_Pot_03.fbx using Guid(4858eab3b903d814dbe27febbf9f12a7) Importer(2089858483,192608db42251d675da83286b1cce702) (ScriptedImporter) -> (artifact id: 'e9275a6ab4454be2bb03a0f2531b32e7') in 0.0214116 seconds
Number of updated asset objects reloaded before import = 0Number of asset objects unloaded after import = 13

========================================================================
Received Import Request.
  Time since last request: 0.000019 seconds.
  path: Assets/Pandazole_Ultimate_Pack/Pandazole Kitchen Food/Prefabs/Prop_Tray.prefab
  artifactKey: Guid(5266988b81c6ff44d833c591e20cd635) Importer(2089858483,192608db42251d675da83286b1cce702)
Start importing Assets/Pandazole_Ultimate_Pack/Pandazole Kitchen Food/Prefabs/Prop_Tray.prefab using Guid(5266988b81c6ff44d833c591e20cd635) Importer(2089858483,192608db42251d675da83286b1cce702) (ScriptedImporter) -> (artifact id: '2d0153df62b6852fed52e5f96f35c695') in 0.012892 seconds
Number of updated asset objects reloaded before import = 0Number of asset objects unloaded after import = 9

========================================================================
Received Import Request.
  Time since last request: 0.000010 seconds.
  path: Assets/Pandazole_Ultimate_Pack/Pandazole Kitchen Food/Prefabs/Prop_KitchenTable_06.prefab
  artifactKey: Guid(45b96a44bd912b449844a214ac51d018) Importer(2089858483,192608db42251d675da83286b1cce702)
Start importing Assets/Pandazole_Ultimate_Pack/Pandazole Kitchen Food/Prefabs/Prop_KitchenTable_06.prefab using Guid(45b96a44bd912b449844a214ac51d018) Importer(2089858483,192608db42251d675da83286b1cce702) (ScriptedImporter) -> (artifact id: 'ea123dce53f141301d6cc7bf80d01d0c') in 0.0162452 seconds
Number of updated asset objects reloaded before import = 0Number of asset objects unloaded after import = 24

========================================================================
Received Import Request.
  Time since last request: 0.000011 seconds.
  path: Assets/Pandazole_Ultimate_Pack/Pandazole Kitchen Food/Prefabs/Food_Pizza.prefab
  artifactKey: Guid(30a557d13d81ee64eba2fb065f5b5a60) Importer(2089858483,192608db42251d675da83286b1cce702)
Start importing Assets/Pandazole_Ultimate_Pack/Pandazole Kitchen Food/Prefabs/Food_Pizza.prefab using Guid(30a557d13d81ee64eba2fb065f5b5a60) Importer(2089858483,192608db42251d675da83286b1cce702) (ScriptedImporter) -> (artifact id: 'e808f5adad7ec0e30404b900d56b1e9f') in 0.0141711 seconds
Number of updated asset objects reloaded before import = 0Number of asset objects unloaded after import = 9

========================================================================
Received Import Request.
  Time since last request: 0.000011 seconds.
  path: Assets/Pandazole_Ultimate_Pack/Pandazole Kitchen Food/Materials/Panda Mat.mat
  artifactKey: Guid(9866fda0e61a7904087eb0ec5ab17e03) Importer(2089858483,192608db42251d675da83286b1cce702)
Start importing Assets/Pandazole_Ultimate_Pack/Pandazole Kitchen Food/Materials/Panda Mat.mat using Guid(9866fda0e61a7904087eb0ec5ab17e03) Importer(2089858483,192608db42251d675da83286b1cce702) (ScriptedImporter) -> (artifact id: '316ad9d16eb28d1ae1bd8f9534383e93') in 0.0137043 seconds
Number of updated asset objects reloaded before import = 0Number of asset objects unloaded after import = 2

========================================================================
Received Import Request.
  Time since last request: 0.000010 seconds.
  path: Assets/Pandazole_Ultimate_Pack/Pandazole Kitchen Food/Prefabs/Prop_PizzaCutter.prefab
  artifactKey: Guid(c82861219e3ad864f852f5e7dd7cfba7) Importer(2089858483,192608db42251d675da83286b1cce702)
Start importing Assets/Pandazole_Ultimate_Pack/Pandazole Kitchen Food/Prefabs/Prop_PizzaCutter.prefab using Guid(c82861219e3ad864f852f5e7dd7cfba7) Importer(2089858483,192608db42251d675da83286b1cce702) (ScriptedImporter) -> (artifact id: '91e0e892e07ee43d4b1090a5aaf291ee') in 0.0166186 seconds
Number of updated asset objects reloaded before import = 0Number of asset objects unloaded after import = 9

========================================================================
Received Import Request.
  Time since last request: 0.000013 seconds.
  path: Assets/Pandazole_Ultimate_Pack/Pandazole Kitchen Food/Prefabs/Prop_Knife_02.prefab
  artifactKey: Guid(0f8ebf61b4de07b46a17b832dff06697) Importer(2089858483,192608db42251d675da83286b1cce702)
Start importing Assets/Pandazole_Ultimate_Pack/Pandazole Kitchen Food/Prefabs/Prop_Knife_02.prefab using Guid(0f8ebf61b4de07b46a17b832dff06697) Importer(2089858483,192608db42251d675da83286b1cce702) (ScriptedImporter) -> (artifact id: 'b2acd9c2acbd198d86f22db3947bf176') in 0.0159937 seconds
Number of updated asset objects reloaded before import = 0Number of asset objects unloaded after import = 9

========================================================================
Received Import Request.
  Time since last request: 0.000012 seconds.
  path: Assets/Pandazole_Ultimate_Pack/Pandazole Kitchen Food/Models/Prop_MeasuringSpoon_03.fbx
  artifactKey: Guid(53e3c9c3faf5380468e94ef191d39e5c) Importer(2089858483,192608db42251d675da83286b1cce702)
Start importing Assets/Pandazole_Ultimate_Pack/Pandazole Kitchen Food/Models/Prop_MeasuringSpoon_03.fbx using Guid(53e3c9c3faf5380468e94ef191d39e5c) Importer(2089858483,192608db42251d675da83286b1cce702) (ScriptedImporter) -> (artifact id: '9d51f25f7ed65c451dcedb56720b47d6') in 0.0199531 seconds
Number of updated asset objects reloaded before import = 0Number of asset objects unloaded after import = 8

========================================================================
Received Import Request.
  Time since last request: 0.000012 seconds.
  path: Assets/Pandazole_Ultimate_Pack/Pandazole Kitchen Food/Models/Food_Potato.fbx
  artifactKey: Guid(244c889c6cd9c3f438f680ee17cc566b) Importer(2089858483,192608db42251d675da83286b1cce702)
Start importing Assets/Pandazole_Ultimate_Pack/Pandazole Kitchen Food/Models/Food_Potato.fbx using Guid(244c889c6cd9c3f438f680ee17cc566b) Importer(2089858483,192608db42251d675da83286b1cce702) (ScriptedImporter) -> (artifact id: '92d1e09b1c1515e9ba15886a089b146e') in 0.016768 seconds
Number of updated asset objects reloaded before import = 0Number of asset objects unloaded after import = 8

========================================================================
Received Import Request.
  Time since last request: 0.000021 seconds.
  path: Assets/CrowAssets/Assets/Low Poly Stylized Food/Textures/Bread/Bread_rough.png
  artifactKey: Guid(e07171513f89845499e8b7ffd6bd1a77) Importer(2089858483,192608db42251d675da83286b1cce702)
Start importing Assets/CrowAssets/Assets/Low Poly Stylized Food/Textures/Bread/Bread_rough.png using Guid(e07171513f89845499e8b7ffd6bd1a77) Importer(2089858483,192608db42251d675da83286b1cce702) (ScriptedImporter) -> (artifact id: '397ce8ee2f513118e22e77e057699bc8') in 0.0160587 seconds
Number of updated asset objects reloaded before import = 0Number of asset objects unloaded after import = 1

========================================================================
Received Import Request.
  Time since last request: 0.000013 seconds.
  path: Assets/CrowAssets/Assets/Low Poly Stylized Food/HDRP/Materials/Cheese Wedge.mat
  artifactKey: Guid(39010b89cb1780148904ee457e2ba0c4) Importer(2089858483,192608db42251d675da83286b1cce702)
Start importing Assets/CrowAssets/Assets/Low Poly Stylized Food/HDRP/Materials/Cheese Wedge.mat using Guid(39010b89cb1780148904ee457e2ba0c4) Importer(2089858483,192608db42251d675da83286b1cce702) (ScriptedImporter) -> (artifact id: '6ed7bacc83c558b1f291f4942729cb85') in 0.0147122 seconds
Number of updated asset objects reloaded before import = 0Number of asset objects unloaded after import = 1

========================================================================
Received Import Request.
  Time since last request: 0.000011 seconds.
  path: Assets/Pandazole_Ultimate_Pack/Pandazole Kitchen Food/Models/Prop_Knife_02.fbx
  artifactKey: Guid(3ab490fc17fcd87429243fe580d3a366) Importer(2089858483,192608db42251d675da83286b1cce702)
Start importing Assets/Pandazole_Ultimate_Pack/Pandazole Kitchen Food/Models/Prop_Knife_02.fbx using Guid(3ab490fc17fcd87429243fe580d3a366) Importer(2089858483,192608db42251d675da83286b1cce702) (ScriptedImporter) -> (artifact id: '6de13614243351c47e6695e105bf949b') in 0.0194701 seconds
Number of updated asset objects reloaded before import = 0Number of asset objects unloaded after import = 8

========================================================================
Received Import Request.
  Time since last request: 0.000012 seconds.
  path: Assets/Pandazole_Ultimate_Pack/Pandazole Kitchen Food/Models/Food_Meatloaf.fbx
  artifactKey: Guid(f9eb087957d75784eb4f20dd0f344f56) Importer(2089858483,192608db42251d675da83286b1cce702)
Start importing Assets/Pandazole_Ultimate_Pack/Pandazole Kitchen Food/Models/Food_Meatloaf.fbx using Guid(f9eb087957d75784eb4f20dd0f344f56) Importer(2089858483,192608db42251d675da83286b1cce702) (ScriptedImporter) -> (artifact id: '5f3392bd3ee507a71945af1fb866ca35') in 0.0200027 seconds
Number of updated asset objects reloaded before import = 0Number of asset objects unloaded after import = 8

========================================================================
Received Import Request.
  Time since last request: 0.000012 seconds.
  path: Assets/CrowAssets/Assets/Low Poly Stylized Food/BuiltIn/Materials/Olive Toothpick.mat
  artifactKey: Guid(8a741cc3e0caa634d92ced349047a273) Importer(2089858483,192608db42251d675da83286b1cce702)
Start importing Assets/CrowAssets/Assets/Low Poly Stylized Food/BuiltIn/Materials/Olive Toothpick.mat using Guid(8a741cc3e0caa634d92ced349047a273) Importer(2089858483,192608db42251d675da83286b1cce702) (ScriptedImporter) -> (artifact id: '38d3cbb9868cde930a36300f9088497d') in 0.0223572 seconds
Number of updated asset objects reloaded before import = 0Number of asset objects unloaded after import = 3

========================================================================
Received Import Request.
  Time since last request: 0.000011 seconds.
  path: Assets/CrowAssets/Assets/Low Poly Stylized Food/URP/Prefabs/Cheese Thin.prefab
  artifactKey: Guid(45aa927edc1d1dc41be09cecb16be467) Importer(2089858483,192608db42251d675da83286b1cce702)
Start importing Assets/CrowAssets/Assets/Low Poly Stylized Food/URP/Prefabs/Cheese Thin.prefab using Guid(45aa927edc1d1dc41be09cecb16be467) Importer(2089858483,192608db42251d675da83286b1cce702) (ScriptedImporter) -> (artifact id: '6b9209ea22bd257671911b7c8c77e957') in 0.0116614 seconds
Number of updated asset objects reloaded before import = 0Number of asset objects unloaded after import = 9

========================================================================
Received Import Request.
  Time since last request: 0.000015 seconds.
  path: Assets/CrowAssets/Assets/Low Poly Stylized Food/Textures/Jar/Jar_rough.png
  artifactKey: Guid(50e7c4f70924ef44daaa122bd965fa96) Importer(2089858483,192608db42251d675da83286b1cce702)
Start importing Assets/CrowAssets/Assets/Low Poly Stylized Food/Textures/Jar/Jar_rough.png using Guid(50e7c4f70924ef44daaa122bd965fa96) Importer(2089858483,192608db42251d675da83286b1cce702) (ScriptedImporter) -> (artifact id: '9d6863b1a5f095c7bc681c2be6010c82') in 0.0191673 seconds
Number of updated asset objects reloaded before import = 0Number of asset objects unloaded after import = 1

========================================================================
Received Import Request.
  Time since last request: 0.000019 seconds.
  path: Assets/CrowAssets/Assets/Low Poly Stylized Food/Textures/Juice Box/JuiceBox_rough.png
  artifactKey: Guid(7019185c5b65c8f4d8f38f51028fe6e0) Importer(2089858483,192608db42251d675da83286b1cce702)
Start importing Assets/CrowAssets/Assets/Low Poly Stylized Food/Textures/Juice Box/JuiceBox_rough.png using Guid(7019185c5b65c8f4d8f38f51028fe6e0) Importer(2089858483,192608db42251d675da83286b1cce702) (ScriptedImporter) -> (artifact id: 'bcf2086a9105da417ab2f62f54f3ff3d') in 0.0189961 seconds
Number of updated asset objects reloaded before import = 0Number of asset objects unloaded after import = 1

========================================================================
Received Import Request.
  Time since last request: 0.000012 seconds.
  path: Assets/CrowAssets/Assets/Low Poly Stylized Food/HDRP/Materials
  artifactKey: Guid(aa38476f882e76d4b9943cfb9e33a98b) Importer(2089858483,192608db42251d675da83286b1cce702)
Start importing Assets/CrowAssets/Assets/Low Poly Stylized Food/HDRP/Materials using Guid(aa38476f882e76d4b9943cfb9e33a98b) Importer(2089858483,192608db42251d675da83286b1cce702) (ScriptedImporter) -> (artifact id: '84f26760a1c5f2b405a86ac8dfc503a8') in 0.0080836 seconds
Number of updated asset objects reloaded before import = 0Number of asset objects unloaded after import = 1

========================================================================
Received Import Request.
  Time since last request: 0.000012 seconds.
  path: Assets/CrowAssets/Assets/Low Poly Stylized Food/BuiltIn/Prefabs/CandyBar.prefab
  artifactKey: Guid(fb2099e4cb5f8d6438f9786911fd67dc) Importer(2089858483,192608db42251d675da83286b1cce702)
Start importing Assets/CrowAssets/Assets/Low Poly Stylized Food/BuiltIn/Prefabs/CandyBar.prefab using Guid(fb2099e4cb5f8d6438f9786911fd67dc) Importer(2089858483,192608db42251d675da83286b1cce702) (ScriptedImporter) -> (artifact id: '5e13b3b1300364770abbcc2d063b519c') in 0.0122827 seconds
Number of updated asset objects reloaded before import = 0Number of asset objects unloaded after import = 9

========================================================================
Received Import Request.
  Time since last request: 0.000012 seconds.
  path: Assets/CrowAssets/Assets/Low Poly Stylized Food/URP/Materials/Sardines.mat
  artifactKey: Guid(f0a90d3ffae89a242a356673dd498743) Importer(2089858483,192608db42251d675da83286b1cce702)
Start importing Assets/CrowAssets/Assets/Low Poly Stylized Food/URP/Materials/Sardines.mat using Guid(f0a90d3ffae89a242a356673dd498743) Importer(2089858483,192608db42251d675da83286b1cce702) (ScriptedImporter) -> (artifact id: '60b242181a34fcc6a7541b7e21afdbaa') in 0.0165213 seconds
Number of updated asset objects reloaded before import = 0Number of asset objects unloaded after import = 3

========================================================================
Received Import Request.
  Time since last request: 0.000013 seconds.
  path: Assets/CrowAssets/Assets/Low Poly Stylized Food/BuiltIn/Prefabs/Tomato Slice.prefab
  artifactKey: Guid(8d1e7225c2f61a04e9841dad2cfdf599) Importer(2089858483,192608db42251d675da83286b1cce702)
Start importing Assets/CrowAssets/Assets/Low Poly Stylized Food/BuiltIn/Prefabs/Tomato Slice.prefab using Guid(8d1e7225c2f61a04e9841dad2cfdf599) Importer(2089858483,192608db42251d675da83286b1cce702) (ScriptedImporter) -> (artifact id: '7560970b8d039a38ecb64acb50e35a8d') in 0.0118093 seconds
Number of updated asset objects reloaded before import = 0Number of asset objects unloaded after import = 9

========================================================================
Received Import Request.
  Time since last request: 0.000012 seconds.
  path: Assets/CrowAssets/Assets/Low Poly Stylized Food/Meshes/Egg.fbx
  artifactKey: Guid(c3eede02d03bc7f4aaf45e77eb1637ea) Importer(2089858483,192608db42251d675da83286b1cce702)
Start importing Assets/CrowAssets/Assets/Low Poly Stylized Food/Meshes/Egg.fbx using Guid(c3eede02d03bc7f4aaf45e77eb1637ea) Importer(2089858483,192608db42251d675da83286b1cce702) (ScriptedImporter) -> (artifact id: 'b2487a832ed14ffe488a39fa0fc99a20') in 0.0172028 seconds
Number of updated asset objects reloaded before import = 0Number of asset objects unloaded after import = 7

========================================================================
Received Import Request.
  Time since last request: 0.000010 seconds.
  path: Assets/Pandazole_Ultimate_Pack/Pandazole Kitchen Food/Models/Demo/Pandazole Kitchen Food.fbx
  artifactKey: Guid(e28308bcdd7692b4d9a7fdccc3ac83ee) Importer(2089858483,192608db42251d675da83286b1cce702)
Start importing Assets/Pandazole_Ultimate_Pack/Pandazole Kitchen Food/Models/Demo/Pandazole Kitchen Food.fbx using Guid(e28308bcdd7692b4d9a7fdccc3ac83ee) Importer(2089858483,192608db42251d675da83286b1cce702) (ScriptedImporter) -> (artifact id: '2277c69ba430c72930f0090ebaf98ca2') in 0.3043297 seconds
Number of updated asset objects reloaded before import = 0Number of asset objects unloaded after import = 934

========================================================================
Received Import Request.
  Time since last request: 0.000016 seconds.
  path: Assets/CrowAssets/Assets/Low Poly Stylized Food/URP/Materials/Jar.mat
  artifactKey: Guid(465297d9c74f98c44b4187e1c29a8af5) Importer(2089858483,192608db42251d675da83286b1cce702)
Start importing Assets/CrowAssets/Assets/Low Poly Stylized Food/URP/Materials/Jar.mat using Guid(465297d9c74f98c44b4187e1c29a8af5) Importer(2089858483,192608db42251d675da83286b1cce702) (ScriptedImporter) -> (artifact id: 'eac9cb69a65cec8923782ea459cbfc16') in 0.01462 seconds
Number of updated asset objects reloaded before import = 0Number of asset objects unloaded after import = 3

========================================================================
Received Import Request.
  Time since last request: 0.000017 seconds.
  path: Assets/CrowAssets/Assets/Low Poly Stylized Food/BuiltIn/Prefabs/Jelly.prefab
  artifactKey: Guid(a4c0c02f27a85584ab5856f6999a8296) Importer(2089858483,192608db42251d675da83286b1cce702)
Start importing Assets/CrowAssets/Assets/Low Poly Stylized Food/BuiltIn/Prefabs/Jelly.prefab using Guid(a4c0c02f27a85584ab5856f6999a8296) Importer(2089858483,192608db42251d675da83286b1cce702) (ScriptedImporter) -> (artifact id: '5ba91ed52b8614145e541c02c6940f93') in 0.0109642 seconds
Number of updated asset objects reloaded before import = 0Number of asset objects unloaded after import = 14

========================================================================
Received Import Request.
  Time since last request: 0.000011 seconds.
  path: Assets/CrowAssets/Assets/Low Poly Stylized Food/Textures/Ketchup/Ketchup_tex.png
  artifactKey: Guid(bcc02d84981b4f9408ca6cc473ada773) Importer(2089858483,192608db42251d675da83286b1cce702)
Start importing Assets/CrowAssets/Assets/Low Poly Stylized Food/Textures/Ketchup/Ketchup_tex.png using Guid(bcc02d84981b4f9408ca6cc473ada773) Importer(2089858483,192608db42251d675da83286b1cce702) (ScriptedImporter) -> (artifact id: 'fae63ffcc044f7dcf79a3e38c6ea889b') in 0.0233455 seconds
Number of updated asset objects reloaded before import = 0Number of asset objects unloaded after import = 1

========================================================================
Received Import Request.
  Time since last request: 0.000010 seconds.
  path: Assets/CrowAssets/Assets/Low Poly Stylized Food/BuiltIn/Prefabs/Can Opener.prefab
  artifactKey: Guid(92a0baa4a47920945a6a4e9ff13d8ce4) Importer(2089858483,192608db42251d675da83286b1cce702)
Start importing Assets/CrowAssets/Assets/Low Poly Stylized Food/BuiltIn/Prefabs/Can Opener.prefab using Guid(92a0baa4a47920945a6a4e9ff13d8ce4) Importer(2089858483,192608db42251d675da83286b1cce702) (ScriptedImporter) -> (artifact id: '0a918dfd118a75b70f17c2be162e8023') in 0.0112212 seconds
Number of updated asset objects reloaded before import = 0Number of asset objects unloaded after import = 21

========================================================================
Received Import Request.
  Time since last request: 0.000011 seconds.
  path: Assets/CrowAssets/Assets/Low Poly Stylized Food/HDRP/Materials/SodaCan_01.mat
  artifactKey: Guid(2632a488b99539b4bbe1b01600c01b68) Importer(2089858483,192608db42251d675da83286b1cce702)
Start importing Assets/CrowAssets/Assets/Low Poly Stylized Food/HDRP/Materials/SodaCan_01.mat using Guid(2632a488b99539b4bbe1b01600c01b68) Importer(2089858483,192608db42251d675da83286b1cce702) (ScriptedImporter) -> (artifact id: '4fdad7386eb28ef9fded9c3627cda52f') in 0.0122681 seconds
Number of updated asset objects reloaded before import = 0Number of asset objects unloaded after import = 1

========================================================================
Received Import Request.
  Time since last request: 0.000016 seconds.
  path: Assets/CrowAssets/Assets/Low Poly Stylized Food/URP/Materials/SodaCan_02.mat
  artifactKey: Guid(8bface5a888ee464cac15a3289a34bd8) Importer(2089858483,192608db42251d675da83286b1cce702)
Start importing Assets/CrowAssets/Assets/Low Poly Stylized Food/URP/Materials/SodaCan_02.mat using Guid(8bface5a888ee464cac15a3289a34bd8) Importer(2089858483,192608db42251d675da83286b1cce702) (ScriptedImporter) -> (artifact id: '538025e4d414d7d287f378cef62a80a7') in 0.0186178 seconds
Number of updated asset objects reloaded before import = 0Number of asset objects unloaded after import = 3

========================================================================
Received Import Request.
  Time since last request: 0.000011 seconds.
  path: Assets/CrowAssets/Assets/Low Poly Stylized Food/Textures/Can_01/Can_01_tex.png
  artifactKey: Guid(b57171a6589cad8468234183f5adc02b) Importer(2089858483,192608db42251d675da83286b1cce702)
Start importing Assets/CrowAssets/Assets/Low Poly Stylized Food/Textures/Can_01/Can_01_tex.png using Guid(b57171a6589cad8468234183f5adc02b) Importer(2089858483,192608db42251d675da83286b1cce702) (ScriptedImporter) -> (artifact id: 'bbd27fccb38aaa9cfb6ccf146dc344e5') in 0.0245154 seconds
Number of updated asset objects reloaded before import = 0Number of asset objects unloaded after import = 1

========================================================================
Received Import Request.
  Time since last request: 0.000012 seconds.
  path: Assets/CrowAssets/Assets/Low Poly Stylized Food/URP/Materials/CandyBar.mat
  artifactKey: Guid(efb5b498c7ca03f4fb505ac212ac27b9) Importer(2089858483,192608db42251d675da83286b1cce702)
Start importing Assets/CrowAssets/Assets/Low Poly Stylized Food/URP/Materials/CandyBar.mat using Guid(efb5b498c7ca03f4fb505ac212ac27b9) Importer(2089858483,192608db42251d675da83286b1cce702) (ScriptedImporter) -> (artifact id: '9558fc1194d1dc8341107e8d21cce0be') in 0.0182047 seconds
Number of updated asset objects reloaded before import = 0Number of asset objects unloaded after import = 3

========================================================================
Received Import Request.
  Time since last request: 0.000012 seconds.
  path: Assets/CrowAssets/Assets/Low Poly Stylized Food/Textures/Soda Can/SodaCan_03_tex.png
  artifactKey: Guid(0a829e7f760c0774e89d626a4073477a) Importer(2089858483,192608db42251d675da83286b1cce702)
Start importing Assets/CrowAssets/Assets/Low Poly Stylized Food/Textures/Soda Can/SodaCan_03_tex.png using Guid(0a829e7f760c0774e89d626a4073477a) Importer(2089858483,192608db42251d675da83286b1cce702) (ScriptedImporter) -> (artifact id: 'b99c8f60b5fa03e51e83af2069950f38') in 0.0183567 seconds
Number of updated asset objects reloaded before import = 0Number of asset objects unloaded after import = 1

========================================================================
Received Import Request.
  Time since last request: 0.000018 seconds.
  path: Assets/CrowAssets/Assets/Low Poly Stylized Food/Textures/Eggs/Cracked Egg_rough.png
  artifactKey: Guid(a79c21b621cc61b4f9a7ba66187fbeaa) Importer(2089858483,192608db42251d675da83286b1cce702)
Start importing Assets/CrowAssets/Assets/Low Poly Stylized Food/Textures/Eggs/Cracked Egg_rough.png using Guid(a79c21b621cc61b4f9a7ba66187fbeaa) Importer(2089858483,192608db42251d675da83286b1cce702) (ScriptedImporter) -> (artifact id: 'ba59520a9d93fdd63532d5ab660b9f7d') in 0.0195552 seconds
Number of updated asset objects reloaded before import = 0Number of asset objects unloaded after import = 1

========================================================================
Received Import Request.
  Time since last request: 0.000013 seconds.
  path: Assets/CrowAssets/Assets/Low Poly Stylized Food/HDRP/Prefabs/Mustard.prefab
  artifactKey: Guid(d97be5c052b03b142a533288f0dc1530) Importer(2089858483,192608db42251d675da83286b1cce702)
Start importing Assets/CrowAssets/Assets/Low Poly Stylized Food/HDRP/Prefabs/Mustard.prefab using Guid(d97be5c052b03b142a533288f0dc1530) Importer(2089858483,192608db42251d675da83286b1cce702) (ScriptedImporter) -> (artifact id: 'f0446b2902bc20e52a625412862af073') in 0.0138694 seconds
Number of updated asset objects reloaded before import = 0Number of asset objects unloaded after import = 9

========================================================================
Received Import Request.
  Time since last request: 0.000012 seconds.
  path: Assets/CrowAssets/Assets/Low Poly Stylized Food/Meshes/Cheese Thin.fbx
  artifactKey: Guid(3db8c73b275481246b75c32c44d4b9c0) Importer(2089858483,192608db42251d675da83286b1cce702)
Start importing Assets/CrowAssets/Assets/Low Poly Stylized Food/Meshes/Cheese Thin.fbx using Guid(3db8c73b275481246b75c32c44d4b9c0) Importer(2089858483,192608db42251d675da83286b1cce702) (ScriptedImporter) -> (artifact id: '8c718fa8cdfd54e7365ced807fb30139') in 0.0191113 seconds
Number of updated asset objects reloaded before import = 0Number of asset objects unloaded after import = 7

========================================================================
Received Import Request.
  Time since last request: 0.000021 seconds.
  path: Assets/CrowAssets/Assets/Low Poly Stylized Food/HDRP/Materials/Olive Toothpick.mat
  artifactKey: Guid(caa390c3c6dae2f49ab78c5fb8a6b81b) Importer(2089858483,192608db42251d675da83286b1cce702)
Start importing Assets/CrowAssets/Assets/Low Poly Stylized Food/HDRP/Materials/Olive Toothpick.mat using Guid(caa390c3c6dae2f49ab78c5fb8a6b81b) Importer(2089858483,192608db42251d675da83286b1cce702) (ScriptedImporter) -> (artifact id: 'b14aa04681ae1a31ed6b08c7a521fd40') in 0.0090219 seconds
Number of updated asset objects reloaded before import = 0Number of asset objects unloaded after import = 1

========================================================================
Received Import Request.
  Time since last request: 0.000011 seconds.
  path: Assets/CrowAssets/Assets/Low Poly Stylized Food/Textures/Ketchup/Ketchup_rough.png
  artifactKey: Guid(e0285f66e589f6c429a34af3e4abf0aa) Importer(2089858483,192608db42251d675da83286b1cce702)
Start importing Assets/CrowAssets/Assets/Low Poly Stylized Food/Textures/Ketchup/Ketchup_rough.png using Guid(e0285f66e589f6c429a34af3e4abf0aa) Importer(2089858483,192608db42251d675da83286b1cce702) (ScriptedImporter) -> (artifact id: '13ec0b8d95167a62865778ba5919e0d8') in 0.0177317 seconds
Number of updated asset objects reloaded before import = 0Number of asset objects unloaded after import = 1

========================================================================
Received Import Request.
  Time since last request: 0.000013 seconds.
  path: Assets/CrowAssets/Assets/Low Poly Stylized Food/BuiltIn/Prefabs/Cheese Wedge.prefab
  artifactKey: Guid(d26af0ab456ebbd49a85f8d73f94ae9d) Importer(2089858483,192608db42251d675da83286b1cce702)
Start importing Assets/CrowAssets/Assets/Low Poly Stylized Food/BuiltIn/Prefabs/Cheese Wedge.prefab using Guid(d26af0ab456ebbd49a85f8d73f94ae9d) Importer(2089858483,192608db42251d675da83286b1cce702) (ScriptedImporter) -> (artifact id: '254383115e1b8b0e98ab319d8dfa0c05') in 0.010953 seconds
Number of updated asset objects reloaded before import = 0Number of asset objects unloaded after import = 9

========================================================================
Received Import Request.
  Time since last request: 0.000013 seconds.
  path: Assets/CrowAssets/Assets/Low Poly Stylized Food/HDRP/Materials/Tomato Slice.mat
  artifactKey: Guid(1239f6b194ec5b94f89b945f3e5135e6) Importer(2089858483,192608db42251d675da83286b1cce702)
Start importing Assets/CrowAssets/Assets/Low Poly Stylized Food/HDRP/Materials/Tomato Slice.mat using Guid(1239f6b194ec5b94f89b945f3e5135e6) Importer(2089858483,192608db42251d675da83286b1cce702) (ScriptedImporter) -> (artifact id: '06c505eb88f1f3e1b5fc842345dc6eb9') in 0.0116937 seconds
Number of updated asset objects reloaded before import = 0Number of asset objects unloaded after import = 1

========================================================================
Received Import Request.
  Time since last request: 0.000015 seconds.
  path: Assets/CrowAssets/Assets/Low Poly Stylized Food/Textures/Peanut Butter/PB_rough.png
  artifactKey: Guid(9ac96810b963b5d478f5d10118a36a16) Importer(2089858483,192608db42251d675da83286b1cce702)
Start importing Assets/CrowAssets/Assets/Low Poly Stylized Food/Textures/Peanut Butter/PB_rough.png using Guid(9ac96810b963b5d478f5d10118a36a16) Importer(2089858483,192608db42251d675da83286b1cce702) (ScriptedImporter) -> (artifact id: 'f2b86e6c34c2e65a56ad757b98920df3') in 0.0180622 seconds
Number of updated asset objects reloaded before import = 0Number of asset objects unloaded after import = 1

========================================================================
Received Import Request.
  Time since last request: 0.000018 seconds.
  path: Assets/CrowAssets/Assets/Low Poly Stylized Food/URP/Prefabs/Juice Box.prefab
  artifactKey: Guid(10cd68e2f1f3d8d49afff78a8f51bde4) Importer(2089858483,192608db42251d675da83286b1cce702)
Start importing Assets/CrowAssets/Assets/Low Poly Stylized Food/URP/Prefabs/Juice Box.prefab using Guid(10cd68e2f1f3d8d49afff78a8f51bde4) Importer(2089858483,192608db42251d675da83286b1cce702) (ScriptedImporter) -> (artifact id: '848e0ee0294f0bb24b32b5f13701143b') in 0.0111534 seconds
Number of updated asset objects reloaded before import = 0Number of asset objects unloaded after import = 19

========================================================================
Received Import Request.
  Time since last request: 0.000010 seconds.
  path: Assets/CrowAssets/Assets/Low Poly Stylized Food/URP/Prefabs/Peanut Butter.prefab
  artifactKey: Guid(60b3c4decb7df074e99e13a245f9b838) Importer(2089858483,192608db42251d675da83286b1cce702)
Start importing Assets/CrowAssets/Assets/Low Poly Stylized Food/URP/Prefabs/Peanut Butter.prefab using Guid(60b3c4decb7df074e99e13a245f9b838) Importer(2089858483,192608db42251d675da83286b1cce702) (ScriptedImporter) -> (artifact id: 'ecb2c236bcacc5af84133a52e78fd188') in 0.0125389 seconds
Number of updated asset objects reloaded before import = 0Number of asset objects unloaded after import = 14

========================================================================
Received Import Request.
  Time since last request: 0.000011 seconds.
  path: Assets/CrowAssets/Assets/Low Poly Stylized Food/BuiltIn/Prefabs/Chips.prefab
  artifactKey: Guid(744a450d5e2b6ff459003310331b7724) Importer(2089858483,192608db42251d675da83286b1cce702)
Start importing Assets/CrowAssets/Assets/Low Poly Stylized Food/BuiltIn/Prefabs/Chips.prefab using Guid(744a450d5e2b6ff459003310331b7724) Importer(2089858483,192608db42251d675da83286b1cce702) (ScriptedImporter) -> (artifact id: '439f52213fe0cee96bbe51c68eb016c5') in 0.0122405 seconds
Number of updated asset objects reloaded before import = 0Number of asset objects unloaded after import = 9

========================================================================
Received Import Request.
  Time since last request: 0.000011 seconds.
  path: Assets/CrowAssets/Assets/Low Poly Stylized Food/BuiltIn/Prefabs/SodaCan_01.prefab
  artifactKey: Guid(5ecb38baffcb3f94194f7f26ee723668) Importer(2089858483,192608db42251d675da83286b1cce702)
Start importing Assets/CrowAssets/Assets/Low Poly Stylized Food/BuiltIn/Prefabs/SodaCan_01.prefab using Guid(5ecb38baffcb3f94194f7f26ee723668) Importer(2089858483,192608db42251d675da83286b1cce702) (ScriptedImporter) -> (artifact id: '4beefc83a3683359dbd6aac243b000e7') in 0.014116 seconds
Number of updated asset objects reloaded before import = 0Number of asset objects unloaded after import = 14

========================================================================
Received Import Request.
  Time since last request: 0.000011 seconds.
  path: Assets/CrowAssets/Assets/Low Poly Stylized Food/URP/Materials/Bread.mat
  artifactKey: Guid(b4f9cb079a6ad5444982bfa1300f94ba) Importer(2089858483,192608db42251d675da83286b1cce702)
Start importing Assets/CrowAssets/Assets/Low Poly Stylized Food/URP/Materials/Bread.mat using Guid(b4f9cb079a6ad5444982bfa1300f94ba) Importer(2089858483,192608db42251d675da83286b1cce702) (ScriptedImporter) -> (artifact id: '68899aae849d101bda00cb7930ac8d5c') in 0.0149227 seconds
Number of updated asset objects reloaded before import = 0Number of asset objects unloaded after import = 3

========================================================================
Received Import Request.
  Time since last request: 0.000010 seconds.
  path: Assets/CrowAssets/Assets/Low Poly Stylized Food/HDRP/Materials/Can_01.mat
  artifactKey: Guid(56d8db8aaa3de2341926de291ffd94f0) Importer(2089858483,192608db42251d675da83286b1cce702)
Start importing Assets/CrowAssets/Assets/Low Poly Stylized Food/HDRP/Materials/Can_01.mat using Guid(56d8db8aaa3de2341926de291ffd94f0) Importer(2089858483,192608db42251d675da83286b1cce702) (ScriptedImporter) -> (artifact id: 'de46b1b224631051cd35ebf62ccd44ab') in 0.0131645 seconds
Number of updated asset objects reloaded before import = 0Number of asset objects unloaded after import = 1

========================================================================
Received Import Request.
  Time since last request: 0.000014 seconds.
  path: Assets/CrowAssets/Assets/Low Poly Stylized Food/Textures/Can_01_Opened
  artifactKey: Guid(95045481efcad384ea3d3beefd47d44e) Importer(2089858483,192608db42251d675da83286b1cce702)
Start importing Assets/CrowAssets/Assets/Low Poly Stylized Food/Textures/Can_01_Opened using Guid(95045481efcad384ea3d3beefd47d44e) Importer(2089858483,192608db42251d675da83286b1cce702) (ScriptedImporter) -> (artifact id: '66ec4535aaf98ebeefe92c3d5c5072b8') in 0.007995 seconds
Number of updated asset objects reloaded before import = 0Number of asset objects unloaded after import = 1

========================================================================
Received Import Request.
  Time since last request: 0.000016 seconds.
  path: Assets/Pandazole_Ultimate_Pack/Pandazole Kitchen Food/Models/Food_Meatballs Sub.fbx
  artifactKey: Guid(f4f23df5e76629f469680a06e0cf4a19) Importer(2089858483,192608db42251d675da83286b1cce702)
Start importing Assets/Pandazole_Ultimate_Pack/Pandazole Kitchen Food/Models/Food_Meatballs Sub.fbx using Guid(f4f23df5e76629f469680a06e0cf4a19) Importer(2089858483,192608db42251d675da83286b1cce702) (ScriptedImporter) -> (artifact id: '12ec602928c2d96b0bffd79879f3a7f2') in 0.0190525 seconds
Number of updated asset objects reloaded before import = 0Number of asset objects unloaded after import = 8

========================================================================
Received Import Request.
  Time since last request: 0.000021 seconds.
  path: Assets/MinimalistBedroom/Textures/Misc/Plaster_1k/Materials/Plaster_normal_1k.mat
  artifactKey: Guid(353f3f93d50924d48a7ad50219b8abd0) Importer(2089858483,192608db42251d675da83286b1cce702)
Start importing Assets/MinimalistBedroom/Textures/Misc/Plaster_1k/Materials/Plaster_normal_1k.mat using Guid(353f3f93d50924d48a7ad50219b8abd0) Importer(2089858483,192608db42251d675da83286b1cce702) (ScriptedImporter) -> (artifact id: '966e1c38a41e8ac71fb9d2057af8399d') in 0.0136538 seconds
Number of updated asset objects reloaded before import = 0Number of asset objects unloaded after import = 2

========================================================================
Received Import Request.
  Time since last request: 0.000011 seconds.
  path: Assets/Resources
  artifactKey: Guid(9e535da7a9c83974cbd02da49e1af199) Importer(2089858483,192608db42251d675da83286b1cce702)
Start importing Assets/Resources using Guid(9e535da7a9c83974cbd02da49e1af199) Importer(2089858483,192608db42251d675da83286b1cce702) (ScriptedImporter) -> (artifact id: 'bf6a69b12c7965b139d8762a6c2ef600') in 0.0085225 seconds
Number of updated asset objects reloaded before import = 0Number of asset objects unloaded after import = 1

========================================================================
Received Import Request.
  Time since last request: 0.000013 seconds.
  path: Assets/Pandazole_Ultimate_Pack/Pandazole Kitchen Food/Prefabs/Prop_Fridge_01.prefab
  artifactKey: Guid(ba9199147aa40894ca7f66b182e48c40) Importer(2089858483,192608db42251d675da83286b1cce702)
Start importing Assets/Pandazole_Ultimate_Pack/Pandazole Kitchen Food/Prefabs/Prop_Fridge_01.prefab using Guid(ba9199147aa40894ca7f66b182e48c40) Importer(2089858483,192608db42251d675da83286b1cce702) (ScriptedImporter) -> (artifact id: 'af5a94f453fafd4cb30acb94f2e4d478') in 0.0119674 seconds
Number of updated asset objects reloaded before import = 0Number of asset objects unloaded after import = 19

========================================================================
Received Import Request.
  Time since last request: 0.000010 seconds.
  path: Assets/CrowAssets/Assets/Low Poly Stylized Food/URP/Materials/Glass.mat
  artifactKey: Guid(88c827d251a0a8747b5b818e86a9c09b) Importer(2089858483,192608db42251d675da83286b1cce702)
Start importing Assets/CrowAssets/Assets/Low Poly Stylized Food/URP/Materials/Glass.mat using Guid(88c827d251a0a8747b5b818e86a9c09b) Importer(2089858483,192608db42251d675da83286b1cce702) (ScriptedImporter) -> (artifact id: '03cfe51a3da55d9f8e4b76aea3f98181') in 0.0123661 seconds
Number of updated asset objects reloaded before import = 0Number of asset objects unloaded after import = 1

========================================================================
Received Import Request.
  Time since last request: 0.000019 seconds.
  path: Assets/pumpkin monster/Base mesh/pumpkin.fbx
  artifactKey: Guid(698d7543eef02b44eb8758d362a8f1d0) Importer(2089858483,192608db42251d675da83286b1cce702)
Start importing Assets/pumpkin monster/Base mesh/pumpkin.fbx using Guid(698d7543eef02b44eb8758d362a8f1d0) Importer(2089858483,192608db42251d675da83286b1cce702) (ScriptedImporter) -> (artifact id: '5f5fa3e114cece2a03eeb2913c64649d') in 0.0422398 seconds
Number of updated asset objects reloaded before import = 0Number of asset objects unloaded after import = 155

========================================================================
Received Import Request.
  Time since last request: 0.000013 seconds.
  path: Assets/CrowAssets/Assets/Low Poly Stylized Food/Textures/Sardines
  artifactKey: Guid(3f029156ae6b7364286fa42398005b9b) Importer(2089858483,192608db42251d675da83286b1cce702)
Start importing Assets/CrowAssets/Assets/Low Poly Stylized Food/Textures/Sardines using Guid(3f029156ae6b7364286fa42398005b9b) Importer(2089858483,192608db42251d675da83286b1cce702) (ScriptedImporter) -> (artifact id: '1c034ab03d159cddb915ead6785fb0e0') in 0.0091311 seconds
Number of updated asset objects reloaded before import = 0Number of asset objects unloaded after import = 1

========================================================================
Received Import Request.
  Time since last request: 0.000015 seconds.
  path: Assets/CrowAssets/Assets/Low Poly Stylized Food/BuiltIn/Prefabs/SodaCan_03.prefab
  artifactKey: Guid(34c8cc3dcfdd4fd49a6094c518df09ce) Importer(2089858483,192608db42251d675da83286b1cce702)
Start importing Assets/CrowAssets/Assets/Low Poly Stylized Food/BuiltIn/Prefabs/SodaCan_03.prefab using Guid(34c8cc3dcfdd4fd49a6094c518df09ce) Importer(2089858483,192608db42251d675da83286b1cce702) (ScriptedImporter) -> (artifact id: '96da4e4ca36198fcc604ca7eb328af05') in 0.0110842 seconds
Number of updated asset objects reloaded before import = 0Number of asset objects unloaded after import = 14

========================================================================
Received Import Request.
  Time since last request: 0.000020 seconds.
  path: Assets/Furniture Mega Pack/Textures/Tables/Table34
  artifactKey: Guid(a8ef4c70dcec9a04f8c7640f8e3ee15b) Importer(2089858483,192608db42251d675da83286b1cce702)
Start importing Assets/Furniture Mega Pack/Textures/Tables/Table34 using Guid(a8ef4c70dcec9a04f8c7640f8e3ee15b) Importer(2089858483,192608db42251d675da83286b1cce702) (ScriptedImporter) -> (artifact id: 'a2e7d9bc3de404f15befcf476be49590') in 0.0101186 seconds
Number of updated asset objects reloaded before import = 0Number of asset objects unloaded after import = 1

========================================================================
Received Import Request.
  Time since last request: 0.000013 seconds.
  path: Assets/Pandazole_Ultimate_Pack/Pandazole Kitchen Food/Models/Food_Sunny Egg.fbx
  artifactKey: Guid(fa53bc9349ad2384ca38ebc28ae76083) Importer(2089858483,192608db42251d675da83286b1cce702)
Start importing Assets/Pandazole_Ultimate_Pack/Pandazole Kitchen Food/Models/Food_Sunny Egg.fbx using Guid(fa53bc9349ad2384ca38ebc28ae76083) Importer(2089858483,192608db42251d675da83286b1cce702) (ScriptedImporter) -> (artifact id: '13d59b12272612a35cf7f0078877961d') in 0.0176569 seconds
Number of updated asset objects reloaded before import = 0Number of asset objects unloaded after import = 8

========================================================================
Received Import Request.
  Time since last request: 0.000020 seconds.
  path: Assets/Pandazole_Ultimate_Pack/Pandazole Kitchen Food/Models/Prop_Bowel_02.fbx
  artifactKey: Guid(ca264ddbfe3764843adb802f9af81921) Importer(2089858483,192608db42251d675da83286b1cce702)
Start importing Assets/Pandazole_Ultimate_Pack/Pandazole Kitchen Food/Models/Prop_Bowel_02.fbx using Guid(ca264ddbfe3764843adb802f9af81921) Importer(2089858483,192608db42251d675da83286b1cce702) (ScriptedImporter) -> (artifact id: '781834f7a5ee80bfb19b3a660b5f77b2') in 0.0188054 seconds
Number of updated asset objects reloaded before import = 0Number of asset objects unloaded after import = 8

========================================================================
Received Import Request.
  Time since last request: 0.000019 seconds.
  path: Assets/Furniture Mega Pack/Materials/Table/mat_Table42.mat
  artifactKey: Guid(0feb389f187a6fb49bbe7ff18557c09e) Importer(2089858483,192608db42251d675da83286b1cce702)
Start importing Assets/Furniture Mega Pack/Materials/Table/mat_Table42.mat using Guid(0feb389f187a6fb49bbe7ff18557c09e) Importer(2089858483,192608db42251d675da83286b1cce702) (ScriptedImporter) -> (artifact id: '20548f312ef214e255faea370a9a00dc') in 0.0157543 seconds
Number of updated asset objects reloaded before import = 0Number of asset objects unloaded after import = 4

========================================================================
Received Import Request.
  Time since last request: 0.000013 seconds.
  path: Assets/Furniture Mega Pack/Textures/Bed/Blanket/Materials/AtlasTexture_Blanket_DefaultMaterial_AlbedoTransparency.mat
  artifactKey: Guid(8f0dcc47f8eefe44fb2485175b89a5da) Importer(2089858483,192608db42251d675da83286b1cce702)
Start importing Assets/Furniture Mega Pack/Textures/Bed/Blanket/Materials/AtlasTexture_Blanket_DefaultMaterial_AlbedoTransparency.mat using Guid(8f0dcc47f8eefe44fb2485175b89a5da) Importer(2089858483,192608db42251d675da83286b1cce702) (ScriptedImporter) -> (artifact id: '5f3d61d0b83920f57c9b82009ebd7344') in 0.0130924 seconds
Number of updated asset objects reloaded before import = 0Number of asset objects unloaded after import = 2

========================================================================
Received Import Request.
  Time since last request: 0.000012 seconds.
  path: Assets/Furniture Mega Pack/FBX/Table/Table11.fbx
  artifactKey: Guid(da43871a16da6b944b73091ec36cfe91) Importer(2089858483,192608db42251d675da83286b1cce702)
Start importing Assets/Furniture Mega Pack/FBX/Table/Table11.fbx using Guid(da43871a16da6b944b73091ec36cfe91) Importer(2089858483,192608db42251d675da83286b1cce702) (ScriptedImporter) -> (artifact id: 'd135e493004d028323374dbcd32063dd') in 0.0212465 seconds
Number of updated asset objects reloaded before import = 0Number of asset objects unloaded after import = 8

========================================================================
Received Import Request.
  Time since last request: 0.000014 seconds.
  path: Assets/Pandazole_Ultimate_Pack/Pandazole Kitchen Food/Models/Prop_KitchenCabinet_01.fbx
  artifactKey: Guid(679a59470953c6340bac29c49eac3d5a) Importer(2089858483,192608db42251d675da83286b1cce702)
Start importing Assets/Pandazole_Ultimate_Pack/Pandazole Kitchen Food/Models/Prop_KitchenCabinet_01.fbx using Guid(679a59470953c6340bac29c49eac3d5a) Importer(2089858483,192608db42251d675da83286b1cce702) (ScriptedImporter) -> (artifact id: '4b62c0f91596a3bdb107266beaf99cfa') in 0.0236697 seconds
Number of updated asset objects reloaded before import = 0Number of asset objects unloaded after import = 18

========================================================================
Received Import Request.
  Time since last request: 0.000024 seconds.
  path: Assets/Pandazole_Ultimate_Pack/Pandazole Kitchen Food/Prefabs/Demo
  artifactKey: Guid(56680878a8f24504baafac832264b8f0) Importer(2089858483,192608db42251d675da83286b1cce702)
Start importing Assets/Pandazole_Ultimate_Pack/Pandazole Kitchen Food/Prefabs/Demo using Guid(56680878a8f24504baafac832264b8f0) Importer(2089858483,192608db42251d675da83286b1cce702) (ScriptedImporter) -> (artifact id: '7f05d880f197feaf037a49b6ba49deb1') in 0.0087789 seconds
Number of updated asset objects reloaded before import = 0Number of asset objects unloaded after import = 1

========================================================================
Received Import Request.
  Time since last request: 0.000010 seconds.
  path: Assets/Furniture Mega Pack/Textures/Tables/Table01/Table01_mat_Table01_MetallicSmoothness.png
  artifactKey: Guid(c61949c2743b873418beee77201b9672) Importer(2089858483,192608db42251d675da83286b1cce702)
Start importing Assets/Furniture Mega Pack/Textures/Tables/Table01/Table01_mat_Table01_MetallicSmoothness.png using Guid(c61949c2743b873418beee77201b9672) Importer(2089858483,192608db42251d675da83286b1cce702) (ScriptedImporter) -> (artifact id: 'cf9a478ee7234e9d8a3ef6eba704b20b') in 0.0187259 seconds
Number of updated asset objects reloaded before import = 0Number of asset objects unloaded after import = 1

========================================================================
Received Import Request.
  Time since last request: 0.000014 seconds.
  path: Assets/Furniture Mega Pack/Textures/Tables/Table50/Table50_mat_Table50_Normal.png
  artifactKey: Guid(e93531346b7bf04459770b7fe4fcf03f) Importer(2089858483,192608db42251d675da83286b1cce702)
Start importing Assets/Furniture Mega Pack/Textures/Tables/Table50/Table50_mat_Table50_Normal.png using Guid(e93531346b7bf04459770b7fe4fcf03f) Importer(2089858483,192608db42251d675da83286b1cce702) (ScriptedImporter) -> (artifact id: '164942b87501b3cffb6c15a0afd37726') in 0.0189126 seconds
Number of updated asset objects reloaded before import = 0Number of asset objects unloaded after import = 1

========================================================================
Received Import Request.
  Time since last request: 0.000017 seconds.
  path: Assets/Furniture Mega Pack/Prefabs/Cushioins/Cushion17.prefab
  artifactKey: Guid(0aa2237cf9908f64a8793e91260fb266) Importer(2089858483,192608db42251d675da83286b1cce702)
Start importing Assets/Furniture Mega Pack/Prefabs/Cushioins/Cushion17.prefab using Guid(0aa2237cf9908f64a8793e91260fb266) Importer(2089858483,192608db42251d675da83286b1cce702) (ScriptedImporter) -> (artifact id: 'a8c52c7c79d47036f200172653d21f68') in 0.0182996 seconds
Number of updated asset objects reloaded before import = 0Number of asset objects unloaded after import = 9

========================================================================
Received Import Request.
  Time since last request: 0.000010 seconds.
  path: Assets/Pandazole_Ultimate_Pack/Pandazole Kitchen Food/Models/Food_Turkey Sandwich.fbx
  artifactKey: Guid(3a7c71c15f3a4db48a589bf6542435e9) Importer(2089858483,192608db42251d675da83286b1cce702)
Start importing Assets/Pandazole_Ultimate_Pack/Pandazole Kitchen Food/Models/Food_Turkey Sandwich.fbx using Guid(3a7c71c15f3a4db48a589bf6542435e9) Importer(2089858483,192608db42251d675da83286b1cce702) (ScriptedImporter) -> (artifact id: 'e598b96d971c694aeda49c8087ac131e') in 0.0181958 seconds
Number of updated asset objects reloaded before import = 0Number of asset objects unloaded after import = 8

========================================================================
Received Import Request.
  Time since last request: 0.000010 seconds.
  path: Assets/Furniture Mega Pack/Textures/Tables/Table29
  artifactKey: Guid(a1c3bdab3611b144db2547d85ca16c53) Importer(2089858483,192608db42251d675da83286b1cce702)
Start importing Assets/Furniture Mega Pack/Textures/Tables/Table29 using Guid(a1c3bdab3611b144db2547d85ca16c53) Importer(2089858483,192608db42251d675da83286b1cce702) (ScriptedImporter) -> (artifact id: '4023185eef0c6c3336bfd8c0556047b5') in 0.007204 seconds
Number of updated asset objects reloaded before import = 0Number of asset objects unloaded after import = 1

========================================================================
Received Import Request.
  Time since last request: 0.000012 seconds.
  path: Assets/pumpkin monster/Materials/low_matBody_Emission.mat
  artifactKey: Guid(d8993dd77862b2f498f055f293e1de48) Importer(2089858483,192608db42251d675da83286b1cce702)
Start importing Assets/pumpkin monster/Materials/low_matBody_Emission.mat using Guid(d8993dd77862b2f498f055f293e1de48) Importer(2089858483,192608db42251d675da83286b1cce702) (ScriptedImporter) -> (artifact id: '40df0c5e2558136104ffc111e676bce2') in 0.0166544 seconds
Number of updated asset objects reloaded before import = 0Number of asset objects unloaded after import = 2

========================================================================
Received Import Request.
  Time since last request: 0.000015 seconds.
  path: Assets/Furniture Mega Pack/FBX/Drawer/Drawer26.fbx
  artifactKey: Guid(5f7c4bf29b2932347b1641ad1dc6b6c2) Importer(2089858483,192608db42251d675da83286b1cce702)
Start importing Assets/Furniture Mega Pack/FBX/Drawer/Drawer26.fbx using Guid(5f7c4bf29b2932347b1641ad1dc6b6c2) Importer(2089858483,192608db42251d675da83286b1cce702) (ScriptedImporter) -> (artifact id: '336beef919f2448e9c86370b6ef08224') in 0.0289492 seconds
Number of updated asset objects reloaded before import = 0Number of asset objects unloaded after import = 25

========================================================================
Received Import Request.
  Time since last request: 0.000021 seconds.
  path: Assets/Furniture Mega Pack/Textures/Tables/Table17/Table17_mat_Table17_MetallicSmoothness.png
  artifactKey: Guid(db03dce7d30a7de438533601a8113f6b) Importer(2089858483,192608db42251d675da83286b1cce702)
Start importing Assets/Furniture Mega Pack/Textures/Tables/Table17/Table17_mat_Table17_MetallicSmoothness.png using Guid(db03dce7d30a7de438533601a8113f6b) Importer(2089858483,192608db42251d675da83286b1cce702) (ScriptedImporter) -> (artifact id: '893e4f2526fba0fbd96aeaaa4bf0e630') in 0.0184965 seconds
Number of updated asset objects reloaded before import = 0Number of asset objects unloaded after import = 1

========================================================================
Received Import Request.
  Time since last request: 0.000013 seconds.
  path: Assets/Furniture Mega Pack/Prefabs/Chairs/Chair07.prefab
  artifactKey: Guid(3b57951d3cd682e49b61531565720b28) Importer(2089858483,192608db42251d675da83286b1cce702)
Start importing Assets/Furniture Mega Pack/Prefabs/Chairs/Chair07.prefab using Guid(3b57951d3cd682e49b61531565720b28) Importer(2089858483,192608db42251d675da83286b1cce702) (ScriptedImporter) -> (artifact id: 'd27736e8f2999f52c7310eb8cee0d519') in 0.0168937 seconds
Number of updated asset objects reloaded before import = 0Number of asset objects unloaded after import = 9

========================================================================
Received Import Request.
  Time since last request: 0.000010 seconds.
  path: Assets/CrowAssets/Assets/Low Poly Stylized Food/URP/Materials/Plane.mat
  artifactKey: Guid(31babfcd3a526814a9f408c1164288e5) Importer(2089858483,192608db42251d675da83286b1cce702)
Start importing Assets/CrowAssets/Assets/Low Poly Stylized Food/URP/Materials/Plane.mat using Guid(31babfcd3a526814a9f408c1164288e5) Importer(2089858483,192608db42251d675da83286b1cce702) (ScriptedImporter) -> (artifact id: 'c8718e3088f93508c206182633a4da07') in 0.0103295 seconds
Number of updated asset objects reloaded before import = 0Number of asset objects unloaded after import = 1

========================================================================
Received Import Request.
  Time since last request: 0.000012 seconds.
  path: Assets/Furniture Mega Pack/FBX/Kitchen/KitchenOven07.fbx
  artifactKey: Guid(50749aa4dabfa5d43a06db60f8a208bd) Importer(2089858483,192608db42251d675da83286b1cce702)
Start importing Assets/Furniture Mega Pack/FBX/Kitchen/KitchenOven07.fbx using Guid(50749aa4dabfa5d43a06db60f8a208bd) Importer(2089858483,192608db42251d675da83286b1cce702) (ScriptedImporter) -> (artifact id: 'c739529694f2b4df03417ce56c97dbdc') in 0.0258169 seconds
Number of updated asset objects reloaded before import = 0Number of asset objects unloaded after import = 26

========================================================================
Received Import Request.
  Time since last request: 0.000011 seconds.
  path: Assets/Pandazole_Ultimate_Pack/Pandazole Kitchen Food/Prefabs/Prop_RollingPin.prefab
  artifactKey: Guid(0c8c6517647c0e845b6f85e127777a7e) Importer(2089858483,192608db42251d675da83286b1cce702)
Start importing Assets/Pandazole_Ultimate_Pack/Pandazole Kitchen Food/Prefabs/Prop_RollingPin.prefab using Guid(0c8c6517647c0e845b6f85e127777a7e) Importer(2089858483,192608db42251d675da83286b1cce702) (ScriptedImporter) -> (artifact id: '55d87baddebf1837a1fee0bf599ccb1c') in 0.0146681 seconds
Number of updated asset objects reloaded before import = 0Number of asset objects unloaded after import = 9

========================================================================
Received Import Request.
  Time since last request: 0.000026 seconds.
  path: Assets/Furniture Mega Pack/Textures/Tables/Table47
  artifactKey: Guid(788e8019ad67c774ebb5b2bef25eceff) Importer(2089858483,192608db42251d675da83286b1cce702)
Start importing Assets/Furniture Mega Pack/Textures/Tables/Table47 using Guid(788e8019ad67c774ebb5b2bef25eceff) Importer(2089858483,192608db42251d675da83286b1cce702) (ScriptedImporter) -> (artifact id: '49b608f274accb02959be3806f3d2cda') in 0.0105918 seconds
Number of updated asset objects reloaded before import = 0Number of asset objects unloaded after import = 1

========================================================================
Received Import Request.
  Time since last request: 0.000012 seconds.
  path: Assets/Furniture Mega Pack/Prefabs/Sofas/Sofa43.prefab
  artifactKey: Guid(5e92aeaf5a13ba14cacbeeb7b0a01e78) Importer(2089858483,192608db42251d675da83286b1cce702)
Start importing Assets/Furniture Mega Pack/Prefabs/Sofas/Sofa43.prefab using Guid(5e92aeaf5a13ba14cacbeeb7b0a01e78) Importer(2089858483,192608db42251d675da83286b1cce702) (ScriptedImporter) -> (artifact id: '00a45e7c6d2db7e46707b669e9af2469') in 0.0202431 seconds
Number of updated asset objects reloaded before import = 0Number of asset objects unloaded after import = 9

========================================================================
Received Import Request.
  Time since last request: 0.000012 seconds.
  path: Assets/Furniture Mega Pack/Prefabs/Chairs/Chair24.prefab
  artifactKey: Guid(f7f49bc4af75f0749a956117d40cf0ed) Importer(2089858483,192608db42251d675da83286b1cce702)
Start importing Assets/Furniture Mega Pack/Prefabs/Chairs/Chair24.prefab using Guid(f7f49bc4af75f0749a956117d40cf0ed) Importer(2089858483,192608db42251d675da83286b1cce702) (ScriptedImporter) -> (artifact id: '80fd258f1c65e42e9bfc443b4ded86dd') in 0.0217874 seconds
Number of updated asset objects reloaded before import = 0Number of asset objects unloaded after import = 9

========================================================================
Received Import Request.
  Time since last request: 0.000018 seconds.
  path: Assets/Furniture Mega Pack/Textures/Sofas/Sofa12/Sofa12_mat_Sofa12_MetallicSmoothness.png
  artifactKey: Guid(9a414f00e790eb14e8a8d860c177d25c) Importer(2089858483,192608db42251d675da83286b1cce702)
Start importing Assets/Furniture Mega Pack/Textures/Sofas/Sofa12/Sofa12_mat_Sofa12_MetallicSmoothness.png using Guid(9a414f00e790eb14e8a8d860c177d25c) Importer(2089858483,192608db42251d675da83286b1cce702) (ScriptedImporter) -> (artifact id: '7d4c966fd4796590c9baa2f61ee16811') in 0.0197763 seconds
Number of updated asset objects reloaded before import = 0Number of asset objects unloaded after import = 1

========================================================================
Received Import Request.
  Time since last request: 0.000012 seconds.
  path: Assets/Furniture Mega Pack/Prefabs/Sofas/Sofa49.prefab
  artifactKey: Guid(5a693499362d7b2428419f3110c4a579) Importer(2089858483,192608db42251d675da83286b1cce702)
Start importing Assets/Furniture Mega Pack/Prefabs/Sofas/Sofa49.prefab using Guid(5a693499362d7b2428419f3110c4a579) Importer(2089858483,192608db42251d675da83286b1cce702) (ScriptedImporter) -> (artifact id: '3f15edb44f1bd807b9934d2391fe9a00') in 0.0204034 seconds
Number of updated asset objects reloaded before import = 0Number of asset objects unloaded after import = 9

========================================================================
Received Import Request.
  Time since last request: 0.000013 seconds.
  path: Assets/Furniture Mega Pack/Textures/Chairs/Chair44/Chair44_mat_Chair44_MetallicSmoothness.png
  artifactKey: Guid(4c2f4b4aea047b347b5f82c951851d5c) Importer(2089858483,192608db42251d675da83286b1cce702)
Start importing Assets/Furniture Mega Pack/Textures/Chairs/Chair44/Chair44_mat_Chair44_MetallicSmoothness.png using Guid(4c2f4b4aea047b347b5f82c951851d5c) Importer(2089858483,192608db42251d675da83286b1cce702) (ScriptedImporter) -> (artifact id: '4b8122788f2d0888dbd46bb1d583edd4') in 0.0218932 seconds
Number of updated asset objects reloaded before import = 0Number of asset objects unloaded after import = 1

========================================================================
Received Import Request.
  Time since last request: 0.000018 seconds.
  path: Assets/Furniture Mega Pack/Textures/Tables/Table09/Table09_mat_Table09_Normal.png
  artifactKey: Guid(cc72141c7ab32284fabc123e31a4f775) Importer(2089858483,192608db42251d675da83286b1cce702)
Start importing Assets/Furniture Mega Pack/Textures/Tables/Table09/Table09_mat_Table09_Normal.png using Guid(cc72141c7ab32284fabc123e31a4f775) Importer(2089858483,192608db42251d675da83286b1cce702) (ScriptedImporter) -> (artifact id: '6d21accc76946b0f85e74c34c52ad753') in 0.0203562 seconds
Number of updated asset objects reloaded before import = 0Number of asset objects unloaded after import = 1

========================================================================
Received Import Request.
  Time since last request: 0.000014 seconds.
  path: Assets/Furniture Mega Pack/Textures/Tables/Table40/Table40_mat_Table40_AlbedoTransparency.png
  artifactKey: Guid(464fa29929036f641b4a80e5b104034f) Importer(2089858483,192608db42251d675da83286b1cce702)
Start importing Assets/Furniture Mega Pack/Textures/Tables/Table40/Table40_mat_Table40_AlbedoTransparency.png using Guid(464fa29929036f641b4a80e5b104034f) Importer(2089858483,192608db42251d675da83286b1cce702) (ScriptedImporter) -> (artifact id: 'f4770c2de2cd46fa17657f767b9a492e') in 0.019318 seconds
Number of updated asset objects reloaded before import = 0Number of asset objects unloaded after import = 1

========================================================================
Received Import Request.
  Time since last request: 0.000013 seconds.
  path: Assets/Furniture Mega Pack/Textures/Kitchen
  artifactKey: Guid(877db06f9a41699439fae6a51f19a792) Importer(2089858483,192608db42251d675da83286b1cce702)
Start importing Assets/Furniture Mega Pack/Textures/Kitchen using Guid(877db06f9a41699439fae6a51f19a792) Importer(2089858483,192608db42251d675da83286b1cce702) (ScriptedImporter) -> (artifact id: 'be5c41e827348a03e9d3da9ccec76363') in 0.0093265 seconds
Number of updated asset objects reloaded before import = 0Number of asset objects unloaded after import = 1

========================================================================
Received Import Request.
  Time since last request: 0.000017 seconds.
  path: Assets/Furniture Mega Pack/Textures/Chairs/Chair04
  artifactKey: Guid(2cf25c404ebcf1940a379efa9901c5d9) Importer(2089858483,192608db42251d675da83286b1cce702)
Start importing Assets/Furniture Mega Pack/Textures/Chairs/Chair04 using Guid(2cf25c404ebcf1940a379efa9901c5d9) Importer(2089858483,192608db42251d675da83286b1cce702) (ScriptedImporter) -> (artifact id: '22ee95bb1cdad516f67644f33f3b6a7b') in 0.0066895 seconds
Number of updated asset objects reloaded before import = 0Number of asset objects unloaded after import = 1

========================================================================
Received Import Request.
  Time since last request: 0.000022 seconds.
  path: Assets/Furniture Mega Pack/Textures/Chairs/Chair06/Chair06_mat_Chair06_Normal.png
  artifactKey: Guid(de45aef8b09b5564eb7d7ed80b1b9aad) Importer(2089858483,192608db42251d675da83286b1cce702)
Start importing Assets/Furniture Mega Pack/Textures/Chairs/Chair06/Chair06_mat_Chair06_Normal.png using Guid(de45aef8b09b5564eb7d7ed80b1b9aad) Importer(2089858483,192608db42251d675da83286b1cce702) (ScriptedImporter) -> (artifact id: '6be8aa19a6598310c9bc11046aed36f0') in 0.0160373 seconds
Number of updated asset objects reloaded before import = 0Number of asset objects unloaded after import = 1

========================================================================
Received Import Request.
  Time since last request: 10.357273 seconds.
  path: Assets/Settings/High_PipelineAsset_ForwardRenderer.asset
  artifactKey: Guid(339b3fad0089b84439ad4e1cd0774c0a) Importer(2089858483,192608db42251d675da83286b1cce702)
Start importing Assets/Settings/High_PipelineAsset_ForwardRenderer.asset using Guid(339b3fad0089b84439ad4e1cd0774c0a) Importer(2089858483,192608db42251d675da83286b1cce702) (ScriptedImporter) -> (artifact id: '79b3e6bea7ab88e518fc76dbe26c18a3') in 0.0508358 seconds
Number of updated asset objects reloaded before import = 0Number of asset objects unloaded after import = 2

========================================================================
Received Import Request.
  Time since last request: 0.000019 seconds.
  path: Assets/Samples/XR Interaction Toolkit/3.2.1/Starter Assets/DemoSceneAssets/Prefabs/Climb/ClimbTeleportReticle.prefab
  artifactKey: Guid(6eb816e9b7ce30f4cadff3d4ad7ad10c) Importer(2089858483,192608db42251d675da83286b1cce702)
Start importing Assets/Samples/XR Interaction Toolkit/3.2.1/Starter Assets/DemoSceneAssets/Prefabs/Climb/ClimbTeleportReticle.prefab using Guid(6eb816e9b7ce30f4cadff3d4ad7ad10c) Importer(2089858483,192608db42251d675da83286b1cce702) (ScriptedImporter) -> (artifact id: 'fe13339dbd8d3950990fd34098e26e06') in 0.0207241 seconds
Number of updated asset objects reloaded before import = 0Number of asset objects unloaded after import = 40

========================================================================
Received Import Request.
  Time since last request: 0.000019 seconds.
  path: Assets/Samples/XR Interaction Toolkit/3.2.1/Starter Assets/DemoSceneAssets/Prefabs/UI/ModalSingleButton.prefab
  artifactKey: Guid(c24a7635b5761984d81cf6c4aac26e0d) Importer(2089858483,192608db42251d675da83286b1cce702)
Start importing Assets/Samples/XR Interaction Toolkit/3.2.1/Starter Assets/DemoSceneAssets/Prefabs/UI/ModalSingleButton.prefab using Guid(c24a7635b5761984d81cf6c4aac26e0d) Importer(2089858483,192608db42251d675da83286b1cce702) (ScriptedImporter) -> (artifact id: 'c676fa1c8dc49d8639ab5a35b2e117c6') in 0.0325146 seconds
Number of updated asset objects reloaded before import = 0Number of asset objects unloaded after import = 40

========================================================================
Received Import Request.
  Time since last request: 0.000010 seconds.
  path: Assets/Samples/XR Interaction Toolkit/3.2.1/Starter Assets/Prefabs/Interactors/Left_NearFarInteractor.prefab
  artifactKey: Guid(3df3e1220f2164f448701a6de8084f92) Importer(2089858483,192608db42251d675da83286b1cce702)
Start importing Assets/Samples/XR Interaction Toolkit/3.2.1/Starter Assets/Prefabs/Interactors/Left_NearFarInteractor.prefab using Guid(3df3e1220f2164f448701a6de8084f92) Importer(2089858483,192608db42251d675da83286b1cce702) (ScriptedImporter) -> (artifact id: 'cf59ed61754744deaa320811093fae52') in 0.2509965 seconds
Number of updated asset objects reloaded before import = 0Number of asset objects unloaded after import = 24

========================================================================
Received Import Request.
  Time since last request: 0.000015 seconds.
  path: Assets/Samples/XR Interaction Toolkit/3.2.1/Starter Assets/DemoSceneAssets/Prefabs/Gaze Interactables.prefab
  artifactKey: Guid(e05cd47ab8981f64badd3bfe29af8f4e) Importer(2089858483,192608db42251d675da83286b1cce702)
Start importing Assets/Samples/XR Interaction Toolkit/3.2.1/Starter Assets/DemoSceneAssets/Prefabs/Gaze Interactables.prefab using Guid(e05cd47ab8981f64badd3bfe29af8f4e) Importer(2089858483,192608db42251d675da83286b1cce702) (ScriptedImporter) -> (artifact id: 'bad45800d0f5ebcc5c6c5401ed4e229d') in 0.0166664 seconds
Number of updated asset objects reloaded before import = 0Number of asset objects unloaded after import = 41

========================================================================
Received Import Request.
  Time since last request: 0.000022 seconds.
  path: Assets/Samples/XR Interaction Toolkit/3.2.1/Starter Assets/DemoSceneAssets/Prefabs/UI/Scroll UI Sample.prefab
  artifactKey: Guid(0cbc0856f0fb8d84a81be5dea463c369) Importer(2089858483,192608db42251d675da83286b1cce702)
Start importing Assets/Samples/XR Interaction Toolkit/3.2.1/Starter Assets/DemoSceneAssets/Prefabs/UI/Scroll UI Sample.prefab using Guid(0cbc0856f0fb8d84a81be5dea463c369) Importer(2089858483,192608db42251d675da83286b1cce702) (ScriptedImporter) -> (artifact id: '5213c3a3a690ca261612da572245990e') in 0.0268737 seconds
Number of updated asset objects reloaded before import = 0Number of asset objects unloaded after import = 72

========================================================================
Received Import Request.
  Time since last request: 0.000019 seconds.
  path: Assets/Samples/XR Interaction Toolkit/3.2.1/Starter Assets/DemoSceneAssets/Prefabs/UI/Interactive Controls.prefab
  artifactKey: Guid(7bbb1960bab3e75459304488d8d1ffba) Importer(2089858483,192608db42251d675da83286b1cce702)
Start importing Assets/Samples/XR Interaction Toolkit/3.2.1/Starter Assets/DemoSceneAssets/Prefabs/UI/Interactive Controls.prefab using Guid(7bbb1960bab3e75459304488d8d1ffba) Importer(2089858483,192608db42251d675da83286b1cce702) (ScriptedImporter) -> (artifact id: '19d40b531ee8682b9a4b44c1c10d2638') in 0.0322588 seconds
Number of updated asset objects reloaded before import = 0Number of asset objects unloaded after import = 198

========================================================================
Received Import Request.
  Time since last request: 0.000013 seconds.
  path: Assets/nappin/OfficeEssentialsPack/Materials/(Mat)GradientGrey.mat
  artifactKey: Guid(3441f6441092d3c459a48c3c48ea63c6) Importer(2089858483,192608db42251d675da83286b1cce702)
Start importing Assets/nappin/OfficeEssentialsPack/Materials/(Mat)GradientGrey.mat using Guid(3441f6441092d3c459a48c3c48ea63c6) Importer(2089858483,192608db42251d675da83286b1cce702) (ScriptedImporter) -> (artifact id: '6e40531264c44afd810662085c101341') in 0.0153263 seconds
Number of updated asset objects reloaded before import = 0Number of asset objects unloaded after import = 2

========================================================================
Received Import Request.
  Time since last request: 0.000014 seconds.
  path: Assets/VRTemplateAssets/Prefabs/Setup/Affordance Callouts Right.prefab
  artifactKey: Guid(4d28f6590e91f644e9731292f51c4f2c) Importer(2089858483,192608db42251d675da83286b1cce702)
Start importing Assets/VRTemplateAssets/Prefabs/Setup/Affordance Callouts Right.prefab using Guid(4d28f6590e91f644e9731292f51c4f2c) Importer(2089858483,192608db42251d675da83286b1cce702) (ScriptedImporter) -> (artifact id: '8d0ee212786996a58f4d42dd155d2fed') in 0.0346136 seconds
Number of updated asset objects reloaded before import = 0Number of asset objects unloaded after import = 225

Editor requested this worker to shutdown with reason: Scaling down because of idle timeout
AssetImportWorker is now disconnected from the server
Process exiting
Exiting without the bug reporter. Application will terminate with return code 0