Using pre-set license
Built from '6000.0/respin/6000.0.58f2-44b8bf3a32' branch; Version is '6000.0.58f2 (92dee566b325) revision 9625317'; Using compiler version '193933523'; Build Type 'Release'
OS: 'Windows 11  (10.0.26100) 64bit Professional' Language: 'en' Physical Memory: 65254 MB
BatchMode: 1, IsHumanControllingUs: 0, StartBugReporterOnCrash: 0, Is64bit: 1
Date: 2025-10-13T19:54:29Z

COMMAND LINE ARGUMENTS:
C:\Program Files\Unity 6000.0.58f2\Editor\Unity.exe
-adb2
-batchMode
-noUpm
-name
AssetImportWorker18
-projectPath
D:/hlt22c/Viverse
-logFile
Logs/AssetImportWorker18.log
-srvPort
62244
-job-worker-count
11
-background-job-worker-count
8
-gc-helper-count
1
-name
AssetImport
Successfully changed project path to: D:/hlt22c/Viverse
D:/hlt22c/Viverse
[UnityMemory] Configuration Parameters - Can be set up in boot.config
    "memorysetup-bucket-allocator-granularity=16"
    "memorysetup-bucket-allocator-bucket-count=8"
    "memorysetup-bucket-allocator-block-size=33554432"
    "memorysetup-bucket-allocator-block-count=8"
    "memorysetup-main-allocator-block-size=16777216"
    "memorysetup-thread-allocator-block-size=16777216"
    "memorysetup-gfx-main-allocator-block-size=16777216"
    "memorysetup-gfx-thread-allocator-block-size=16777216"
    "memorysetup-cache-allocator-block-size=4194304"
    "memorysetup-typetree-allocator-block-size=2097152"
    "memorysetup-profiler-bucket-allocator-granularity=16"
    "memorysetup-profiler-bucket-allocator-bucket-count=8"
    "memorysetup-profiler-bucket-allocator-block-size=33554432"
    "memorysetup-profiler-bucket-allocator-block-count=8"
    "memorysetup-profiler-allocator-block-size=16777216"
    "memorysetup-profiler-editor-allocator-block-size=1048576"
    "memorysetup-temp-allocator-size-main=16777216"
    "memorysetup-job-temp-allocator-block-size=2097152"
    "memorysetup-job-temp-allocator-block-size-background=1048576"
    "memorysetup-job-temp-allocator-reduction-small-platforms=262144"
    "memorysetup-allocator-temp-initial-block-size-main=262144"
    "memorysetup-allocator-temp-initial-block-size-worker=262144"
    "memorysetup-temp-allocator-size-background-worker=32768"
    "memorysetup-temp-allocator-size-job-worker=262144"
    "memorysetup-temp-allocator-size-preload-manager=33554432"
    "memorysetup-temp-allocator-size-nav-mesh-worker=65536"
    "memorysetup-temp-allocator-size-audio-worker=65536"
    "memorysetup-temp-allocator-size-cloud-worker=32768"
    "memorysetup-temp-allocator-size-gi-baking-worker=262144"
    "memorysetup-temp-allocator-size-gi-baking-worker=262144"
    "memorysetup-temp-allocator-size-gi-baking-worker=262144"
    "memorysetup-temp-allocator-size-gi-baking-worker=262144"
    "memorysetup-temp-allocator-size-gi-baking-worker=262144"
    "memorysetup-temp-allocator-size-gfx=262144"
Player connection [19320]  Target information:

Player connection [19320]  * "[IP] 192.168.50.5 [Port] 0 [Flags] 2 [Guid] 1268974591 [EditorId] 1268974591 [Version] 1048832 [Id] WindowsEditor(7,FIH-COM23a109) [Debug] 1 [PackageName] WindowsEditor [ProjectName] Editor" 

Player connection [19320] Host joined multi-casting on [225.0.0.222:54997]...
Player connection [19320] Host joined alternative multi-casting on [225.0.0.222:34997]...
JobSystem: Creating JobQueue using job-worker-count value 11
Input System module state changed to: Initialized.
[Physics::Module] Initialized fallback backend.
[Physics::Module] Id: 0xdecafbad
Library Redirect Path: Library/
[Physics::Module] Selected backend.
[Physics::Module] Name: PhysX
[Physics::Module] Id: 0xf2b8ea05
[Physics::Module] SDK Version: 4.1.2
[Physics::Module] Integration Version: 1.0.0
[Physics::Module] Threading Mode: Multi-Threaded
Refreshing native plugins compatible for Editor in 11.66 ms, found 10 plugins.
Preloading 0 native plugins for Editor in 0.00 ms.
Initialize engine version: 6000.0.58f2 (92dee566b325)
[Subsystems] Discovering subsystems at path C:/Program Files/Unity 6000.0.58f2/Editor/Data/Resources/UnitySubsystems
[Subsystems] Discovering subsystems at path D:/hlt22c/Viverse/Assets
GfxDevice: creating device client; kGfxThreadingModeNonThreaded
Direct3D:
    Version:  Direct3D 11.0 [level 11.1]
    Renderer: NVIDIA GeForce RTX 3090 (ID=0x2204)
    Vendor:   NVIDIA
    VRAM:     24326 MB
    Driver:   32.0.15.8142
Initialize mono
Mono path[0] = 'C:/Program Files/Unity 6000.0.58f2/Editor/Data/Managed'
Mono path[1] = 'C:/Program Files/Unity 6000.0.58f2/Editor/Data/MonoBleedingEdge/lib/mono/unityjit-win32'
Mono config path = 'C:/Program Files/Unity 6000.0.58f2/Editor/Data/MonoBleedingEdge/etc'
Using monoOptions --debugger-agent=transport=dt_socket,embedding=1,server=y,suspend=n,address=127.0.0.1:56848
Begin MonoManager ReloadAssembly
Registering precompiled unity dll's ...
Register platform support module: C:/Program Files/Unity 6000.0.58f2/Editor/Data/PlaybackEngines/WebGLSupport/UnityEditor.WebGL.Extensions.dll
Register platform support module: C:/Program Files/Unity 6000.0.58f2/Editor/Data/PlaybackEngines/WindowsStandaloneSupport/UnityEditor.WindowsStandalone.Extensions.dll
Register platform support module: C:/Program Files/Unity 6000.0.58f2/Editor/Data/PlaybackEngines/AndroidPlayer/UnityEditor.Android.Extensions.dll
Registered in 0.005010 seconds.
- Loaded All Assemblies, in  0.459 seconds
Native extension for Android target not found
Native extension for WindowsStandalone target not found
Native extension for WebGL target not found
Mono: successfully reloaded assembly
- Finished resetting the current domain, in  0.911 seconds
Domain Reload Profiling: 1368ms
	BeginReloadAssembly (147ms)
		ExecutionOrderSort (0ms)
		DisableScriptedObjects (0ms)
		BackupInstance (0ms)
		ReleaseScriptingObjects (0ms)
		CreateAndSetChildDomain (1ms)
	RebuildCommonClasses (44ms)
	RebuildNativeTypeToScriptingClass (13ms)
	initialDomainReloadingComplete (54ms)
	LoadAllAssembliesAndSetupDomain (198ms)
		LoadAssemblies (144ms)
		RebuildTransferFunctionScriptingTraits (0ms)
		AnalyzeDomain (195ms)
			TypeCache.Refresh (193ms)
				TypeCache.ScanAssembly (179ms)
			BuildScriptInfoCaches (0ms)
			ResolveRequiredComponents (0ms)
	FinalizeReload (911ms)
		ReleaseScriptCaches (0ms)
		RebuildScriptCaches (0ms)
		SetupLoadedEditorAssemblies (852ms)
			LogAssemblyErrors (0ms)
			InitializePlatformSupportModulesInManaged (455ms)
			SetLoadedEditorAssemblies (12ms)
			BeforeProcessingInitializeOnLoad (136ms)
			ProcessInitializeOnLoadAttributes (193ms)
			ProcessInitializeOnLoadMethodAttributes (57ms)
			AfterProcessingInitializeOnLoad (0ms)
			EditorAssembliesLoaded (0ms)
		ExecutionOrderSort2 (0ms)
		AwakeInstancesAfterBackupRestoration (0ms)
========================================================================
Worker process is ready to serve import requests
Import Worker Mode flag is 0x00
Begin MonoManager ReloadAssembly
Symbol file LoadedFromMemory is not a mono symbol file
- Loaded All Assemblies, in  1.122 seconds
Refreshing native plugins compatible for Editor in 8.61 ms, found 10 plugins.
Native extension for Android target not found
Native extension for WindowsStandalone target not found
Native extension for WebGL target not found
Package Manager log level set to [2]
[Package Manager] Failed to launch server process. Reason: Unity was launched with the -noUpm command-line argument
[Package Manager] Unable to send message (not connected to server process).
[Package Manager] Cannot connect to Unity Package Manager local server
[Package Manager] Failed to launch server process. Reason: Unity was launched with the -noUpm command-line argument
[Package Manager] Unable to send message (not connected to server process).
[Package Manager] Cannot connect to Unity Package Manager local server
Trying to set shader on a Material Variant.
UnityEngine.Debug:ExtractStackTraceNoAlloc (byte*,int,string)
UnityEngine.StackTraceUtility:ExtractStackTrace ()
UnityEngine.Material:set_shader (UnityEngine.Shader)
UnityEngine.XR.Interaction.Toolkit.Samples.StarterAssets.MaterialPipelineHandler:SetPipelineShaders () (at Assets/Samples/XR Interaction Toolkit/3.2.1/Starter Assets/Scripts/MaterialPipelineHandler.cs:114)
UnityEngine.XR.Interaction.Toolkit.Samples.StarterAssets.MaterialPipelineHandler:AutoRefreshPipelineShaders () (at Assets/Samples/XR Interaction Toolkit/3.2.1/Starter Assets/Scripts/MaterialPipelineHandler.cs:81)
UnityEngine.XR.Interaction.Toolkit.Samples.StarterAssets.MaterialPipelineHandler:OnEnable () (at Assets/Samples/XR Interaction Toolkit/3.2.1/Starter Assets/Scripts/MaterialPipelineHandler.cs:74)
UnityEditor.AssetDatabase:LoadAssetAtPath (string,System.Type)
UnityEditor.AssetDatabase:LoadAssetAtPath<UnityEngine.XR.Hands.Samples.VisualizerSample.MaterialPipelineHandler> (string)
UnityEngine.XR.Hands.Samples.VisualizerSample.RenderPipelineValidation:GetAllInstances () (at Assets/Samples/XR Hands/1.6.1/HandVisualizer/Scripts/MaterialPipelineHandler.cs:28)
UnityEngine.XR.Hands.Samples.VisualizerSample.RenderPipelineValidation:.cctor () (at Assets/Samples/XR Hands/1.6.1/HandVisualizer/Scripts/MaterialPipelineHandler.cs:15)
System.Runtime.CompilerServices.RuntimeHelpers:RunClassConstructor (System.RuntimeTypeHandle)
UnityEditor.EditorAssemblies:ProcessInitializeOnLoadAttributes (System.Type[])

[Assets/Samples/XR Interaction Toolkit/3.2.1/Starter Assets/Scripts/MaterialPipelineHandler.cs line 114]

Trying to set shader on a Material Variant.
UnityEngine.Debug:ExtractStackTraceNoAlloc (byte*,int,string)
UnityEngine.StackTraceUtility:ExtractStackTrace ()
UnityEngine.Material:set_shader (UnityEngine.Shader)
UnityEngine.XR.Interaction.Toolkit.Samples.StarterAssets.MaterialPipelineHandler:SetPipelineShaders () (at Assets/Samples/XR Interaction Toolkit/3.2.1/Starter Assets/Scripts/MaterialPipelineHandler.cs:114)
UnityEngine.XR.Interaction.Toolkit.Samples.StarterAssets.MaterialPipelineHandler:AutoRefreshPipelineShaders () (at Assets/Samples/XR Interaction Toolkit/3.2.1/Starter Assets/Scripts/MaterialPipelineHandler.cs:81)
UnityEngine.XR.Interaction.Toolkit.Samples.StarterAssets.RenderPipelineValidation:.cctor () (at Assets/Samples/XR Interaction Toolkit/3.2.1/Starter Assets/Scripts/MaterialPipelineHandler.cs:16)
System.Runtime.CompilerServices.RuntimeHelpers:RunClassConstructor (System.RuntimeTypeHandle)
UnityEditor.EditorAssemblies:ProcessInitializeOnLoadAttributes (System.Type[])

[Assets/Samples/XR Interaction Toolkit/3.2.1/Starter Assets/Scripts/MaterialPipelineHandler.cs line 114]

Mono: successfully reloaded assembly
[Package Manager] Failed to launch server process. Reason: Unity was launched with the -noUpm command-line argument
[Package Manager] Unable to send message (not connected to server process).
[Package Manager] Cannot connect to Unity Package Manager local server
[Package Manager] Failed to launch server process. Reason: Unity was launched with the -noUpm command-line argument
[Package Manager] Unable to send message (not connected to server process).
[Package Manager] Cannot connect to Unity Package Manager local server
- Finished resetting the current domain, in  3.680 seconds
Domain Reload Profiling: 4798ms
	BeginReloadAssembly (207ms)
		ExecutionOrderSort (0ms)
		DisableScriptedObjects (8ms)
		BackupInstance (0ms)
		ReleaseScriptingObjects (0ms)
		CreateAndSetChildDomain (44ms)
	RebuildCommonClasses (45ms)
	RebuildNativeTypeToScriptingClass (18ms)
	initialDomainReloadingComplete (44ms)
	LoadAllAssembliesAndSetupDomain (805ms)
		LoadAssemblies (525ms)
		RebuildTransferFunctionScriptingTraits (0ms)
		AnalyzeDomain (385ms)
			TypeCache.Refresh (281ms)
				TypeCache.ScanAssembly (259ms)
			BuildScriptInfoCaches (86ms)
			ResolveRequiredComponents (14ms)
	FinalizeReload (3680ms)
		ReleaseScriptCaches (0ms)
		RebuildScriptCaches (0ms)
		SetupLoadedEditorAssemblies (3497ms)
			LogAssemblyErrors (0ms)
			InitializePlatformSupportModulesInManaged (12ms)
			SetLoadedEditorAssemblies (6ms)
			BeforeProcessingInitializeOnLoad (326ms)
			ProcessInitializeOnLoadAttributes (2350ms)
			ProcessInitializeOnLoadMethodAttributes (795ms)
			AfterProcessingInitializeOnLoad (6ms)
			EditorAssembliesLoaded (1ms)
		ExecutionOrderSort2 (0ms)
		AwakeInstancesAfterBackupRestoration (7ms)
WARNING: Shader Unsupported: 'Hidden/Simulation/URP/Synthetic' - All subshaders removed
WARNING: Shader Did you use #pragma only_renderers and omit this platform?
WARNING: Shader If subshaders removal was intentional, you may have forgotten turning Fallback off?
WARNING: Shader Unsupported: 'Hidden/Simulation/URP/Synthetic' - All subshaders removed
WARNING: Shader Did you use #pragma only_renderers and omit this platform?
WARNING: Shader If subshaders removal was intentional, you may have forgotten turning Fallback off?
WARNING: Shader Unsupported: 'Hidden/Simulation/Synthetic Lit' - All subshaders removed
WARNING: Shader Did you use #pragma only_renderers and omit this platform?
WARNING: Shader If subshaders removal was intentional, you may have forgotten turning Fallback off?
WARNING: Shader Unsupported: 'Hidden/Simulation/Synthetic Lit' - All subshaders removed
WARNING: Shader Did you use #pragma only_renderers and omit this platform?
WARNING: Shader If subshaders removal was intentional, you may have forgotten turning Fallback off?
WARNING: Shader Unsupported: 'Simulation/Standard Lit' - All subshaders removed
WARNING: Shader Did you use #pragma only_renderers and omit this platform?
WARNING: Shader If subshaders removal was intentional, you may have forgotten turning Fallback off?
WARNING: Shader Unsupported: 'Simulation/Standard Lit' - All subshaders removed
WARNING: Shader Did you use #pragma only_renderers and omit this platform?
WARNING: Shader If subshaders removal was intentional, you may have forgotten turning Fallback off?
WARNING: Shader Unsupported: 'Simulation/URP/Room X-Ray' - All subshaders removed
WARNING: Shader Did you use #pragma only_renderers and omit this platform?
WARNING: Shader If subshaders removal was intentional, you may have forgotten turning Fallback off?
WARNING: Shader Unsupported: 'Simulation/URP/Room X-Ray' - All subshaders removed
WARNING: Shader Did you use #pragma only_renderers and omit this platform?
WARNING: Shader If subshaders removal was intentional, you may have forgotten turning Fallback off?
WARNING: Shader Unsupported: 'Simulation/Room X-Ray' - All subshaders removed
WARNING: Shader Did you use #pragma only_renderers and omit this platform?
WARNING: Shader If subshaders removal was intentional, you may have forgotten turning Fallback off?
WARNING: Shader Unsupported: 'Simulation/Room X-Ray' - All subshaders removed
WARNING: Shader Did you use #pragma only_renderers and omit this platform?
WARNING: Shader If subshaders removal was intentional, you may have forgotten turning Fallback off?
WARNING: Shader Unsupported: 'Simulation/URP/Lit' - All subshaders removed
WARNING: Shader Did you use #pragma only_renderers and omit this platform?
WARNING: Shader If subshaders removal was intentional, you may have forgotten turning Fallback off?
WARNING: Shader Unsupported: 'Simulation/URP/Lit' - All subshaders removed
WARNING: Shader Did you use #pragma only_renderers and omit this platform?
WARNING: Shader If subshaders removal was intentional, you may have forgotten turning Fallback off?
Launched and connected shader compiler UnityShaderCompiler.exe after 0.01 seconds
Refreshing native plugins compatible for Editor in 9.08 ms, found 10 plugins.
Preloading 0 native plugins for Editor in 0.00 ms.
Unloading 58 Unused Serialized files (Serialized files now loaded: 0)
Unloading 7384 unused Assets / (12.5 MB). Loaded Objects now: 8042.
Memory consumption went from 172.7 MB to 160.2 MB.
Total: 15.895900 ms (FindLiveObjects: 0.632000 ms CreateObjectMapping: 0.441300 ms MarkObjects: 9.116500 ms  DeleteObjects: 5.704600 ms)

========================================================================
Received Import Request.
  Time since last request: 5090.159337 seconds.
  path: Assets/Furniture Mega Pack/Prefabs/Cushioins/Cushion14.prefab
  artifactKey: Guid(37b89e0ad0a3c7d40b74d032ecece79f) Importer(2089858483,3d70f49cd1c2eb9ae422958d1c652c6b)
Start importing Assets/Furniture Mega Pack/Prefabs/Cushioins/Cushion14.prefab using Guid(37b89e0ad0a3c7d40b74d032ecece79f) Importer(2089858483,3d70f49cd1c2eb9ae422958d1c652c6b) (ScriptedImporter) -> (artifact id: '728fed3bb20e24041a656747dd8e4b3c') in 0.2766974 seconds
Number of updated asset objects reloaded before import = 0Number of asset objects unloaded after import = 10

========================================================================
Received Import Request.
  Time since last request: 0.217107 seconds.
  path: Assets/MinimalistBedroom/Textures/Misc/CandleWaxDripping_512/candle_wax_Metallic_512.png
  artifactKey: Guid(a8c132d36810a004a835847ebde39deb) Importer(2089858483,192608db42251d675da83286b1cce702)
Start importing Assets/MinimalistBedroom/Textures/Misc/CandleWaxDripping_512/candle_wax_Metallic_512.png using Guid(a8c132d36810a004a835847ebde39deb) Importer(2089858483,192608db42251d675da83286b1cce702) (ScriptedImporter) -> (artifact id: '5f61e6a6142639346ff76b290a817c05') in 0.1120825 seconds
Number of updated asset objects reloaded before import = 0Number of asset objects unloaded after import = 1

========================================================================
Received Import Request.
  Time since last request: 0.000016 seconds.
  path: Assets/MinimalistBedroom/Prefabs/Interior/FoldedShirt_01.prefab
  artifactKey: Guid(44621dadeb10a4c4cb54cc0531bdb9db) Importer(2089858483,192608db42251d675da83286b1cce702)
Start importing Assets/MinimalistBedroom/Prefabs/Interior/FoldedShirt_01.prefab using Guid(44621dadeb10a4c4cb54cc0531bdb9db) Importer(2089858483,192608db42251d675da83286b1cce702) (ScriptedImporter) -> (artifact id: '7240723ad726ed9e65d219825b70ca66') in 0.0774515 seconds
Number of updated asset objects reloaded before import = 0Number of asset objects unloaded after import = 8

========================================================================
Received Import Request.
  Time since last request: 0.000023 seconds.
  path: Assets/MinimalistBedroom/Materials/Misc/Plaster_1k
  artifactKey: Guid(4bda04462c144eb4ca4a393a28908945) Importer(2089858483,192608db42251d675da83286b1cce702)
Start importing Assets/MinimalistBedroom/Materials/Misc/Plaster_1k using Guid(4bda04462c144eb4ca4a393a28908945) Importer(2089858483,192608db42251d675da83286b1cce702) (ScriptedImporter) -> (artifact id: '54f9d2938a1556bfd1f4a50c766c66ba') in 0.0136313 seconds
Number of updated asset objects reloaded before import = 0Number of asset objects unloaded after import = 1

========================================================================
Received Import Request.
  Time since last request: 0.064205 seconds.
  path: Assets/Furniture Mega Pack/Prefabs/Kitchen/CabinetB03.prefab
  artifactKey: Guid(05efa5f908e13684fa24eeeb356a636a) Importer(2089858483,3d70f49cd1c2eb9ae422958d1c652c6b)
Start importing Assets/Furniture Mega Pack/Prefabs/Kitchen/CabinetB03.prefab using Guid(05efa5f908e13684fa24eeeb356a636a) Importer(2089858483,3d70f49cd1c2eb9ae422958d1c652c6b) (ScriptedImporter) -> (artifact id: 'f4ba45c5b372f18f3f05391d16300cc7') in 0.0279557 seconds
Number of updated asset objects reloaded before import = 0Number of asset objects unloaded after import = 25

========================================================================
Received Import Request.
  Time since last request: 0.000018 seconds.
  path: Assets/Furniture Mega Pack/Prefabs/Kitchen/Sink06.prefab
  artifactKey: Guid(cbaef4e0e3332ef45b322275d7653ea0) Importer(2089858483,3d70f49cd1c2eb9ae422958d1c652c6b)
Start importing Assets/Furniture Mega Pack/Prefabs/Kitchen/Sink06.prefab using Guid(cbaef4e0e3332ef45b322275d7653ea0) Importer(2089858483,3d70f49cd1c2eb9ae422958d1c652c6b) (ScriptedImporter) -> (artifact id: '98450dd892cb984dd02e68cc0fc2ab00') in 0.0250081 seconds
Number of updated asset objects reloaded before import = 0Number of asset objects unloaded after import = 35

========================================================================
Received Import Request.
  Time since last request: 0.000016 seconds.
  path: Assets/Furniture Mega Pack/Prefabs/Kitchen/CabinetC03.prefab
  artifactKey: Guid(a66da34f01a03ad4184a499f300e2370) Importer(2089858483,3d70f49cd1c2eb9ae422958d1c652c6b)
Start importing Assets/Furniture Mega Pack/Prefabs/Kitchen/CabinetC03.prefab using Guid(a66da34f01a03ad4184a499f300e2370) Importer(2089858483,3d70f49cd1c2eb9ae422958d1c652c6b) (ScriptedImporter) -> (artifact id: 'e63fd982b254273e756e511d48e1b1ed') in 0.0188555 seconds
Number of updated asset objects reloaded before import = 0Number of asset objects unloaded after import = 25

========================================================================
Received Import Request.
  Time since last request: 0.000018 seconds.
  path: Assets/Furniture Mega Pack/Prefabs/Kitchen/GasStove06.prefab
  artifactKey: Guid(6fe62be4a9d21804cb96395754a213d1) Importer(2089858483,3d70f49cd1c2eb9ae422958d1c652c6b)
Start importing Assets/Furniture Mega Pack/Prefabs/Kitchen/GasStove06.prefab using Guid(6fe62be4a9d21804cb96395754a213d1) Importer(2089858483,3d70f49cd1c2eb9ae422958d1c652c6b) (ScriptedImporter) -> (artifact id: '1c9f9a2d3e6b51432620d67cf8ffb374') in 0.0208567 seconds
Number of updated asset objects reloaded before import = 0Number of asset objects unloaded after import = 15

========================================================================
Received Import Request.
  Time since last request: 0.000028 seconds.
  path: Assets/Furniture Mega Pack/Prefabs/Kitchen/CabinetG06.prefab
  artifactKey: Guid(a27c9b7396c03eb4fa2da3b443bf8040) Importer(2089858483,3d70f49cd1c2eb9ae422958d1c652c6b)
Start importing Assets/Furniture Mega Pack/Prefabs/Kitchen/CabinetG06.prefab using Guid(a27c9b7396c03eb4fa2da3b443bf8040) Importer(2089858483,3d70f49cd1c2eb9ae422958d1c652c6b) (ScriptedImporter) -> (artifact id: 'bc3db53bbb2f6c75adc610fe79b33a96') in 0.0167324 seconds
Number of updated asset objects reloaded before import = 0Number of asset objects unloaded after import = 15

========================================================================
Received Import Request.
  Time since last request: 0.000018 seconds.
  path: Assets/Furniture Mega Pack/Prefabs/Kitchen/MicrowaveOven06.prefab
  artifactKey: Guid(74fb55dc3f6e1bb4c86086a5b4811da1) Importer(2089858483,3d70f49cd1c2eb9ae422958d1c652c6b)
Start importing Assets/Furniture Mega Pack/Prefabs/Kitchen/MicrowaveOven06.prefab using Guid(74fb55dc3f6e1bb4c86086a5b4811da1) Importer(2089858483,3d70f49cd1c2eb9ae422958d1c652c6b) (ScriptedImporter) -> (artifact id: 'c2ef084c5c3d9609c9c4cf09f58e6ff7') in 0.0241121 seconds
Number of updated asset objects reloaded before import = 0Number of asset objects unloaded after import = 31

========================================================================
Received Import Request.
  Time since last request: 0.000018 seconds.
  path: Assets/Furniture Mega Pack/Prefabs/Kitchen/GasStove01.prefab
  artifactKey: Guid(19039a4577cb54748807667172c13ca4) Importer(2089858483,3d70f49cd1c2eb9ae422958d1c652c6b)
Start importing Assets/Furniture Mega Pack/Prefabs/Kitchen/GasStove01.prefab using Guid(19039a4577cb54748807667172c13ca4) Importer(2089858483,3d70f49cd1c2eb9ae422958d1c652c6b) (ScriptedImporter) -> (artifact id: 'da5afbe53c906fcfb171a45bd49cb465') in 0.019503 seconds
Number of updated asset objects reloaded before import = 0Number of asset objects unloaded after import = 20

========================================================================
Received Import Request.
  Time since last request: 0.406403 seconds.
  path: Assets/Furniture Mega Pack/Prefabs/Sofas/Sofa49.prefab
  artifactKey: Guid(5a693499362d7b2428419f3110c4a579) Importer(2089858483,3d70f49cd1c2eb9ae422958d1c652c6b)
Start importing Assets/Furniture Mega Pack/Prefabs/Sofas/Sofa49.prefab using Guid(5a693499362d7b2428419f3110c4a579) Importer(2089858483,3d70f49cd1c2eb9ae422958d1c652c6b) (ScriptedImporter) -> (artifact id: '5b44bf635cd417dc441f4f6862371a94') in 0.0240184 seconds
Number of updated asset objects reloaded before import = 0Number of asset objects unloaded after import = 10

========================================================================
Received Import Request.
  Time since last request: 0.000018 seconds.
  path: Assets/Furniture Mega Pack/Prefabs/Tables/Table25.prefab
  artifactKey: Guid(ba60f91ad5f1a8a40a8c2f9f86e485b8) Importer(2089858483,3d70f49cd1c2eb9ae422958d1c652c6b)
Start importing Assets/Furniture Mega Pack/Prefabs/Tables/Table25.prefab using Guid(ba60f91ad5f1a8a40a8c2f9f86e485b8) Importer(2089858483,3d70f49cd1c2eb9ae422958d1c652c6b) (ScriptedImporter) -> (artifact id: '87876066efe82d615be08c06ac5b6049') in 0.0157654 seconds
Number of updated asset objects reloaded before import = 0Number of asset objects unloaded after import = 10

========================================================================
Received Import Request.
  Time since last request: 0.000018 seconds.
  path: Assets/MinimalistBedroom/Prefabs/Interior/CoatHanger_01.prefab
  artifactKey: Guid(ed576bcffb0d1b04286376701d58b587) Importer(2089858483,3d70f49cd1c2eb9ae422958d1c652c6b)
Start importing Assets/MinimalistBedroom/Prefabs/Interior/CoatHanger_01.prefab using Guid(ed576bcffb0d1b04286376701d58b587) Importer(2089858483,3d70f49cd1c2eb9ae422958d1c652c6b) (ScriptedImporter) -> (artifact id: '76727e5cc3ea1bdea8822b57c6261b65') in 0.0180389 seconds
Number of updated asset objects reloaded before import = 0Number of asset objects unloaded after import = 16

========================================================================
Received Import Request.
  Time since last request: 0.000023 seconds.
  path: Assets/MinimalistBedroom/Scenes/TheMinmalist_Mian/LightingData.asset
  artifactKey: Guid(3809805b63dcadf4dad05c507a520848) Importer(2089858483,3d70f49cd1c2eb9ae422958d1c652c6b)
Start importing Assets/MinimalistBedroom/Scenes/TheMinmalist_Mian/LightingData.asset using Guid(3809805b63dcadf4dad05c507a520848) Importer(2089858483,3d70f49cd1c2eb9ae422958d1c652c6b) (ScriptedImporter) -> (artifact id: '7bcdab0d17388230ce59edf29b399687') in 0.0150204 seconds
Number of updated asset objects reloaded before import = 0Number of asset objects unloaded after import = 1

========================================================================
Received Import Request.
  Time since last request: 0.000013 seconds.
  path: Assets/Furniture Mega Pack/Prefabs/Tables/Table08.prefab
  artifactKey: Guid(6487e1e73b4174b478c6beb8635da889) Importer(2089858483,3d70f49cd1c2eb9ae422958d1c652c6b)
Start importing Assets/Furniture Mega Pack/Prefabs/Tables/Table08.prefab using Guid(6487e1e73b4174b478c6beb8635da889) Importer(2089858483,3d70f49cd1c2eb9ae422958d1c652c6b) (ScriptedImporter) -> (artifact id: '7d58ff2f6b6a45eb39af987dd71dd4da') in 0.0140706 seconds
Number of updated asset objects reloaded before import = 0Number of asset objects unloaded after import = 10

========================================================================
Received Import Request.
  Time since last request: 0.000014 seconds.
  path: Assets/nappin/OfficeEssentialsPack/Prefabs/(Prb)BookOpen.prefab
  artifactKey: Guid(c2f17a2926fbc774d990dd6e286d4fad) Importer(2089858483,3d70f49cd1c2eb9ae422958d1c652c6b)
Start importing Assets/nappin/OfficeEssentialsPack/Prefabs/(Prb)BookOpen.prefab using Guid(c2f17a2926fbc774d990dd6e286d4fad) Importer(2089858483,3d70f49cd1c2eb9ae422958d1c652c6b) (ScriptedImporter) -> (artifact id: 'dad78fdbd46db41eec137045ba107bf7') in 0.0157105 seconds
Number of updated asset objects reloaded before import = 0Number of asset objects unloaded after import = 12

========================================================================
Received Import Request.
  Time since last request: 0.000020 seconds.
  path: Assets/nappin/OfficeEssentialsPack/Prefabs/(Prb)BedsideLight.prefab
  artifactKey: Guid(4f06099175b8866458a6cf669a7c20fb) Importer(2089858483,3d70f49cd1c2eb9ae422958d1c652c6b)
Start importing Assets/nappin/OfficeEssentialsPack/Prefabs/(Prb)BedsideLight.prefab using Guid(4f06099175b8866458a6cf669a7c20fb) Importer(2089858483,3d70f49cd1c2eb9ae422958d1c652c6b) (ScriptedImporter) -> (artifact id: '686b6c76a7625ff110316cedfd151755') in 0.0240054 seconds
Number of updated asset objects reloaded before import = 0Number of asset objects unloaded after import = 14

========================================================================
Received Import Request.
  Time since last request: 0.286726 seconds.
  path: Assets/nappin/OfficeEssentialsPack/Prefabs/(Prb)Drawer2.prefab
  artifactKey: Guid(8ff4ad687e8a081468b81cfdd2d710e4) Importer(2089858483,3d70f49cd1c2eb9ae422958d1c652c6b)
Start importing Assets/nappin/OfficeEssentialsPack/Prefabs/(Prb)Drawer2.prefab using Guid(8ff4ad687e8a081468b81cfdd2d710e4) Importer(2089858483,3d70f49cd1c2eb9ae422958d1c652c6b) (ScriptedImporter) -> (artifact id: '27372a5e764d03d4bf05eb94012dfcdb') in 0.0246384 seconds
Number of updated asset objects reloaded before import = 0Number of asset objects unloaded after import = 27

========================================================================
Received Import Request.
  Time since last request: 0.000068 seconds.
  path: Assets/Pandazole_Ultimate_Pack/Pandazole Kitchen Food/Prefabs/Prop_KitchenTable_07.prefab
  artifactKey: Guid(7af19dfcf0498ba43bb7bdf35840880c) Importer(2089858483,3d70f49cd1c2eb9ae422958d1c652c6b)
Start importing Assets/Pandazole_Ultimate_Pack/Pandazole Kitchen Food/Prefabs/Prop_KitchenTable_07.prefab using Guid(7af19dfcf0498ba43bb7bdf35840880c) Importer(2089858483,3d70f49cd1c2eb9ae422958d1c652c6b) (ScriptedImporter) -> (artifact id: '9b4da41fe0d315b081fcb78dff993b97') in 0.0156613 seconds
Number of updated asset objects reloaded before import = 0Number of asset objects unloaded after import = 9

========================================================================
Received Import Request.
  Time since last request: 0.000015 seconds.
  path: Assets/Pandazole_Ultimate_Pack/Pandazole Kitchen Food/Prefabs/Prop_Bowel_03.prefab
  artifactKey: Guid(77d69b61d8932b541b0dfc99fb4a3be7) Importer(2089858483,3d70f49cd1c2eb9ae422958d1c652c6b)
Start importing Assets/Pandazole_Ultimate_Pack/Pandazole Kitchen Food/Prefabs/Prop_Bowel_03.prefab using Guid(77d69b61d8932b541b0dfc99fb4a3be7) Importer(2089858483,3d70f49cd1c2eb9ae422958d1c652c6b) (ScriptedImporter) -> (artifact id: '12e7fb12e62eabccb7e18b5d34046d52') in 0.0161348 seconds
Number of updated asset objects reloaded before import = 0Number of asset objects unloaded after import = 9

========================================================================
Received Import Request.
  Time since last request: 0.000022 seconds.
  path: Assets/Pandazole_Ultimate_Pack/Pandazole Kitchen Food/Prefabs/Food_Lasagna.prefab
  artifactKey: Guid(b4bc12119c05f3e41917eb3082d12409) Importer(2089858483,3d70f49cd1c2eb9ae422958d1c652c6b)
Start importing Assets/Pandazole_Ultimate_Pack/Pandazole Kitchen Food/Prefabs/Food_Lasagna.prefab using Guid(b4bc12119c05f3e41917eb3082d12409) Importer(2089858483,3d70f49cd1c2eb9ae422958d1c652c6b) (ScriptedImporter) -> (artifact id: '791447cda722199968d6acd3cc86fc4a') in 0.0140922 seconds
Number of updated asset objects reloaded before import = 0Number of asset objects unloaded after import = 9

========================================================================
Received Import Request.
  Time since last request: 0.000020 seconds.
  path: Assets/nappin/OfficeEssentialsPack/Prefabs/(Prb)Shelves1.prefab
  artifactKey: Guid(fa8eb2eb998ad8c489fe86794b62dfe1) Importer(2089858483,3d70f49cd1c2eb9ae422958d1c652c6b)
Start importing Assets/nappin/OfficeEssentialsPack/Prefabs/(Prb)Shelves1.prefab using Guid(fa8eb2eb998ad8c489fe86794b62dfe1) Importer(2089858483,3d70f49cd1c2eb9ae422958d1c652c6b) (ScriptedImporter) -> (artifact id: '36e3a57041326ba67f372b99a7ed903e') in 0.0167563 seconds
Number of updated asset objects reloaded before import = 0Number of asset objects unloaded after import = 12

========================================================================
Received Import Request.
  Time since last request: 0.000019 seconds.
  path: Assets/Pandazole_Ultimate_Pack/Pandazole Kitchen Food/Prefabs/Prop_Knife_04.prefab
  artifactKey: Guid(15433602e108aae4290663c9644a7298) Importer(2089858483,3d70f49cd1c2eb9ae422958d1c652c6b)
Start importing Assets/Pandazole_Ultimate_Pack/Pandazole Kitchen Food/Prefabs/Prop_Knife_04.prefab using Guid(15433602e108aae4290663c9644a7298) Importer(2089858483,3d70f49cd1c2eb9ae422958d1c652c6b) (ScriptedImporter) -> (artifact id: 'a68b9f1efd2f20ddeb9f06c1d366d576') in 0.0169098 seconds
Number of updated asset objects reloaded before import = 0Number of asset objects unloaded after import = 9

========================================================================
Received Import Request.
  Time since last request: 0.000023 seconds.
  path: Assets/Pandazole_Ultimate_Pack/Pandazole Kitchen Food/Prefabs/Prop_Bowel_02.prefab
  artifactKey: Guid(1a4629ba2471df04b82c7bbeaf4788af) Importer(2089858483,3d70f49cd1c2eb9ae422958d1c652c6b)
Start importing Assets/Pandazole_Ultimate_Pack/Pandazole Kitchen Food/Prefabs/Prop_Bowel_02.prefab using Guid(1a4629ba2471df04b82c7bbeaf4788af) Importer(2089858483,3d70f49cd1c2eb9ae422958d1c652c6b) (ScriptedImporter) -> (artifact id: '35ab24e56745fb0e22e934568837755f') in 0.0170904 seconds
Number of updated asset objects reloaded before import = 0Number of asset objects unloaded after import = 9

========================================================================
Received Import Request.
  Time since last request: 0.000013 seconds.
  path: Assets/Pandazole_Ultimate_Pack/Pandazole Kitchen Food/Prefabs/Prop_Tray.prefab
  artifactKey: Guid(5266988b81c6ff44d833c591e20cd635) Importer(2089858483,3d70f49cd1c2eb9ae422958d1c652c6b)
Start importing Assets/Pandazole_Ultimate_Pack/Pandazole Kitchen Food/Prefabs/Prop_Tray.prefab using Guid(5266988b81c6ff44d833c591e20cd635) Importer(2089858483,3d70f49cd1c2eb9ae422958d1c652c6b) (ScriptedImporter) -> (artifact id: 'a4509c4cdbe1fea0ea93a9e7ea557c72') in 0.0182969 seconds
Number of updated asset objects reloaded before import = 0Number of asset objects unloaded after import = 9

========================================================================
Received Import Request.
  Time since last request: 0.000018 seconds.
  path: Assets/nappin/OfficeEssentialsPack/Prefabs/(Prb)Shelves3.prefab
  artifactKey: Guid(f149402989451fe4ab69bfd1ceb5124f) Importer(2089858483,3d70f49cd1c2eb9ae422958d1c652c6b)
Start importing Assets/nappin/OfficeEssentialsPack/Prefabs/(Prb)Shelves3.prefab using Guid(f149402989451fe4ab69bfd1ceb5124f) Importer(2089858483,3d70f49cd1c2eb9ae422958d1c652c6b) (ScriptedImporter) -> (artifact id: '6eb58859e09f46e8850eedb932ab63bd') in 0.0176927 seconds
Number of updated asset objects reloaded before import = 0Number of asset objects unloaded after import = 11

========================================================================
Received Import Request.
  Time since last request: 0.000021 seconds.
  path: Assets/Pandazole_Ultimate_Pack/Pandazole Kitchen Food/Prefabs/Prop_Bowel_01.prefab
  artifactKey: Guid(853831eb758a2c3419f2a300203a4fc0) Importer(2089858483,3d70f49cd1c2eb9ae422958d1c652c6b)
Start importing Assets/Pandazole_Ultimate_Pack/Pandazole Kitchen Food/Prefabs/Prop_Bowel_01.prefab using Guid(853831eb758a2c3419f2a300203a4fc0) Importer(2089858483,3d70f49cd1c2eb9ae422958d1c652c6b) (ScriptedImporter) -> (artifact id: '1614c621fe759b99b188eb2a3e7863d7') in 0.0243364 seconds
Number of updated asset objects reloaded before import = 0Number of asset objects unloaded after import = 9

========================================================================
Received Import Request.
  Time since last request: 0.013295 seconds.
  path: Assets/VRTemplateAssets/Prefabs/Interactables/Cylinder Interactable Variant.prefab
  artifactKey: Guid(2c1a76173c7e0144fbab968bd1968de1) Importer(2089858483,3d70f49cd1c2eb9ae422958d1c652c6b)
Start importing Assets/VRTemplateAssets/Prefabs/Interactables/Cylinder Interactable Variant.prefab using Guid(2c1a76173c7e0144fbab968bd1968de1) Importer(2089858483,3d70f49cd1c2eb9ae422958d1c652c6b) (ScriptedImporter) -> (artifact id: '21eda2ddc297e5aa6c699edbf5d13806') in 0.0467125 seconds
Number of updated asset objects reloaded before import = 0Number of asset objects unloaded after import = 36

========================================================================
Received Import Request.
  Time since last request: 0.000015 seconds.
  path: Assets/Samples/XR Interaction Toolkit/3.2.1/Starter Assets/Prefabs/Interactors/Gaze Interactor.prefab
  artifactKey: Guid(b84cd05e1160fe34cab2585022c8cd99) Importer(2089858483,3d70f49cd1c2eb9ae422958d1c652c6b)
Start importing Assets/Samples/XR Interaction Toolkit/3.2.1/Starter Assets/Prefabs/Interactors/Gaze Interactor.prefab using Guid(b84cd05e1160fe34cab2585022c8cd99) Importer(2089858483,3d70f49cd1c2eb9ae422958d1c652c6b) (ScriptedImporter) -> (artifact id: '48fb4683284a9d578ead752957c479aa') in 0.0406575 seconds
Number of updated asset objects reloaded before import = 0Number of asset objects unloaded after import = 11

========================================================================
Received Import Request.
  Time since last request: 0.000015 seconds.
  path: Assets/Samples/XR Interaction Toolkit/3.2.1/XR Interaction Simulator/Hand Expressions/Fist Expression Capture.asset
  artifactKey: Guid(fa004868963da45f6a2e6520cfd82522) Importer(2089858483,3d70f49cd1c2eb9ae422958d1c652c6b)
Start importing Assets/Samples/XR Interaction Toolkit/3.2.1/XR Interaction Simulator/Hand Expressions/Fist Expression Capture.asset using Guid(fa004868963da45f6a2e6520cfd82522) Importer(2089858483,3d70f49cd1c2eb9ae422958d1c652c6b) (ScriptedImporter) -> (artifact id: '96fe7a93745dcb3a55b5e5c7021bd1f3') in 0.0260677 seconds
Number of updated asset objects reloaded before import = 0Number of asset objects unloaded after import = 0

========================================================================
Received Import Request.
  Time since last request: 0.000019 seconds.
  path: Assets/Samples/XR Interaction Toolkit/3.2.1/Hands Interaction Demo/HandsDemoSceneAssets/Affordances/Audio.asset
  artifactKey: Guid(57def9352cdee8548bfc9ebc6a55914a) Importer(2089858483,3d70f49cd1c2eb9ae422958d1c652c6b)
Start importing Assets/Samples/XR Interaction Toolkit/3.2.1/Hands Interaction Demo/HandsDemoSceneAssets/Affordances/Audio.asset using Guid(57def9352cdee8548bfc9ebc6a55914a) Importer(2089858483,3d70f49cd1c2eb9ae422958d1c652c6b) (ScriptedImporter) -> (artifact id: '316cbb122316b22f68b1aa6fb764ff40') in 0.035635 seconds
Number of updated asset objects reloaded before import = 0Number of asset objects unloaded after import = 2

========================================================================
Received Import Request.
  Time since last request: 0.000029 seconds.
  path: Assets/CrowAssets/Assets/Low Poly Stylized Food/HDRP/Prefabs/Jar.prefab
  artifactKey: Guid(c8ed815b1d0eef3448751e17c02d81c6) Importer(2089858483,3d70f49cd1c2eb9ae422958d1c652c6b)
Start importing Assets/CrowAssets/Assets/Low Poly Stylized Food/HDRP/Prefabs/Jar.prefab using Guid(c8ed815b1d0eef3448751e17c02d81c6) Importer(2089858483,3d70f49cd1c2eb9ae422958d1c652c6b) (ScriptedImporter) -> (artifact id: '86ef6fca20c3bf21dfeb2f4bc1f842de') in 0.0159628 seconds
Number of updated asset objects reloaded before import = 0Number of asset objects unloaded after import = 21

========================================================================
Received Import Request.
  Time since last request: 0.000015 seconds.
  path: Assets/Samples/XR Interaction Toolkit/3.2.1/Hands Interaction Demo/HandsDemoSceneAssets/Prefabs/PawnController.prefab
  artifactKey: Guid(a5f97d75a3184ad46aef39618607e083) Importer(2089858483,3d70f49cd1c2eb9ae422958d1c652c6b)
Start importing Assets/Samples/XR Interaction Toolkit/3.2.1/Hands Interaction Demo/HandsDemoSceneAssets/Prefabs/PawnController.prefab using Guid(a5f97d75a3184ad46aef39618607e083) Importer(2089858483,3d70f49cd1c2eb9ae422958d1c652c6b) (ScriptedImporter) -> (artifact id: 'b4b0283a7b274275d6a784d5eca6f145') in 0.054461 seconds
Number of updated asset objects reloaded before import = 0Number of asset objects unloaded after import = 36

========================================================================
Received Import Request.
  Time since last request: 0.000016 seconds.
  path: Assets/Samples/XR Interaction Toolkit/3.2.1/Starter Assets/Prefabs/Affordances/HighlightInteractionAffordance.prefab
  artifactKey: Guid(6b12f432fa58c224baf0d659706362be) Importer(2089858483,3d70f49cd1c2eb9ae422958d1c652c6b)
Start importing Assets/Samples/XR Interaction Toolkit/3.2.1/Starter Assets/Prefabs/Affordances/HighlightInteractionAffordance.prefab using Guid(6b12f432fa58c224baf0d659706362be) Importer(2089858483,3d70f49cd1c2eb9ae422958d1c652c6b) (ScriptedImporter) -> (artifact id: 'd9aea247636be28d43fedfb011c8f3b0') in 0.0178023 seconds
Number of updated asset objects reloaded before import = 0Number of asset objects unloaded after import = 12

========================================================================
Received Import Request.
  Time since last request: 0.000018 seconds.
  path: Assets/CrowAssets/Assets/Low Poly Stylized Food/BuiltIn/Prefabs/Milk.prefab
  artifactKey: Guid(89007df4c2aaffb4b894f5a3ca0af6bb) Importer(2089858483,3d70f49cd1c2eb9ae422958d1c652c6b)
Start importing Assets/CrowAssets/Assets/Low Poly Stylized Food/BuiltIn/Prefabs/Milk.prefab using Guid(89007df4c2aaffb4b894f5a3ca0af6bb) Importer(2089858483,3d70f49cd1c2eb9ae422958d1c652c6b) (ScriptedImporter) -> (artifact id: '34669254759bfb8026554961123a6191') in 0.0162411 seconds
Number of updated asset objects reloaded before import = 0Number of asset objects unloaded after import = 15

========================================================================
Received Import Request.
  Time since last request: 0.000021 seconds.
  path: Assets/CrowAssets/Assets/Low Poly Stylized Food/URP/Prefabs/Juice Box.prefab
  artifactKey: Guid(10cd68e2f1f3d8d49afff78a8f51bde4) Importer(2089858483,3d70f49cd1c2eb9ae422958d1c652c6b)
Start importing Assets/CrowAssets/Assets/Low Poly Stylized Food/URP/Prefabs/Juice Box.prefab using Guid(10cd68e2f1f3d8d49afff78a8f51bde4) Importer(2089858483,3d70f49cd1c2eb9ae422958d1c652c6b) (ScriptedImporter) -> (artifact id: 'fc6ef079d80a9ac7443990d8b7d963a7') in 0.015614 seconds
Number of updated asset objects reloaded before import = 0Number of asset objects unloaded after import = 20

========================================================================
Received Import Request.
  Time since last request: 0.000027 seconds.
  path: Assets/Samples/XR Interaction Toolkit/3.2.1/Starter Assets/DemoSceneAssets/Prefabs/Interactables/Blaser.prefab
  artifactKey: Guid(3549fdaf258e11846b85a316c16c699c) Importer(2089858483,3d70f49cd1c2eb9ae422958d1c652c6b)
Start importing Assets/Samples/XR Interaction Toolkit/3.2.1/Starter Assets/DemoSceneAssets/Prefabs/Interactables/Blaser.prefab using Guid(3549fdaf258e11846b85a316c16c699c) Importer(2089858483,3d70f49cd1c2eb9ae422958d1c652c6b) (ScriptedImporter) -> (artifact id: '131807a92aa480cd0d64fa0dc620ae5c') in 0.0273347 seconds
Number of updated asset objects reloaded before import = 0Number of asset objects unloaded after import = 47

========================================================================
Received Import Request.
  Time since last request: 0.000018 seconds.
  path: Assets/nappin/OfficeEssentialsPack/Prefabs/(Prb)PC.prefab
  artifactKey: Guid(a5ac041b79f79364ca8481b503332787) Importer(2089858483,192608db42251d675da83286b1cce702)
Start importing Assets/nappin/OfficeEssentialsPack/Prefabs/(Prb)PC.prefab using Guid(a5ac041b79f79364ca8481b503332787) Importer(2089858483,192608db42251d675da83286b1cce702) (ScriptedImporter) -> (artifact id: 'f6db97d972662d0450bd4976949961e6') in 0.030914 seconds
Number of updated asset objects reloaded before import = 0Number of asset objects unloaded after import = 30

========================================================================
Received Import Request.
  Time since last request: 0.000016 seconds.
  path: Assets/nappin/OfficeEssentialsPack/Materials/(Mat)GradientDarkGreen.mat
  artifactKey: Guid(95d691d1ae476e049b3ca1db2f7b4c0d) Importer(2089858483,192608db42251d675da83286b1cce702)
Start importing Assets/nappin/OfficeEssentialsPack/Materials/(Mat)GradientDarkGreen.mat using Guid(95d691d1ae476e049b3ca1db2f7b4c0d) Importer(2089858483,192608db42251d675da83286b1cce702) (ScriptedImporter) -> (artifact id: '4525a49634ef217e0928447d3decf2cc') in 0.0457511 seconds
Number of updated asset objects reloaded before import = 0Number of asset objects unloaded after import = 2

========================================================================
Received Import Request.
  Time since last request: 0.000017 seconds.
  path: Assets/MinimalistBedroom/Prefabs/Interior/WoodBox_01.prefab
  artifactKey: Guid(a029376427419284e8fe5c800324685b) Importer(2089858483,192608db42251d675da83286b1cce702)
Start importing Assets/MinimalistBedroom/Prefabs/Interior/WoodBox_01.prefab using Guid(a029376427419284e8fe5c800324685b) Importer(2089858483,192608db42251d675da83286b1cce702) (ScriptedImporter) -> (artifact id: 'd87bff507a130fda87511bb84122892e') in 0.0318289 seconds
Number of updated asset objects reloaded before import = 0Number of asset objects unloaded after import = 8

========================================================================
Received Import Request.
  Time since last request: 0.000028 seconds.
  path: Assets/nappin/OfficeEssentialsPack/Models/(Msh)BookPile6.fbx
  artifactKey: Guid(6234a3511ba58734dab033286d60136a) Importer(2089858483,192608db42251d675da83286b1cce702)
Start importing Assets/nappin/OfficeEssentialsPack/Models/(Msh)BookPile6.fbx using Guid(6234a3511ba58734dab033286d60136a) Importer(2089858483,192608db42251d675da83286b1cce702) (ScriptedImporter) -> (artifact id: '2509d85220e0493ec7321ef055448c3b') in 0.106312 seconds
Number of updated asset objects reloaded before import = 0Number of asset objects unloaded after import = 196

========================================================================
Received Import Request.
  Time since last request: 0.000049 seconds.
  path: Assets/nappin/OfficeEssentialsPack/Models/(Msh)BookPile3.fbx
  artifactKey: Guid(cc31666f2d3c78648838b47abbc333f8) Importer(2089858483,192608db42251d675da83286b1cce702)
Start importing Assets/nappin/OfficeEssentialsPack/Models/(Msh)BookPile3.fbx using Guid(cc31666f2d3c78648838b47abbc333f8) Importer(2089858483,192608db42251d675da83286b1cce702) (ScriptedImporter) -> (artifact id: '358c8fe18419be058f889b31f782b03b') in 0.0440863 seconds
Number of updated asset objects reloaded before import = 0Number of asset objects unloaded after import = 96

========================================================================
Received Import Request.
  Time since last request: 0.000017 seconds.
  path: Assets/nappin/OfficeEssentialsPack/Materials/(Mat)Skybox.mat
  artifactKey: Guid(f5b880b2bccf7364cbc645f81894becd) Importer(2089858483,192608db42251d675da83286b1cce702)
Start importing Assets/nappin/OfficeEssentialsPack/Materials/(Mat)Skybox.mat using Guid(f5b880b2bccf7364cbc645f81894becd) Importer(2089858483,192608db42251d675da83286b1cce702) (ScriptedImporter) -> (artifact id: '9b41e1a5c8ac57e80dec260eb1057c2c') in 0.0246061 seconds
Number of updated asset objects reloaded before import = 0Number of asset objects unloaded after import = 1

========================================================================
Received Import Request.
  Time since last request: 0.000018 seconds.
  path: Assets/nappin/OfficeEssentialsPack/Materials/(Mat)GradientGrey.mat
  artifactKey: Guid(3441f6441092d3c459a48c3c48ea63c6) Importer(2089858483,192608db42251d675da83286b1cce702)
Start importing Assets/nappin/OfficeEssentialsPack/Materials/(Mat)GradientGrey.mat using Guid(3441f6441092d3c459a48c3c48ea63c6) Importer(2089858483,192608db42251d675da83286b1cce702) (ScriptedImporter) -> (artifact id: 'b5aeaa3cbafba6dc35685efd70334c39') in 0.0176495 seconds
Number of updated asset objects reloaded before import = 0Number of asset objects unloaded after import = 2

========================================================================
Received Import Request.
  Time since last request: 0.000018 seconds.
  path: Assets/nappin/OfficeEssentialsPack/Models
  artifactKey: Guid(6a642b983faa510488983f38c651038d) Importer(2089858483,192608db42251d675da83286b1cce702)
Start importing Assets/nappin/OfficeEssentialsPack/Models using Guid(6a642b983faa510488983f38c651038d) Importer(2089858483,192608db42251d675da83286b1cce702) (ScriptedImporter) -> (artifact id: '1b0b0a5675608c427cbbcbdbd57da7a5') in 0.0141039 seconds
Number of updated asset objects reloaded before import = 0Number of asset objects unloaded after import = 1

========================================================================
Received Import Request.
  Time since last request: 0.000017 seconds.
  path: Assets/Samples/XR Interaction Toolkit/3.2.1/XR Interaction Simulator/Hand Expressions/Grab Expression Capture.asset
  artifactKey: Guid(2c7c6caedfd0a43e3a614236a83aa148) Importer(2089858483,3d70f49cd1c2eb9ae422958d1c652c6b)
Start importing Assets/Samples/XR Interaction Toolkit/3.2.1/XR Interaction Simulator/Hand Expressions/Grab Expression Capture.asset using Guid(2c7c6caedfd0a43e3a614236a83aa148) Importer(2089858483,3d70f49cd1c2eb9ae422958d1c652c6b) (ScriptedImporter) -> (artifact id: 'f5290e64dd89d6bd55647e4368dd196a') in 0.0143362 seconds
Number of updated asset objects reloaded before import = 0Number of asset objects unloaded after import = 0

========================================================================
Received Import Request.
  Time since last request: 1.972324 seconds.
  path: Assets/nappin/OfficeEssentialsPack/Models/(Msh)BookPile7.fbx
  artifactKey: Guid(74ced1ff4cc446444b88042df966c736) Importer(2089858483,192608db42251d675da83286b1cce702)
Start importing Assets/nappin/OfficeEssentialsPack/Models/(Msh)BookPile7.fbx using Guid(74ced1ff4cc446444b88042df966c736) Importer(2089858483,192608db42251d675da83286b1cce702) (ScriptedImporter) -> (artifact id: 'c23a6ad00d40c3b03a032e79df468712') in 0.07887 seconds
Number of updated asset objects reloaded before import = 0Number of asset objects unloaded after import = 196

========================================================================
Received Import Request.
  Time since last request: 0.000025 seconds.
  path: Assets/nappin/OfficeEssentialsPack/Prefabs/(Prb)CornerLight.prefab
  artifactKey: Guid(7232880492f88cd4d9624a501fc37aba) Importer(2089858483,192608db42251d675da83286b1cce702)
Start importing Assets/nappin/OfficeEssentialsPack/Prefabs/(Prb)CornerLight.prefab using Guid(7232880492f88cd4d9624a501fc37aba) Importer(2089858483,192608db42251d675da83286b1cce702) (ScriptedImporter) -> (artifact id: '2589a6d5a01bd81cf4ee79c29cef29a7') in 0.0355337 seconds
Number of updated asset objects reloaded before import = 0Number of asset objects unloaded after import = 10

========================================================================
Received Import Request.
  Time since last request: 0.000025 seconds.
  path: Assets/nappin/HouseInteriorPack/Models/(Msh)Container1.fbx
  artifactKey: Guid(4a9018e939c46fa4caff4673bd78885a) Importer(2089858483,192608db42251d675da83286b1cce702)
Start importing Assets/nappin/HouseInteriorPack/Models/(Msh)Container1.fbx using Guid(4a9018e939c46fa4caff4673bd78885a) Importer(2089858483,192608db42251d675da83286b1cce702) (ScriptedImporter) -> (artifact id: 'c33fbde898846f35979a4c95d03ab37e') in 0.0257589 seconds
Number of updated asset objects reloaded before import = 0Number of asset objects unloaded after import = 20

========================================================================
Received Import Request.
  Time since last request: 0.000014 seconds.
  path: Assets/nappin/OfficeEssentialsPack/Prefabs/(Prb)BedsideLight.prefab
  artifactKey: Guid(4f06099175b8866458a6cf669a7c20fb) Importer(2089858483,192608db42251d675da83286b1cce702)
Start importing Assets/nappin/OfficeEssentialsPack/Prefabs/(Prb)BedsideLight.prefab using Guid(4f06099175b8866458a6cf669a7c20fb) Importer(2089858483,192608db42251d675da83286b1cce702) (ScriptedImporter) -> (artifact id: 'e036790dd00306455f7427582b08f401') in 0.0382293 seconds
Number of updated asset objects reloaded before import = 0Number of asset objects unloaded after import = 10

========================================================================
Received Import Request.
  Time since last request: 0.000015 seconds.
  path: Assets/nappin/HouseInteriorPack/Models/(Msh)Container4.fbx
  artifactKey: Guid(51bc86091dda4734fbff595d08e6f7ed) Importer(2089858483,192608db42251d675da83286b1cce702)
Start importing Assets/nappin/HouseInteriorPack/Models/(Msh)Container4.fbx using Guid(51bc86091dda4734fbff595d08e6f7ed) Importer(2089858483,192608db42251d675da83286b1cce702) (ScriptedImporter) -> (artifact id: '5bddb3894d88a675af68fc05546e281a') in 0.0384828 seconds
Number of updated asset objects reloaded before import = 0Number of asset objects unloaded after import = 201

========================================================================
Received Import Request.
  Time since last request: 0.000016 seconds.
  path: Assets/nappin/HouseInteriorPack/Models/(Msh)CeilingLight.fbx
  artifactKey: Guid(2d317bed7f623c746be020af88da3234) Importer(2089858483,192608db42251d675da83286b1cce702)
Start importing Assets/nappin/HouseInteriorPack/Models/(Msh)CeilingLight.fbx using Guid(2d317bed7f623c746be020af88da3234) Importer(2089858483,192608db42251d675da83286b1cce702) (ScriptedImporter) -> (artifact id: 'd6dec59c3f2abaf2dc6a663799571fc7') in 0.0215434 seconds
Number of updated asset objects reloaded before import = 0Number of asset objects unloaded after import = 9

========================================================================
Received Import Request.
  Time since last request: 118.423579 seconds.
  path: Assets/Furniture Mega Pack/FBX/Bathroom/TissueHanger05.fbx
  artifactKey: Guid(260a190d03f940142853980a343e02a4) Importer(2089858483,192608db42251d675da83286b1cce702)
Start importing Assets/Furniture Mega Pack/FBX/Bathroom/TissueHanger05.fbx using Guid(260a190d03f940142853980a343e02a4) Importer(2089858483,192608db42251d675da83286b1cce702) (ScriptedImporter) -> (artifact id: '1a36cba32bc9c1b02ee6a23e6a3f7259') in 0.0425543 seconds
Number of updated asset objects reloaded before import = 0Number of asset objects unloaded after import = 15

========================================================================
Received Import Request.
  Time since last request: 0.000016 seconds.
  path: Assets/Furniture Mega Pack/Prefabs/Closets/Closet18.prefab
  artifactKey: Guid(649ca3daf1865654d8b3a4237bcc827e) Importer(2089858483,192608db42251d675da83286b1cce702)
Start importing Assets/Furniture Mega Pack/Prefabs/Closets/Closet18.prefab using Guid(649ca3daf1865654d8b3a4237bcc827e) Importer(2089858483,192608db42251d675da83286b1cce702) (ScriptedImporter) -> (artifact id: '1b4dde459e7404e6e6b37d4a555d69dc') in 0.0195516 seconds
Number of updated asset objects reloaded before import = 0Number of asset objects unloaded after import = 9

========================================================================
Received Import Request.
  Time since last request: 0.000016 seconds.
  path: Assets/Furniture Mega Pack/FBX/Closet/Closet03.fbx
  artifactKey: Guid(31cb35ed5f7644d42a031783137db5b8) Importer(2089858483,192608db42251d675da83286b1cce702)
Start importing Assets/Furniture Mega Pack/FBX/Closet/Closet03.fbx using Guid(31cb35ed5f7644d42a031783137db5b8) Importer(2089858483,192608db42251d675da83286b1cce702) (ScriptedImporter) -> (artifact id: '35e5012ae0d20c3e9518b71e2d750963') in 0.019389 seconds
Number of updated asset objects reloaded before import = 0Number of asset objects unloaded after import = 10

========================================================================
Received Import Request.
  Time since last request: 0.000013 seconds.
  path: Assets/Furniture Mega Pack/Prefabs/Kitchen/CabinetG_Sink.prefab
  artifactKey: Guid(e575cab885e18d543a480d6e7724283f) Importer(2089858483,192608db42251d675da83286b1cce702)
Start importing Assets/Furniture Mega Pack/Prefabs/Kitchen/CabinetG_Sink.prefab using Guid(e575cab885e18d543a480d6e7724283f) Importer(2089858483,192608db42251d675da83286b1cce702) (ScriptedImporter) -> (artifact id: '4ff563b5ca0c5e717c0fa9a2a6f7e3d2') in 0.020237 seconds
Number of updated asset objects reloaded before import = 0Number of asset objects unloaded after import = 19

========================================================================
Received Import Request.
  Time since last request: 0.000010 seconds.
  path: Assets/Furniture Mega Pack/Textures/Sofas/Sofa19/Sofa19_mat_Sofa19_MetallicSmoothness.png
  artifactKey: Guid(6de536af9ecde454ca01e32051286691) Importer(2089858483,192608db42251d675da83286b1cce702)
Start importing Assets/Furniture Mega Pack/Textures/Sofas/Sofa19/Sofa19_mat_Sofa19_MetallicSmoothness.png using Guid(6de536af9ecde454ca01e32051286691) Importer(2089858483,192608db42251d675da83286b1cce702) (ScriptedImporter) -> (artifact id: 'e8d1bae57a94f13fbf340a2d479877ad') in 0.0220527 seconds
Number of updated asset objects reloaded before import = 0Number of asset objects unloaded after import = 1

========================================================================
Received Import Request.
  Time since last request: 0.000014 seconds.
  path: Assets/Furniture Mega Pack/Textures/Sofas/Sofa22/Sofa22_mat_Sofa22_MetallicSmoothness.png
  artifactKey: Guid(2ff7d0f60a7e7274d8fed19f7379b582) Importer(2089858483,192608db42251d675da83286b1cce702)
Start importing Assets/Furniture Mega Pack/Textures/Sofas/Sofa22/Sofa22_mat_Sofa22_MetallicSmoothness.png using Guid(2ff7d0f60a7e7274d8fed19f7379b582) Importer(2089858483,192608db42251d675da83286b1cce702) (ScriptedImporter) -> (artifact id: 'bd0324ea9c1606800c7d020ae859df63') in 0.0210479 seconds
Number of updated asset objects reloaded before import = 0Number of asset objects unloaded after import = 1

========================================================================
Received Import Request.
  Time since last request: 0.000010 seconds.
  path: Assets/Furniture Mega Pack/Prefabs/Chairs/Chair12.prefab
  artifactKey: Guid(24219f902bbfde445a93d04d70258e7f) Importer(2089858483,192608db42251d675da83286b1cce702)
Start importing Assets/Furniture Mega Pack/Prefabs/Chairs/Chair12.prefab using Guid(24219f902bbfde445a93d04d70258e7f) Importer(2089858483,192608db42251d675da83286b1cce702) (ScriptedImporter) -> (artifact id: '300233e2f6c21ccf3ff264f58e149b00') in 0.0179442 seconds
Number of updated asset objects reloaded before import = 0Number of asset objects unloaded after import = 9

========================================================================
Received Import Request.
  Time since last request: 0.000011 seconds.
  path: Assets/Furniture Mega Pack/Textures/Sofas/Sofa10
  artifactKey: Guid(dcc656dad1cb0334185fa99eeebc0464) Importer(2089858483,192608db42251d675da83286b1cce702)
Start importing Assets/Furniture Mega Pack/Textures/Sofas/Sofa10 using Guid(dcc656dad1cb0334185fa99eeebc0464) Importer(2089858483,192608db42251d675da83286b1cce702) (ScriptedImporter) -> (artifact id: '7e3e24363283850fcbfff7d3e5995239') in 0.0106685 seconds
Number of updated asset objects reloaded before import = 0Number of asset objects unloaded after import = 1

========================================================================
Received Import Request.
  Time since last request: 0.000015 seconds.
  path: Assets/Furniture Mega Pack/Prefabs/Drawers/Drawer41.prefab
  artifactKey: Guid(7b2e5ed3539a22446b60d3fafcf6774e) Importer(2089858483,192608db42251d675da83286b1cce702)
Start importing Assets/Furniture Mega Pack/Prefabs/Drawers/Drawer41.prefab using Guid(7b2e5ed3539a22446b60d3fafcf6774e) Importer(2089858483,192608db42251d675da83286b1cce702) (ScriptedImporter) -> (artifact id: 'bcd899b4699380b04ee9f49e61a63bd0') in 0.0197822 seconds
Number of updated asset objects reloaded before import = 0Number of asset objects unloaded after import = 39

========================================================================
Received Import Request.
  Time since last request: 0.000023 seconds.
  path: Assets/Furniture Mega Pack/Textures/Chairs/Chair16/Chair16_mat_Chair16_AlbedoTransparency.png
  artifactKey: Guid(42dd21aa7856ffd41810013b73436af5) Importer(2089858483,192608db42251d675da83286b1cce702)
Start importing Assets/Furniture Mega Pack/Textures/Chairs/Chair16/Chair16_mat_Chair16_AlbedoTransparency.png using Guid(42dd21aa7856ffd41810013b73436af5) Importer(2089858483,192608db42251d675da83286b1cce702) (ScriptedImporter) -> (artifact id: '28f3b0855e4c9f968dcff421c2420bb9') in 0.0214819 seconds
Number of updated asset objects reloaded before import = 0Number of asset objects unloaded after import = 1

========================================================================
Received Import Request.
  Time since last request: 0.000013 seconds.
  path: Assets/Furniture Mega Pack/Textures/Chairs/Chair29/Chair29_mat_Chair29_Normal.png
  artifactKey: Guid(b99a4a9cfa98d2c4b93013e7512165b0) Importer(2089858483,192608db42251d675da83286b1cce702)
Start importing Assets/Furniture Mega Pack/Textures/Chairs/Chair29/Chair29_mat_Chair29_Normal.png using Guid(b99a4a9cfa98d2c4b93013e7512165b0) Importer(2089858483,192608db42251d675da83286b1cce702) (ScriptedImporter) -> (artifact id: 'da49361587fb5328cc4dd1c62385137e') in 0.0205645 seconds
Number of updated asset objects reloaded before import = 0Number of asset objects unloaded after import = 1

========================================================================
Received Import Request.
  Time since last request: 0.000016 seconds.
  path: Assets/Furniture Mega Pack/Textures/Chairs/Chair10/Chair10_mat_Chair10_Normal.png
  artifactKey: Guid(ef2408110e9a41748b68b79a817d26bd) Importer(2089858483,192608db42251d675da83286b1cce702)
Start importing Assets/Furniture Mega Pack/Textures/Chairs/Chair10/Chair10_mat_Chair10_Normal.png using Guid(ef2408110e9a41748b68b79a817d26bd) Importer(2089858483,192608db42251d675da83286b1cce702) (ScriptedImporter) -> (artifact id: '7b9a82f350c6078cddcecd4e892d7dcf') in 0.0213803 seconds
Number of updated asset objects reloaded before import = 0Number of asset objects unloaded after import = 1

========================================================================
Received Import Request.
  Time since last request: 0.000016 seconds.
  path: Assets/Furniture Mega Pack/Prefabs/Drawers/Drawer42.prefab
  artifactKey: Guid(3c5aa765200aecc49851a8a1c0e6617f) Importer(2089858483,192608db42251d675da83286b1cce702)
Start importing Assets/Furniture Mega Pack/Prefabs/Drawers/Drawer42.prefab using Guid(3c5aa765200aecc49851a8a1c0e6617f) Importer(2089858483,192608db42251d675da83286b1cce702) (ScriptedImporter) -> (artifact id: '14b55c992c2a9399a6b2b1c3948b6fb4') in 0.020426 seconds
Number of updated asset objects reloaded before import = 0Number of asset objects unloaded after import = 29

========================================================================
Received Import Request.
  Time since last request: 0.000013 seconds.
  path: Assets/Furniture Mega Pack/Textures/Chairs/Chair33/Chair33_mat_Chair33_MetallicSmoothness.png
  artifactKey: Guid(7d742fd48c44f7d49b74dba9c8ed5982) Importer(2089858483,192608db42251d675da83286b1cce702)
Start importing Assets/Furniture Mega Pack/Textures/Chairs/Chair33/Chair33_mat_Chair33_MetallicSmoothness.png using Guid(7d742fd48c44f7d49b74dba9c8ed5982) Importer(2089858483,192608db42251d675da83286b1cce702) (ScriptedImporter) -> (artifact id: '251a7d2c0ba0635757b69389cf28f5a8') in 0.0214182 seconds
Number of updated asset objects reloaded before import = 0Number of asset objects unloaded after import = 1

========================================================================
Received Import Request.
  Time since last request: 0.000012 seconds.
  path: Assets/Furniture Mega Pack/Textures/Tables/Table02/Table02_mat_Table02_AlbedoTransparency.png
  artifactKey: Guid(4a7b706a8f5d2d84cb248743f3f896f8) Importer(2089858483,192608db42251d675da83286b1cce702)
Start importing Assets/Furniture Mega Pack/Textures/Tables/Table02/Table02_mat_Table02_AlbedoTransparency.png using Guid(4a7b706a8f5d2d84cb248743f3f896f8) Importer(2089858483,192608db42251d675da83286b1cce702) (ScriptedImporter) -> (artifact id: 'a5dea6061a9e93de183e4cccb2d093c6') in 0.0206826 seconds
Number of updated asset objects reloaded before import = 0Number of asset objects unloaded after import = 1

========================================================================
Received Import Request.
  Time since last request: 0.000016 seconds.
  path: Assets/Furniture Mega Pack/Materials/Cushion/mat_Cushion09_16.mat
  artifactKey: Guid(4f61855d4dd6e574a951e1f520f4f0bb) Importer(2089858483,192608db42251d675da83286b1cce702)
Start importing Assets/Furniture Mega Pack/Materials/Cushion/mat_Cushion09_16.mat using Guid(4f61855d4dd6e574a951e1f520f4f0bb) Importer(2089858483,192608db42251d675da83286b1cce702) (ScriptedImporter) -> (artifact id: '2266dde11816d2adf01112b6805d8af3') in 0.0229617 seconds
Number of updated asset objects reloaded before import = 0Number of asset objects unloaded after import = 4

========================================================================
Received Import Request.
  Time since last request: 0.000023 seconds.
  path: Assets/Furniture Mega Pack/Textures/Bed/Blanket/AtlasTexture_Blanket_DefaultMaterial_Normal.png
  artifactKey: Guid(e70ec7456b389f34da840b3389d72901) Importer(2089858483,192608db42251d675da83286b1cce702)
Start importing Assets/Furniture Mega Pack/Textures/Bed/Blanket/AtlasTexture_Blanket_DefaultMaterial_Normal.png using Guid(e70ec7456b389f34da840b3389d72901) Importer(2089858483,192608db42251d675da83286b1cce702) (ScriptedImporter) -> (artifact id: '0a80acfc19122e52e87e0ebe9b66c9b0') in 0.0235821 seconds
Number of updated asset objects reloaded before import = 0Number of asset objects unloaded after import = 1

========================================================================
Received Import Request.
  Time since last request: 0.000017 seconds.
  path: Assets/Furniture Mega Pack/Textures/Tables/Table31/Table31_mat_Table31_Normal.png
  artifactKey: Guid(45f02514ab53f3a4599744fe3a14f915) Importer(2089858483,192608db42251d675da83286b1cce702)
Start importing Assets/Furniture Mega Pack/Textures/Tables/Table31/Table31_mat_Table31_Normal.png using Guid(45f02514ab53f3a4599744fe3a14f915) Importer(2089858483,192608db42251d675da83286b1cce702) (ScriptedImporter) -> (artifact id: '1c69bc8f79ec612a8a47efccde9a0577') in 0.0243322 seconds
Number of updated asset objects reloaded before import = 0Number of asset objects unloaded after import = 1

========================================================================
Received Import Request.
  Time since last request: 0.000015 seconds.
  path: Assets/Furniture Mega Pack/Textures/Tables/Table03/Table03_mat_Table03_AlbedoTransparency.png
  artifactKey: Guid(33412168c6bc54146be75c1a74af5831) Importer(2089858483,192608db42251d675da83286b1cce702)
Start importing Assets/Furniture Mega Pack/Textures/Tables/Table03/Table03_mat_Table03_AlbedoTransparency.png using Guid(33412168c6bc54146be75c1a74af5831) Importer(2089858483,192608db42251d675da83286b1cce702) (ScriptedImporter) -> (artifact id: '3b217306e4030871855ad06b7ab76766') in 0.0199652 seconds
Number of updated asset objects reloaded before import = 0Number of asset objects unloaded after import = 1

========================================================================
Received Import Request.
  Time since last request: 0.000011 seconds.
  path: Assets/Furniture Mega Pack/FBX/Bed/Bed22.fbx
  artifactKey: Guid(ae7b0dfa5a87db44581fe9bf74dbbf39) Importer(2089858483,192608db42251d675da83286b1cce702)
Start importing Assets/Furniture Mega Pack/FBX/Bed/Bed22.fbx using Guid(ae7b0dfa5a87db44581fe9bf74dbbf39) Importer(2089858483,192608db42251d675da83286b1cce702) (ScriptedImporter) -> (artifact id: '2267f2a5863f07c3b99c52bf404e12aa') in 0.042012 seconds
Number of updated asset objects reloaded before import = 0Number of asset objects unloaded after import = 36

========================================================================
Received Import Request.
  Time since last request: 0.000016 seconds.
  path: Assets/Furniture Mega Pack/Materials/Table/mat_Table20.mat
  artifactKey: Guid(3580b38536de590449d08d6388b66b6a) Importer(2089858483,192608db42251d675da83286b1cce702)
Start importing Assets/Furniture Mega Pack/Materials/Table/mat_Table20.mat using Guid(3580b38536de590449d08d6388b66b6a) Importer(2089858483,192608db42251d675da83286b1cce702) (ScriptedImporter) -> (artifact id: 'bda6e1b05d4cc937b818dc13a2a68cc2') in 0.0219931 seconds
Number of updated asset objects reloaded before import = 0Number of asset objects unloaded after import = 4

========================================================================
Received Import Request.
  Time since last request: 0.000015 seconds.
  path: Assets/Furniture Mega Pack/Prefabs/Kitchen/Refrigerator01.prefab
  artifactKey: Guid(63f019662ffaaba4caf7a6132ee3b7af) Importer(2089858483,192608db42251d675da83286b1cce702)
Start importing Assets/Furniture Mega Pack/Prefabs/Kitchen/Refrigerator01.prefab using Guid(63f019662ffaaba4caf7a6132ee3b7af) Importer(2089858483,192608db42251d675da83286b1cce702) (ScriptedImporter) -> (artifact id: '978aad42391fb5f21a975cc7b782560a') in 0.021415 seconds
Number of updated asset objects reloaded before import = 0Number of asset objects unloaded after import = 19

========================================================================
Received Import Request.
  Time since last request: 0.000017 seconds.
  path: Assets/Furniture Mega Pack/Prefabs/Chairs/Chair27.prefab
  artifactKey: Guid(acfad2fad0bb4594683273bd78b88d9d) Importer(2089858483,192608db42251d675da83286b1cce702)
Start importing Assets/Furniture Mega Pack/Prefabs/Chairs/Chair27.prefab using Guid(acfad2fad0bb4594683273bd78b88d9d) Importer(2089858483,192608db42251d675da83286b1cce702) (ScriptedImporter) -> (artifact id: '647ddd9c0030df3c79ac6460cebe2160') in 0.0241613 seconds
Number of updated asset objects reloaded before import = 0Number of asset objects unloaded after import = 9

========================================================================
Received Import Request.
  Time since last request: 0.000013 seconds.
  path: Assets/Furniture Mega Pack/FBX/Bathroom/WashBasin07.fbx
  artifactKey: Guid(890e0bec7f39c164d914e6d5a0e780bd) Importer(2089858483,192608db42251d675da83286b1cce702)
Start importing Assets/Furniture Mega Pack/FBX/Bathroom/WashBasin07.fbx using Guid(890e0bec7f39c164d914e6d5a0e780bd) Importer(2089858483,192608db42251d675da83286b1cce702) (ScriptedImporter) -> (artifact id: 'e842f970bf6ad7c993fc172442c6b382') in 0.0260753 seconds
Number of updated asset objects reloaded before import = 0Number of asset objects unloaded after import = 20

========================================================================
Received Import Request.
  Time since last request: 0.000012 seconds.
  path: Assets/Furniture Mega Pack/Textures/Chairs/Chair42/Chair42_mat_Chair42_Normal.png
  artifactKey: Guid(8c4f9a28a601d5c4d99a8075de8f87c1) Importer(2089858483,192608db42251d675da83286b1cce702)
Start importing Assets/Furniture Mega Pack/Textures/Chairs/Chair42/Chair42_mat_Chair42_Normal.png using Guid(8c4f9a28a601d5c4d99a8075de8f87c1) Importer(2089858483,192608db42251d675da83286b1cce702) (ScriptedImporter) -> (artifact id: 'e4bd52776366e989d8ab3e3466f68b11') in 0.0196017 seconds
Number of updated asset objects reloaded before import = 0Number of asset objects unloaded after import = 1

========================================================================
Received Import Request.
  Time since last request: 0.000011 seconds.
  path: Assets/Furniture Mega Pack/FBX/Cushion/Cushion25_28.fbx
  artifactKey: Guid(bd053cc5d1084d44c8a0c8627396d1c5) Importer(2089858483,192608db42251d675da83286b1cce702)
Start importing Assets/Furniture Mega Pack/FBX/Cushion/Cushion25_28.fbx using Guid(bd053cc5d1084d44c8a0c8627396d1c5) Importer(2089858483,192608db42251d675da83286b1cce702) (ScriptedImporter) -> (artifact id: 'ce23966382ea595bc9129e22bf37eaef') in 0.023599 seconds
Number of updated asset objects reloaded before import = 0Number of asset objects unloaded after import = 25

========================================================================
Received Import Request.
  Time since last request: 0.000012 seconds.
  path: Assets/Furniture Mega Pack/Textures/Chairs/Chair41/Chair41_mat_Chair41_AlbedoTransparency.png
  artifactKey: Guid(0f4b512895c3017448bbbaf96102dfff) Importer(2089858483,192608db42251d675da83286b1cce702)
Start importing Assets/Furniture Mega Pack/Textures/Chairs/Chair41/Chair41_mat_Chair41_AlbedoTransparency.png using Guid(0f4b512895c3017448bbbaf96102dfff) Importer(2089858483,192608db42251d675da83286b1cce702) (ScriptedImporter) -> (artifact id: 'd7e815c23ae1e5998cb8fd1a6ae260f0') in 0.0200863 seconds
Number of updated asset objects reloaded before import = 0Number of asset objects unloaded after import = 1

========================================================================
Received Import Request.
  Time since last request: 0.000015 seconds.
  path: Assets/Furniture Mega Pack/Prefabs/Drawers/Drawer26.prefab
  artifactKey: Guid(777ce8bde2049a44992687d64a3569ef) Importer(2089858483,192608db42251d675da83286b1cce702)
Start importing Assets/Furniture Mega Pack/Prefabs/Drawers/Drawer26.prefab using Guid(777ce8bde2049a44992687d64a3569ef) Importer(2089858483,192608db42251d675da83286b1cce702) (ScriptedImporter) -> (artifact id: '26a539006414b44510c7cf1e510dc942') in 0.0184103 seconds
Number of updated asset objects reloaded before import = 0Number of asset objects unloaded after import = 24

========================================================================
Received Import Request.
  Time since last request: 0.000014 seconds.
  path: Assets/Furniture Mega Pack/Textures/Cushions/Cushion25_28
  artifactKey: Guid(ba84cca05c0165441b92e3d1b9f6c6c6) Importer(2089858483,192608db42251d675da83286b1cce702)
Start importing Assets/Furniture Mega Pack/Textures/Cushions/Cushion25_28 using Guid(ba84cca05c0165441b92e3d1b9f6c6c6) Importer(2089858483,192608db42251d675da83286b1cce702) (ScriptedImporter) -> (artifact id: 'c921d3c0bb278f68d71d7b5f1002ac1f') in 0.0109655 seconds
Number of updated asset objects reloaded before import = 0Number of asset objects unloaded after import = 1

========================================================================
Received Import Request.
  Time since last request: 0.000021 seconds.
  path: Assets/Furniture Mega Pack/FBX/Kitchen/CabinetEset.fbx
  artifactKey: Guid(81ee91730e9bd7a408cd11ccc44b4566) Importer(2089858483,192608db42251d675da83286b1cce702)
Start importing Assets/Furniture Mega Pack/FBX/Kitchen/CabinetEset.fbx using Guid(81ee91730e9bd7a408cd11ccc44b4566) Importer(2089858483,192608db42251d675da83286b1cce702) (ScriptedImporter) -> (artifact id: '31d948154119280ea0133346890b12ef') in 0.0402848 seconds
Number of updated asset objects reloaded before import = 0Number of asset objects unloaded after import = 112

========================================================================
Received Import Request.
  Time since last request: 0.000013 seconds.
  path: Assets/Furniture Mega Pack/Textures/Chairs/Chair19/Chair19_mat_Chair19_Normal.png
  artifactKey: Guid(f80392626818feb418a5fb2ce8c8a3ea) Importer(2089858483,192608db42251d675da83286b1cce702)
Start importing Assets/Furniture Mega Pack/Textures/Chairs/Chair19/Chair19_mat_Chair19_Normal.png using Guid(f80392626818feb418a5fb2ce8c8a3ea) Importer(2089858483,192608db42251d675da83286b1cce702) (ScriptedImporter) -> (artifact id: '64933aa9c2c07e4e8b34c27f3208b2e1') in 0.0185056 seconds
Number of updated asset objects reloaded before import = 0Number of asset objects unloaded after import = 1

========================================================================
Received Import Request.
  Time since last request: 0.000012 seconds.
  path: Assets/Furniture Mega Pack/FBX/Closet/Closet48.fbx
  artifactKey: Guid(769213d74888c484a907e699bbb85f7d) Importer(2089858483,192608db42251d675da83286b1cce702)
Start importing Assets/Furniture Mega Pack/FBX/Closet/Closet48.fbx using Guid(769213d74888c484a907e699bbb85f7d) Importer(2089858483,192608db42251d675da83286b1cce702) (ScriptedImporter) -> (artifact id: '3d2368cf148279d8cac888bd769eaef7') in 0.0239007 seconds
Number of updated asset objects reloaded before import = 0Number of asset objects unloaded after import = 15

========================================================================
Received Import Request.
  Time since last request: 0.000013 seconds.
  path: Assets/Furniture Mega Pack/Prefabs/Kitchen/MicrowaveOven05.prefab
  artifactKey: Guid(df35cea4da58bc24d8b5eb2c40849759) Importer(2089858483,192608db42251d675da83286b1cce702)
Start importing Assets/Furniture Mega Pack/Prefabs/Kitchen/MicrowaveOven05.prefab using Guid(df35cea4da58bc24d8b5eb2c40849759) Importer(2089858483,192608db42251d675da83286b1cce702) (ScriptedImporter) -> (artifact id: '2a6c3f9b7866eab36c3585cd6b32996c') in 0.0192142 seconds
Number of updated asset objects reloaded before import = 0Number of asset objects unloaded after import = 34

========================================================================
Received Import Request.
  Time since last request: 0.000013 seconds.
  path: Assets/Furniture Mega Pack/Materials/Sofa/mat_Sofa37.mat
  artifactKey: Guid(87edcf5862d082b45adf5c74c4e3f73c) Importer(2089858483,192608db42251d675da83286b1cce702)
Start importing Assets/Furniture Mega Pack/Materials/Sofa/mat_Sofa37.mat using Guid(87edcf5862d082b45adf5c74c4e3f73c) Importer(2089858483,192608db42251d675da83286b1cce702) (ScriptedImporter) -> (artifact id: 'c475f3caca6934a61a58c9e14e631747') in 0.0186476 seconds
Number of updated asset objects reloaded before import = 0Number of asset objects unloaded after import = 4

========================================================================
Received Import Request.
  Time since last request: 0.000013 seconds.
  path: Assets/Furniture Mega Pack/Prefabs/Cushioins/Cushion25.prefab
  artifactKey: Guid(4c1800ea02b2fe347a723d08e94864eb) Importer(2089858483,192608db42251d675da83286b1cce702)
Start importing Assets/Furniture Mega Pack/Prefabs/Cushioins/Cushion25.prefab using Guid(4c1800ea02b2fe347a723d08e94864eb) Importer(2089858483,192608db42251d675da83286b1cce702) (ScriptedImporter) -> (artifact id: '7287a090dac06506605b5b3b2eeac646') in 0.0200676 seconds
Number of updated asset objects reloaded before import = 0Number of asset objects unloaded after import = 9

========================================================================
Received Import Request.
  Time since last request: 0.945608 seconds.
  path: Assets/Furniture Mega Pack/Prefabs/Kitchen/CabinetECorner02.prefab
  artifactKey: Guid(0e3364b29a0919b4082b6b49fab7f588) Importer(2089858483,192608db42251d675da83286b1cce702)
Start importing Assets/Furniture Mega Pack/Prefabs/Kitchen/CabinetECorner02.prefab using Guid(0e3364b29a0919b4082b6b49fab7f588) Importer(2089858483,192608db42251d675da83286b1cce702) (ScriptedImporter) -> (artifact id: 'f71251de1a712887ec8812c300291a58') in 0.0190738 seconds
Number of updated asset objects reloaded before import = 0Number of asset objects unloaded after import = 9

========================================================================
Received Import Request.
  Time since last request: 0.000012 seconds.
  path: Assets/Furniture Mega Pack/Prefabs/Bathroom/BathroomVanity03.prefab
  artifactKey: Guid(340587bfdc38027459f5c612c2c6b043) Importer(2089858483,192608db42251d675da83286b1cce702)
Start importing Assets/Furniture Mega Pack/Prefabs/Bathroom/BathroomVanity03.prefab using Guid(340587bfdc38027459f5c612c2c6b043) Importer(2089858483,192608db42251d675da83286b1cce702) (ScriptedImporter) -> (artifact id: 'ef31a0aaa7fc2283fc40e95fdd684381') in 0.0220543 seconds
Number of updated asset objects reloaded before import = 0Number of asset objects unloaded after import = 19

========================================================================
Received Import Request.
  Time since last request: 0.000011 seconds.
  path: Assets/Furniture Mega Pack/Prefabs/Drawers/Drawer19.prefab
  artifactKey: Guid(29aff85e718820946990b6e43f6ab61f) Importer(2089858483,192608db42251d675da83286b1cce702)
Start importing Assets/Furniture Mega Pack/Prefabs/Drawers/Drawer19.prefab using Guid(29aff85e718820946990b6e43f6ab61f) Importer(2089858483,192608db42251d675da83286b1cce702) (ScriptedImporter) -> (artifact id: 'fd518d5b0391756a1f79dfe64b6a5e32') in 0.0164948 seconds
Number of updated asset objects reloaded before import = 0Number of asset objects unloaded after import = 24

========================================================================
Received Import Request.
  Time since last request: 0.000014 seconds.
  path: Assets/Furniture Mega Pack/FBX/Sofa/Sofa18.fbx
  artifactKey: Guid(163ef62d316255f4ca5decfd42938980) Importer(2089858483,192608db42251d675da83286b1cce702)
Start importing Assets/Furniture Mega Pack/FBX/Sofa/Sofa18.fbx using Guid(163ef62d316255f4ca5decfd42938980) Importer(2089858483,192608db42251d675da83286b1cce702) (ScriptedImporter) -> (artifact id: '198705ada1e346f904fc41d85e5557bd') in 0.0215739 seconds
Number of updated asset objects reloaded before import = 0Number of asset objects unloaded after import = 8

========================================================================
Received Import Request.
  Time since last request: 0.000019 seconds.
  path: Assets/Furniture Mega Pack/Materials/Table/mat_Table22.mat
  artifactKey: Guid(08d06c135914def4b94899e54d6b0ccb) Importer(2089858483,192608db42251d675da83286b1cce702)
Start importing Assets/Furniture Mega Pack/Materials/Table/mat_Table22.mat using Guid(08d06c135914def4b94899e54d6b0ccb) Importer(2089858483,192608db42251d675da83286b1cce702) (ScriptedImporter) -> (artifact id: 'b2efc46d142efa1b5f1722bebe0c0207') in 0.0177916 seconds
Number of updated asset objects reloaded before import = 0Number of asset objects unloaded after import = 4

========================================================================
Received Import Request.
  Time since last request: 0.000011 seconds.
  path: Assets/Furniture Mega Pack/Textures/Sofas/SectionalSofaLeather/SectionalSofaLeather_mat_SectionalSofaLeather_AlbedoTransparency.png
  artifactKey: Guid(964c93ef523eef44596c30f1d83422fb) Importer(2089858483,192608db42251d675da83286b1cce702)
Start importing Assets/Furniture Mega Pack/Textures/Sofas/SectionalSofaLeather/SectionalSofaLeather_mat_SectionalSofaLeather_AlbedoTransparency.png using Guid(964c93ef523eef44596c30f1d83422fb) Importer(2089858483,192608db42251d675da83286b1cce702) (ScriptedImporter) -> (artifact id: '690eb684e6ec93d3d9b4940c50323073') in 0.0198176 seconds
Number of updated asset objects reloaded before import = 0Number of asset objects unloaded after import = 1

========================================================================
Received Import Request.
  Time since last request: 0.000011 seconds.
  path: Assets/Furniture Mega Pack/FBX/Drawer/Drawer06.fbx
  artifactKey: Guid(f2f6e5e4b2cb8434c9f13a07cb2649da) Importer(2089858483,192608db42251d675da83286b1cce702)
Start importing Assets/Furniture Mega Pack/FBX/Drawer/Drawer06.fbx using Guid(f2f6e5e4b2cb8434c9f13a07cb2649da) Importer(2089858483,192608db42251d675da83286b1cce702) (ScriptedImporter) -> (artifact id: 'de0bfe6e1a69c1de5741f5b88eab2494') in 0.0236945 seconds
Number of updated asset objects reloaded before import = 0Number of asset objects unloaded after import = 20

========================================================================
Received Import Request.
  Time since last request: 0.000011 seconds.
  path: Assets/Furniture Mega Pack/Prefabs/Kitchen/Sink03.prefab
  artifactKey: Guid(4ae539fb770c5994bb2b53c1dda1ca1f) Importer(2089858483,192608db42251d675da83286b1cce702)
Start importing Assets/Furniture Mega Pack/Prefabs/Kitchen/Sink03.prefab using Guid(4ae539fb770c5994bb2b53c1dda1ca1f) Importer(2089858483,192608db42251d675da83286b1cce702) (ScriptedImporter) -> (artifact id: 'c1e17fe49f8d6dc6550f570c99584066') in 0.0201853 seconds
Number of updated asset objects reloaded before import = 0Number of asset objects unloaded after import = 24

========================================================================
Received Import Request.
  Time since last request: 0.000010 seconds.
  path: Assets/Furniture Mega Pack/Textures/Tables/Table38/Table38_mat_Table38_Normal.png
  artifactKey: Guid(ff96b7fa3a63de5468ec8e923c2743d7) Importer(2089858483,192608db42251d675da83286b1cce702)
Start importing Assets/Furniture Mega Pack/Textures/Tables/Table38/Table38_mat_Table38_Normal.png using Guid(ff96b7fa3a63de5468ec8e923c2743d7) Importer(2089858483,192608db42251d675da83286b1cce702) (ScriptedImporter) -> (artifact id: '45ae5d1db35fdcda0cb8944b97be3273') in 0.0203009 seconds
Number of updated asset objects reloaded before import = 0Number of asset objects unloaded after import = 1

========================================================================
Received Import Request.
  Time since last request: 0.000017 seconds.
  path: Assets/Furniture Mega Pack/Prefabs/Kitchen/CabinetBCorner01.prefab
  artifactKey: Guid(9204186aabf1ed3419f0db4eb1eef808) Importer(2089858483,192608db42251d675da83286b1cce702)
Start importing Assets/Furniture Mega Pack/Prefabs/Kitchen/CabinetBCorner01.prefab using Guid(9204186aabf1ed3419f0db4eb1eef808) Importer(2089858483,192608db42251d675da83286b1cce702) (ScriptedImporter) -> (artifact id: 'b1ee2e976e5a5e9cb67f0c619252cbaf') in 0.0218992 seconds
Number of updated asset objects reloaded before import = 0Number of asset objects unloaded after import = 9

========================================================================
Received Import Request.
  Time since last request: 0.000012 seconds.
  path: Assets/Furniture Mega Pack/Textures/Chairs/Chair46
  artifactKey: Guid(0924dae145a00fe44ac109995a724a24) Importer(2089858483,192608db42251d675da83286b1cce702)
Start importing Assets/Furniture Mega Pack/Textures/Chairs/Chair46 using Guid(0924dae145a00fe44ac109995a724a24) Importer(2089858483,192608db42251d675da83286b1cce702) (ScriptedImporter) -> (artifact id: '0fa99a88c943ec8e1de6923c685fe9f7') in 0.0116416 seconds
Number of updated asset objects reloaded before import = 0Number of asset objects unloaded after import = 1

========================================================================
Received Import Request.
  Time since last request: 0.000020 seconds.
  path: Assets/Furniture Mega Pack/FBX/Chair/Chair04.fbx
  artifactKey: Guid(9390ec628269d8b4e9e838e186433bed) Importer(2089858483,192608db42251d675da83286b1cce702)
Start importing Assets/Furniture Mega Pack/FBX/Chair/Chair04.fbx using Guid(9390ec628269d8b4e9e838e186433bed) Importer(2089858483,192608db42251d675da83286b1cce702) (ScriptedImporter) -> (artifact id: 'a3954f5cc60edd5ff8fead3c79e3c666') in 0.0283598 seconds
Number of updated asset objects reloaded before import = 0Number of asset objects unloaded after import = 10

========================================================================
Received Import Request.
  Time since last request: 0.000011 seconds.
  path: Assets/Furniture Mega Pack/FBX/Drawer/Drawer40.fbx
  artifactKey: Guid(c97af24ef5c6ae24d84d6805d2100cbc) Importer(2089858483,192608db42251d675da83286b1cce702)
Start importing Assets/Furniture Mega Pack/FBX/Drawer/Drawer40.fbx using Guid(c97af24ef5c6ae24d84d6805d2100cbc) Importer(2089858483,192608db42251d675da83286b1cce702) (ScriptedImporter) -> (artifact id: '043fb4c8ecbe0f745f46d7f9fc7e27b6') in 0.037608 seconds
Number of updated asset objects reloaded before import = 0Number of asset objects unloaded after import = 45

========================================================================
Received Import Request.
  Time since last request: 0.000012 seconds.
  path: Assets/Furniture Mega Pack/FBX/Sofa/Sofa31.fbx
  artifactKey: Guid(1c039974b4489e540ba3682b4daadca9) Importer(2089858483,192608db42251d675da83286b1cce702)
Start importing Assets/Furniture Mega Pack/FBX/Sofa/Sofa31.fbx using Guid(1c039974b4489e540ba3682b4daadca9) Importer(2089858483,192608db42251d675da83286b1cce702) (ScriptedImporter) -> (artifact id: '1112a2e2fec6552afd8abae482c14338') in 0.0211505 seconds
Number of updated asset objects reloaded before import = 0Number of asset objects unloaded after import = 8

========================================================================
Received Import Request.
  Time since last request: 0.000011 seconds.
  path: Assets/Furniture Mega Pack/Textures/Chairs/Chair22/Chair22_mat_Chair22_Normal.png
  artifactKey: Guid(8a8e98153fefab143b9ced3548d09ae5) Importer(2089858483,192608db42251d675da83286b1cce702)
Start importing Assets/Furniture Mega Pack/Textures/Chairs/Chair22/Chair22_mat_Chair22_Normal.png using Guid(8a8e98153fefab143b9ced3548d09ae5) Importer(2089858483,192608db42251d675da83286b1cce702) (ScriptedImporter) -> (artifact id: '468373ec4318eb5b89351892b5077a6d') in 0.0196856 seconds
Number of updated asset objects reloaded before import = 0Number of asset objects unloaded after import = 1

========================================================================
Received Import Request.
  Time since last request: 0.000018 seconds.
  path: Assets/Furniture Mega Pack/Textures/Tables/Table32
  artifactKey: Guid(f0b159572e43742408d107cca7ed7c42) Importer(2089858483,192608db42251d675da83286b1cce702)
Start importing Assets/Furniture Mega Pack/Textures/Tables/Table32 using Guid(f0b159572e43742408d107cca7ed7c42) Importer(2089858483,192608db42251d675da83286b1cce702) (ScriptedImporter) -> (artifact id: '68efc480890d9dad234dc1b3d4970d8f') in 0.010125 seconds
Number of updated asset objects reloaded before import = 0Number of asset objects unloaded after import = 1

========================================================================
Received Import Request.
  Time since last request: 0.000012 seconds.
  path: Assets/Furniture Mega Pack/FBX/Table/Table31.fbx
  artifactKey: Guid(b83f401ae3abb584c931dfb83a90d42c) Importer(2089858483,192608db42251d675da83286b1cce702)
Start importing Assets/Furniture Mega Pack/FBX/Table/Table31.fbx using Guid(b83f401ae3abb584c931dfb83a90d42c) Importer(2089858483,192608db42251d675da83286b1cce702) (ScriptedImporter) -> (artifact id: 'd4f39ffbb47f769e0bc6274d9764aed6') in 0.0230414 seconds
Number of updated asset objects reloaded before import = 0Number of asset objects unloaded after import = 10

========================================================================
Received Import Request.
  Time since last request: 0.000014 seconds.
  path: Assets/Furniture Mega Pack/FBX/Chair/Chair41.fbx
  artifactKey: Guid(b4f863005d7c2a244babf3cf44872a15) Importer(2089858483,192608db42251d675da83286b1cce702)
Start importing Assets/Furniture Mega Pack/FBX/Chair/Chair41.fbx using Guid(b4f863005d7c2a244babf3cf44872a15) Importer(2089858483,192608db42251d675da83286b1cce702) (ScriptedImporter) -> (artifact id: 'ca446caae01a039efd18d407f225a9a9') in 0.0250058 seconds
Number of updated asset objects reloaded before import = 0Number of asset objects unloaded after import = 10

========================================================================
Received Import Request.
  Time since last request: 0.000017 seconds.
  path: Assets/Furniture Mega Pack/FBX/Table/Table01.fbx
  artifactKey: Guid(db9729dac77382941aa734166e208e87) Importer(2089858483,192608db42251d675da83286b1cce702)
Start importing Assets/Furniture Mega Pack/FBX/Table/Table01.fbx using Guid(db9729dac77382941aa734166e208e87) Importer(2089858483,192608db42251d675da83286b1cce702) (ScriptedImporter) -> (artifact id: 'b1e7e25f6b3a233e9c523c660e576e2e') in 0.0176049 seconds
Number of updated asset objects reloaded before import = 0Number of asset objects unloaded after import = 8

========================================================================
Received Import Request.
  Time since last request: 0.000013 seconds.
  path: Assets/Furniture Mega Pack/Textures/Tables/Table04
  artifactKey: Guid(140e635aff7c02949bad638d3276892d) Importer(2089858483,192608db42251d675da83286b1cce702)
Start importing Assets/Furniture Mega Pack/Textures/Tables/Table04 using Guid(140e635aff7c02949bad638d3276892d) Importer(2089858483,192608db42251d675da83286b1cce702) (ScriptedImporter) -> (artifact id: 'e5fa6fe261a86bdcf394809732a71472') in 0.0089094 seconds
Number of updated asset objects reloaded before import = 0Number of asset objects unloaded after import = 1

========================================================================
Received Import Request.
  Time since last request: 0.000012 seconds.
  path: Assets/Furniture Mega Pack/Textures/Sofas/Sofa25/Sofa25_mat_Sofa25_MetallicSmoothness.png
  artifactKey: Guid(e6c5a40344fe386448a99e250926bbf4) Importer(2089858483,192608db42251d675da83286b1cce702)
Start importing Assets/Furniture Mega Pack/Textures/Sofas/Sofa25/Sofa25_mat_Sofa25_MetallicSmoothness.png using Guid(e6c5a40344fe386448a99e250926bbf4) Importer(2089858483,192608db42251d675da83286b1cce702) (ScriptedImporter) -> (artifact id: 'b810411c2151177a71c21a9fd5eae34b') in 0.0211164 seconds
Number of updated asset objects reloaded before import = 0Number of asset objects unloaded after import = 1

========================================================================
Received Import Request.
  Time since last request: 0.000011 seconds.
  path: Assets/Furniture Mega Pack/Prefabs/Chairs/Chair28.prefab
  artifactKey: Guid(c8668666e0faac64caea9cc3fd411bcd) Importer(2089858483,192608db42251d675da83286b1cce702)
Start importing Assets/Furniture Mega Pack/Prefabs/Chairs/Chair28.prefab using Guid(c8668666e0faac64caea9cc3fd411bcd) Importer(2089858483,192608db42251d675da83286b1cce702) (ScriptedImporter) -> (artifact id: '096d3193196f39426afce98489776d48') in 0.0216106 seconds
Number of updated asset objects reloaded before import = 0Number of asset objects unloaded after import = 9

========================================================================
Received Import Request.
  Time since last request: 0.000010 seconds.
  path: Assets/Furniture Mega Pack/Prefabs/Kitchen/CabinetE07.prefab
  artifactKey: Guid(54cfbe16197a63844b39620ee8aae3cc) Importer(2089858483,192608db42251d675da83286b1cce702)
Start importing Assets/Furniture Mega Pack/Prefabs/Kitchen/CabinetE07.prefab using Guid(54cfbe16197a63844b39620ee8aae3cc) Importer(2089858483,192608db42251d675da83286b1cce702) (ScriptedImporter) -> (artifact id: '2aa0d9801bb56aa30de9ed3ece7f6c8d') in 0.0182739 seconds
Number of updated asset objects reloaded before import = 0Number of asset objects unloaded after import = 9

========================================================================
Received Import Request.
  Time since last request: 0.000010 seconds.
  path: Assets/Furniture Mega Pack/Prefabs/Beds/Bed25.prefab
  artifactKey: Guid(f0a66f92f5452de409db5168d38ff0ef) Importer(2089858483,192608db42251d675da83286b1cce702)
Start importing Assets/Furniture Mega Pack/Prefabs/Beds/Bed25.prefab using Guid(f0a66f92f5452de409db5168d38ff0ef) Importer(2089858483,192608db42251d675da83286b1cce702) (ScriptedImporter) -> (artifact id: '68fbaf177e2c1baaca2bc54f06b1ec50') in 0.021436 seconds
Number of updated asset objects reloaded before import = 0Number of asset objects unloaded after import = 29

========================================================================
Received Import Request.
  Time since last request: 0.000013 seconds.
  path: Assets/Furniture Mega Pack/Materials/Cushion/mat_Cushion37_40.mat
  artifactKey: Guid(d44197c73a2161a4d8f1eccba8445c60) Importer(2089858483,192608db42251d675da83286b1cce702)
Start importing Assets/Furniture Mega Pack/Materials/Cushion/mat_Cushion37_40.mat using Guid(d44197c73a2161a4d8f1eccba8445c60) Importer(2089858483,192608db42251d675da83286b1cce702) (ScriptedImporter) -> (artifact id: 'ae290f6dd80f59d7118e585aa29e4c48') in 0.020779 seconds
Number of updated asset objects reloaded before import = 0Number of asset objects unloaded after import = 4

========================================================================
Received Import Request.
  Time since last request: 0.000019 seconds.
  path: Assets/Furniture Mega Pack/Prefabs/Chairs/Chair09.prefab
  artifactKey: Guid(d48ae8664a0e65b43b8bd77ddca26894) Importer(2089858483,192608db42251d675da83286b1cce702)
Start importing Assets/Furniture Mega Pack/Prefabs/Chairs/Chair09.prefab using Guid(d48ae8664a0e65b43b8bd77ddca26894) Importer(2089858483,192608db42251d675da83286b1cce702) (ScriptedImporter) -> (artifact id: '2b9e5268d0e15cc8b52385ad6d06e793') in 0.019441 seconds
Number of updated asset objects reloaded before import = 0Number of asset objects unloaded after import = 9

========================================================================
Received Import Request.
  Time since last request: 0.000010 seconds.
  path: Assets/Furniture Mega Pack/FBX/Kitchen
  artifactKey: Guid(ffce92e8c0fee6a4ba1b82168872953d) Importer(2089858483,192608db42251d675da83286b1cce702)
Start importing Assets/Furniture Mega Pack/FBX/Kitchen using Guid(ffce92e8c0fee6a4ba1b82168872953d) Importer(2089858483,192608db42251d675da83286b1cce702) (ScriptedImporter) -> (artifact id: '831f9fad5d9ed118ade676343b182d8d') in 0.0077697 seconds
Number of updated asset objects reloaded before import = 0Number of asset objects unloaded after import = 1

========================================================================
Received Import Request.
  Time since last request: 0.000011 seconds.
  path: Assets/Furniture Mega Pack/Textures/Sofas/Sofa09/Sofa09_mat_Sofa09_AlbedoTransparency.png
  artifactKey: Guid(6e86258ea886543419ab33251974c3ba) Importer(2089858483,192608db42251d675da83286b1cce702)
Start importing Assets/Furniture Mega Pack/Textures/Sofas/Sofa09/Sofa09_mat_Sofa09_AlbedoTransparency.png using Guid(6e86258ea886543419ab33251974c3ba) Importer(2089858483,192608db42251d675da83286b1cce702) (ScriptedImporter) -> (artifact id: '6e770d0d2aa9253a5a03e2c62d5a45f5') in 0.0200363 seconds
Number of updated asset objects reloaded before import = 0Number of asset objects unloaded after import = 1

========================================================================
Received Import Request.
  Time since last request: 0.000014 seconds.
  path: Assets/Furniture Mega Pack/Prefabs/Kitchen/CabinetD01.prefab
  artifactKey: Guid(918c439a9060fab4f9e3528d63b999db) Importer(2089858483,192608db42251d675da83286b1cce702)
Start importing Assets/Furniture Mega Pack/Prefabs/Kitchen/CabinetD01.prefab using Guid(918c439a9060fab4f9e3528d63b999db) Importer(2089858483,192608db42251d675da83286b1cce702) (ScriptedImporter) -> (artifact id: 'd063698c2684e951494b3e167ae57225') in 0.0218541 seconds
Number of updated asset objects reloaded before import = 0Number of asset objects unloaded after import = 14

========================================================================
Received Import Request.
  Time since last request: 0.000049 seconds.
  path: Assets/Furniture Mega Pack/Textures/Chairs/Chair45
  artifactKey: Guid(4200ea3d9dea43c42a332e98321fdb42) Importer(2089858483,192608db42251d675da83286b1cce702)
Start importing Assets/Furniture Mega Pack/Textures/Chairs/Chair45 using Guid(4200ea3d9dea43c42a332e98321fdb42) Importer(2089858483,192608db42251d675da83286b1cce702) (ScriptedImporter) -> (artifact id: 'ecac4881e23a40c1b36be127dba63a08') in 0.0094801 seconds
Number of updated asset objects reloaded before import = 0Number of asset objects unloaded after import = 1

========================================================================
Received Import Request.
  Time since last request: 0.000013 seconds.
  path: Assets/Furniture Mega Pack/Textures/Tables/Table31/Table31_mat_Table31_MetallicSmoothness.png
  artifactKey: Guid(4bea68b46aa2ca642a2757c7d6cb2e26) Importer(2089858483,192608db42251d675da83286b1cce702)
Start importing Assets/Furniture Mega Pack/Textures/Tables/Table31/Table31_mat_Table31_MetallicSmoothness.png using Guid(4bea68b46aa2ca642a2757c7d6cb2e26) Importer(2089858483,192608db42251d675da83286b1cce702) (ScriptedImporter) -> (artifact id: 'bf5377c8c16243622a977660073b743f') in 0.0202547 seconds
Number of updated asset objects reloaded before import = 0Number of asset objects unloaded after import = 1

========================================================================
Received Import Request.
  Time since last request: 0.000016 seconds.
  path: Assets/Furniture Mega Pack/FBX/Table/Table05.fbx
  artifactKey: Guid(648d40913adf2a7458df292d3d7ebff0) Importer(2089858483,192608db42251d675da83286b1cce702)
Start importing Assets/Furniture Mega Pack/FBX/Table/Table05.fbx using Guid(648d40913adf2a7458df292d3d7ebff0) Importer(2089858483,192608db42251d675da83286b1cce702) (ScriptedImporter) -> (artifact id: 'a2e3cbad59179df505e5f909fc9d9529') in 0.0218865 seconds
Number of updated asset objects reloaded before import = 0Number of asset objects unloaded after import = 8

========================================================================
Received Import Request.
  Time since last request: 0.000025 seconds.
  path: Assets/Furniture Mega Pack/FBX/Bed/Bed41.fbx
  artifactKey: Guid(b5569c6dd4f88944087b144f2e3f4f3f) Importer(2089858483,192608db42251d675da83286b1cce702)
Start importing Assets/Furniture Mega Pack/FBX/Bed/Bed41.fbx using Guid(b5569c6dd4f88944087b144f2e3f4f3f) Importer(2089858483,192608db42251d675da83286b1cce702) (ScriptedImporter) -> (artifact id: 'd132960f9b072c9beb6641a12158f900') in 0.0211254 seconds
Number of updated asset objects reloaded before import = 0Number of asset objects unloaded after import = 10

========================================================================
Received Import Request.
  Time since last request: 0.000013 seconds.
  path: Assets/Furniture Mega Pack/Textures/Tables/Table27/Table27_mat_Table27_Normal.png
  artifactKey: Guid(91920b9b4e3d2af4292343a07d2228f5) Importer(2089858483,192608db42251d675da83286b1cce702)
Start importing Assets/Furniture Mega Pack/Textures/Tables/Table27/Table27_mat_Table27_Normal.png using Guid(91920b9b4e3d2af4292343a07d2228f5) Importer(2089858483,192608db42251d675da83286b1cce702) (ScriptedImporter) -> (artifact id: '755e49472dbfc1d0aa04da9b697da38a') in 0.0196605 seconds
Number of updated asset objects reloaded before import = 0Number of asset objects unloaded after import = 1

========================================================================
Received Import Request.
  Time since last request: 0.000012 seconds.
  path: Assets/Furniture Mega Pack/FBX/Sofa/Sofa13.fbx
  artifactKey: Guid(fd5685234a356554a9849998f508d4a4) Importer(2089858483,192608db42251d675da83286b1cce702)
Start importing Assets/Furniture Mega Pack/FBX/Sofa/Sofa13.fbx using Guid(fd5685234a356554a9849998f508d4a4) Importer(2089858483,192608db42251d675da83286b1cce702) (ScriptedImporter) -> (artifact id: 'a4973645311f5be04829552440d324a6') in 0.0203068 seconds
Number of updated asset objects reloaded before import = 0Number of asset objects unloaded after import = 8

========================================================================
Received Import Request.
  Time since last request: 0.000010 seconds.
  path: Assets/Furniture Mega Pack/Prefabs/Beds/Bed50.prefab
  artifactKey: Guid(f3858c0f763842e40bf0c6eac2687a06) Importer(2089858483,192608db42251d675da83286b1cce702)
Start importing Assets/Furniture Mega Pack/Prefabs/Beds/Bed50.prefab using Guid(f3858c0f763842e40bf0c6eac2687a06) Importer(2089858483,192608db42251d675da83286b1cce702) (ScriptedImporter) -> (artifact id: 'f6ea6bd5a92a0c6873b0267fa7dc78b4') in 0.0208797 seconds
Number of updated asset objects reloaded before import = 0Number of asset objects unloaded after import = 9

========================================================================
Received Import Request.
  Time since last request: 0.786873 seconds.
  path: Assets/Furniture Mega Pack/FBX/Sofa/Sofa36.fbx
  artifactKey: Guid(26b4006bebee91b41acb1fe819ab902a) Importer(2089858483,192608db42251d675da83286b1cce702)
Start importing Assets/Furniture Mega Pack/FBX/Sofa/Sofa36.fbx using Guid(26b4006bebee91b41acb1fe819ab902a) Importer(2089858483,192608db42251d675da83286b1cce702) (ScriptedImporter) -> (artifact id: '6725bd787ae80528afb04947e5e96997') in 0.0221838 seconds
Number of updated asset objects reloaded before import = 0Number of asset objects unloaded after import = 8

========================================================================
Received Import Request.
  Time since last request: 0.000010 seconds.
  path: Assets/Furniture Mega Pack/Prefabs/Drawers/Drawer38.prefab
  artifactKey: Guid(56264f34f14c7274b82bf4e977590274) Importer(2089858483,192608db42251d675da83286b1cce702)
Start importing Assets/Furniture Mega Pack/Prefabs/Drawers/Drawer38.prefab using Guid(56264f34f14c7274b82bf4e977590274) Importer(2089858483,192608db42251d675da83286b1cce702) (ScriptedImporter) -> (artifact id: '4be37e422f2c7a6fad9f927e88195a6e') in 0.021493 seconds
Number of updated asset objects reloaded before import = 0Number of asset objects unloaded after import = 44

========================================================================
Received Import Request.
  Time since last request: 0.000015 seconds.
  path: Assets/Furniture Mega Pack/Materials
  artifactKey: Guid(2d32faaf3b3ba7f41a1c1664c0caa32e) Importer(2089858483,192608db42251d675da83286b1cce702)
Start importing Assets/Furniture Mega Pack/Materials using Guid(2d32faaf3b3ba7f41a1c1664c0caa32e) Importer(2089858483,192608db42251d675da83286b1cce702) (ScriptedImporter) -> (artifact id: '6aadc9ee88f51996025ebd68b8a01d22') in 0.0103572 seconds
Number of updated asset objects reloaded before import = 0Number of asset objects unloaded after import = 1

========================================================================
Received Import Request.
  Time since last request: 0.000020 seconds.
  path: Assets/Furniture Mega Pack/Prefabs/Closets/Closet20.prefab
  artifactKey: Guid(113d96753ee257745ab38daccd7a35b5) Importer(2089858483,192608db42251d675da83286b1cce702)
Start importing Assets/Furniture Mega Pack/Prefabs/Closets/Closet20.prefab using Guid(113d96753ee257745ab38daccd7a35b5) Importer(2089858483,192608db42251d675da83286b1cce702) (ScriptedImporter) -> (artifact id: '2d57d0bff52a5d3fd42276631e56bf5b') in 0.0198875 seconds
Number of updated asset objects reloaded before import = 0Number of asset objects unloaded after import = 9

========================================================================
Received Import Request.
  Time since last request: 0.000011 seconds.
  path: Assets/Furniture Mega Pack/Prefabs/Kitchen/KitchenExhaust01.prefab
  artifactKey: Guid(add8679f3d7cb354086640123862635d) Importer(2089858483,192608db42251d675da83286b1cce702)
Start importing Assets/Furniture Mega Pack/Prefabs/Kitchen/KitchenExhaust01.prefab using Guid(add8679f3d7cb354086640123862635d) Importer(2089858483,192608db42251d675da83286b1cce702) (ScriptedImporter) -> (artifact id: '575bc8a759e25e88696103f29ccfb673') in 0.0185901 seconds
Number of updated asset objects reloaded before import = 0Number of asset objects unloaded after import = 9

========================================================================
Received Import Request.
  Time since last request: 0.000013 seconds.
  path: Assets/Furniture Mega Pack/Prefabs/Cushioins/Cushion41.prefab
  artifactKey: Guid(9e817b0a349c3354ebcf2dbb6d6603c7) Importer(2089858483,192608db42251d675da83286b1cce702)
Start importing Assets/Furniture Mega Pack/Prefabs/Cushioins/Cushion41.prefab using Guid(9e817b0a349c3354ebcf2dbb6d6603c7) Importer(2089858483,192608db42251d675da83286b1cce702) (ScriptedImporter) -> (artifact id: '7d11fcfe350230a3ec7c002a5691b2ff') in 0.0194327 seconds
Number of updated asset objects reloaded before import = 0Number of asset objects unloaded after import = 9

========================================================================
Received Import Request.
  Time since last request: 0.000011 seconds.
  path: Assets/Furniture Mega Pack/Materials/Sofa/mat_Sofa08.mat
  artifactKey: Guid(a6caea49c5b03b14a9e33a3d08abd8da) Importer(2089858483,192608db42251d675da83286b1cce702)
Start importing Assets/Furniture Mega Pack/Materials/Sofa/mat_Sofa08.mat using Guid(a6caea49c5b03b14a9e33a3d08abd8da) Importer(2089858483,192608db42251d675da83286b1cce702) (ScriptedImporter) -> (artifact id: '68743cc025e2c7d51b4b2439907e782b') in 0.0208456 seconds
Number of updated asset objects reloaded before import = 0Number of asset objects unloaded after import = 4

========================================================================
Received Import Request.
  Time since last request: 0.000016 seconds.
  path: Assets/Furniture Mega Pack/Prefabs/Kitchen/KitchenExhaust04.prefab
  artifactKey: Guid(3beafa2067be67a4d83ab0437e1f66e0) Importer(2089858483,192608db42251d675da83286b1cce702)
Start importing Assets/Furniture Mega Pack/Prefabs/Kitchen/KitchenExhaust04.prefab using Guid(3beafa2067be67a4d83ab0437e1f66e0) Importer(2089858483,192608db42251d675da83286b1cce702) (ScriptedImporter) -> (artifact id: 'a448abf2329d86b08d40e44368b422b5') in 0.0199783 seconds
Number of updated asset objects reloaded before import = 0Number of asset objects unloaded after import = 9

========================================================================
Received Import Request.
  Time since last request: 0.000013 seconds.
  path: Assets/Furniture Mega Pack/Textures/Tables/Table45/Table45_mat_Table45_MetallicSmoothness.png
  artifactKey: Guid(16c0c138c87e2754ca45bff8d7bb7864) Importer(2089858483,192608db42251d675da83286b1cce702)
Start importing Assets/Furniture Mega Pack/Textures/Tables/Table45/Table45_mat_Table45_MetallicSmoothness.png using Guid(16c0c138c87e2754ca45bff8d7bb7864) Importer(2089858483,192608db42251d675da83286b1cce702) (ScriptedImporter) -> (artifact id: 'c188fcc9557b15cc196bd33ce563050b') in 0.0204538 seconds
Number of updated asset objects reloaded before import = 0Number of asset objects unloaded after import = 1

========================================================================
Received Import Request.
  Time since last request: 0.000015 seconds.
  path: Assets/Furniture Mega Pack/Textures/Chairs/Chair38/Chair38_mat_Chair38_Normal.png
  artifactKey: Guid(842efe323b44efb46b45cad499b4edb1) Importer(2089858483,192608db42251d675da83286b1cce702)
Start importing Assets/Furniture Mega Pack/Textures/Chairs/Chair38/Chair38_mat_Chair38_Normal.png using Guid(842efe323b44efb46b45cad499b4edb1) Importer(2089858483,192608db42251d675da83286b1cce702) (ScriptedImporter) -> (artifact id: 'dc055e8f08db72b9cb669117c400c4eb') in 0.0197045 seconds
Number of updated asset objects reloaded before import = 0Number of asset objects unloaded after import = 1

========================================================================
Received Import Request.
  Time since last request: 0.000022 seconds.
  path: Assets/Furniture Mega Pack/Prefabs/Closets/Closet07.prefab
  artifactKey: Guid(287a24175e7f8214da7dbebba36561bb) Importer(2089858483,192608db42251d675da83286b1cce702)
Start importing Assets/Furniture Mega Pack/Prefabs/Closets/Closet07.prefab using Guid(287a24175e7f8214da7dbebba36561bb) Importer(2089858483,192608db42251d675da83286b1cce702) (ScriptedImporter) -> (artifact id: 'a54fa10d4079788dd51a45472d3efc3b') in 0.0210485 seconds
Number of updated asset objects reloaded before import = 0Number of asset objects unloaded after import = 9

========================================================================
Received Import Request.
  Time since last request: 0.000012 seconds.
  path: Assets/Furniture Mega Pack/Prefabs/Drawers/Drawer15.prefab
  artifactKey: Guid(e6c50ae9070dc7a4eae9afd14bc3af66) Importer(2089858483,192608db42251d675da83286b1cce702)
Start importing Assets/Furniture Mega Pack/Prefabs/Drawers/Drawer15.prefab using Guid(e6c50ae9070dc7a4eae9afd14bc3af66) Importer(2089858483,192608db42251d675da83286b1cce702) (ScriptedImporter) -> (artifact id: '720408f7273b0957af94c7ab6cf7c438') in 0.0212126 seconds
Number of updated asset objects reloaded before import = 0Number of asset objects unloaded after import = 29

========================================================================
Received Import Request.
  Time since last request: 0.000013 seconds.
  path: Assets/Furniture Mega Pack/FBX/Drawer/Drawer17.fbx
  artifactKey: Guid(61dd1081defe0be46a7d8b4c050581e9) Importer(2089858483,192608db42251d675da83286b1cce702)
Start importing Assets/Furniture Mega Pack/FBX/Drawer/Drawer17.fbx using Guid(61dd1081defe0be46a7d8b4c050581e9) Importer(2089858483,192608db42251d675da83286b1cce702) (ScriptedImporter) -> (artifact id: 'b7f045ee12d7cbbc00087643a92103ba') in 0.028471 seconds
Number of updated asset objects reloaded before import = 0Number of asset objects unloaded after import = 30

========================================================================
Received Import Request.
  Time since last request: 0.000013 seconds.
  path: Assets/Furniture Mega Pack/FBX/Bed/Bed23.fbx
  artifactKey: Guid(78b39dbdaf597d94f9c6215478baed3d) Importer(2089858483,192608db42251d675da83286b1cce702)
Start importing Assets/Furniture Mega Pack/FBX/Bed/Bed23.fbx using Guid(78b39dbdaf597d94f9c6215478baed3d) Importer(2089858483,192608db42251d675da83286b1cce702) (ScriptedImporter) -> (artifact id: 'db2d5214616f38df90e907502646425d') in 0.0416112 seconds
Number of updated asset objects reloaded before import = 0Number of asset objects unloaded after import = 36

========================================================================
Received Import Request.
  Time since last request: 0.000016 seconds.
  path: Assets/Furniture Mega Pack/FBX/Table/Table48.fbx
  artifactKey: Guid(374f12a4f5108d6488f2e9d541814244) Importer(2089858483,192608db42251d675da83286b1cce702)
Start importing Assets/Furniture Mega Pack/FBX/Table/Table48.fbx using Guid(374f12a4f5108d6488f2e9d541814244) Importer(2089858483,192608db42251d675da83286b1cce702) (ScriptedImporter) -> (artifact id: '738d94326d871d00dde7bf6f60807dc9') in 0.019384 seconds
Number of updated asset objects reloaded before import = 0Number of asset objects unloaded after import = 8

========================================================================
Received Import Request.
  Time since last request: 0.000019 seconds.
  path: Assets/Furniture Mega Pack/FBX/Closet/Closet10.fbx
  artifactKey: Guid(99d419e4b8812b34a9d9f59c4a778e92) Importer(2089858483,192608db42251d675da83286b1cce702)
Start importing Assets/Furniture Mega Pack/FBX/Closet/Closet10.fbx using Guid(99d419e4b8812b34a9d9f59c4a778e92) Importer(2089858483,192608db42251d675da83286b1cce702) (ScriptedImporter) -> (artifact id: '07ae3fd6d780d1a86ef78c1cb5dad84c') in 0.0260297 seconds
Number of updated asset objects reloaded before import = 0Number of asset objects unloaded after import = 10

========================================================================
Received Import Request.
  Time since last request: 0.000020 seconds.
  path: Assets/Furniture Mega Pack/Textures/Cushions/Cushion01_08/Cushion01_08_mat_Cushion01_08_MetallicSmoothness.png
  artifactKey: Guid(39d043143ef6cd4499188539f4c0d585) Importer(2089858483,192608db42251d675da83286b1cce702)
Start importing Assets/Furniture Mega Pack/Textures/Cushions/Cushion01_08/Cushion01_08_mat_Cushion01_08_MetallicSmoothness.png using Guid(39d043143ef6cd4499188539f4c0d585) Importer(2089858483,192608db42251d675da83286b1cce702) (ScriptedImporter) -> (artifact id: '310d7b93e8911705cbcfd78db4b8f7cd') in 0.0192809 seconds
Number of updated asset objects reloaded before import = 0Number of asset objects unloaded after import = 1

========================================================================
Received Import Request.
  Time since last request: 0.000012 seconds.
  path: Assets/Furniture Mega Pack/Textures/Tables/Table19/Table19_mat_Table19_AlbedoTransparency.png
  artifactKey: Guid(e3014c2f56f23004bb2aa7504828019d) Importer(2089858483,192608db42251d675da83286b1cce702)
Start importing Assets/Furniture Mega Pack/Textures/Tables/Table19/Table19_mat_Table19_AlbedoTransparency.png using Guid(e3014c2f56f23004bb2aa7504828019d) Importer(2089858483,192608db42251d675da83286b1cce702) (ScriptedImporter) -> (artifact id: 'bd3b3fd06e928f36600e7be5068588c3') in 0.0212913 seconds
Number of updated asset objects reloaded before import = 0Number of asset objects unloaded after import = 1

========================================================================
Received Import Request.
  Time since last request: 0.000015 seconds.
  path: Assets/Furniture Mega Pack/Textures/Chairs/Chair03/Chair03_mat_Chair03_AlbedoTransparency.png
  artifactKey: Guid(950546484a6c96248b97449ed12dbbca) Importer(2089858483,192608db42251d675da83286b1cce702)
Start importing Assets/Furniture Mega Pack/Textures/Chairs/Chair03/Chair03_mat_Chair03_AlbedoTransparency.png using Guid(950546484a6c96248b97449ed12dbbca) Importer(2089858483,192608db42251d675da83286b1cce702) (ScriptedImporter) -> (artifact id: '8d2a6b909f78da1b731c4e9a8164924c') in 0.0178733 seconds
Number of updated asset objects reloaded before import = 0Number of asset objects unloaded after import = 1

========================================================================
Received Import Request.
  Time since last request: 0.000012 seconds.
  path: Assets/Furniture Mega Pack/Textures/Chairs/Chair19
  artifactKey: Guid(f4f9ecfe64f1b98468a98032e6aae628) Importer(2089858483,192608db42251d675da83286b1cce702)
Start importing Assets/Furniture Mega Pack/Textures/Chairs/Chair19 using Guid(f4f9ecfe64f1b98468a98032e6aae628) Importer(2089858483,192608db42251d675da83286b1cce702) (ScriptedImporter) -> (artifact id: '383716fbfdbb4d699297309804f72851') in 0.0099639 seconds
Number of updated asset objects reloaded before import = 0Number of asset objects unloaded after import = 1

========================================================================
Received Import Request.
  Time since last request: 0.000013 seconds.
  path: Assets/Furniture Mega Pack/Materials/Bed/mat_Mattress.mat
  artifactKey: Guid(87161fd668321644989a0491706164f4) Importer(2089858483,192608db42251d675da83286b1cce702)
Start importing Assets/Furniture Mega Pack/Materials/Bed/mat_Mattress.mat using Guid(87161fd668321644989a0491706164f4) Importer(2089858483,192608db42251d675da83286b1cce702) (ScriptedImporter) -> (artifact id: '16700f76193c213171b5f7a6323a195f') in 0.0156781 seconds
Number of updated asset objects reloaded before import = 0Number of asset objects unloaded after import = 4

========================================================================
Received Import Request.
  Time since last request: 0.000010 seconds.
  path: Assets/Furniture Mega Pack/Textures/Chairs/Chair09/Chair09_mat_Chair09_Normal.png
  artifactKey: Guid(b7d7e6f6588f6b0458a3b0d47e3f0bbc) Importer(2089858483,192608db42251d675da83286b1cce702)
Start importing Assets/Furniture Mega Pack/Textures/Chairs/Chair09/Chair09_mat_Chair09_Normal.png using Guid(b7d7e6f6588f6b0458a3b0d47e3f0bbc) Importer(2089858483,192608db42251d675da83286b1cce702) (ScriptedImporter) -> (artifact id: 'b10626cf33a3ca815bed7cd9dfa9767c') in 0.0177118 seconds
Number of updated asset objects reloaded before import = 0Number of asset objects unloaded after import = 1

========================================================================
Received Import Request.
  Time since last request: 0.000012 seconds.
  path: Assets/Furniture Mega Pack/FBX/Kitchen/MicrowaveOven04.fbx
  artifactKey: Guid(6822b51085b0697438cd33e9d317ec24) Importer(2089858483,192608db42251d675da83286b1cce702)
Start importing Assets/Furniture Mega Pack/FBX/Kitchen/MicrowaveOven04.fbx using Guid(6822b51085b0697438cd33e9d317ec24) Importer(2089858483,192608db42251d675da83286b1cce702) (ScriptedImporter) -> (artifact id: 'bdb1eef7a6164ab0db7bd90e89c1dd67') in 0.0338374 seconds
Number of updated asset objects reloaded before import = 0Number of asset objects unloaded after import = 36

========================================================================
Received Import Request.
  Time since last request: 0.000018 seconds.
  path: Assets/Furniture Mega Pack/Prefabs/Sofas/Sofa12.prefab
  artifactKey: Guid(03422070596cad442a2f100cbcdcd576) Importer(2089858483,192608db42251d675da83286b1cce702)
Start importing Assets/Furniture Mega Pack/Prefabs/Sofas/Sofa12.prefab using Guid(03422070596cad442a2f100cbcdcd576) Importer(2089858483,192608db42251d675da83286b1cce702) (ScriptedImporter) -> (artifact id: '1e564c74eb44c8d6a28011c785f1ce50') in 0.0232382 seconds
Number of updated asset objects reloaded before import = 0Number of asset objects unloaded after import = 9

========================================================================
Received Import Request.
  Time since last request: 0.000012 seconds.
  path: Assets/Furniture Mega Pack/Prefabs/Sofas/Sofa29.prefab
  artifactKey: Guid(06fd3791bcb5ceb48852aeafcabba729) Importer(2089858483,192608db42251d675da83286b1cce702)
Start importing Assets/Furniture Mega Pack/Prefabs/Sofas/Sofa29.prefab using Guid(06fd3791bcb5ceb48852aeafcabba729) Importer(2089858483,192608db42251d675da83286b1cce702) (ScriptedImporter) -> (artifact id: '7b5074d92dda188c0b54868db11f56b6') in 0.0212782 seconds
Number of updated asset objects reloaded before import = 0Number of asset objects unloaded after import = 9

========================================================================
Received Import Request.
  Time since last request: 0.000011 seconds.
  path: Assets/Furniture Mega Pack/FBX/Closet/Closet22.fbx
  artifactKey: Guid(640d16d553372fd4c8a06e51f2f002e1) Importer(2089858483,192608db42251d675da83286b1cce702)
Start importing Assets/Furniture Mega Pack/FBX/Closet/Closet22.fbx using Guid(640d16d553372fd4c8a06e51f2f002e1) Importer(2089858483,192608db42251d675da83286b1cce702) (ScriptedImporter) -> (artifact id: '4636a2bf2aa04425d04150d6a77f2960') in 0.0454705 seconds
Number of updated asset objects reloaded before import = 0Number of asset objects unloaded after import = 20

========================================================================
Received Import Request.
  Time since last request: 0.000010 seconds.
  path: Assets/Furniture Mega Pack/Textures/Sofas/Sofa27/Sofa27_mat_Sofa27_Normal.png
  artifactKey: Guid(a9d8e2007d5051a4a995549ec79905d6) Importer(2089858483,192608db42251d675da83286b1cce702)
Start importing Assets/Furniture Mega Pack/Textures/Sofas/Sofa27/Sofa27_mat_Sofa27_Normal.png using Guid(a9d8e2007d5051a4a995549ec79905d6) Importer(2089858483,192608db42251d675da83286b1cce702) (ScriptedImporter) -> (artifact id: '28d7d3f68ab316c81539e83ec50f02ce') in 0.019363 seconds
Number of updated asset objects reloaded before import = 0Number of asset objects unloaded after import = 1

========================================================================
Received Import Request.
  Time since last request: 0.000010 seconds.
  path: Assets/Furniture Mega Pack/Textures/Sofas/Sofa09/Sofa09_mat_Sofa09_Normal.png
  artifactKey: Guid(a1d1fd68356901443bdb5c5b0a535a7b) Importer(2089858483,192608db42251d675da83286b1cce702)
Start importing Assets/Furniture Mega Pack/Textures/Sofas/Sofa09/Sofa09_mat_Sofa09_Normal.png using Guid(a1d1fd68356901443bdb5c5b0a535a7b) Importer(2089858483,192608db42251d675da83286b1cce702) (ScriptedImporter) -> (artifact id: '7a869a49c0bbd0459f581ba094f606bd') in 0.0205601 seconds
Number of updated asset objects reloaded before import = 0Number of asset objects unloaded after import = 1

========================================================================
Received Import Request.
  Time since last request: 0.000012 seconds.
  path: Assets/Furniture Mega Pack/FBX/Chair/Chair32.fbx
  artifactKey: Guid(21399e10b157ceb4bbe18338593c9dd1) Importer(2089858483,192608db42251d675da83286b1cce702)
Start importing Assets/Furniture Mega Pack/FBX/Chair/Chair32.fbx using Guid(21399e10b157ceb4bbe18338593c9dd1) Importer(2089858483,192608db42251d675da83286b1cce702) (ScriptedImporter) -> (artifact id: '5ecc6b8ecc3e57da10f2a0d00f7e7493') in 0.0268112 seconds
Number of updated asset objects reloaded before import = 0Number of asset objects unloaded after import = 10

========================================================================
Received Import Request.
  Time since last request: 0.000023 seconds.
  path: Assets/Furniture Mega Pack/FBX/Chair/Chair28.fbx
  artifactKey: Guid(3759a3c2ea34ee546bfc6176b8c9e10e) Importer(2089858483,192608db42251d675da83286b1cce702)
Start importing Assets/Furniture Mega Pack/FBX/Chair/Chair28.fbx using Guid(3759a3c2ea34ee546bfc6176b8c9e10e) Importer(2089858483,192608db42251d675da83286b1cce702) (ScriptedImporter) -> (artifact id: '4818b6baca7a051453e4a3e6ae239de2') in 0.0268739 seconds
Number of updated asset objects reloaded before import = 0Number of asset objects unloaded after import = 10

========================================================================
Received Import Request.
  Time since last request: 0.000011 seconds.
  path: Assets/Furniture Mega Pack/FBX/Kitchen/GasStove02.fbx
  artifactKey: Guid(ca9bb107b92d3e0449e83fcfabb3d7b4) Importer(2089858483,192608db42251d675da83286b1cce702)
Start importing Assets/Furniture Mega Pack/FBX/Kitchen/GasStove02.fbx using Guid(ca9bb107b92d3e0449e83fcfabb3d7b4) Importer(2089858483,192608db42251d675da83286b1cce702) (ScriptedImporter) -> (artifact id: '8666988995ce6ca3c408a6645e36eaa4') in 0.0297644 seconds
Number of updated asset objects reloaded before import = 0Number of asset objects unloaded after import = 20

========================================================================
Received Import Request.
  Time since last request: 0.000011 seconds.
  path: Assets/Furniture Mega Pack/Prefabs/Chairs/Chair11.prefab
  artifactKey: Guid(e74d2297ec096fa45b36e44e8fe99125) Importer(2089858483,192608db42251d675da83286b1cce702)
Start importing Assets/Furniture Mega Pack/Prefabs/Chairs/Chair11.prefab using Guid(e74d2297ec096fa45b36e44e8fe99125) Importer(2089858483,192608db42251d675da83286b1cce702) (ScriptedImporter) -> (artifact id: '8e6a37778ffb93737a7b836caf0f188a') in 0.0188168 seconds
Number of updated asset objects reloaded before import = 0Number of asset objects unloaded after import = 9

========================================================================
Received Import Request.
  Time since last request: 0.000015 seconds.
  path: Assets/Furniture Mega Pack/Prefabs/Beds/Bed29.prefab
  artifactKey: Guid(9675ef0619246cb419d7a7c4b5932fe4) Importer(2089858483,192608db42251d675da83286b1cce702)
Start importing Assets/Furniture Mega Pack/Prefabs/Beds/Bed29.prefab using Guid(9675ef0619246cb419d7a7c4b5932fe4) Importer(2089858483,192608db42251d675da83286b1cce702) (ScriptedImporter) -> (artifact id: '8c71bdf87ffb6e741cc35a029c0a8c81') in 0.0218614 seconds
Number of updated asset objects reloaded before import = 0Number of asset objects unloaded after import = 24

========================================================================
Received Import Request.
  Time since last request: 0.000013 seconds.
  path: Assets/Furniture Mega Pack/Textures/Sofas/Sofa02/Sofa02_mat_Sofa02_MetallicSmoothness.png
  artifactKey: Guid(d82014759fe84f94b8459dad4103ed70) Importer(2089858483,192608db42251d675da83286b1cce702)
Start importing Assets/Furniture Mega Pack/Textures/Sofas/Sofa02/Sofa02_mat_Sofa02_MetallicSmoothness.png using Guid(d82014759fe84f94b8459dad4103ed70) Importer(2089858483,192608db42251d675da83286b1cce702) (ScriptedImporter) -> (artifact id: 'ad223119c17f3024d711a85ff62d9904') in 0.0185146 seconds
Number of updated asset objects reloaded before import = 0Number of asset objects unloaded after import = 1

========================================================================
Received Import Request.
  Time since last request: 0.000015 seconds.
  path: Assets/Furniture Mega Pack/Prefabs/Sofas/Sofa36.prefab
  artifactKey: Guid(382bdebba7a4fec4fa2aea294ca05def) Importer(2089858483,192608db42251d675da83286b1cce702)
Start importing Assets/Furniture Mega Pack/Prefabs/Sofas/Sofa36.prefab using Guid(382bdebba7a4fec4fa2aea294ca05def) Importer(2089858483,192608db42251d675da83286b1cce702) (ScriptedImporter) -> (artifact id: '9486f14180c2786d8ca4c67362ce5a96') in 0.0198078 seconds
Number of updated asset objects reloaded before import = 0Number of asset objects unloaded after import = 9

========================================================================
Received Import Request.
  Time since last request: 0.000036 seconds.
  path: Assets/Furniture Mega Pack/Materials/Chair/mat_Chair05.mat
  artifactKey: Guid(908a6352cff7e924da4241c1f429a35e) Importer(2089858483,192608db42251d675da83286b1cce702)
Start importing Assets/Furniture Mega Pack/Materials/Chair/mat_Chair05.mat using Guid(908a6352cff7e924da4241c1f429a35e) Importer(2089858483,192608db42251d675da83286b1cce702) (ScriptedImporter) -> (artifact id: '65be99446fce301e3f09560ccd0e6a6a') in 0.0213692 seconds
Number of updated asset objects reloaded before import = 0Number of asset objects unloaded after import = 4

========================================================================
Received Import Request.
  Time since last request: 0.000013 seconds.
  path: Assets/Furniture Mega Pack/Materials/Sofa/mat_Sofa06.mat
  artifactKey: Guid(a6ff4ad5daf63de4d9ab6d479567316d) Importer(2089858483,192608db42251d675da83286b1cce702)
Start importing Assets/Furniture Mega Pack/Materials/Sofa/mat_Sofa06.mat using Guid(a6ff4ad5daf63de4d9ab6d479567316d) Importer(2089858483,192608db42251d675da83286b1cce702) (ScriptedImporter) -> (artifact id: 'c7b08dd5cc15354ff3ef7c40408d8450') in 0.0211963 seconds
Number of updated asset objects reloaded before import = 0Number of asset objects unloaded after import = 4

========================================================================
Received Import Request.
  Time since last request: 0.000012 seconds.
  path: Assets/Furniture Mega Pack/FBX/Drawer/Drawer50.fbx
  artifactKey: Guid(e66e8eb7d630c6143a1ab1a40e4db646) Importer(2089858483,192608db42251d675da83286b1cce702)
Start importing Assets/Furniture Mega Pack/FBX/Drawer/Drawer50.fbx using Guid(e66e8eb7d630c6143a1ab1a40e4db646) Importer(2089858483,192608db42251d675da83286b1cce702) (ScriptedImporter) -> (artifact id: 'c9df1514ac099d5a39951fb11999e269') in 0.0303194 seconds
Number of updated asset objects reloaded before import = 0Number of asset objects unloaded after import = 30

========================================================================
Received Import Request.
  Time since last request: 0.000011 seconds.
  path: Assets/Furniture Mega Pack/Prefabs/Closets/Closet49.prefab
  artifactKey: Guid(54f6707424f050447bcc26513aa37169) Importer(2089858483,192608db42251d675da83286b1cce702)
Start importing Assets/Furniture Mega Pack/Prefabs/Closets/Closet49.prefab using Guid(54f6707424f050447bcc26513aa37169) Importer(2089858483,192608db42251d675da83286b1cce702) (ScriptedImporter) -> (artifact id: '88cf98739c1facb660db9a258970df33') in 0.0198493 seconds
Number of updated asset objects reloaded before import = 0Number of asset objects unloaded after import = 14

========================================================================
Received Import Request.
  Time since last request: 0.000010 seconds.
  path: Assets/Furniture Mega Pack/Textures/Chairs/Chair21/Chair21_mat_Chair21_Normal.png
  artifactKey: Guid(7fa9d795ac5ae9e47991edf8fec74fa8) Importer(2089858483,192608db42251d675da83286b1cce702)
Start importing Assets/Furniture Mega Pack/Textures/Chairs/Chair21/Chair21_mat_Chair21_Normal.png using Guid(7fa9d795ac5ae9e47991edf8fec74fa8) Importer(2089858483,192608db42251d675da83286b1cce702) (ScriptedImporter) -> (artifact id: 'da82d4c9f2eadf56e6a7cfb2f161ea9e') in 0.0156017 seconds
Number of updated asset objects reloaded before import = 0Number of asset objects unloaded after import = 1

========================================================================
Received Import Request.
  Time since last request: 0.000011 seconds.
  path: Assets/Furniture Mega Pack/Textures/Sofas/SectionalSofaFabric/SectionalSofaFabric_mat_SectionalSofaLeather_Normal.png
  artifactKey: Guid(063da6d5303397a48835bb3669333291) Importer(2089858483,192608db42251d675da83286b1cce702)
Start importing Assets/Furniture Mega Pack/Textures/Sofas/SectionalSofaFabric/SectionalSofaFabric_mat_SectionalSofaLeather_Normal.png using Guid(063da6d5303397a48835bb3669333291) Importer(2089858483,192608db42251d675da83286b1cce702) (ScriptedImporter) -> (artifact id: '48928df495ff50ce10fc26250a65ca9c') in 0.0200448 seconds
Number of updated asset objects reloaded before import = 0Number of asset objects unloaded after import = 1

========================================================================
Received Import Request.
  Time since last request: 0.000013 seconds.
  path: Assets/Furniture Mega Pack/Prefabs/Tables/Table18.prefab
  artifactKey: Guid(4783ef57bc8b0994a945085ef979b50c) Importer(2089858483,192608db42251d675da83286b1cce702)
Start importing Assets/Furniture Mega Pack/Prefabs/Tables/Table18.prefab using Guid(4783ef57bc8b0994a945085ef979b50c) Importer(2089858483,192608db42251d675da83286b1cce702) (ScriptedImporter) -> (artifact id: '216668542f4353b0ae8fbc4e7031e683') in 0.0185248 seconds
Number of updated asset objects reloaded before import = 0Number of asset objects unloaded after import = 9

========================================================================
Received Import Request.
  Time since last request: 0.000037 seconds.
  path: Assets/Furniture Mega Pack/Prefabs/Closets/Closet10.prefab
  artifactKey: Guid(6326c7cd4bdca7a48afd08435f428978) Importer(2089858483,192608db42251d675da83286b1cce702)
Start importing Assets/Furniture Mega Pack/Prefabs/Closets/Closet10.prefab using Guid(6326c7cd4bdca7a48afd08435f428978) Importer(2089858483,192608db42251d675da83286b1cce702) (ScriptedImporter) -> (artifact id: 'f8634d76d4ef45d0cd056d48524d6ef0') in 0.0188107 seconds
Number of updated asset objects reloaded before import = 0Number of asset objects unloaded after import = 9

========================================================================
Received Import Request.
  Time since last request: 0.000011 seconds.
  path: Assets/Furniture Mega Pack/FBX/Chair/Chair07.fbx
  artifactKey: Guid(f0b08ab0c71a1de49baa75a7f68a99ff) Importer(2089858483,192608db42251d675da83286b1cce702)
Start importing Assets/Furniture Mega Pack/FBX/Chair/Chair07.fbx using Guid(f0b08ab0c71a1de49baa75a7f68a99ff) Importer(2089858483,192608db42251d675da83286b1cce702) (ScriptedImporter) -> (artifact id: 'f6791dd86e9d06f3ef54908d33c882cb') in 0.0242947 seconds
Number of updated asset objects reloaded before import = 0Number of asset objects unloaded after import = 10

========================================================================
Received Import Request.
  Time since last request: 0.000013 seconds.
  path: Assets/Furniture Mega Pack/FBX/Drawer/Drawer49.fbx
  artifactKey: Guid(c0674ede35473ac408da29b2188666c2) Importer(2089858483,192608db42251d675da83286b1cce702)
Start importing Assets/Furniture Mega Pack/FBX/Drawer/Drawer49.fbx using Guid(c0674ede35473ac408da29b2188666c2) Importer(2089858483,192608db42251d675da83286b1cce702) (ScriptedImporter) -> (artifact id: '0ffd6923af190f79f16375b156aca0fd') in 0.0280856 seconds
Number of updated asset objects reloaded before import = 0Number of asset objects unloaded after import = 30

========================================================================
Received Import Request.
  Time since last request: 0.000010 seconds.
  path: Assets/Furniture Mega Pack/Prefabs/Drawers/Drawer04.prefab
  artifactKey: Guid(2d9268d9371550f4397ad4557300d54c) Importer(2089858483,192608db42251d675da83286b1cce702)
Start importing Assets/Furniture Mega Pack/Prefabs/Drawers/Drawer04.prefab using Guid(2d9268d9371550f4397ad4557300d54c) Importer(2089858483,192608db42251d675da83286b1cce702) (ScriptedImporter) -> (artifact id: 'bcbff1672b8426feba31fad651886a36') in 0.0200634 seconds
Number of updated asset objects reloaded before import = 0Number of asset objects unloaded after import = 24

========================================================================
Received Import Request.
  Time since last request: 0.000014 seconds.
  path: Assets/Furniture Mega Pack/Textures/Sofas/Sofa32
  artifactKey: Guid(c99f6d8d2b7bed140b74ff1c91063604) Importer(2089858483,192608db42251d675da83286b1cce702)
Start importing Assets/Furniture Mega Pack/Textures/Sofas/Sofa32 using Guid(c99f6d8d2b7bed140b74ff1c91063604) Importer(2089858483,192608db42251d675da83286b1cce702) (ScriptedImporter) -> (artifact id: 'e2b4cc638885844e9d78c57ce7dadd5c') in 0.009321 seconds
Number of updated asset objects reloaded before import = 0Number of asset objects unloaded after import = 1

========================================================================
Received Import Request.
  Time since last request: 0.000012 seconds.
  path: Assets/Furniture Mega Pack/FBX/Bed/Bed20.fbx
  artifactKey: Guid(f2564129228776044adea739e8bd2187) Importer(2089858483,192608db42251d675da83286b1cce702)
Start importing Assets/Furniture Mega Pack/FBX/Bed/Bed20.fbx using Guid(f2564129228776044adea739e8bd2187) Importer(2089858483,192608db42251d675da83286b1cce702) (ScriptedImporter) -> (artifact id: '1ed646b28d981a773f94287a2b7597e0') in 0.0381332 seconds
Number of updated asset objects reloaded before import = 0Number of asset objects unloaded after import = 58

========================================================================
Received Import Request.
  Time since last request: 0.000016 seconds.
  path: Assets/Furniture Mega Pack/FBX/Kitchen/CabinetCset.fbx
  artifactKey: Guid(8df81552c0697914a8c37103ea9acdca) Importer(2089858483,192608db42251d675da83286b1cce702)
Start importing Assets/Furniture Mega Pack/FBX/Kitchen/CabinetCset.fbx using Guid(8df81552c0697914a8c37103ea9acdca) Importer(2089858483,192608db42251d675da83286b1cce702) (ScriptedImporter) -> (artifact id: '3cc9ff0b808014d92cc86f64a9419816') in 0.0386609 seconds
Number of updated asset objects reloaded before import = 0Number of asset objects unloaded after import = 112

========================================================================
Received Import Request.
  Time since last request: 0.000022 seconds.
  path: Assets/Furniture Mega Pack/FBX/Closet/Closet35.fbx
  artifactKey: Guid(4a04eb4c1142dff45a8e76f7f5b530c4) Importer(2089858483,192608db42251d675da83286b1cce702)
Start importing Assets/Furniture Mega Pack/FBX/Closet/Closet35.fbx using Guid(4a04eb4c1142dff45a8e76f7f5b530c4) Importer(2089858483,192608db42251d675da83286b1cce702) (ScriptedImporter) -> (artifact id: '0f7161d085230bbdfb18c70d8e2e9995') in 0.0247476 seconds
Number of updated asset objects reloaded before import = 0Number of asset objects unloaded after import = 10

========================================================================
Received Import Request.
  Time since last request: 0.000011 seconds.
  path: Assets/Furniture Mega Pack/Prefabs/Closets/Closet05.prefab
  artifactKey: Guid(dae4f95199df17640afb09c1cc6e3b07) Importer(2089858483,192608db42251d675da83286b1cce702)
Start importing Assets/Furniture Mega Pack/Prefabs/Closets/Closet05.prefab using Guid(dae4f95199df17640afb09c1cc6e3b07) Importer(2089858483,192608db42251d675da83286b1cce702) (ScriptedImporter) -> (artifact id: '48a174b7f175c4c10e35b483a00fc83b') in 0.0177748 seconds
Number of updated asset objects reloaded before import = 0Number of asset objects unloaded after import = 9

========================================================================
Received Import Request.
  Time since last request: 0.000010 seconds.
  path: Assets/Furniture Mega Pack/Textures/Chairs/Chair15/Chair15_mat_Chair15_Normal.png
  artifactKey: Guid(2361c64facc805141ace2eaf3f4a6c52) Importer(2089858483,192608db42251d675da83286b1cce702)
Start importing Assets/Furniture Mega Pack/Textures/Chairs/Chair15/Chair15_mat_Chair15_Normal.png using Guid(2361c64facc805141ace2eaf3f4a6c52) Importer(2089858483,192608db42251d675da83286b1cce702) (ScriptedImporter) -> (artifact id: '35ef509cbae547364181ee4ed999626e') in 0.0170127 seconds
Number of updated asset objects reloaded before import = 0Number of asset objects unloaded after import = 1

========================================================================
Received Import Request.
  Time since last request: 0.000014 seconds.
  path: Assets/Furniture Mega Pack/FBX/Sofa/Sofa01.fbx
  artifactKey: Guid(b8317e1fbb1d4e149b316828c5f56d09) Importer(2089858483,192608db42251d675da83286b1cce702)
Start importing Assets/Furniture Mega Pack/FBX/Sofa/Sofa01.fbx using Guid(b8317e1fbb1d4e149b316828c5f56d09) Importer(2089858483,192608db42251d675da83286b1cce702) (ScriptedImporter) -> (artifact id: '39788db631da9810933bba656248663a') in 0.0213331 seconds
Number of updated asset objects reloaded before import = 0Number of asset objects unloaded after import = 8

========================================================================
Received Import Request.
  Time since last request: 0.000010 seconds.
  path: Assets/Furniture Mega Pack/Textures/Chairs/Chair48
  artifactKey: Guid(b7355d3f8cc974a41b47b030b20f0749) Importer(2089858483,192608db42251d675da83286b1cce702)
Start importing Assets/Furniture Mega Pack/Textures/Chairs/Chair48 using Guid(b7355d3f8cc974a41b47b030b20f0749) Importer(2089858483,192608db42251d675da83286b1cce702) (ScriptedImporter) -> (artifact id: '57d918e4acec85f56e0c014ab58c3099') in 0.0108144 seconds
Number of updated asset objects reloaded before import = 0Number of asset objects unloaded after import = 1

========================================================================
Received Import Request.
  Time since last request: 0.000010 seconds.
  path: Assets/Furniture Mega Pack/Prefabs/Drawers/Drawer44.prefab
  artifactKey: Guid(1804757c6e4720140b5e4789a8261893) Importer(2089858483,192608db42251d675da83286b1cce702)
Start importing Assets/Furniture Mega Pack/Prefabs/Drawers/Drawer44.prefab using Guid(1804757c6e4720140b5e4789a8261893) Importer(2089858483,192608db42251d675da83286b1cce702) (ScriptedImporter) -> (artifact id: 'f9a83d24b572b9853b6e59e2f0fd195f') in 0.020795 seconds
Number of updated asset objects reloaded before import = 0Number of asset objects unloaded after import = 24

========================================================================
Received Import Request.
  Time since last request: 0.000013 seconds.
  path: Assets/Furniture Mega Pack/Textures/Chairs/Chair12
  artifactKey: Guid(ed16e930b608ec140bb10499b623f881) Importer(2089858483,192608db42251d675da83286b1cce702)
Start importing Assets/Furniture Mega Pack/Textures/Chairs/Chair12 using Guid(ed16e930b608ec140bb10499b623f881) Importer(2089858483,192608db42251d675da83286b1cce702) (ScriptedImporter) -> (artifact id: '97592e62da8db14a1fca1eeef49af7a2') in 0.011353 seconds
Number of updated asset objects reloaded before import = 0Number of asset objects unloaded after import = 1

========================================================================
Received Import Request.
  Time since last request: 0.000021 seconds.
  path: Assets/Furniture Mega Pack/Textures/Chairs/Chair27
  artifactKey: Guid(bff6c0d46e7f99a448548238e0eaffb3) Importer(2089858483,192608db42251d675da83286b1cce702)
Start importing Assets/Furniture Mega Pack/Textures/Chairs/Chair27 using Guid(bff6c0d46e7f99a448548238e0eaffb3) Importer(2089858483,192608db42251d675da83286b1cce702) (ScriptedImporter) -> (artifact id: 'a4c06c1452656f239d49a8efdb3da958') in 0.0086627 seconds
Number of updated asset objects reloaded before import = 0Number of asset objects unloaded after import = 1

========================================================================
Received Import Request.
  Time since last request: 0.000014 seconds.
  path: Assets/Furniture Mega Pack/Materials/Sofa/mat_Sofa36.mat
  artifactKey: Guid(85d7f619f83a3ad4c8854b7813f0a650) Importer(2089858483,192608db42251d675da83286b1cce702)
Start importing Assets/Furniture Mega Pack/Materials/Sofa/mat_Sofa36.mat using Guid(85d7f619f83a3ad4c8854b7813f0a650) Importer(2089858483,192608db42251d675da83286b1cce702) (ScriptedImporter) -> (artifact id: '4d9d5e793a02824da3248572f1971fb8') in 0.0205738 seconds
Number of updated asset objects reloaded before import = 0Number of asset objects unloaded after import = 4

========================================================================
Received Import Request.
  Time since last request: 0.000010 seconds.
  path: Assets/Furniture Mega Pack/Prefabs/Chairs/Chair25.prefab
  artifactKey: Guid(8fe768523bc48fa41ab8fa758abf41f1) Importer(2089858483,192608db42251d675da83286b1cce702)
Start importing Assets/Furniture Mega Pack/Prefabs/Chairs/Chair25.prefab using Guid(8fe768523bc48fa41ab8fa758abf41f1) Importer(2089858483,192608db42251d675da83286b1cce702) (ScriptedImporter) -> (artifact id: '0f9832b29b24c6f3efccb26ef98d9d18') in 0.023471 seconds
Number of updated asset objects reloaded before import = 0Number of asset objects unloaded after import = 9

========================================================================
Received Import Request.
  Time since last request: 0.000010 seconds.
  path: Assets/Furniture Mega Pack/Textures/Tables/Table01/Table01_mat_Table01_Normal.png
  artifactKey: Guid(ec91da39f62241f4a851ddb45822513c) Importer(2089858483,192608db42251d675da83286b1cce702)
Start importing Assets/Furniture Mega Pack/Textures/Tables/Table01/Table01_mat_Table01_Normal.png using Guid(ec91da39f62241f4a851ddb45822513c) Importer(2089858483,192608db42251d675da83286b1cce702) (ScriptedImporter) -> (artifact id: '0b72036a628134c543ccc7c5812c3c78') in 0.0173585 seconds
Number of updated asset objects reloaded before import = 0Number of asset objects unloaded after import = 1

========================================================================
Received Import Request.
  Time since last request: 0.000016 seconds.
  path: Assets/Furniture Mega Pack/Prefabs/Kitchen/CabinetD02.prefab
  artifactKey: Guid(ceca279d94469164b866d7c4cec050aa) Importer(2089858483,192608db42251d675da83286b1cce702)
Start importing Assets/Furniture Mega Pack/Prefabs/Kitchen/CabinetD02.prefab using Guid(ceca279d94469164b866d7c4cec050aa) Importer(2089858483,192608db42251d675da83286b1cce702) (ScriptedImporter) -> (artifact id: '5a51684d171113cd4706dbb5538290cb') in 0.0189954 seconds
Number of updated asset objects reloaded before import = 0Number of asset objects unloaded after import = 14

========================================================================
Received Import Request.
  Time since last request: 0.000014 seconds.
  path: Assets/Furniture Mega Pack/Prefabs/Kitchen/Refrigerator07.prefab
  artifactKey: Guid(f09ca6632fad6b242aa80476396d1d6f) Importer(2089858483,192608db42251d675da83286b1cce702)
Start importing Assets/Furniture Mega Pack/Prefabs/Kitchen/Refrigerator07.prefab using Guid(f09ca6632fad6b242aa80476396d1d6f) Importer(2089858483,192608db42251d675da83286b1cce702) (ScriptedImporter) -> (artifact id: '794a1aa3f2b8ed1ca071e5bb67dbf07d') in 0.0194047 seconds
Number of updated asset objects reloaded before import = 0Number of asset objects unloaded after import = 19

========================================================================
Received Import Request.
  Time since last request: 0.000012 seconds.
  path: Assets/Furniture Mega Pack/Prefabs/Drawers/Drawer39.prefab
  artifactKey: Guid(86e0a56eec3cc6840abdc8d1894f117d) Importer(2089858483,192608db42251d675da83286b1cce702)
Start importing Assets/Furniture Mega Pack/Prefabs/Drawers/Drawer39.prefab using Guid(86e0a56eec3cc6840abdc8d1894f117d) Importer(2089858483,192608db42251d675da83286b1cce702) (ScriptedImporter) -> (artifact id: '8d12a42790b8214a1248be5897cc1e01') in 0.0217008 seconds
Number of updated asset objects reloaded before import = 0Number of asset objects unloaded after import = 44

========================================================================
Received Import Request.
  Time since last request: 0.000019 seconds.
  path: Assets/Furniture Mega Pack/FBX/Kitchen/CabinetFset.fbx
  artifactKey: Guid(44f47a35056199c4ab1c19cc69a24870) Importer(2089858483,192608db42251d675da83286b1cce702)
Start importing Assets/Furniture Mega Pack/FBX/Kitchen/CabinetFset.fbx using Guid(44f47a35056199c4ab1c19cc69a24870) Importer(2089858483,192608db42251d675da83286b1cce702) (ScriptedImporter) -> (artifact id: 'cc8a7d78b5fc25a8b43eca7638531185') in 0.0410744 seconds
Number of updated asset objects reloaded before import = 0Number of asset objects unloaded after import = 112

========================================================================
Received Import Request.
  Time since last request: 0.000011 seconds.
  path: Assets/Furniture Mega Pack/Textures/Tables/Table46
  artifactKey: Guid(eaa7bf2560e06df498cf61ca03c4c5c0) Importer(2089858483,192608db42251d675da83286b1cce702)
Start importing Assets/Furniture Mega Pack/Textures/Tables/Table46 using Guid(eaa7bf2560e06df498cf61ca03c4c5c0) Importer(2089858483,192608db42251d675da83286b1cce702) (ScriptedImporter) -> (artifact id: 'af5ab724787f3a4b88f43ea151050796') in 0.0113783 seconds
Number of updated asset objects reloaded before import = 0Number of asset objects unloaded after import = 1

========================================================================
Received Import Request.
  Time since last request: 0.000014 seconds.
  path: Assets/Furniture Mega Pack/FBX/Closet/Closet02.fbx
  artifactKey: Guid(53c443476341eb8499aa44f43bd41d83) Importer(2089858483,192608db42251d675da83286b1cce702)
Start importing Assets/Furniture Mega Pack/FBX/Closet/Closet02.fbx using Guid(53c443476341eb8499aa44f43bd41d83) Importer(2089858483,192608db42251d675da83286b1cce702) (ScriptedImporter) -> (artifact id: '1fc277aaf763b6e64a3d9fdeaedcf729') in 0.0240469 seconds
Number of updated asset objects reloaded before import = 0Number of asset objects unloaded after import = 10

========================================================================
Received Import Request.
  Time since last request: 0.000012 seconds.
  path: Assets/Furniture Mega Pack/Prefabs/Kitchen/Refrigerator05.prefab
  artifactKey: Guid(9cb0b3aa44c222945968a2b4cf0c46b5) Importer(2089858483,192608db42251d675da83286b1cce702)
Start importing Assets/Furniture Mega Pack/Prefabs/Kitchen/Refrigerator05.prefab using Guid(9cb0b3aa44c222945968a2b4cf0c46b5) Importer(2089858483,192608db42251d675da83286b1cce702) (ScriptedImporter) -> (artifact id: '950bdf6bd7645aafacdccf11fbb54e96') in 0.0210789 seconds
Number of updated asset objects reloaded before import = 0Number of asset objects unloaded after import = 19

========================================================================
Received Import Request.
  Time since last request: 0.000013 seconds.
  path: Assets/Furniture Mega Pack/Textures/Sofas/Sofa16
  artifactKey: Guid(8977c91aeab21464689f3b2b8adce700) Importer(2089858483,192608db42251d675da83286b1cce702)
Start importing Assets/Furniture Mega Pack/Textures/Sofas/Sofa16 using Guid(8977c91aeab21464689f3b2b8adce700) Importer(2089858483,192608db42251d675da83286b1cce702) (ScriptedImporter) -> (artifact id: '1bb8e474487ae3d208ad178737adbd30') in 0.0106388 seconds
Number of updated asset objects reloaded before import = 0Number of asset objects unloaded after import = 1

========================================================================
Received Import Request.
  Time since last request: 0.000011 seconds.
  path: Assets/Furniture Mega Pack/Textures/Tables/Table10/Table10_mat_Table10_Normal.png
  artifactKey: Guid(f8aa3e3c58ad3e04f8c42e0eec627c56) Importer(2089858483,192608db42251d675da83286b1cce702)
Start importing Assets/Furniture Mega Pack/Textures/Tables/Table10/Table10_mat_Table10_Normal.png using Guid(f8aa3e3c58ad3e04f8c42e0eec627c56) Importer(2089858483,192608db42251d675da83286b1cce702) (ScriptedImporter) -> (artifact id: 'e8e028b9f93870df5d69a6aed38699dc') in 0.0198778 seconds
Number of updated asset objects reloaded before import = 0Number of asset objects unloaded after import = 1

========================================================================
Received Import Request.
  Time since last request: 0.000026 seconds.
  path: Assets/Furniture Mega Pack/Textures/Chairs/Chair45/Chair45_mat_Chair45_MetallicSmoothness.png
  artifactKey: Guid(2c06be1848a79ea40a764bc0f6546bef) Importer(2089858483,192608db42251d675da83286b1cce702)
Start importing Assets/Furniture Mega Pack/Textures/Chairs/Chair45/Chair45_mat_Chair45_MetallicSmoothness.png using Guid(2c06be1848a79ea40a764bc0f6546bef) Importer(2089858483,192608db42251d675da83286b1cce702) (ScriptedImporter) -> (artifact id: '10e45ba1c84bf845ec678759e8f89c81') in 0.0213889 seconds
Number of updated asset objects reloaded before import = 0Number of asset objects unloaded after import = 1

========================================================================
Received Import Request.
  Time since last request: 0.000010 seconds.
  path: Assets/Furniture Mega Pack/Prefabs/Kitchen/Sink02.prefab
  artifactKey: Guid(0268afc96093ff841aecc201cad6dab0) Importer(2089858483,192608db42251d675da83286b1cce702)
Start importing Assets/Furniture Mega Pack/Prefabs/Kitchen/Sink02.prefab using Guid(0268afc96093ff841aecc201cad6dab0) Importer(2089858483,192608db42251d675da83286b1cce702) (ScriptedImporter) -> (artifact id: '488b6e507fc3d9d294eb3e32afc5e8aa') in 0.0187245 seconds
Number of updated asset objects reloaded before import = 0Number of asset objects unloaded after import = 24

========================================================================
Received Import Request.
  Time since last request: 0.000012 seconds.
  path: Assets/Furniture Mega Pack/Textures/Bed/BedFrame/AtlasTexture_BedFrame_AtlasTexture_BedFrame_AlbedoTransparency.png
  artifactKey: Guid(1c899d619b455004c8d5be5f2eb167be) Importer(2089858483,192608db42251d675da83286b1cce702)
Start importing Assets/Furniture Mega Pack/Textures/Bed/BedFrame/AtlasTexture_BedFrame_AtlasTexture_BedFrame_AlbedoTransparency.png using Guid(1c899d619b455004c8d5be5f2eb167be) Importer(2089858483,192608db42251d675da83286b1cce702) (ScriptedImporter) -> (artifact id: '65e8bfa432093c44f87e01430a8408a3') in 0.0199278 seconds
Number of updated asset objects reloaded before import = 0Number of asset objects unloaded after import = 1

========================================================================
Received Import Request.
  Time since last request: 0.000014 seconds.
  path: Assets/Furniture Mega Pack/Textures/Tables/Table32/Table32_mat_Table32_AlbedoTransparency.png
  artifactKey: Guid(f2f14079c423c174bb30d9a2feafa921) Importer(2089858483,192608db42251d675da83286b1cce702)
Start importing Assets/Furniture Mega Pack/Textures/Tables/Table32/Table32_mat_Table32_AlbedoTransparency.png using Guid(f2f14079c423c174bb30d9a2feafa921) Importer(2089858483,192608db42251d675da83286b1cce702) (ScriptedImporter) -> (artifact id: '7eb17560327af270c3e29e0561c3721e') in 0.0195796 seconds
Number of updated asset objects reloaded before import = 0Number of asset objects unloaded after import = 1

========================================================================
Received Import Request.
  Time since last request: 0.000011 seconds.
  path: Assets/Furniture Mega Pack/Textures/Sofas/Sofa08
  artifactKey: Guid(741225853feca3049a0d5a5b459149da) Importer(2089858483,192608db42251d675da83286b1cce702)
Start importing Assets/Furniture Mega Pack/Textures/Sofas/Sofa08 using Guid(741225853feca3049a0d5a5b459149da) Importer(2089858483,192608db42251d675da83286b1cce702) (ScriptedImporter) -> (artifact id: '77be528941f4cd0a6d7f43de392654a5') in 0.0089523 seconds
Number of updated asset objects reloaded before import = 0Number of asset objects unloaded after import = 1

========================================================================
Received Import Request.
  Time since last request: 0.000014 seconds.
  path: Assets/Furniture Mega Pack/FBX/Table/Table42.fbx
  artifactKey: Guid(ffac0618aeb2b9f4ead070913fa0aa73) Importer(2089858483,192608db42251d675da83286b1cce702)
Start importing Assets/Furniture Mega Pack/FBX/Table/Table42.fbx using Guid(ffac0618aeb2b9f4ead070913fa0aa73) Importer(2089858483,192608db42251d675da83286b1cce702) (ScriptedImporter) -> (artifact id: '201ded79ea817fb2f70c8f1206430835') in 0.0203577 seconds
Number of updated asset objects reloaded before import = 0Number of asset objects unloaded after import = 8

========================================================================
Received Import Request.
  Time since last request: 0.000014 seconds.
  path: Assets/Furniture Mega Pack/Textures/Tables/Table47/Table47_mat_Table47_Normal.png
  artifactKey: Guid(953f83c975cdc9245a8404ff69feda83) Importer(2089858483,192608db42251d675da83286b1cce702)
Start importing Assets/Furniture Mega Pack/Textures/Tables/Table47/Table47_mat_Table47_Normal.png using Guid(953f83c975cdc9245a8404ff69feda83) Importer(2089858483,192608db42251d675da83286b1cce702) (ScriptedImporter) -> (artifact id: '32eb48f88e8888d7e589acd83bf3c295') in 0.0200135 seconds
Number of updated asset objects reloaded before import = 0Number of asset objects unloaded after import = 1

========================================================================
Received Import Request.
  Time since last request: 0.000019 seconds.
  path: Assets/Furniture Mega Pack/Textures/Tables/Table30
  artifactKey: Guid(dedb1ee8bb7cc2f4ba77f6bb6cc30721) Importer(2089858483,192608db42251d675da83286b1cce702)
Start importing Assets/Furniture Mega Pack/Textures/Tables/Table30 using Guid(dedb1ee8bb7cc2f4ba77f6bb6cc30721) Importer(2089858483,192608db42251d675da83286b1cce702) (ScriptedImporter) -> (artifact id: '7f3c5505284d23a5c7a75b594523b7a7') in 0.0093727 seconds
Number of updated asset objects reloaded before import = 0Number of asset objects unloaded after import = 1

========================================================================
Received Import Request.
  Time since last request: 0.000011 seconds.
  path: Assets/Furniture Mega Pack/FBX/Kitchen/Refrigerator06.fbx
  artifactKey: Guid(3ed6ae2c443d09446bae24f444f59bbf) Importer(2089858483,192608db42251d675da83286b1cce702)
Start importing Assets/Furniture Mega Pack/FBX/Kitchen/Refrigerator06.fbx using Guid(3ed6ae2c443d09446bae24f444f59bbf) Importer(2089858483,192608db42251d675da83286b1cce702) (ScriptedImporter) -> (artifact id: '91fe7124c6f7965e88d4bdae5e95a8b7') in 0.0326227 seconds
Number of updated asset objects reloaded before import = 0Number of asset objects unloaded after import = 30

========================================================================
Received Import Request.
  Time since last request: 0.000011 seconds.
  path: Assets/Furniture Mega Pack/Prefabs/Drawers/Drawer01.prefab
  artifactKey: Guid(7afefb2c8e945be4c8ad48b9fd5865a7) Importer(2089858483,192608db42251d675da83286b1cce702)
Start importing Assets/Furniture Mega Pack/Prefabs/Drawers/Drawer01.prefab using Guid(7afefb2c8e945be4c8ad48b9fd5865a7) Importer(2089858483,192608db42251d675da83286b1cce702) (ScriptedImporter) -> (artifact id: '0a67d0ce3a01cd19b72abe1f18099779') in 0.019781 seconds
Number of updated asset objects reloaded before import = 0Number of asset objects unloaded after import = 24

========================================================================
Received Import Request.
  Time since last request: 0.000011 seconds.
  path: Assets/Furniture Mega Pack/Prefabs/Beds/Bed31.prefab
  artifactKey: Guid(e493567eec4930e43afcee3892471ce2) Importer(2089858483,192608db42251d675da83286b1cce702)
Start importing Assets/Furniture Mega Pack/Prefabs/Beds/Bed31.prefab using Guid(e493567eec4930e43afcee3892471ce2) Importer(2089858483,192608db42251d675da83286b1cce702) (ScriptedImporter) -> (artifact id: 'c09c0b7d7180c5a1f6b804af6fd949da') in 0.022304 seconds
Number of updated asset objects reloaded before import = 0Number of asset objects unloaded after import = 19

========================================================================
Received Import Request.
  Time since last request: 0.000013 seconds.
  path: Assets/Furniture Mega Pack/Textures/Tables/Table17/Table17_mat_Table17_Normal.png
  artifactKey: Guid(0bc3e9e870addee428c3c5de28760233) Importer(2089858483,192608db42251d675da83286b1cce702)
Start importing Assets/Furniture Mega Pack/Textures/Tables/Table17/Table17_mat_Table17_Normal.png using Guid(0bc3e9e870addee428c3c5de28760233) Importer(2089858483,192608db42251d675da83286b1cce702) (ScriptedImporter) -> (artifact id: '8c2545d104891885196bf6d8c93d7143') in 0.0256671 seconds
Number of updated asset objects reloaded before import = 0Number of asset objects unloaded after import = 1

========================================================================
Received Import Request.
  Time since last request: 0.000013 seconds.
  path: Assets/Furniture Mega Pack/FBX/Chair/Chair10.fbx
  artifactKey: Guid(ac84ca4b796162543ac20af2484e68e2) Importer(2089858483,192608db42251d675da83286b1cce702)
Start importing Assets/Furniture Mega Pack/FBX/Chair/Chair10.fbx using Guid(ac84ca4b796162543ac20af2484e68e2) Importer(2089858483,192608db42251d675da83286b1cce702) (ScriptedImporter) -> (artifact id: '3498ec3fbc3cbd35090e7e68a7f61095') in 0.0295752 seconds
Number of updated asset objects reloaded before import = 0Number of asset objects unloaded after import = 10

========================================================================
Received Import Request.
  Time since last request: 0.000015 seconds.
  path: Assets/Furniture Mega Pack/Textures/Chairs/Chair03/Chair03_mat_Chair03_Normal.png
  artifactKey: Guid(ee6587163b78a3b428b6e30e2e39629c) Importer(2089858483,192608db42251d675da83286b1cce702)
Start importing Assets/Furniture Mega Pack/Textures/Chairs/Chair03/Chair03_mat_Chair03_Normal.png using Guid(ee6587163b78a3b428b6e30e2e39629c) Importer(2089858483,192608db42251d675da83286b1cce702) (ScriptedImporter) -> (artifact id: 'a90441ae9039e396fdfd6f5981618f2d') in 0.0212753 seconds
Number of updated asset objects reloaded before import = 0Number of asset objects unloaded after import = 1

========================================================================
Received Import Request.
  Time since last request: 0.000023 seconds.
  path: Assets/Furniture Mega Pack/Textures/Chairs/Chair12/Chair12_mat_Chair12_MetallicSmoothness.png
  artifactKey: Guid(064431af687690e4fba429763757a597) Importer(2089858483,192608db42251d675da83286b1cce702)
Start importing Assets/Furniture Mega Pack/Textures/Chairs/Chair12/Chair12_mat_Chair12_MetallicSmoothness.png using Guid(064431af687690e4fba429763757a597) Importer(2089858483,192608db42251d675da83286b1cce702) (ScriptedImporter) -> (artifact id: '292fe59a16e1bc21d0b55ba527233f56') in 0.0206836 seconds
Number of updated asset objects reloaded before import = 0Number of asset objects unloaded after import = 1

========================================================================
Received Import Request.
  Time since last request: 0.000014 seconds.
  path: Assets/Furniture Mega Pack/Prefabs/Chairs/Chair23.prefab
  artifactKey: Guid(d97439bd48a8cb14cbb632dfce3acc51) Importer(2089858483,192608db42251d675da83286b1cce702)
Start importing Assets/Furniture Mega Pack/Prefabs/Chairs/Chair23.prefab using Guid(d97439bd48a8cb14cbb632dfce3acc51) Importer(2089858483,192608db42251d675da83286b1cce702) (ScriptedImporter) -> (artifact id: '3f7b00b0158ca2ba6ff7efdd885d2fbc') in 0.020656 seconds
Number of updated asset objects reloaded before import = 0Number of asset objects unloaded after import = 9

========================================================================
Received Import Request.
  Time since last request: 0.000012 seconds.
  path: Assets/Furniture Mega Pack/FBX/Closet/Closet19.fbx
  artifactKey: Guid(e530e93f7e169e349a878f54c5e67b09) Importer(2089858483,192608db42251d675da83286b1cce702)
Start importing Assets/Furniture Mega Pack/FBX/Closet/Closet19.fbx using Guid(e530e93f7e169e349a878f54c5e67b09) Importer(2089858483,192608db42251d675da83286b1cce702) (ScriptedImporter) -> (artifact id: 'e611ac26de9c7405498fa33958e7be59') in 0.0250462 seconds
Number of updated asset objects reloaded before import = 0Number of asset objects unloaded after import = 10

========================================================================
Received Import Request.
  Time since last request: 0.000013 seconds.
  path: Assets/Furniture Mega Pack/Textures/Chairs/Chair20/Chair20_mat_Chair20_MetallicSmoothness.png
  artifactKey: Guid(05c981dab448f8d47bd5080977861cba) Importer(2089858483,192608db42251d675da83286b1cce702)
Start importing Assets/Furniture Mega Pack/Textures/Chairs/Chair20/Chair20_mat_Chair20_MetallicSmoothness.png using Guid(05c981dab448f8d47bd5080977861cba) Importer(2089858483,192608db42251d675da83286b1cce702) (ScriptedImporter) -> (artifact id: '73451ea6c3d810f606f64b8699e0ce72') in 0.0202078 seconds
Number of updated asset objects reloaded before import = 0Number of asset objects unloaded after import = 1

========================================================================
Received Import Request.
  Time since last request: 0.000012 seconds.
  path: Assets/Furniture Mega Pack/Textures/Tables/Table22/Table22_mat_Table22_MetallicSmoothness.png
  artifactKey: Guid(2c09459c9252b444fab71943c2d25a3f) Importer(2089858483,192608db42251d675da83286b1cce702)
Start importing Assets/Furniture Mega Pack/Textures/Tables/Table22/Table22_mat_Table22_MetallicSmoothness.png using Guid(2c09459c9252b444fab71943c2d25a3f) Importer(2089858483,192608db42251d675da83286b1cce702) (ScriptedImporter) -> (artifact id: '74e506e3104799333d67a7edd687bb5c') in 0.0198113 seconds
Number of updated asset objects reloaded before import = 0Number of asset objects unloaded after import = 1

========================================================================
Received Import Request.
  Time since last request: 0.000010 seconds.
  path: Assets/Furniture Mega Pack/Prefabs/Closets/Closet34.prefab
  artifactKey: Guid(c8d95f0c0a8b2b842825cbe98c223ad1) Importer(2089858483,192608db42251d675da83286b1cce702)
Start importing Assets/Furniture Mega Pack/Prefabs/Closets/Closet34.prefab using Guid(c8d95f0c0a8b2b842825cbe98c223ad1) Importer(2089858483,192608db42251d675da83286b1cce702) (ScriptedImporter) -> (artifact id: '911cc8365d97df71ee72a737296d587c') in 0.0202705 seconds
Number of updated asset objects reloaded before import = 0Number of asset objects unloaded after import = 9

========================================================================
Received Import Request.
  Time since last request: 0.000015 seconds.
  path: Assets/Furniture Mega Pack/Prefabs/Beds/Bed10.prefab
  artifactKey: Guid(a551ff7a34d1ee147929a63a3833bb02) Importer(2089858483,192608db42251d675da83286b1cce702)
Start importing Assets/Furniture Mega Pack/Prefabs/Beds/Bed10.prefab using Guid(a551ff7a34d1ee147929a63a3833bb02) Importer(2089858483,192608db42251d675da83286b1cce702) (ScriptedImporter) -> (artifact id: '389b1ab17dadc94d1f76871b12f50948') in 0.0217346 seconds
Number of updated asset objects reloaded before import = 0Number of asset objects unloaded after import = 19

========================================================================
Received Import Request.
  Time since last request: 0.000023 seconds.
  path: Assets/Furniture Mega Pack/Prefabs/Sofas/Sofa03.prefab
  artifactKey: Guid(7e8fe2dc995805846973e5c953634d39) Importer(2089858483,192608db42251d675da83286b1cce702)
Start importing Assets/Furniture Mega Pack/Prefabs/Sofas/Sofa03.prefab using Guid(7e8fe2dc995805846973e5c953634d39) Importer(2089858483,192608db42251d675da83286b1cce702) (ScriptedImporter) -> (artifact id: 'a9f669126bf3ce4a97b7d7b4a654b77e') in 0.0200246 seconds
Number of updated asset objects reloaded before import = 0Number of asset objects unloaded after import = 9

========================================================================
Received Import Request.
  Time since last request: 0.000014 seconds.
  path: Assets/Furniture Mega Pack/Prefabs/Tables/Table06.prefab
  artifactKey: Guid(6ab4ae09e0afd464a87afd49c0135816) Importer(2089858483,192608db42251d675da83286b1cce702)
Start importing Assets/Furniture Mega Pack/Prefabs/Tables/Table06.prefab using Guid(6ab4ae09e0afd464a87afd49c0135816) Importer(2089858483,192608db42251d675da83286b1cce702) (ScriptedImporter) -> (artifact id: '8d8d75a12ac7b11ee1820a380ff2aa3e') in 0.0213505 seconds
Number of updated asset objects reloaded before import = 0Number of asset objects unloaded after import = 9

========================================================================
Received Import Request.
  Time since last request: 0.000011 seconds.
  path: Assets/Furniture Mega Pack/Materials/Sofa/mat_Sofa34.mat
  artifactKey: Guid(038aff212cab117449ed12f6a6033995) Importer(2089858483,192608db42251d675da83286b1cce702)
Start importing Assets/Furniture Mega Pack/Materials/Sofa/mat_Sofa34.mat using Guid(038aff212cab117449ed12f6a6033995) Importer(2089858483,192608db42251d675da83286b1cce702) (ScriptedImporter) -> (artifact id: '33f44c8ca5e72f9592c5f29046d6c5fb') in 0.0180207 seconds
Number of updated asset objects reloaded before import = 0Number of asset objects unloaded after import = 4

========================================================================
Received Import Request.
  Time since last request: 0.000014 seconds.
  path: Assets/Furniture Mega Pack/FBX/Bed/Bed33.fbx
  artifactKey: Guid(2389ca64e6bc3424284896078cdd9e5e) Importer(2089858483,192608db42251d675da83286b1cce702)
Start importing Assets/Furniture Mega Pack/FBX/Bed/Bed33.fbx using Guid(2389ca64e6bc3424284896078cdd9e5e) Importer(2089858483,192608db42251d675da83286b1cce702) (ScriptedImporter) -> (artifact id: '52002cd93bd490ad931a0eb6146ebcc3') in 0.0281132 seconds
Number of updated asset objects reloaded before import = 0Number of asset objects unloaded after import = 18

========================================================================
Received Import Request.
  Time since last request: 0.000012 seconds.
  path: Assets/Furniture Mega Pack/Textures/Tables/Table39/Table39_mat_Table39_AlbedoTransparency.png
  artifactKey: Guid(8708129dc4125ca418861fc24e7c9330) Importer(2089858483,192608db42251d675da83286b1cce702)
Start importing Assets/Furniture Mega Pack/Textures/Tables/Table39/Table39_mat_Table39_AlbedoTransparency.png using Guid(8708129dc4125ca418861fc24e7c9330) Importer(2089858483,192608db42251d675da83286b1cce702) (ScriptedImporter) -> (artifact id: 'b29256556ba7cd7960bf7225e2542799') in 0.0186449 seconds
Number of updated asset objects reloaded before import = 0Number of asset objects unloaded after import = 1

========================================================================
Received Import Request.
  Time since last request: 0.000011 seconds.
  path: Assets/Furniture Mega Pack/Prefabs/Cushioins/Cushion40.prefab
  artifactKey: Guid(8c5fd8271cd0b7a4390b77555304517c) Importer(2089858483,192608db42251d675da83286b1cce702)
Start importing Assets/Furniture Mega Pack/Prefabs/Cushioins/Cushion40.prefab using Guid(8c5fd8271cd0b7a4390b77555304517c) Importer(2089858483,192608db42251d675da83286b1cce702) (ScriptedImporter) -> (artifact id: 'fca31392d31957a9cce332bc87b99d89') in 0.0193322 seconds
Number of updated asset objects reloaded before import = 0Number of asset objects unloaded after import = 9

========================================================================
Received Import Request.
  Time since last request: 0.000036 seconds.
  path: Assets/Furniture Mega Pack/Textures/Chairs/Chair28/Chair28_mat_Chair28_Normal.png
  artifactKey: Guid(f917a9affce41d74e9d8dfae4cebc85d) Importer(2089858483,192608db42251d675da83286b1cce702)
Start importing Assets/Furniture Mega Pack/Textures/Chairs/Chair28/Chair28_mat_Chair28_Normal.png using Guid(f917a9affce41d74e9d8dfae4cebc85d) Importer(2089858483,192608db42251d675da83286b1cce702) (ScriptedImporter) -> (artifact id: 'a858da16afb0c4f2aa03f9421a18bc19') in 0.0200562 seconds
Number of updated asset objects reloaded before import = 0Number of asset objects unloaded after import = 1

========================================================================
Received Import Request.
  Time since last request: 0.000022 seconds.
  path: Assets/Furniture Mega Pack/Textures/Sofas/Sofa14/Sofa14_mat_Sofa14_MetallicSmoothness.png
  artifactKey: Guid(ebd08095d06201e429e3af290a6f8c2c) Importer(2089858483,192608db42251d675da83286b1cce702)
Start importing Assets/Furniture Mega Pack/Textures/Sofas/Sofa14/Sofa14_mat_Sofa14_MetallicSmoothness.png using Guid(ebd08095d06201e429e3af290a6f8c2c) Importer(2089858483,192608db42251d675da83286b1cce702) (ScriptedImporter) -> (artifact id: '0565ab420f8bf35ab5509a1c785b200c') in 0.0196403 seconds
Number of updated asset objects reloaded before import = 0Number of asset objects unloaded after import = 1

========================================================================
Received Import Request.
  Time since last request: 0.000012 seconds.
  path: Assets/Furniture Mega Pack/Prefabs/Kitchen/CabinetE05.prefab
  artifactKey: Guid(49307a3d73698dd4389700e4747a2bde) Importer(2089858483,192608db42251d675da83286b1cce702)
Start importing Assets/Furniture Mega Pack/Prefabs/Kitchen/CabinetE05.prefab using Guid(49307a3d73698dd4389700e4747a2bde) Importer(2089858483,192608db42251d675da83286b1cce702) (ScriptedImporter) -> (artifact id: '5577baf71f07e2473e04547d3905a31a') in 0.0194931 seconds
Number of updated asset objects reloaded before import = 0Number of asset objects unloaded after import = 14

========================================================================
Received Import Request.
  Time since last request: 0.000010 seconds.
  path: Assets/Furniture Mega Pack/Prefabs/Cushioins
  artifactKey: Guid(5da641375c15700478b2df83a822e9fd) Importer(2089858483,192608db42251d675da83286b1cce702)
Start importing Assets/Furniture Mega Pack/Prefabs/Cushioins using Guid(5da641375c15700478b2df83a822e9fd) Importer(2089858483,192608db42251d675da83286b1cce702) (ScriptedImporter) -> (artifact id: '3fb4d8d3c34627b3cbf67e36ed46816f') in 0.0090574 seconds
Number of updated asset objects reloaded before import = 0Number of asset objects unloaded after import = 1

========================================================================
Received Import Request.
  Time since last request: 0.000013 seconds.
  path: Assets/Furniture Mega Pack/Prefabs/Drawers/Drawer43.prefab
  artifactKey: Guid(1fe4512e4638b3e438c4e563f84112f7) Importer(2089858483,192608db42251d675da83286b1cce702)
Start importing Assets/Furniture Mega Pack/Prefabs/Drawers/Drawer43.prefab using Guid(1fe4512e4638b3e438c4e563f84112f7) Importer(2089858483,192608db42251d675da83286b1cce702) (ScriptedImporter) -> (artifact id: '2d2cd46422a558acbd357c2241149d14') in 0.0215592 seconds
Number of updated asset objects reloaded before import = 0Number of asset objects unloaded after import = 24

========================================================================
Received Import Request.
  Time since last request: 0.000013 seconds.
  path: Assets/Furniture Mega Pack/FBX/Bathroom/TowelHanger01.fbx
  artifactKey: Guid(9667dc0035450ce4fa59772d230c34a4) Importer(2089858483,192608db42251d675da83286b1cce702)
Start importing Assets/Furniture Mega Pack/FBX/Bathroom/TowelHanger01.fbx using Guid(9667dc0035450ce4fa59772d230c34a4) Importer(2089858483,192608db42251d675da83286b1cce702) (ScriptedImporter) -> (artifact id: 'e3747d049a41a7cd6059add4a1e361e4') in 0.0259407 seconds
Number of updated asset objects reloaded before import = 0Number of asset objects unloaded after import = 10

========================================================================
Received Import Request.
  Time since last request: 0.000012 seconds.
  path: Assets/Furniture Mega Pack/Textures/Chairs/Chair25
  artifactKey: Guid(1f8a6c862768fb84ba496565ce078180) Importer(2089858483,192608db42251d675da83286b1cce702)
Start importing Assets/Furniture Mega Pack/Textures/Chairs/Chair25 using Guid(1f8a6c862768fb84ba496565ce078180) Importer(2089858483,192608db42251d675da83286b1cce702) (ScriptedImporter) -> (artifact id: '546dc8ad39badacc45172ea03e6ed40e') in 0.0101624 seconds
Number of updated asset objects reloaded before import = 0Number of asset objects unloaded after import = 1

========================================================================
Received Import Request.
  Time since last request: 0.000013 seconds.
  path: Assets/Furniture Mega Pack/Prefabs/Kitchen/CabinetA01.prefab
  artifactKey: Guid(a142761de3c41744fa2aed922a70913e) Importer(2089858483,192608db42251d675da83286b1cce702)
Start importing Assets/Furniture Mega Pack/Prefabs/Kitchen/CabinetA01.prefab using Guid(a142761de3c41744fa2aed922a70913e) Importer(2089858483,192608db42251d675da83286b1cce702) (ScriptedImporter) -> (artifact id: 'a3cd6944ca1690757d6769221e91cd46') in 0.0202059 seconds
Number of updated asset objects reloaded before import = 0Number of asset objects unloaded after import = 14

========================================================================
Received Import Request.
  Time since last request: 0.000020 seconds.
  path: Assets/Furniture Mega Pack/Textures/Sofas/Sofa17
  artifactKey: Guid(ad7760cd89deedc45a1a3b2caa9d1354) Importer(2089858483,192608db42251d675da83286b1cce702)
Start importing Assets/Furniture Mega Pack/Textures/Sofas/Sofa17 using Guid(ad7760cd89deedc45a1a3b2caa9d1354) Importer(2089858483,192608db42251d675da83286b1cce702) (ScriptedImporter) -> (artifact id: 'f901486d04bfa481c4f3dd41bcf2d46d') in 0.0093598 seconds
Number of updated asset objects reloaded before import = 0Number of asset objects unloaded after import = 1

========================================================================
Received Import Request.
  Time since last request: 0.000011 seconds.
  path: Assets/Furniture Mega Pack/Textures/Chairs/Chair48/Chair48_mat_Chair48_AlbedoTransparency.png
  artifactKey: Guid(7ef19fdce0f06a34a802ef61cd9298e2) Importer(2089858483,192608db42251d675da83286b1cce702)
Start importing Assets/Furniture Mega Pack/Textures/Chairs/Chair48/Chair48_mat_Chair48_AlbedoTransparency.png using Guid(7ef19fdce0f06a34a802ef61cd9298e2) Importer(2089858483,192608db42251d675da83286b1cce702) (ScriptedImporter) -> (artifact id: '2d515d1a3e5d1fd0012f9dad7d6b02c5') in 0.0167155 seconds
Number of updated asset objects reloaded before import = 0Number of asset objects unloaded after import = 1

========================================================================
Received Import Request.
  Time since last request: 0.000012 seconds.
  path: Assets/Furniture Mega Pack/FBX/Table/Table22.fbx
  artifactKey: Guid(8d9310b35c4c803499dee6097ecf1d7f) Importer(2089858483,192608db42251d675da83286b1cce702)
Start importing Assets/Furniture Mega Pack/FBX/Table/Table22.fbx using Guid(8d9310b35c4c803499dee6097ecf1d7f) Importer(2089858483,192608db42251d675da83286b1cce702) (ScriptedImporter) -> (artifact id: 'dccb67e26100edd329d54b4312e7b63d') in 0.0201574 seconds
Number of updated asset objects reloaded before import = 0Number of asset objects unloaded after import = 8

========================================================================
Received Import Request.
  Time since last request: 0.000012 seconds.
  path: Assets/Furniture Mega Pack/Materials/Table/mat_Table25.mat
  artifactKey: Guid(29e45cd1a9788b34589d7c8b5605097e) Importer(2089858483,192608db42251d675da83286b1cce702)
Start importing Assets/Furniture Mega Pack/Materials/Table/mat_Table25.mat using Guid(29e45cd1a9788b34589d7c8b5605097e) Importer(2089858483,192608db42251d675da83286b1cce702) (ScriptedImporter) -> (artifact id: '761aec85efe84c4fd2d72a6320523407') in 0.0152761 seconds
Number of updated asset objects reloaded before import = 0Number of asset objects unloaded after import = 4

========================================================================
Received Import Request.
  Time since last request: 0.000010 seconds.
  path: Assets/Furniture Mega Pack/Textures/Bed/BedFrame/AtlasTexture_BedFrame_AtlasTexture_BedFrame_Normal.png
  artifactKey: Guid(b03da7d53f5d6cf4380a818f033a0d61) Importer(2089858483,192608db42251d675da83286b1cce702)
Start importing Assets/Furniture Mega Pack/Textures/Bed/BedFrame/AtlasTexture_BedFrame_AtlasTexture_BedFrame_Normal.png using Guid(b03da7d53f5d6cf4380a818f033a0d61) Importer(2089858483,192608db42251d675da83286b1cce702) (ScriptedImporter) -> (artifact id: '53f6793e59a5ad5e57e8e5cde9ceb074') in 0.0190386 seconds
Number of updated asset objects reloaded before import = 0Number of asset objects unloaded after import = 1

========================================================================
Received Import Request.
  Time since last request: 0.000013 seconds.
  path: Assets/Furniture Mega Pack/Textures/Sofas/Sofa16/Sofa16_mat_Sofa16_AlbedoTransparency.png
  artifactKey: Guid(5ffffced30ca58d4a837a98ae745a560) Importer(2089858483,192608db42251d675da83286b1cce702)
Start importing Assets/Furniture Mega Pack/Textures/Sofas/Sofa16/Sofa16_mat_Sofa16_AlbedoTransparency.png using Guid(5ffffced30ca58d4a837a98ae745a560) Importer(2089858483,192608db42251d675da83286b1cce702) (ScriptedImporter) -> (artifact id: 'c3e5646c7dc3d4015090c14066c6e9d0') in 0.0177551 seconds
Number of updated asset objects reloaded before import = 0Number of asset objects unloaded after import = 1

========================================================================
Received Import Request.
  Time since last request: 0.000020 seconds.
  path: Assets/Furniture Mega Pack/Prefabs/Kitchen/Refrigerator03.prefab
  artifactKey: Guid(e7b798f3214e48848ae8607c68f39241) Importer(2089858483,192608db42251d675da83286b1cce702)
Start importing Assets/Furniture Mega Pack/Prefabs/Kitchen/Refrigerator03.prefab using Guid(e7b798f3214e48848ae8607c68f39241) Importer(2089858483,192608db42251d675da83286b1cce702) (ScriptedImporter) -> (artifact id: '6be2e30d8d708b1c49c965197e6a6bce') in 0.0228948 seconds
Number of updated asset objects reloaded before import = 0Number of asset objects unloaded after import = 39

========================================================================
Received Import Request.
  Time since last request: 0.000023 seconds.
  path: Assets/Furniture Mega Pack/Textures/Tables/Table21
  artifactKey: Guid(75920555dd466c3408ade3332890185e) Importer(2089858483,192608db42251d675da83286b1cce702)
Start importing Assets/Furniture Mega Pack/Textures/Tables/Table21 using Guid(75920555dd466c3408ade3332890185e) Importer(2089858483,192608db42251d675da83286b1cce702) (ScriptedImporter) -> (artifact id: 'b042cb162b5a7110443d17cef764d719') in 0.0109602 seconds
Number of updated asset objects reloaded before import = 0Number of asset objects unloaded after import = 1

========================================================================
Received Import Request.
  Time since last request: 0.000014 seconds.
  path: Assets/Furniture Mega Pack/Textures/Cushions/Cushion41_48/Cushion41_48_mat_Cushion41_48_AlbedoTransparency.png
  artifactKey: Guid(3b6f7cdd41952db428c935efffbca4fe) Importer(2089858483,192608db42251d675da83286b1cce702)
Start importing Assets/Furniture Mega Pack/Textures/Cushions/Cushion41_48/Cushion41_48_mat_Cushion41_48_AlbedoTransparency.png using Guid(3b6f7cdd41952db428c935efffbca4fe) Importer(2089858483,192608db42251d675da83286b1cce702) (ScriptedImporter) -> (artifact id: '82643146f77aff43239c4dc04d9e81fc') in 0.02098 seconds
Number of updated asset objects reloaded before import = 0Number of asset objects unloaded after import = 1

========================================================================
Received Import Request.
  Time since last request: 0.000012 seconds.
  path: Assets/Furniture Mega Pack/Textures/Tables/Table18/Table18_mat_Table18_AlbedoTransparency.png
  artifactKey: Guid(6caea1c8d66b3f14db099033a5037f00) Importer(2089858483,192608db42251d675da83286b1cce702)
Start importing Assets/Furniture Mega Pack/Textures/Tables/Table18/Table18_mat_Table18_AlbedoTransparency.png using Guid(6caea1c8d66b3f14db099033a5037f00) Importer(2089858483,192608db42251d675da83286b1cce702) (ScriptedImporter) -> (artifact id: '7f39573e6c02c78e823013c2d487f718') in 0.0172915 seconds
Number of updated asset objects reloaded before import = 0Number of asset objects unloaded after import = 1

========================================================================
Received Import Request.
  Time since last request: 0.000017 seconds.
  path: Assets/Furniture Mega Pack/Prefabs/Chairs/Chair39.prefab
  artifactKey: Guid(da30b04cd2a2f1f4c97ed51b3e84bcd2) Importer(2089858483,192608db42251d675da83286b1cce702)
Start importing Assets/Furniture Mega Pack/Prefabs/Chairs/Chair39.prefab using Guid(da30b04cd2a2f1f4c97ed51b3e84bcd2) Importer(2089858483,192608db42251d675da83286b1cce702) (ScriptedImporter) -> (artifact id: '7422b9665562aed56d24ed165caf8f84') in 0.0223132 seconds
Number of updated asset objects reloaded before import = 0Number of asset objects unloaded after import = 9

========================================================================
Received Import Request.
  Time since last request: 0.000011 seconds.
  path: Assets/Furniture Mega Pack/Textures/Tables/Table23
  artifactKey: Guid(f3c98da1361b4834d84bda7c2f60d234) Importer(2089858483,192608db42251d675da83286b1cce702)
Start importing Assets/Furniture Mega Pack/Textures/Tables/Table23 using Guid(f3c98da1361b4834d84bda7c2f60d234) Importer(2089858483,192608db42251d675da83286b1cce702) (ScriptedImporter) -> (artifact id: '97da0c478ddc7207464e67008a201254') in 0.0108792 seconds
Number of updated asset objects reloaded before import = 0Number of asset objects unloaded after import = 1

========================================================================
Received Import Request.
  Time since last request: 0.000011 seconds.
  path: Assets/Furniture Mega Pack/Prefabs/Drawers/Drawer11.prefab
  artifactKey: Guid(de6a99b864840fc4f9690f2a68a8c01b) Importer(2089858483,192608db42251d675da83286b1cce702)
Start importing Assets/Furniture Mega Pack/Prefabs/Drawers/Drawer11.prefab using Guid(de6a99b864840fc4f9690f2a68a8c01b) Importer(2089858483,192608db42251d675da83286b1cce702) (ScriptedImporter) -> (artifact id: '729f53e5b26345383a02b44ecc882d40') in 0.0174223 seconds
Number of updated asset objects reloaded before import = 0Number of asset objects unloaded after import = 24

========================================================================
Received Import Request.
  Time since last request: 0.000013 seconds.
  path: Assets/Furniture Mega Pack/Prefabs/Bathroom/TissueHanger03.prefab
  artifactKey: Guid(f5b1159ce08f567478395974f850cf29) Importer(2089858483,192608db42251d675da83286b1cce702)
Start importing Assets/Furniture Mega Pack/Prefabs/Bathroom/TissueHanger03.prefab using Guid(f5b1159ce08f567478395974f850cf29) Importer(2089858483,192608db42251d675da83286b1cce702) (ScriptedImporter) -> (artifact id: 'e89844a79661f3efa88080d5aacabedc') in 0.0185893 seconds
Number of updated asset objects reloaded before import = 0Number of asset objects unloaded after import = 14

========================================================================
Received Import Request.
  Time since last request: 0.000017 seconds.
  path: Assets/Furniture Mega Pack/Materials/Sofa/mat_Sofa25.mat
  artifactKey: Guid(212a2ec175c2a5e43bebced4cef5aae8) Importer(2089858483,192608db42251d675da83286b1cce702)
Start importing Assets/Furniture Mega Pack/Materials/Sofa/mat_Sofa25.mat using Guid(212a2ec175c2a5e43bebced4cef5aae8) Importer(2089858483,192608db42251d675da83286b1cce702) (ScriptedImporter) -> (artifact id: '1292d27f53c8d59cc4c995f85ddde125') in 0.0168975 seconds
Number of updated asset objects reloaded before import = 0Number of asset objects unloaded after import = 4

========================================================================
Received Import Request.
  Time since last request: 0.000012 seconds.
  path: Assets/Furniture Mega Pack/Prefabs/Drawers/Drawer33.prefab
  artifactKey: Guid(8d397b5f56bf4ea409c9d529ea69ad1e) Importer(2089858483,192608db42251d675da83286b1cce702)
Start importing Assets/Furniture Mega Pack/Prefabs/Drawers/Drawer33.prefab using Guid(8d397b5f56bf4ea409c9d529ea69ad1e) Importer(2089858483,192608db42251d675da83286b1cce702) (ScriptedImporter) -> (artifact id: 'f77a39ccb9cbc1b1ae37ce873f4038a3') in 0.0204816 seconds
Number of updated asset objects reloaded before import = 0Number of asset objects unloaded after import = 39

========================================================================
Received Import Request.
  Time since last request: 0.000010 seconds.
  path: Assets/Furniture Mega Pack/Prefabs/Drawers/Drawer22.prefab
  artifactKey: Guid(a959be90b0c0a314d8f6f83279a93b56) Importer(2089858483,192608db42251d675da83286b1cce702)
Start importing Assets/Furniture Mega Pack/Prefabs/Drawers/Drawer22.prefab using Guid(a959be90b0c0a314d8f6f83279a93b56) Importer(2089858483,192608db42251d675da83286b1cce702) (ScriptedImporter) -> (artifact id: '8e3d87790885908150264d003ede252c') in 0.0217794 seconds
Number of updated asset objects reloaded before import = 0Number of asset objects unloaded after import = 29

========================================================================
Received Import Request.
  Time since last request: 0.000031 seconds.
  path: Assets/Furniture Mega Pack/Prefabs/Bathroom/WashBasin02.prefab
  artifactKey: Guid(6fbaee036fe391c459651218c11422f2) Importer(2089858483,192608db42251d675da83286b1cce702)
Start importing Assets/Furniture Mega Pack/Prefabs/Bathroom/WashBasin02.prefab using Guid(6fbaee036fe391c459651218c11422f2) Importer(2089858483,192608db42251d675da83286b1cce702) (ScriptedImporter) -> (artifact id: '2bc4f852e82b0b52ba548e2c609f1b8f') in 0.0195931 seconds
Number of updated asset objects reloaded before import = 0Number of asset objects unloaded after import = 19

========================================================================
Received Import Request.
  Time since last request: 0.000010 seconds.
  path: Assets/Furniture Mega Pack/FBX/Drawer/Drawer04.fbx
  artifactKey: Guid(da40664078afb344f88f7778a99fa716) Importer(2089858483,192608db42251d675da83286b1cce702)
Start importing Assets/Furniture Mega Pack/FBX/Drawer/Drawer04.fbx using Guid(da40664078afb344f88f7778a99fa716) Importer(2089858483,192608db42251d675da83286b1cce702) (ScriptedImporter) -> (artifact id: '32ab94810881b1e47a703adc31bc76ce') in 0.0327958 seconds
Number of updated asset objects reloaded before import = 0Number of asset objects unloaded after import = 25

========================================================================
Received Import Request.
  Time since last request: 0.000014 seconds.
  path: Assets/Furniture Mega Pack/Textures/Sofas/Sofa04/Sofa04_mat_Sofa04_MetallicSmoothness.png
  artifactKey: Guid(95f9e0ac4b987fc43956b3214373d21d) Importer(2089858483,192608db42251d675da83286b1cce702)
Start importing Assets/Furniture Mega Pack/Textures/Sofas/Sofa04/Sofa04_mat_Sofa04_MetallicSmoothness.png using Guid(95f9e0ac4b987fc43956b3214373d21d) Importer(2089858483,192608db42251d675da83286b1cce702) (ScriptedImporter) -> (artifact id: '0c92d64b272b19e83816930c315f5ca9') in 0.0233753 seconds
Number of updated asset objects reloaded before import = 0Number of asset objects unloaded after import = 1

========================================================================
Received Import Request.
  Time since last request: 0.000013 seconds.
  path: Assets/Furniture Mega Pack/Prefabs/Bathroom/Toilet06.prefab
  artifactKey: Guid(7df38236afef9fd4dab40ceef5d8504f) Importer(2089858483,192608db42251d675da83286b1cce702)
Start importing Assets/Furniture Mega Pack/Prefabs/Bathroom/Toilet06.prefab using Guid(7df38236afef9fd4dab40ceef5d8504f) Importer(2089858483,192608db42251d675da83286b1cce702) (ScriptedImporter) -> (artifact id: 'acdae2a9076fb68e09cbaa07cc3e88b0') in 0.0226017 seconds
Number of updated asset objects reloaded before import = 0Number of asset objects unloaded after import = 29

========================================================================
Received Import Request.
  Time since last request: 0.000026 seconds.
  path: Assets/Furniture Mega Pack/Textures/Chairs/Chair32/Chair32_mat_Chair32_Normal.png
  artifactKey: Guid(e62a9bcb45152384d9bb46620b50676d) Importer(2089858483,192608db42251d675da83286b1cce702)
Start importing Assets/Furniture Mega Pack/Textures/Chairs/Chair32/Chair32_mat_Chair32_Normal.png using Guid(e62a9bcb45152384d9bb46620b50676d) Importer(2089858483,192608db42251d675da83286b1cce702) (ScriptedImporter) -> (artifact id: '77f02eb85dd88c8fda04f498d25b2bef') in 0.0201504 seconds
Number of updated asset objects reloaded before import = 0Number of asset objects unloaded after import = 1

========================================================================
Received Import Request.
  Time since last request: 0.000012 seconds.
  path: Assets/Furniture Mega Pack/Textures/Tables/Table20/Table20_mat_Table20_Normal.png
  artifactKey: Guid(57a5d887d5efaed46a493478ba249210) Importer(2089858483,192608db42251d675da83286b1cce702)
Start importing Assets/Furniture Mega Pack/Textures/Tables/Table20/Table20_mat_Table20_Normal.png using Guid(57a5d887d5efaed46a493478ba249210) Importer(2089858483,192608db42251d675da83286b1cce702) (ScriptedImporter) -> (artifact id: '6a134b8837479841e93cc9147961a5d4') in 0.0169526 seconds
Number of updated asset objects reloaded before import = 0Number of asset objects unloaded after import = 1

========================================================================
Received Import Request.
  Time since last request: 0.000011 seconds.
  path: Assets/Furniture Mega Pack/Textures/Chairs/Chair47/Chair47_mat_Chair47_MetallicSmoothness.png
  artifactKey: Guid(5758bb91468306d4881c8c4220552814) Importer(2089858483,192608db42251d675da83286b1cce702)
Start importing Assets/Furniture Mega Pack/Textures/Chairs/Chair47/Chair47_mat_Chair47_MetallicSmoothness.png using Guid(5758bb91468306d4881c8c4220552814) Importer(2089858483,192608db42251d675da83286b1cce702) (ScriptedImporter) -> (artifact id: '2023705c7347e217a0ca88bb01514ec6') in 0.0183969 seconds
Number of updated asset objects reloaded before import = 0Number of asset objects unloaded after import = 1

========================================================================
Received Import Request.
  Time since last request: 0.000010 seconds.
  path: Assets/Furniture Mega Pack/Materials/Chair/mat_Chair21.mat
  artifactKey: Guid(126b07534514c744da1c79c300f021f8) Importer(2089858483,192608db42251d675da83286b1cce702)
Start importing Assets/Furniture Mega Pack/Materials/Chair/mat_Chair21.mat using Guid(126b07534514c744da1c79c300f021f8) Importer(2089858483,192608db42251d675da83286b1cce702) (ScriptedImporter) -> (artifact id: '93fa0cb5e7ed562f592e9e6af1d35110') in 0.0171091 seconds
Number of updated asset objects reloaded before import = 0Number of asset objects unloaded after import = 4

========================================================================
Received Import Request.
  Time since last request: 0.000011 seconds.
  path: Assets/Furniture Mega Pack/Prefabs/Cushioins/Cushion02.prefab
  artifactKey: Guid(b670f9ea72df69d4d8d0c5398d6d1ae3) Importer(2089858483,192608db42251d675da83286b1cce702)
Start importing Assets/Furniture Mega Pack/Prefabs/Cushioins/Cushion02.prefab using Guid(b670f9ea72df69d4d8d0c5398d6d1ae3) Importer(2089858483,192608db42251d675da83286b1cce702) (ScriptedImporter) -> (artifact id: '057cd2643486224c7de1404bf467fe2f') in 0.0191372 seconds
Number of updated asset objects reloaded before import = 0Number of asset objects unloaded after import = 9

========================================================================
Received Import Request.
  Time since last request: 0.000011 seconds.
  path: Assets/Furniture Mega Pack/Textures/Cushions/Cushion01_08/Cushion01_08_mat_Cushion01_08_Normal.png
  artifactKey: Guid(44fca3d4e88470e4cac51892f0aecb23) Importer(2089858483,192608db42251d675da83286b1cce702)
Start importing Assets/Furniture Mega Pack/Textures/Cushions/Cushion01_08/Cushion01_08_mat_Cushion01_08_Normal.png using Guid(44fca3d4e88470e4cac51892f0aecb23) Importer(2089858483,192608db42251d675da83286b1cce702) (ScriptedImporter) -> (artifact id: 'fda06f1f084e432190bf611da5f004f6') in 0.019099 seconds
Number of updated asset objects reloaded before import = 0Number of asset objects unloaded after import = 1

========================================================================
Received Import Request.
  Time since last request: 0.000013 seconds.
  path: Assets/Furniture Mega Pack/FBX/Table/Table04.fbx
  artifactKey: Guid(aea1a1abdf09ca849890eb1625c14c5e) Importer(2089858483,192608db42251d675da83286b1cce702)
Start importing Assets/Furniture Mega Pack/FBX/Table/Table04.fbx using Guid(aea1a1abdf09ca849890eb1625c14c5e) Importer(2089858483,192608db42251d675da83286b1cce702) (ScriptedImporter) -> (artifact id: 'ea82169be142f3da8154adf05bfd49df') in 0.0203465 seconds
Number of updated asset objects reloaded before import = 0Number of asset objects unloaded after import = 8

========================================================================
Received Import Request.
  Time since last request: 0.000015 seconds.
  path: Assets/Furniture Mega Pack/Textures/Chairs/Chair47/Chair47_mat_Chair47_AlbedoTransparency.png
  artifactKey: Guid(122a2e946a74ea24ba8bea4754ffa247) Importer(2089858483,192608db42251d675da83286b1cce702)
Start importing Assets/Furniture Mega Pack/Textures/Chairs/Chair47/Chair47_mat_Chair47_AlbedoTransparency.png using Guid(122a2e946a74ea24ba8bea4754ffa247) Importer(2089858483,192608db42251d675da83286b1cce702) (ScriptedImporter) -> (artifact id: '93e2826ec031004f1f8799187dca950c') in 0.0189431 seconds
Number of updated asset objects reloaded before import = 0Number of asset objects unloaded after import = 1

========================================================================
Received Import Request.
  Time since last request: 0.000012 seconds.
  path: Assets/Furniture Mega Pack/Materials/Table/mat_Table08.mat
  artifactKey: Guid(a2a87fc8b7793e04da204a9e8afb5c0e) Importer(2089858483,192608db42251d675da83286b1cce702)
Start importing Assets/Furniture Mega Pack/Materials/Table/mat_Table08.mat using Guid(a2a87fc8b7793e04da204a9e8afb5c0e) Importer(2089858483,192608db42251d675da83286b1cce702) (ScriptedImporter) -> (artifact id: 'b6656b99715c4f8e3dfc645615c1da09') in 0.0168408 seconds
Number of updated asset objects reloaded before import = 0Number of asset objects unloaded after import = 4

========================================================================
Received Import Request.
  Time since last request: 0.000012 seconds.
  path: Assets/Furniture Mega Pack/Materials/Chair/mat_Chair04.mat
  artifactKey: Guid(bace6e6b11ba2ee4299fcd7db3cd64c7) Importer(2089858483,192608db42251d675da83286b1cce702)
Start importing Assets/Furniture Mega Pack/Materials/Chair/mat_Chair04.mat using Guid(bace6e6b11ba2ee4299fcd7db3cd64c7) Importer(2089858483,192608db42251d675da83286b1cce702) (ScriptedImporter) -> (artifact id: '9bafde323c6aa7de639d0d2bada997d0') in 0.0206269 seconds
Number of updated asset objects reloaded before import = 0Number of asset objects unloaded after import = 5

========================================================================
Received Import Request.
  Time since last request: 0.000011 seconds.
  path: Assets/Furniture Mega Pack/FBX/Chair/Chair40.fbx
  artifactKey: Guid(e7d4866b069e6614eba7a8f87c422fc6) Importer(2089858483,192608db42251d675da83286b1cce702)
Start importing Assets/Furniture Mega Pack/FBX/Chair/Chair40.fbx using Guid(e7d4866b069e6614eba7a8f87c422fc6) Importer(2089858483,192608db42251d675da83286b1cce702) (ScriptedImporter) -> (artifact id: 'a67ba7be039a245ff00c1c1beaaac437') in 0.0241765 seconds
Number of updated asset objects reloaded before import = 0Number of asset objects unloaded after import = 10

========================================================================
Received Import Request.
  Time since last request: 0.000012 seconds.
  path: Assets/Furniture Mega Pack/Textures/Tables/Table08/Table08_mat_Table08_MetallicSmoothness.png
  artifactKey: Guid(5b3fcbbe46eda5941a5ec287b5fdf024) Importer(2089858483,192608db42251d675da83286b1cce702)
Start importing Assets/Furniture Mega Pack/Textures/Tables/Table08/Table08_mat_Table08_MetallicSmoothness.png using Guid(5b3fcbbe46eda5941a5ec287b5fdf024) Importer(2089858483,192608db42251d675da83286b1cce702) (ScriptedImporter) -> (artifact id: '6cc2554a997553776cba2774aef783e2') in 0.0201352 seconds
Number of updated asset objects reloaded before import = 0Number of asset objects unloaded after import = 1

========================================================================
Received Import Request.
  Time since last request: 0.000012 seconds.
  path: Assets/Furniture Mega Pack/Prefabs/Kitchen/CabinetB07.prefab
  artifactKey: Guid(0b10fd9059c47cc47b4f5e58c8e41805) Importer(2089858483,192608db42251d675da83286b1cce702)
Start importing Assets/Furniture Mega Pack/Prefabs/Kitchen/CabinetB07.prefab using Guid(0b10fd9059c47cc47b4f5e58c8e41805) Importer(2089858483,192608db42251d675da83286b1cce702) (ScriptedImporter) -> (artifact id: '8249cf5c170c395a5bab22e33938eebe') in 0.0196877 seconds
Number of updated asset objects reloaded before import = 0Number of asset objects unloaded after import = 9

========================================================================
Received Import Request.
  Time since last request: 0.000013 seconds.
  path: Assets/Furniture Mega Pack/Textures/Tables/Table40/Table40_mat_Table40_Normal.png
  artifactKey: Guid(820cb13575a9a5d419041e3a03e24b9d) Importer(2089858483,192608db42251d675da83286b1cce702)
Start importing Assets/Furniture Mega Pack/Textures/Tables/Table40/Table40_mat_Table40_Normal.png using Guid(820cb13575a9a5d419041e3a03e24b9d) Importer(2089858483,192608db42251d675da83286b1cce702) (ScriptedImporter) -> (artifact id: '03e868701ab8f91156acc7a8f68f85ba') in 0.0181418 seconds
Number of updated asset objects reloaded before import = 0Number of asset objects unloaded after import = 1

========================================================================
Received Import Request.
  Time since last request: 0.000020 seconds.
  path: Assets/Furniture Mega Pack/Textures/Chairs/Chair35
  artifactKey: Guid(788bc33b025311a45a40e2fb8b20f14c) Importer(2089858483,192608db42251d675da83286b1cce702)
Start importing Assets/Furniture Mega Pack/Textures/Chairs/Chair35 using Guid(788bc33b025311a45a40e2fb8b20f14c) Importer(2089858483,192608db42251d675da83286b1cce702) (ScriptedImporter) -> (artifact id: 'c47501012b36330a0ea011bc7068ccf4') in 0.0086954 seconds
Number of updated asset objects reloaded before import = 0Number of asset objects unloaded after import = 1

========================================================================
Received Import Request.
  Time since last request: 0.000011 seconds.
  path: Assets/Furniture Mega Pack/Textures/Sofas/Sofa13/Sofa13_mat_Sofa13_Normal.png
  artifactKey: Guid(adb9a7e31bbab084c88ff063ff1e8641) Importer(2089858483,192608db42251d675da83286b1cce702)
Start importing Assets/Furniture Mega Pack/Textures/Sofas/Sofa13/Sofa13_mat_Sofa13_Normal.png using Guid(adb9a7e31bbab084c88ff063ff1e8641) Importer(2089858483,192608db42251d675da83286b1cce702) (ScriptedImporter) -> (artifact id: '2bac6c5057cf742c47980a30a72d8489') in 0.0213416 seconds
Number of updated asset objects reloaded before import = 0Number of asset objects unloaded after import = 1

========================================================================
Received Import Request.
  Time since last request: 0.000013 seconds.
  path: Assets/Furniture Mega Pack/Materials/mat_Floor.mat
  artifactKey: Guid(73251e2cf82b20a45bd5b549fd449e8e) Importer(2089858483,192608db42251d675da83286b1cce702)
Start importing Assets/Furniture Mega Pack/Materials/mat_Floor.mat using Guid(73251e2cf82b20a45bd5b549fd449e8e) Importer(2089858483,192608db42251d675da83286b1cce702) (ScriptedImporter) -> (artifact id: 'a41d6f486d87c729fbd8554693137150') in 0.0110244 seconds
Number of updated asset objects reloaded before import = 0Number of asset objects unloaded after import = 1

========================================================================
Received Import Request.
  Time since last request: 0.000013 seconds.
  path: Assets/Furniture Mega Pack/FBX/Chair/Chair30.fbx
  artifactKey: Guid(20dbc147e6a94274cb7d19959ab6266a) Importer(2089858483,192608db42251d675da83286b1cce702)
Start importing Assets/Furniture Mega Pack/FBX/Chair/Chair30.fbx using Guid(20dbc147e6a94274cb7d19959ab6266a) Importer(2089858483,192608db42251d675da83286b1cce702) (ScriptedImporter) -> (artifact id: '24b3ac1af7afb25557d0d1c035015c92') in 0.0246802 seconds
Number of updated asset objects reloaded before import = 0Number of asset objects unloaded after import = 10

========================================================================
Received Import Request.
  Time since last request: 0.000012 seconds.
  path: Assets/Furniture Mega Pack/Textures/Bed/Blanket/AtlasTexture_Blanket_DefaultMaterial_AlbedoTransparency.png
  artifactKey: Guid(f9f08585d412f6744ab68e2fe766082b) Importer(2089858483,192608db42251d675da83286b1cce702)
Start importing Assets/Furniture Mega Pack/Textures/Bed/Blanket/AtlasTexture_Blanket_DefaultMaterial_AlbedoTransparency.png using Guid(f9f08585d412f6744ab68e2fe766082b) Importer(2089858483,192608db42251d675da83286b1cce702) (ScriptedImporter) -> (artifact id: '5ac62457e0df90a34b61e791e76f8ab5') in 0.0226368 seconds
Number of updated asset objects reloaded before import = 0Number of asset objects unloaded after import = 1

========================================================================
Received Import Request.
  Time since last request: 0.000011 seconds.
  path: Assets/Furniture Mega Pack/Materials/Table/mat_Table19.mat
  artifactKey: Guid(b4e479d6dd9a9d0479aaf7328894b6a0) Importer(2089858483,192608db42251d675da83286b1cce702)
Start importing Assets/Furniture Mega Pack/Materials/Table/mat_Table19.mat using Guid(b4e479d6dd9a9d0479aaf7328894b6a0) Importer(2089858483,192608db42251d675da83286b1cce702) (ScriptedImporter) -> (artifact id: '87e2aca243f58774b5f8afe1fa7f5573') in 0.0169727 seconds
Number of updated asset objects reloaded before import = 0Number of asset objects unloaded after import = 4

========================================================================
Received Import Request.
  Time since last request: 0.000015 seconds.
  path: Assets/Furniture Mega Pack/Prefabs/Kitchen/MicrowaveOven04.prefab
  artifactKey: Guid(e6f65607f476f9d41852e008465e9590) Importer(2089858483,192608db42251d675da83286b1cce702)
Start importing Assets/Furniture Mega Pack/Prefabs/Kitchen/MicrowaveOven04.prefab using Guid(e6f65607f476f9d41852e008465e9590) Importer(2089858483,192608db42251d675da83286b1cce702) (ScriptedImporter) -> (artifact id: 'cbd7a3b750e2190b000472e2971ce899') in 0.022553 seconds
Number of updated asset objects reloaded before import = 0Number of asset objects unloaded after import = 34

========================================================================
Received Import Request.
  Time since last request: 0.000022 seconds.
  path: Assets/Furniture Mega Pack/Prefabs/Beds/Bed12.prefab
  artifactKey: Guid(c8f6d9a7c93ae9f4493b8eadbe833783) Importer(2089858483,192608db42251d675da83286b1cce702)
Start importing Assets/Furniture Mega Pack/Prefabs/Beds/Bed12.prefab using Guid(c8f6d9a7c93ae9f4493b8eadbe833783) Importer(2089858483,192608db42251d675da83286b1cce702) (ScriptedImporter) -> (artifact id: 'ff4e43c777ed8822fb2622e2c7a52c41') in 0.021024 seconds
Number of updated asset objects reloaded before import = 0Number of asset objects unloaded after import = 29

========================================================================
Received Import Request.
  Time since last request: 0.000012 seconds.
  path: Assets/Furniture Mega Pack/FBX/Kitchen/KitchenOven01.fbx
  artifactKey: Guid(4eb880a6e76040a4ebe8103bba9e2e5e) Importer(2089858483,192608db42251d675da83286b1cce702)
Start importing Assets/Furniture Mega Pack/FBX/Kitchen/KitchenOven01.fbx using Guid(4eb880a6e76040a4ebe8103bba9e2e5e) Importer(2089858483,192608db42251d675da83286b1cce702) (ScriptedImporter) -> (artifact id: 'e8177f7d0801ab5a92661c8fbd700768') in 0.0316263 seconds
Number of updated asset objects reloaded before import = 0Number of asset objects unloaded after import = 36

========================================================================
Received Import Request.
  Time since last request: 0.000014 seconds.
  path: Assets/Furniture Mega Pack/Prefabs/Closets/Closet12.prefab
  artifactKey: Guid(ca853db08f717ae49be58fb4c8ebe7c3) Importer(2089858483,192608db42251d675da83286b1cce702)
Start importing Assets/Furniture Mega Pack/Prefabs/Closets/Closet12.prefab using Guid(ca853db08f717ae49be58fb4c8ebe7c3) Importer(2089858483,192608db42251d675da83286b1cce702) (ScriptedImporter) -> (artifact id: 'a079179b54b78842ac33d40917d1779d') in 0.0219975 seconds
Number of updated asset objects reloaded before import = 0Number of asset objects unloaded after import = 9

========================================================================
Received Import Request.
  Time since last request: 0.000010 seconds.
  path: Assets/Furniture Mega Pack/Textures/Chairs/Chair39
  artifactKey: Guid(9238071e47baa164ea1feceef20b5c09) Importer(2089858483,192608db42251d675da83286b1cce702)
Start importing Assets/Furniture Mega Pack/Textures/Chairs/Chair39 using Guid(9238071e47baa164ea1feceef20b5c09) Importer(2089858483,192608db42251d675da83286b1cce702) (ScriptedImporter) -> (artifact id: '2de1d66468449967a3df50111f2bc400') in 0.0101092 seconds
Number of updated asset objects reloaded before import = 0Number of asset objects unloaded after import = 1

========================================================================
Received Import Request.
  Time since last request: 0.000013 seconds.
  path: Assets/Furniture Mega Pack/Prefabs/Kitchen/KitchenOven07.prefab
  artifactKey: Guid(9afeb3d44253fd646859764058d28b96) Importer(2089858483,192608db42251d675da83286b1cce702)
Start importing Assets/Furniture Mega Pack/Prefabs/Kitchen/KitchenOven07.prefab using Guid(9afeb3d44253fd646859764058d28b96) Importer(2089858483,192608db42251d675da83286b1cce702) (ScriptedImporter) -> (artifact id: 'd7cef3e1a77b36c64db81901898b51a5') in 0.0220777 seconds
Number of updated asset objects reloaded before import = 0Number of asset objects unloaded after import = 24

========================================================================
Received Import Request.
  Time since last request: 0.000012 seconds.
  path: Assets/Furniture Mega Pack/Textures/Sofas/Sofa01/Sofa01_mat_Sofa01_AlbedoTransparency.png
  artifactKey: Guid(818845b04f3610141ad2952e6d70b6a1) Importer(2089858483,192608db42251d675da83286b1cce702)
Start importing Assets/Furniture Mega Pack/Textures/Sofas/Sofa01/Sofa01_mat_Sofa01_AlbedoTransparency.png using Guid(818845b04f3610141ad2952e6d70b6a1) Importer(2089858483,192608db42251d675da83286b1cce702) (ScriptedImporter) -> (artifact id: '87205523f0a88cde635946c941c53225') in 0.0173962 seconds
Number of updated asset objects reloaded before import = 0Number of asset objects unloaded after import = 1

========================================================================
Received Import Request.
  Time since last request: 0.000013 seconds.
  path: Assets/Furniture Mega Pack/Prefabs/Kitchen/CabinetA03.prefab
  artifactKey: Guid(f13f8355b10051640b4a15727cbf2747) Importer(2089858483,192608db42251d675da83286b1cce702)
Start importing Assets/Furniture Mega Pack/Prefabs/Kitchen/CabinetA03.prefab using Guid(f13f8355b10051640b4a15727cbf2747) Importer(2089858483,192608db42251d675da83286b1cce702) (ScriptedImporter) -> (artifact id: 'b68c841272b387eb14c69d9269d5e706') in 0.0198115 seconds
Number of updated asset objects reloaded before import = 0Number of asset objects unloaded after import = 24

========================================================================
Received Import Request.
  Time since last request: 0.000017 seconds.
  path: Assets/Furniture Mega Pack/Textures/Tables/Table07/Table07_mat_Table07_AlbedoTransparency.png
  artifactKey: Guid(1380c4aca2bb2dd4cb91fb91b501a899) Importer(2089858483,192608db42251d675da83286b1cce702)
Start importing Assets/Furniture Mega Pack/Textures/Tables/Table07/Table07_mat_Table07_AlbedoTransparency.png using Guid(1380c4aca2bb2dd4cb91fb91b501a899) Importer(2089858483,192608db42251d675da83286b1cce702) (ScriptedImporter) -> (artifact id: '570afa9a8aa4f1ee8c6d932eb4767698') in 0.0210592 seconds
Number of updated asset objects reloaded before import = 0Number of asset objects unloaded after import = 1

========================================================================
Received Import Request.
  Time since last request: 0.000015 seconds.
  path: Assets/Furniture Mega Pack/Prefabs/Sofas/Sofa41.prefab
  artifactKey: Guid(36a1caa45d37b96409fc9288721c7fd5) Importer(2089858483,192608db42251d675da83286b1cce702)
Start importing Assets/Furniture Mega Pack/Prefabs/Sofas/Sofa41.prefab using Guid(36a1caa45d37b96409fc9288721c7fd5) Importer(2089858483,192608db42251d675da83286b1cce702) (ScriptedImporter) -> (artifact id: 'd5fc828abae09e20ebcd8025d3d2bfb0') in 0.0213399 seconds
Number of updated asset objects reloaded before import = 0Number of asset objects unloaded after import = 9

========================================================================
Received Import Request.
  Time since last request: 0.000013 seconds.
  path: Assets/Furniture Mega Pack/FBX/Bathroom/ShowerSystem02.fbx
  artifactKey: Guid(42d5717856933ab40a55a4ad51208092) Importer(2089858483,192608db42251d675da83286b1cce702)
Start importing Assets/Furniture Mega Pack/FBX/Bathroom/ShowerSystem02.fbx using Guid(42d5717856933ab40a55a4ad51208092) Importer(2089858483,192608db42251d675da83286b1cce702) (ScriptedImporter) -> (artifact id: '2f2920a12d14f6d0c766d586c555032b') in 0.0281795 seconds
Number of updated asset objects reloaded before import = 0Number of asset objects unloaded after import = 20

========================================================================
Received Import Request.
  Time since last request: 0.000011 seconds.
  path: Assets/Furniture Mega Pack/FBX/Sofa/Sofa06.fbx
  artifactKey: Guid(9d6950b02e7445f48b43fef7c252aa5c) Importer(2089858483,192608db42251d675da83286b1cce702)
Start importing Assets/Furniture Mega Pack/FBX/Sofa/Sofa06.fbx using Guid(9d6950b02e7445f48b43fef7c252aa5c) Importer(2089858483,192608db42251d675da83286b1cce702) (ScriptedImporter) -> (artifact id: '70592dc6ac4ac14616a1f10c1f174c64') in 0.0173029 seconds
Number of updated asset objects reloaded before import = 0Number of asset objects unloaded after import = 8

========================================================================
Received Import Request.
  Time since last request: 0.000010 seconds.
  path: Assets/Furniture Mega Pack/Materials/Table/mat_Table05.mat
  artifactKey: Guid(d7179129c8e953748b05cf886b064821) Importer(2089858483,192608db42251d675da83286b1cce702)
Start importing Assets/Furniture Mega Pack/Materials/Table/mat_Table05.mat using Guid(d7179129c8e953748b05cf886b064821) Importer(2089858483,192608db42251d675da83286b1cce702) (ScriptedImporter) -> (artifact id: '6b83222d6ef4c0c6298a09d53b91450c') in 0.0176693 seconds
Number of updated asset objects reloaded before import = 0Number of asset objects unloaded after import = 4

========================================================================
Received Import Request.
  Time since last request: 0.000010 seconds.
  path: Assets/Furniture Mega Pack/Textures/Tables/Table34/Table34_mat_Table34_Normal.png
  artifactKey: Guid(0d2a4c7f1092d19489136f7e46a6fb51) Importer(2089858483,192608db42251d675da83286b1cce702)
Start importing Assets/Furniture Mega Pack/Textures/Tables/Table34/Table34_mat_Table34_Normal.png using Guid(0d2a4c7f1092d19489136f7e46a6fb51) Importer(2089858483,192608db42251d675da83286b1cce702) (ScriptedImporter) -> (artifact id: '69250967ec73f4db63971050bb8548ff') in 0.0205927 seconds
Number of updated asset objects reloaded before import = 0Number of asset objects unloaded after import = 1

========================================================================
Received Import Request.
  Time since last request: 0.000013 seconds.
  path: Assets/Furniture Mega Pack/FBX/Bathroom/BathroomVanity02.fbx
  artifactKey: Guid(a150cb6b26d224240aaf90d5e5a244ea) Importer(2089858483,192608db42251d675da83286b1cce702)
Start importing Assets/Furniture Mega Pack/FBX/Bathroom/BathroomVanity02.fbx using Guid(a150cb6b26d224240aaf90d5e5a244ea) Importer(2089858483,192608db42251d675da83286b1cce702) (ScriptedImporter) -> (artifact id: 'f3b9c1fa883a1ce10e5d7009a49299f7') in 0.0294446 seconds
Number of updated asset objects reloaded before import = 0Number of asset objects unloaded after import = 20

========================================================================
Received Import Request.
  Time since last request: 0.000025 seconds.
  path: Assets/Furniture Mega Pack/Textures/Bathroom/Materials/AtlasTexture_BathroomCollection_BathroomCollection_MetallicSmoothness.mat
  artifactKey: Guid(25967fd7cd0a51d42a4aec88a6b0d3c5) Importer(2089858483,192608db42251d675da83286b1cce702)
Start importing Assets/Furniture Mega Pack/Textures/Bathroom/Materials/AtlasTexture_BathroomCollection_BathroomCollection_MetallicSmoothness.mat using Guid(25967fd7cd0a51d42a4aec88a6b0d3c5) Importer(2089858483,192608db42251d675da83286b1cce702) (ScriptedImporter) -> (artifact id: '7f76246fc559e30b63bc3c3debc9f057') in 0.0166935 seconds
Number of updated asset objects reloaded before import = 0Number of asset objects unloaded after import = 2

========================================================================
Received Import Request.
  Time since last request: 0.000011 seconds.
  path: Assets/Furniture Mega Pack/FBX/Kitchen/CabinetGset.fbx
  artifactKey: Guid(1ca788d3c9f8fc74686878f50ac113a7) Importer(2089858483,192608db42251d675da83286b1cce702)
Start importing Assets/Furniture Mega Pack/FBX/Kitchen/CabinetGset.fbx using Guid(1ca788d3c9f8fc74686878f50ac113a7) Importer(2089858483,192608db42251d675da83286b1cce702) (ScriptedImporter) -> (artifact id: 'a92f2c43d63f423aacafba925adea934') in 0.0408716 seconds
Number of updated asset objects reloaded before import = 0Number of asset objects unloaded after import = 112

========================================================================
Received Import Request.
  Time since last request: 0.000012 seconds.
  path: Assets/Furniture Mega Pack/Textures/Chairs/Chair32/Chair32_mat_Chair32_AlbedoTransparency.png
  artifactKey: Guid(8d968404d40b6d848a55cc4f09638fc3) Importer(2089858483,192608db42251d675da83286b1cce702)
Start importing Assets/Furniture Mega Pack/Textures/Chairs/Chair32/Chair32_mat_Chair32_AlbedoTransparency.png using Guid(8d968404d40b6d848a55cc4f09638fc3) Importer(2089858483,192608db42251d675da83286b1cce702) (ScriptedImporter) -> (artifact id: '950550525eb13c1f0ecbf10cf49f0285') in 0.0176872 seconds
Number of updated asset objects reloaded before import = 0Number of asset objects unloaded after import = 1

========================================================================
Received Import Request.
  Time since last request: 0.000011 seconds.
  path: Assets/Furniture Mega Pack/Textures/Chairs/Chair23/Chair23_mat_Chair23_Normal.png
  artifactKey: Guid(147e0d8b9c9dfef4492c118c3804e483) Importer(2089858483,192608db42251d675da83286b1cce702)
Start importing Assets/Furniture Mega Pack/Textures/Chairs/Chair23/Chair23_mat_Chair23_Normal.png using Guid(147e0d8b9c9dfef4492c118c3804e483) Importer(2089858483,192608db42251d675da83286b1cce702) (ScriptedImporter) -> (artifact id: '8f1725c159c4b20330ffe78f2f0059e3') in 0.0204352 seconds
Number of updated asset objects reloaded before import = 0Number of asset objects unloaded after import = 1

========================================================================
Received Import Request.
  Time since last request: 0.000016 seconds.
  path: Assets/Furniture Mega Pack/Textures/Sofas/Sofa36/Sofa36_mat_Sofa36_AlbedoTransparency.png
  artifactKey: Guid(5573fcccdd3fb294393ceff12f5f9904) Importer(2089858483,192608db42251d675da83286b1cce702)
Start importing Assets/Furniture Mega Pack/Textures/Sofas/Sofa36/Sofa36_mat_Sofa36_AlbedoTransparency.png using Guid(5573fcccdd3fb294393ceff12f5f9904) Importer(2089858483,192608db42251d675da83286b1cce702) (ScriptedImporter) -> (artifact id: '9ad2425c9719f24a603b36da1140537f') in 0.0173995 seconds
Number of updated asset objects reloaded before import = 0Number of asset objects unloaded after import = 1

========================================================================
Received Import Request.
  Time since last request: 0.000013 seconds.
  path: Assets/Furniture Mega Pack/Materials/Sofa/mat_Sofa21.mat
  artifactKey: Guid(e0f3c6e6a8479aa43aebe73a1e78d103) Importer(2089858483,192608db42251d675da83286b1cce702)
Start importing Assets/Furniture Mega Pack/Materials/Sofa/mat_Sofa21.mat using Guid(e0f3c6e6a8479aa43aebe73a1e78d103) Importer(2089858483,192608db42251d675da83286b1cce702) (ScriptedImporter) -> (artifact id: 'e31e507b9f308d50ffb2d9ea0462cb7a') in 0.0185818 seconds
Number of updated asset objects reloaded before import = 0Number of asset objects unloaded after import = 4

========================================================================
Received Import Request.
  Time since last request: 0.000018 seconds.
  path: Assets/Furniture Mega Pack/Prefabs/Sofas/Sofa06.prefab
  artifactKey: Guid(b083872f0f956214bb281c886ac3e6f2) Importer(2089858483,192608db42251d675da83286b1cce702)
Start importing Assets/Furniture Mega Pack/Prefabs/Sofas/Sofa06.prefab using Guid(b083872f0f956214bb281c886ac3e6f2) Importer(2089858483,192608db42251d675da83286b1cce702) (ScriptedImporter) -> (artifact id: '5fcb73c82b514f6dfe10f1d3c6e1c427') in 0.0197593 seconds
Number of updated asset objects reloaded before import = 0Number of asset objects unloaded after import = 9

========================================================================
Received Import Request.
  Time since last request: 0.000011 seconds.
  path: Assets/MinimalistBedroom/Textures/Misc/Plaster_1k/Materials/Plaster_metalic_1k.mat
  artifactKey: Guid(471a3c4fd03851b498c078900387c68e) Importer(2089858483,192608db42251d675da83286b1cce702)
Start importing Assets/MinimalistBedroom/Textures/Misc/Plaster_1k/Materials/Plaster_metalic_1k.mat using Guid(471a3c4fd03851b498c078900387c68e) Importer(2089858483,192608db42251d675da83286b1cce702) (ScriptedImporter) -> (artifact id: '0850e85b7147f887ae47f2583f2a1402') in 0.0136146 seconds
Number of updated asset objects reloaded before import = 0Number of asset objects unloaded after import = 3

========================================================================
Received Import Request.
  Time since last request: 0.000013 seconds.
  path: Assets/Furniture Mega Pack/Prefabs/Beds/Bed28.prefab
  artifactKey: Guid(36598180f5f5852459d52730b323101b) Importer(2089858483,192608db42251d675da83286b1cce702)
Start importing Assets/Furniture Mega Pack/Prefabs/Beds/Bed28.prefab using Guid(36598180f5f5852459d52730b323101b) Importer(2089858483,192608db42251d675da83286b1cce702) (ScriptedImporter) -> (artifact id: '7d64428afad38bcd9cd15e3c2f806e35') in 0.0228032 seconds
Number of updated asset objects reloaded before import = 0Number of asset objects unloaded after import = 29

========================================================================
Received Import Request.
  Time since last request: 0.000012 seconds.
  path: Assets/Furniture Mega Pack/Textures/Chairs/Chair44/Chair44_mat_Chair44_Normal.png
  artifactKey: Guid(2873c3067111f68428e8697b0e4a25ac) Importer(2089858483,192608db42251d675da83286b1cce702)
Start importing Assets/Furniture Mega Pack/Textures/Chairs/Chair44/Chair44_mat_Chair44_Normal.png using Guid(2873c3067111f68428e8697b0e4a25ac) Importer(2089858483,192608db42251d675da83286b1cce702) (ScriptedImporter) -> (artifact id: '7ac907f01b01dc28b50ace65b5412816') in 0.0188744 seconds
Number of updated asset objects reloaded before import = 0Number of asset objects unloaded after import = 1

========================================================================
Received Import Request.
  Time since last request: 0.000011 seconds.
  path: Assets/Furniture Mega Pack/Textures/Tables/Table39
  artifactKey: Guid(bde01a5aa70d11c41b536386100b522a) Importer(2089858483,192608db42251d675da83286b1cce702)
Start importing Assets/Furniture Mega Pack/Textures/Tables/Table39 using Guid(bde01a5aa70d11c41b536386100b522a) Importer(2089858483,192608db42251d675da83286b1cce702) (ScriptedImporter) -> (artifact id: 'e579f7c34f598b408cf6d32b49a8bea0') in 0.0103999 seconds
Number of updated asset objects reloaded before import = 0Number of asset objects unloaded after import = 1

========================================================================
Received Import Request.
  Time since last request: 0.000012 seconds.
  path: Assets/Furniture Mega Pack/Textures/Chairs/Chair17
  artifactKey: Guid(cd203e6c7b892f245a894d66b38a2476) Importer(2089858483,192608db42251d675da83286b1cce702)
Start importing Assets/Furniture Mega Pack/Textures/Chairs/Chair17 using Guid(cd203e6c7b892f245a894d66b38a2476) Importer(2089858483,192608db42251d675da83286b1cce702) (ScriptedImporter) -> (artifact id: '2f3be0162069df0d2d478134528855fd') in 0.0095838 seconds
Number of updated asset objects reloaded before import = 0Number of asset objects unloaded after import = 1

========================================================================
Received Import Request.
  Time since last request: 0.000012 seconds.
  path: Assets/Furniture Mega Pack/Textures/Chairs/Chair17/Chair17_mat_Chair17_AlbedoTransparency.png
  artifactKey: Guid(98f38198a21dc204c87610f9d8a72444) Importer(2089858483,192608db42251d675da83286b1cce702)
Start importing Assets/Furniture Mega Pack/Textures/Chairs/Chair17/Chair17_mat_Chair17_AlbedoTransparency.png using Guid(98f38198a21dc204c87610f9d8a72444) Importer(2089858483,192608db42251d675da83286b1cce702) (ScriptedImporter) -> (artifact id: 'e4dd2bc3e3c25c908435b2b1d032196c') in 0.0185735 seconds
Number of updated asset objects reloaded before import = 0Number of asset objects unloaded after import = 1

========================================================================
Received Import Request.
  Time since last request: 0.000013 seconds.
  path: Assets/MinimalistBedroom/Textures/Misc/DirtyWindow_2k/Materials/DirtyWindow_metalic_2k.mat
  artifactKey: Guid(09f76393f93c6bb418797f8a10108e62) Importer(2089858483,192608db42251d675da83286b1cce702)
Start importing Assets/MinimalistBedroom/Textures/Misc/DirtyWindow_2k/Materials/DirtyWindow_metalic_2k.mat using Guid(09f76393f93c6bb418797f8a10108e62) Importer(2089858483,192608db42251d675da83286b1cce702) (ScriptedImporter) -> (artifact id: 'd3570c47dd32283a0445000362e424b9') in 0.0126366 seconds
Number of updated asset objects reloaded before import = 0Number of asset objects unloaded after import = 2

========================================================================
Received Import Request.
  Time since last request: 0.000026 seconds.
  path: Assets/Furniture Mega Pack/Prefabs/Sofas/Sofa22.prefab
  artifactKey: Guid(8b85792491dffab47a1ac630c4bbda5a) Importer(2089858483,192608db42251d675da83286b1cce702)
Start importing Assets/Furniture Mega Pack/Prefabs/Sofas/Sofa22.prefab using Guid(8b85792491dffab47a1ac630c4bbda5a) Importer(2089858483,192608db42251d675da83286b1cce702) (ScriptedImporter) -> (artifact id: '6b2d31cd2be7fed48c54d17ca8cc4a14') in 0.0232747 seconds
Number of updated asset objects reloaded before import = 0Number of asset objects unloaded after import = 9

========================================================================
Received Import Request.
  Time since last request: 0.000013 seconds.
  path: Assets/Furniture Mega Pack/Textures/Chairs/Chair40/Chair40_mat_Chair40_AlbedoTransparency.png
  artifactKey: Guid(436e33cffbaaf8342b457c906c5a1f02) Importer(2089858483,192608db42251d675da83286b1cce702)
Start importing Assets/Furniture Mega Pack/Textures/Chairs/Chair40/Chair40_mat_Chair40_AlbedoTransparency.png using Guid(436e33cffbaaf8342b457c906c5a1f02) Importer(2089858483,192608db42251d675da83286b1cce702) (ScriptedImporter) -> (artifact id: '64186ae04e6b5680e639c436e1d78b1f') in 0.0175129 seconds
Number of updated asset objects reloaded before import = 0Number of asset objects unloaded after import = 1

========================================================================
Received Import Request.
  Time since last request: 0.000011 seconds.
  path: Assets/Furniture Mega Pack/Prefabs/Beds/Bed11.prefab
  artifactKey: Guid(bcb67f1fa0b3b44498e3776908f293b2) Importer(2089858483,192608db42251d675da83286b1cce702)
Start importing Assets/Furniture Mega Pack/Prefabs/Beds/Bed11.prefab using Guid(bcb67f1fa0b3b44498e3776908f293b2) Importer(2089858483,192608db42251d675da83286b1cce702) (ScriptedImporter) -> (artifact id: 'bf0c70fb7e59cd5c379d933187a6437e') in 0.0208664 seconds
Number of updated asset objects reloaded before import = 0Number of asset objects unloaded after import = 29

========================================================================
Received Import Request.
  Time since last request: 0.000011 seconds.
  path: Assets/Furniture Mega Pack/Prefabs/Chairs/Chair32.prefab
  artifactKey: Guid(53ce6d770d23d52418c1b24bfd650d3e) Importer(2089858483,192608db42251d675da83286b1cce702)
Start importing Assets/Furniture Mega Pack/Prefabs/Chairs/Chair32.prefab using Guid(53ce6d770d23d52418c1b24bfd650d3e) Importer(2089858483,192608db42251d675da83286b1cce702) (ScriptedImporter) -> (artifact id: '232cfd140ecb2d96c9538f8f26168429') in 0.0209266 seconds
Number of updated asset objects reloaded before import = 0Number of asset objects unloaded after import = 9

========================================================================
Received Import Request.
  Time since last request: 0.000012 seconds.
  path: Assets/Furniture Mega Pack/FBX/Drawer/Drawer30.fbx
  artifactKey: Guid(00893e8b346971a4296af455dea450ab) Importer(2089858483,192608db42251d675da83286b1cce702)
Start importing Assets/Furniture Mega Pack/FBX/Drawer/Drawer30.fbx using Guid(00893e8b346971a4296af455dea450ab) Importer(2089858483,192608db42251d675da83286b1cce702) (ScriptedImporter) -> (artifact id: '756bdace1f3e9a58c67e58f308a278c7') in 0.0288551 seconds
Number of updated asset objects reloaded before import = 0Number of asset objects unloaded after import = 30

========================================================================
Received Import Request.
  Time since last request: 0.000012 seconds.
  path: Assets/Furniture Mega Pack/Prefabs/Cushioins/Cushion07.prefab
  artifactKey: Guid(439a080bed4725b4994b3b57b61a1394) Importer(2089858483,192608db42251d675da83286b1cce702)
Start importing Assets/Furniture Mega Pack/Prefabs/Cushioins/Cushion07.prefab using Guid(439a080bed4725b4994b3b57b61a1394) Importer(2089858483,192608db42251d675da83286b1cce702) (ScriptedImporter) -> (artifact id: 'e837a1420059f9a6771c527a73acdd24') in 0.0192717 seconds
Number of updated asset objects reloaded before import = 0Number of asset objects unloaded after import = 9

========================================================================
Received Import Request.
  Time since last request: 0.000013 seconds.
  path: Assets/Furniture Mega Pack
  artifactKey: Guid(ec531b0ad3b1f5a4bb986d96eed1edeb) Importer(2089858483,192608db42251d675da83286b1cce702)
Start importing Assets/Furniture Mega Pack using Guid(ec531b0ad3b1f5a4bb986d96eed1edeb) Importer(2089858483,192608db42251d675da83286b1cce702) (ScriptedImporter) -> (artifact id: 'd1ec9894722fb705c605958f7964f28b') in 0.0070971 seconds
Number of updated asset objects reloaded before import = 0Number of asset objects unloaded after import = 1

========================================================================
Received Import Request.
  Time since last request: 0.000019 seconds.
  path: Assets/pumpkin monster/Textures/low_matBody_Normal.png
  artifactKey: Guid(9ffd7fb2884986c4ebdfa0eba7e56fbd) Importer(2089858483,192608db42251d675da83286b1cce702)
Start importing Assets/pumpkin monster/Textures/low_matBody_Normal.png using Guid(9ffd7fb2884986c4ebdfa0eba7e56fbd) Importer(2089858483,192608db42251d675da83286b1cce702) (ScriptedImporter) -> (artifact id: '8712bfdddff4d327de293c9bedd6ecdb') in 0.0294889 seconds
Number of updated asset objects reloaded before import = 0Number of asset objects unloaded after import = 1

========================================================================
Received Import Request.
  Time since last request: 0.000010 seconds.
  path: Assets/Pandazole_Ultimate_Pack/Pandazole Kitchen Food/Models/Prop_Knife_07.fbx
  artifactKey: Guid(c16a019f3010c354ab04f7bb7f83c6e5) Importer(2089858483,192608db42251d675da83286b1cce702)
Start importing Assets/Pandazole_Ultimate_Pack/Pandazole Kitchen Food/Models/Prop_Knife_07.fbx using Guid(c16a019f3010c354ab04f7bb7f83c6e5) Importer(2089858483,192608db42251d675da83286b1cce702) (ScriptedImporter) -> (artifact id: 'dac8423fda1372d4ca5ccbbb16921ab0') in 0.0182657 seconds
Number of updated asset objects reloaded before import = 0Number of asset objects unloaded after import = 8

========================================================================
Received Import Request.
  Time since last request: 0.000013 seconds.
  path: Assets/Pandazole_Ultimate_Pack/Pandazole Kitchen Food/Prefabs/Prop_Spatula_01.prefab
  artifactKey: Guid(70d5f57aec4385e4b8ebbbc679fb88ca) Importer(2089858483,192608db42251d675da83286b1cce702)
Start importing Assets/Pandazole_Ultimate_Pack/Pandazole Kitchen Food/Prefabs/Prop_Spatula_01.prefab using Guid(70d5f57aec4385e4b8ebbbc679fb88ca) Importer(2089858483,192608db42251d675da83286b1cce702) (ScriptedImporter) -> (artifact id: '1f75fb86c424ca2602418c4bbcf05a70') in 0.020301 seconds
Number of updated asset objects reloaded before import = 0Number of asset objects unloaded after import = 9

========================================================================
Received Import Request.
  Time since last request: 0.000015 seconds.
  path: Assets/Pandazole_Ultimate_Pack/Pandazole Kitchen Food/Prefabs/Food_Tortilla.prefab
  artifactKey: Guid(2ba561e817e6b8a4e92c134cb584e999) Importer(2089858483,192608db42251d675da83286b1cce702)
Start importing Assets/Pandazole_Ultimate_Pack/Pandazole Kitchen Food/Prefabs/Food_Tortilla.prefab using Guid(2ba561e817e6b8a4e92c134cb584e999) Importer(2089858483,192608db42251d675da83286b1cce702) (ScriptedImporter) -> (artifact id: 'bd42d7a53fe7c5f436be3d371adeb67b') in 0.017238 seconds
Number of updated asset objects reloaded before import = 0Number of asset objects unloaded after import = 9

========================================================================
Received Import Request.
  Time since last request: 0.000014 seconds.
  path: Assets/Pandazole_Ultimate_Pack/Pandazole Kitchen Food/Prefabs/Prop_KitchenTable_05.prefab
  artifactKey: Guid(3d857058e8b1b3c45ab3e349a6980690) Importer(2089858483,192608db42251d675da83286b1cce702)
Start importing Assets/Pandazole_Ultimate_Pack/Pandazole Kitchen Food/Prefabs/Prop_KitchenTable_05.prefab using Guid(3d857058e8b1b3c45ab3e349a6980690) Importer(2089858483,192608db42251d675da83286b1cce702) (ScriptedImporter) -> (artifact id: '5f6e08096a4a410a807ca23b060940a8') in 0.0163745 seconds
Number of updated asset objects reloaded before import = 0Number of asset objects unloaded after import = 9

========================================================================
Received Import Request.
  Time since last request: 0.000012 seconds.
  path: Assets/Pandazole_Ultimate_Pack/Pandazole Kitchen Food/Prefabs/Food_Meatballs.prefab
  artifactKey: Guid(ef6e218e81c3a5d4886ddf575ca1b943) Importer(2089858483,192608db42251d675da83286b1cce702)
Start importing Assets/Pandazole_Ultimate_Pack/Pandazole Kitchen Food/Prefabs/Food_Meatballs.prefab using Guid(ef6e218e81c3a5d4886ddf575ca1b943) Importer(2089858483,192608db42251d675da83286b1cce702) (ScriptedImporter) -> (artifact id: 'feb06694c8697adbabafe777d4ba9c44') in 0.0156061 seconds
Number of updated asset objects reloaded before import = 0Number of asset objects unloaded after import = 9

========================================================================
Received Import Request.
  Time since last request: 0.000013 seconds.
  path: Assets/Pandazole_Ultimate_Pack/Pandazole Kitchen Food/Prefabs/Food_Cooked Rice.prefab
  artifactKey: Guid(a76fdaafdeaab0a4394847404155d743) Importer(2089858483,192608db42251d675da83286b1cce702)
Start importing Assets/Pandazole_Ultimate_Pack/Pandazole Kitchen Food/Prefabs/Food_Cooked Rice.prefab using Guid(a76fdaafdeaab0a4394847404155d743) Importer(2089858483,192608db42251d675da83286b1cce702) (ScriptedImporter) -> (artifact id: '510504868cfeb41419f39a9081604307') in 0.0146263 seconds
Number of updated asset objects reloaded before import = 0Number of asset objects unloaded after import = 9

========================================================================
Received Import Request.
  Time since last request: 0.000018 seconds.
  path: Assets/Pandazole_Ultimate_Pack/Pandazole Kitchen Food/Prefabs/Prop_MeasuringSpoon_02.prefab
  artifactKey: Guid(cb8dd5cd5d0df32438bf3ded83ddb6d7) Importer(2089858483,192608db42251d675da83286b1cce702)
Start importing Assets/Pandazole_Ultimate_Pack/Pandazole Kitchen Food/Prefabs/Prop_MeasuringSpoon_02.prefab using Guid(cb8dd5cd5d0df32438bf3ded83ddb6d7) Importer(2089858483,192608db42251d675da83286b1cce702) (ScriptedImporter) -> (artifact id: 'f5ba8a6d62b66315eed2b8180fb7ccc2') in 0.0157895 seconds
Number of updated asset objects reloaded before import = 0Number of asset objects unloaded after import = 9

========================================================================
Received Import Request.
  Time since last request: 0.000010 seconds.
  path: Assets/Pandazole_Ultimate_Pack/Pandazole Kitchen Food/Models/Prop_KitchenCabinet_03.fbx
  artifactKey: Guid(7edab558d9e57a148b997b2032bc102e) Importer(2089858483,192608db42251d675da83286b1cce702)
Start importing Assets/Pandazole_Ultimate_Pack/Pandazole Kitchen Food/Models/Prop_KitchenCabinet_03.fbx using Guid(7edab558d9e57a148b997b2032bc102e) Importer(2089858483,192608db42251d675da83286b1cce702) (ScriptedImporter) -> (artifact id: '62e3ac57bed8c55d0d6a6fd7f4bc0a74') in 0.0188831 seconds
Number of updated asset objects reloaded before import = 0Number of asset objects unloaded after import = 8

========================================================================
Received Import Request.
  Time since last request: 0.000012 seconds.
  path: Assets/Pandazole_Ultimate_Pack/Pandazole Kitchen Food/Models/Food_Apple_Chopped.fbx
  artifactKey: Guid(26b9e9ffc89b43e468c362d68b737ac5) Importer(2089858483,192608db42251d675da83286b1cce702)
Start importing Assets/Pandazole_Ultimate_Pack/Pandazole Kitchen Food/Models/Food_Apple_Chopped.fbx using Guid(26b9e9ffc89b43e468c362d68b737ac5) Importer(2089858483,192608db42251d675da83286b1cce702) (ScriptedImporter) -> (artifact id: '8ca168605142e05d8e634e3381ccd929') in 0.0212071 seconds
Number of updated asset objects reloaded before import = 0Number of asset objects unloaded after import = 8

========================================================================
Received Import Request.
  Time since last request: 0.000012 seconds.
  path: Assets/Pandazole_Ultimate_Pack/Pandazole Kitchen Food/Models/Food_Taco.fbx
  artifactKey: Guid(c8976fa490f93684699ad59eb80312d4) Importer(2089858483,192608db42251d675da83286b1cce702)
Start importing Assets/Pandazole_Ultimate_Pack/Pandazole Kitchen Food/Models/Food_Taco.fbx using Guid(c8976fa490f93684699ad59eb80312d4) Importer(2089858483,192608db42251d675da83286b1cce702) (ScriptedImporter) -> (artifact id: '379c278fdc927808c3a78be56438e20a') in 0.0226652 seconds
Number of updated asset objects reloaded before import = 0Number of asset objects unloaded after import = 8

========================================================================
Received Import Request.
  Time since last request: 0.000011 seconds.
  path: Assets/Pandazole_Ultimate_Pack/Pandazole Kitchen Food/Prefabs/Food_TurkeyBreastChopped.prefab
  artifactKey: Guid(ac4ab9cf1a51f024dac20dd5acbedb9b) Importer(2089858483,192608db42251d675da83286b1cce702)
Start importing Assets/Pandazole_Ultimate_Pack/Pandazole Kitchen Food/Prefabs/Food_TurkeyBreastChopped.prefab using Guid(ac4ab9cf1a51f024dac20dd5acbedb9b) Importer(2089858483,192608db42251d675da83286b1cce702) (ScriptedImporter) -> (artifact id: '00fcbcd2db67917ba48a59d68f761d4a') in 0.0155094 seconds
Number of updated asset objects reloaded before import = 0Number of asset objects unloaded after import = 9

========================================================================
Received Import Request.
  Time since last request: 0.000010 seconds.
  path: Assets/Pandazole_Ultimate_Pack/Pandazole Kitchen Food/Models/Prop_StorageShelve.fbx
  artifactKey: Guid(56698a31d96b09649914b006bdc8c741) Importer(2089858483,192608db42251d675da83286b1cce702)
Start importing Assets/Pandazole_Ultimate_Pack/Pandazole Kitchen Food/Models/Prop_StorageShelve.fbx using Guid(56698a31d96b09649914b006bdc8c741) Importer(2089858483,192608db42251d675da83286b1cce702) (ScriptedImporter) -> (artifact id: 'f0727632a4e6391563ee49bd77b706e6') in 0.0158406 seconds
Number of updated asset objects reloaded before import = 0Number of asset objects unloaded after import = 8

========================================================================
Received Import Request.
  Time since last request: 0.000013 seconds.
  path: Assets/pumpkin monster/Materials/matCloth_Mixed_AO.mat
  artifactKey: Guid(3bda6190048a4c544868bbaea71ca4a0) Importer(2089858483,192608db42251d675da83286b1cce702)
Start importing Assets/pumpkin monster/Materials/matCloth_Mixed_AO.mat using Guid(3bda6190048a4c544868bbaea71ca4a0) Importer(2089858483,192608db42251d675da83286b1cce702) (ScriptedImporter) -> (artifact id: '52989f6cde508a47a41481e05a2224c2') in 0.0174207 seconds
Number of updated asset objects reloaded before import = 0Number of asset objects unloaded after import = 2

========================================================================
Received Import Request.
  Time since last request: 0.000026 seconds.
  path: Assets/Pandazole_Ultimate_Pack/Pandazole Kitchen Food/Prefabs/Food_Seared Ground Beef.prefab
  artifactKey: Guid(83aad64f3f078194b97e33a1d49fb2b5) Importer(2089858483,192608db42251d675da83286b1cce702)
Start importing Assets/Pandazole_Ultimate_Pack/Pandazole Kitchen Food/Prefabs/Food_Seared Ground Beef.prefab using Guid(83aad64f3f078194b97e33a1d49fb2b5) Importer(2089858483,192608db42251d675da83286b1cce702) (ScriptedImporter) -> (artifact id: '41bb2251dcaffa21d5e1e6a002ab1775') in 0.0157686 seconds
Number of updated asset objects reloaded before import = 0Number of asset objects unloaded after import = 9

========================================================================
Received Import Request.
  Time since last request: 0.000012 seconds.
  path: Assets/Pandazole_Ultimate_Pack/Pandazole Kitchen Food/Models/Prop_Pot_05.fbx
  artifactKey: Guid(a75fa985fa373644a85d8a649cb617bd) Importer(2089858483,192608db42251d675da83286b1cce702)
Start importing Assets/Pandazole_Ultimate_Pack/Pandazole Kitchen Food/Models/Prop_Pot_05.fbx using Guid(a75fa985fa373644a85d8a649cb617bd) Importer(2089858483,192608db42251d675da83286b1cce702) (ScriptedImporter) -> (artifact id: '0e1b1e0321c1338404c31348a7422e33') in 0.0175674 seconds
Number of updated asset objects reloaded before import = 0Number of asset objects unloaded after import = 8

========================================================================
Received Import Request.
  Time since last request: 0.000011 seconds.
  path: Assets/Pandazole_Ultimate_Pack/Pandazole Kitchen Food/Prefabs/Food_Taco.prefab
  artifactKey: Guid(6d071a0891fd6734d8fc2a83ed8f4332) Importer(2089858483,192608db42251d675da83286b1cce702)
Start importing Assets/Pandazole_Ultimate_Pack/Pandazole Kitchen Food/Prefabs/Food_Taco.prefab using Guid(6d071a0891fd6734d8fc2a83ed8f4332) Importer(2089858483,192608db42251d675da83286b1cce702) (ScriptedImporter) -> (artifact id: '3c5ce145f0575b6dee33ed09eeb35d1c') in 0.0124644 seconds
Number of updated asset objects reloaded before import = 0Number of asset objects unloaded after import = 9

========================================================================
Received Import Request.
  Time since last request: 0.000012 seconds.
  path: Assets/Pandazole_Ultimate_Pack/Pandazole Kitchen Food/Models/Food_French Fries.fbx
  artifactKey: Guid(036455e1217523c49ac17adce37d972c) Importer(2089858483,192608db42251d675da83286b1cce702)
Start importing Assets/Pandazole_Ultimate_Pack/Pandazole Kitchen Food/Models/Food_French Fries.fbx using Guid(036455e1217523c49ac17adce37d972c) Importer(2089858483,192608db42251d675da83286b1cce702) (ScriptedImporter) -> (artifact id: 'd894993f4f9e5e3056bb10dfa5853b28') in 0.0204435 seconds
Number of updated asset objects reloaded before import = 0Number of asset objects unloaded after import = 8

========================================================================
Received Import Request.
  Time since last request: 0.000012 seconds.
  path: Assets/Furniture Mega Pack/Textures/Tables/Table44
  artifactKey: Guid(242516d110e2edd44803cd4578b38327) Importer(2089858483,192608db42251d675da83286b1cce702)
Start importing Assets/Furniture Mega Pack/Textures/Tables/Table44 using Guid(242516d110e2edd44803cd4578b38327) Importer(2089858483,192608db42251d675da83286b1cce702) (ScriptedImporter) -> (artifact id: '3ac632096f53d75ca1669a221fb61fb6') in 0.010223 seconds
Number of updated asset objects reloaded before import = 0Number of asset objects unloaded after import = 1

========================================================================
Received Import Request.
  Time since last request: 0.000013 seconds.
  path: Assets/Furniture Mega Pack/Textures/Kitchen/steel_frame_shelves_01_1k.gltf.zip
  artifactKey: Guid(c7ec16f9aba0329478c68f0b27b7eaea) Importer(2089858483,192608db42251d675da83286b1cce702)
Start importing Assets/Furniture Mega Pack/Textures/Kitchen/steel_frame_shelves_01_1k.gltf.zip using Guid(c7ec16f9aba0329478c68f0b27b7eaea) Importer(2089858483,192608db42251d675da83286b1cce702) (ScriptedImporter) -> (artifact id: 'f88a3ec52bf0670c9f49c5f468b3881e') in 0.0112041 seconds
Number of updated asset objects reloaded before import = 0Number of asset objects unloaded after import = 1

========================================================================
Received Import Request.
  Time since last request: 0.000012 seconds.
  path: Assets/Furniture Mega Pack/Materials/Chair/mat_Chair22.mat
  artifactKey: Guid(51725c8f7a66bd34081fcd66aadf4eaf) Importer(2089858483,192608db42251d675da83286b1cce702)
Start importing Assets/Furniture Mega Pack/Materials/Chair/mat_Chair22.mat using Guid(51725c8f7a66bd34081fcd66aadf4eaf) Importer(2089858483,192608db42251d675da83286b1cce702) (ScriptedImporter) -> (artifact id: '80ccf78f3ab3eb6cd28ce9b05ff19d4e') in 0.018227 seconds
Number of updated asset objects reloaded before import = 0Number of asset objects unloaded after import = 4

========================================================================
Received Import Request.
  Time since last request: 0.000014 seconds.
  path: Assets/Furniture Mega Pack/FBX/Chair/Chair20.fbx
  artifactKey: Guid(be07facb43845c14a90195d74c5f2de4) Importer(2089858483,192608db42251d675da83286b1cce702)
Start importing Assets/Furniture Mega Pack/FBX/Chair/Chair20.fbx using Guid(be07facb43845c14a90195d74c5f2de4) Importer(2089858483,192608db42251d675da83286b1cce702) (ScriptedImporter) -> (artifact id: 'a37af56650b29052f29194554dfac969') in 0.0222379 seconds
Number of updated asset objects reloaded before import = 0Number of asset objects unloaded after import = 10

========================================================================
Received Import Request.
  Time since last request: 0.000020 seconds.
  path: Assets/pumpkin monster/Textures/matBody_Mixed_AO.png
  artifactKey: Guid(ddd09dbf92c4aa142beca3679c4bb7b2) Importer(2089858483,192608db42251d675da83286b1cce702)
Start importing Assets/pumpkin monster/Textures/matBody_Mixed_AO.png using Guid(ddd09dbf92c4aa142beca3679c4bb7b2) Importer(2089858483,192608db42251d675da83286b1cce702) (ScriptedImporter) -> (artifact id: '745aed26366cb49ca6e76ab51fdf7374') in 0.0205952 seconds
Number of updated asset objects reloaded before import = 0Number of asset objects unloaded after import = 1

========================================================================
Received Import Request.
  Time since last request: 0.000012 seconds.
  path: Assets/Furniture Mega Pack/Materials/Chair/mat_Chair01.mat
  artifactKey: Guid(eeff5b34406ea154998880b28b233b80) Importer(2089858483,192608db42251d675da83286b1cce702)
Start importing Assets/Furniture Mega Pack/Materials/Chair/mat_Chair01.mat using Guid(eeff5b34406ea154998880b28b233b80) Importer(2089858483,192608db42251d675da83286b1cce702) (ScriptedImporter) -> (artifact id: '2c24cfa9a697c4bc589b9f84160b93d0') in 0.0158648 seconds
Number of updated asset objects reloaded before import = 0Number of asset objects unloaded after import = 4

========================================================================
Received Import Request.
  Time since last request: 0.000010 seconds.
  path: Assets/pumpkin monster/Textures/low_matHead_AlbedoTransparency.png
  artifactKey: Guid(747e6675d2f0bc64c80d220457241cc6) Importer(2089858483,192608db42251d675da83286b1cce702)
Start importing Assets/pumpkin monster/Textures/low_matHead_AlbedoTransparency.png using Guid(747e6675d2f0bc64c80d220457241cc6) Importer(2089858483,192608db42251d675da83286b1cce702) (ScriptedImporter) -> (artifact id: '6c7653b00a6980c8b21329252b4e75c4') in 0.0200242 seconds
Number of updated asset objects reloaded before import = 0Number of asset objects unloaded after import = 1

========================================================================
Received Import Request.
  Time since last request: 0.000013 seconds.
  path: Assets/Pandazole_Ultimate_Pack/Pandazole Kitchen Food/Models/Prop_Fan_02.fbx
  artifactKey: Guid(67d73cb4069028c44bd2fa0b64b7d061) Importer(2089858483,192608db42251d675da83286b1cce702)
Start importing Assets/Pandazole_Ultimate_Pack/Pandazole Kitchen Food/Models/Prop_Fan_02.fbx using Guid(67d73cb4069028c44bd2fa0b64b7d061) Importer(2089858483,192608db42251d675da83286b1cce702) (ScriptedImporter) -> (artifact id: '8e2571e3d722fd42afcbe2230b955c32') in 0.0181367 seconds
Number of updated asset objects reloaded before import = 0Number of asset objects unloaded after import = 8

========================================================================
Received Import Request.
  Time since last request: 0.000013 seconds.
  path: Assets/Pandazole_Ultimate_Pack/Pandazole Kitchen Food/Prefabs/Food_Apple.prefab
  artifactKey: Guid(ca29c74284c40524f8edb533636550f9) Importer(2089858483,192608db42251d675da83286b1cce702)
Start importing Assets/Pandazole_Ultimate_Pack/Pandazole Kitchen Food/Prefabs/Food_Apple.prefab using Guid(ca29c74284c40524f8edb533636550f9) Importer(2089858483,192608db42251d675da83286b1cce702) (ScriptedImporter) -> (artifact id: 'cb02477c0741fa0f90f60bc1f952240a') in 0.0148497 seconds
Number of updated asset objects reloaded before import = 0Number of asset objects unloaded after import = 9

========================================================================
Received Import Request.
  Time since last request: 0.000011 seconds.
  path: Assets/Pandazole_Ultimate_Pack/Pandazole Kitchen Food/Models/Food_Sushi.fbx
  artifactKey: Guid(ced0d1fea9da70342ab175ba4f9a01b9) Importer(2089858483,192608db42251d675da83286b1cce702)
Start importing Assets/Pandazole_Ultimate_Pack/Pandazole Kitchen Food/Models/Food_Sushi.fbx using Guid(ced0d1fea9da70342ab175ba4f9a01b9) Importer(2089858483,192608db42251d675da83286b1cce702) (ScriptedImporter) -> (artifact id: '2e696982add043c92239c58dab18a6d4') in 0.0196361 seconds
Number of updated asset objects reloaded before import = 0Number of asset objects unloaded after import = 8

========================================================================
Received Import Request.
  Time since last request: 0.000013 seconds.
  path: Assets/Pandazole_Ultimate_Pack/Pandazole Kitchen Food/Prefabs/Prop_Frier.prefab
  artifactKey: Guid(7f8bf37bb7a312f478ae92d0810f02b4) Importer(2089858483,192608db42251d675da83286b1cce702)
Start importing Assets/Pandazole_Ultimate_Pack/Pandazole Kitchen Food/Prefabs/Prop_Frier.prefab using Guid(7f8bf37bb7a312f478ae92d0810f02b4) Importer(2089858483,192608db42251d675da83286b1cce702) (ScriptedImporter) -> (artifact id: '76df9a7fd2400d56e5df033e0fac648f') in 0.016371 seconds
Number of updated asset objects reloaded before import = 0Number of asset objects unloaded after import = 24

========================================================================
Received Import Request.
  Time since last request: 0.000019 seconds.
  path: Assets/Pandazole_Ultimate_Pack/Pandazole Kitchen Food/Models/Food_Pumpkin.fbx
  artifactKey: Guid(763aff1b71d61d044b4284dd23eb3d4d) Importer(2089858483,192608db42251d675da83286b1cce702)
Start importing Assets/Pandazole_Ultimate_Pack/Pandazole Kitchen Food/Models/Food_Pumpkin.fbx using Guid(763aff1b71d61d044b4284dd23eb3d4d) Importer(2089858483,192608db42251d675da83286b1cce702) (ScriptedImporter) -> (artifact id: '501be924a174cdc4612a2e1e18590003') in 0.0200746 seconds
Number of updated asset objects reloaded before import = 0Number of asset objects unloaded after import = 8

========================================================================
Received Import Request.
  Time since last request: 0.000015 seconds.
  path: Assets/Pandazole_Ultimate_Pack/Pandazole Kitchen Food/Prefabs/Food_Carrot.prefab
  artifactKey: Guid(1473e8761428dcd44a8962866ef4fc6a) Importer(2089858483,192608db42251d675da83286b1cce702)
Start importing Assets/Pandazole_Ultimate_Pack/Pandazole Kitchen Food/Prefabs/Food_Carrot.prefab using Guid(1473e8761428dcd44a8962866ef4fc6a) Importer(2089858483,192608db42251d675da83286b1cce702) (ScriptedImporter) -> (artifact id: 'bb9ebb7021b4bbd2668d973a09cd4d0e') in 0.0142413 seconds
Number of updated asset objects reloaded before import = 0Number of asset objects unloaded after import = 9

========================================================================
Received Import Request.
  Time since last request: 0.000013 seconds.
  path: Assets/Pandazole_Ultimate_Pack/Pandazole Kitchen Food
  artifactKey: Guid(755fe0dbe30d92f48a895d326108015e) Importer(2089858483,192608db42251d675da83286b1cce702)
Start importing Assets/Pandazole_Ultimate_Pack/Pandazole Kitchen Food using Guid(755fe0dbe30d92f48a895d326108015e) Importer(2089858483,192608db42251d675da83286b1cce702) (ScriptedImporter) -> (artifact id: '66eb853ac6b98b9be5cc3e473dcf7365') in 0.011478 seconds
Number of updated asset objects reloaded before import = 0Number of asset objects unloaded after import = 1

========================================================================
Received Import Request.
  Time since last request: 0.000013 seconds.
  path: Assets/Pandazole_Ultimate_Pack/Pandazole Kitchen Food/Models/Prop_Sink_02.fbx
  artifactKey: Guid(29acea594d678df4d859dfee45aa647d) Importer(2089858483,192608db42251d675da83286b1cce702)
Start importing Assets/Pandazole_Ultimate_Pack/Pandazole Kitchen Food/Models/Prop_Sink_02.fbx using Guid(29acea594d678df4d859dfee45aa647d) Importer(2089858483,192608db42251d675da83286b1cce702) (ScriptedImporter) -> (artifact id: '9c9a0826eca06c82b49dc9ef48e4ba59') in 0.0200834 seconds
Number of updated asset objects reloaded before import = 0Number of asset objects unloaded after import = 8

========================================================================
Received Import Request.
  Time since last request: 0.000020 seconds.
  path: Assets/Pandazole_Ultimate_Pack/Pandazole Kitchen Food/Prefabs/Food_Apple_Chopped.prefab
  artifactKey: Guid(57fac217fefc9904db3288cbff2fe3f1) Importer(2089858483,192608db42251d675da83286b1cce702)
Start importing Assets/Pandazole_Ultimate_Pack/Pandazole Kitchen Food/Prefabs/Food_Apple_Chopped.prefab using Guid(57fac217fefc9904db3288cbff2fe3f1) Importer(2089858483,192608db42251d675da83286b1cce702) (ScriptedImporter) -> (artifact id: '30dd9a444d10200eb43f7e396f516e1d') in 0.01583 seconds
Number of updated asset objects reloaded before import = 0Number of asset objects unloaded after import = 9

========================================================================
Received Import Request.
  Time since last request: 0.000012 seconds.
  path: Assets/Pandazole_Ultimate_Pack/Pandazole Kitchen Food/Prefabs/Prop_Spatula_02.prefab
  artifactKey: Guid(30c6c3fa34cd7844b8dcc7feaa58f177) Importer(2089858483,192608db42251d675da83286b1cce702)
Start importing Assets/Pandazole_Ultimate_Pack/Pandazole Kitchen Food/Prefabs/Prop_Spatula_02.prefab using Guid(30c6c3fa34cd7844b8dcc7feaa58f177) Importer(2089858483,192608db42251d675da83286b1cce702) (ScriptedImporter) -> (artifact id: '5ce69c944924dbf87d60de8d0d5ee1a2') in 0.0134328 seconds
Number of updated asset objects reloaded before import = 0Number of asset objects unloaded after import = 9

========================================================================
Received Import Request.
  Time since last request: 0.000012 seconds.
  path: Assets/Pandazole_Ultimate_Pack/Pandazole Kitchen Food/Prefabs/Prop_Plate_02.prefab
  artifactKey: Guid(082815481f9809a49bc7e44fb142da32) Importer(2089858483,192608db42251d675da83286b1cce702)
Start importing Assets/Pandazole_Ultimate_Pack/Pandazole Kitchen Food/Prefabs/Prop_Plate_02.prefab using Guid(082815481f9809a49bc7e44fb142da32) Importer(2089858483,192608db42251d675da83286b1cce702) (ScriptedImporter) -> (artifact id: 'd94cdd40dbd12229808850762e42365b') in 0.0171228 seconds
Number of updated asset objects reloaded before import = 0Number of asset objects unloaded after import = 9

========================================================================
Received Import Request.
  Time since last request: 0.000018 seconds.
  path: Assets/Pandazole_Ultimate_Pack/Pandazole Kitchen Food/Prefabs/Prop_KitchenTable_02.prefab
  artifactKey: Guid(8c31604f61cdc3e4288c7e7dfe0e4e08) Importer(2089858483,192608db42251d675da83286b1cce702)
Start importing Assets/Pandazole_Ultimate_Pack/Pandazole Kitchen Food/Prefabs/Prop_KitchenTable_02.prefab using Guid(8c31604f61cdc3e4288c7e7dfe0e4e08) Importer(2089858483,192608db42251d675da83286b1cce702) (ScriptedImporter) -> (artifact id: '7734b270d0249c25381c1ae929175f0a') in 0.0144616 seconds
Number of updated asset objects reloaded before import = 0Number of asset objects unloaded after import = 9

========================================================================
Received Import Request.
  Time since last request: 0.000010 seconds.
  path: Assets/Pandazole_Ultimate_Pack/Pandazole Kitchen Food/Models/Prop_CuttingPlate.fbx
  artifactKey: Guid(f98eff440ecc0a1489fa332256aa63ba) Importer(2089858483,192608db42251d675da83286b1cce702)
Start importing Assets/Pandazole_Ultimate_Pack/Pandazole Kitchen Food/Models/Prop_CuttingPlate.fbx using Guid(f98eff440ecc0a1489fa332256aa63ba) Importer(2089858483,192608db42251d675da83286b1cce702) (ScriptedImporter) -> (artifact id: 'a7e8f6bd5e095c001c6d52b780e613f6') in 0.0196205 seconds
Number of updated asset objects reloaded before import = 0Number of asset objects unloaded after import = 8

========================================================================
Received Import Request.
  Time since last request: 0.000011 seconds.
  path: Assets/Pandazole_Ultimate_Pack/Pandazole Kitchen Food/Models/Food_Mac n Cheese.fbx
  artifactKey: Guid(1f5ef8fbdd7a4134aafe35921d73e99f) Importer(2089858483,192608db42251d675da83286b1cce702)
Start importing Assets/Pandazole_Ultimate_Pack/Pandazole Kitchen Food/Models/Food_Mac n Cheese.fbx using Guid(1f5ef8fbdd7a4134aafe35921d73e99f) Importer(2089858483,192608db42251d675da83286b1cce702) (ScriptedImporter) -> (artifact id: 'a3455262394c56902d9e5e2eb992c039') in 0.0154306 seconds
Number of updated asset objects reloaded before import = 0Number of asset objects unloaded after import = 8

========================================================================
Received Import Request.
  Time since last request: 0.000010 seconds.
  path: Assets/Pandazole_Ultimate_Pack/Pandazole Kitchen Food/Models/Prop_Spatula_07.fbx
  artifactKey: Guid(0e09d8ee80ecb18438736a1cf4d6310f) Importer(2089858483,192608db42251d675da83286b1cce702)
Start importing Assets/Pandazole_Ultimate_Pack/Pandazole Kitchen Food/Models/Prop_Spatula_07.fbx using Guid(0e09d8ee80ecb18438736a1cf4d6310f) Importer(2089858483,192608db42251d675da83286b1cce702) (ScriptedImporter) -> (artifact id: '0a3fe21c52593ad5f8bdf8bfb6c478fb') in 0.018267 seconds
Number of updated asset objects reloaded before import = 0Number of asset objects unloaded after import = 8

========================================================================
Received Import Request.
  Time since last request: 0.000012 seconds.
  path: Assets/Pandazole_Ultimate_Pack/Pandazole Kitchen Food/Models/Prop_Spatula_01.fbx
  artifactKey: Guid(140411fe5a74a324ea07791d091941b3) Importer(2089858483,192608db42251d675da83286b1cce702)
Start importing Assets/Pandazole_Ultimate_Pack/Pandazole Kitchen Food/Models/Prop_Spatula_01.fbx using Guid(140411fe5a74a324ea07791d091941b3) Importer(2089858483,192608db42251d675da83286b1cce702) (ScriptedImporter) -> (artifact id: '21525a167eecbc9ca2f76e33c00f833d') in 0.0182957 seconds
Number of updated asset objects reloaded before import = 0Number of asset objects unloaded after import = 8

========================================================================
Received Import Request.
  Time since last request: 0.000011 seconds.
  path: Assets/Pandazole_Ultimate_Pack/Pandazole Kitchen Food/Models/Food_Tortilla.fbx
  artifactKey: Guid(3eacfd3ff1e6b9245b0a3443ae852785) Importer(2089858483,192608db42251d675da83286b1cce702)
Start importing Assets/Pandazole_Ultimate_Pack/Pandazole Kitchen Food/Models/Food_Tortilla.fbx using Guid(3eacfd3ff1e6b9245b0a3443ae852785) Importer(2089858483,192608db42251d675da83286b1cce702) (ScriptedImporter) -> (artifact id: '0e9ad9dcac2e5932a39c264e633036cf') in 0.0220507 seconds
Number of updated asset objects reloaded before import = 0Number of asset objects unloaded after import = 8

========================================================================
Received Import Request.
  Time since last request: 0.000019 seconds.
  path: Assets/Pandazole_Ultimate_Pack/Pandazole Kitchen Food/Prefabs/Prop_Cup_02_Cover.prefab
  artifactKey: Guid(69e737c8f94cee34aa0f1e7186cf9911) Importer(2089858483,192608db42251d675da83286b1cce702)
Start importing Assets/Pandazole_Ultimate_Pack/Pandazole Kitchen Food/Prefabs/Prop_Cup_02_Cover.prefab using Guid(69e737c8f94cee34aa0f1e7186cf9911) Importer(2089858483,192608db42251d675da83286b1cce702) (ScriptedImporter) -> (artifact id: '3961529f671a2f91c834ac1d8070af84') in 0.016575 seconds
Number of updated asset objects reloaded before import = 0Number of asset objects unloaded after import = 9

========================================================================
Received Import Request.
  Time since last request: 0.000021 seconds.
  path: Assets/Pandazole_Ultimate_Pack/Pandazole Kitchen Food/Models/Prop_TrayHolder.fbx
  artifactKey: Guid(c98870edddc58ab4592642fe83b96886) Importer(2089858483,192608db42251d675da83286b1cce702)
Start importing Assets/Pandazole_Ultimate_Pack/Pandazole Kitchen Food/Models/Prop_TrayHolder.fbx using Guid(c98870edddc58ab4592642fe83b96886) Importer(2089858483,192608db42251d675da83286b1cce702) (ScriptedImporter) -> (artifact id: '9200b70b0c5d94f76265abc8f590b90b') in 0.0183474 seconds
Number of updated asset objects reloaded before import = 0Number of asset objects unloaded after import = 8

========================================================================
Received Import Request.
  Time since last request: 0.000011 seconds.
  path: Assets/CrowAssets/Assets/Low Poly Stylized Food/BuiltIn/Prefabs
  artifactKey: Guid(0b581e7cbc1ad754894e09b9e5372e29) Importer(2089858483,192608db42251d675da83286b1cce702)
Start importing Assets/CrowAssets/Assets/Low Poly Stylized Food/BuiltIn/Prefabs using Guid(0b581e7cbc1ad754894e09b9e5372e29) Importer(2089858483,192608db42251d675da83286b1cce702) (ScriptedImporter) -> (artifact id: '97fdbeae573c70e4f3d35e140d4e06b0') in 0.0088428 seconds
Number of updated asset objects reloaded before import = 0Number of asset objects unloaded after import = 1

========================================================================
Received Import Request.
  Time since last request: 0.000011 seconds.
  path: Assets/Pandazole_Ultimate_Pack/Pandazole Kitchen Food/Prefabs/Prop_Fan_02.prefab
  artifactKey: Guid(f57135c1ed5871c41aa7551b36f7ddeb) Importer(2089858483,192608db42251d675da83286b1cce702)
Start importing Assets/Pandazole_Ultimate_Pack/Pandazole Kitchen Food/Prefabs/Prop_Fan_02.prefab using Guid(f57135c1ed5871c41aa7551b36f7ddeb) Importer(2089858483,192608db42251d675da83286b1cce702) (ScriptedImporter) -> (artifact id: '2fb402ecaee63084e025ef2993fac029') in 0.0138268 seconds
Number of updated asset objects reloaded before import = 0Number of asset objects unloaded after import = 9

========================================================================
Received Import Request.
  Time since last request: 0.000011 seconds.
  path: Assets/CrowAssets/Assets/Low Poly Stylized Food/Textures/Cheese Slice/cheeseSlice_tex.png
  artifactKey: Guid(ba392ed20fe7b6a4998258e74bcc3ef4) Importer(2089858483,192608db42251d675da83286b1cce702)
Start importing Assets/CrowAssets/Assets/Low Poly Stylized Food/Textures/Cheese Slice/cheeseSlice_tex.png using Guid(ba392ed20fe7b6a4998258e74bcc3ef4) Importer(2089858483,192608db42251d675da83286b1cce702) (ScriptedImporter) -> (artifact id: 'cefca5d6a427393fe54df510e108f255') in 0.0151201 seconds
Number of updated asset objects reloaded before import = 0Number of asset objects unloaded after import = 1

========================================================================
Received Import Request.
  Time since last request: 0.000011 seconds.
  path: Assets/CrowAssets/Assets/Low Poly Stylized Food/Textures/Can_01
  artifactKey: Guid(2ca4b7e9e499a074a9e953e5b6756016) Importer(2089858483,192608db42251d675da83286b1cce702)
Start importing Assets/CrowAssets/Assets/Low Poly Stylized Food/Textures/Can_01 using Guid(2ca4b7e9e499a074a9e953e5b6756016) Importer(2089858483,192608db42251d675da83286b1cce702) (ScriptedImporter) -> (artifact id: '964168a71d047ec9a8dc192f48bf0097') in 0.0078783 seconds
Number of updated asset objects reloaded before import = 0Number of asset objects unloaded after import = 1

========================================================================
Received Import Request.
  Time since last request: 0.000012 seconds.
  path: Assets/CrowAssets/Assets/Low Poly Stylized Food/Textures/Jar
  artifactKey: Guid(8ff28d7bf6134ec418b83268e20e3518) Importer(2089858483,192608db42251d675da83286b1cce702)
Start importing Assets/CrowAssets/Assets/Low Poly Stylized Food/Textures/Jar using Guid(8ff28d7bf6134ec418b83268e20e3518) Importer(2089858483,192608db42251d675da83286b1cce702) (ScriptedImporter) -> (artifact id: '29c9ff74c6fe93d17d7c1441684d847a') in 0.011479 seconds
Number of updated asset objects reloaded before import = 0Number of asset objects unloaded after import = 1

========================================================================
Received Import Request.
  Time since last request: 0.000013 seconds.
  path: Assets/CrowAssets/Assets/Low Poly Stylized Food/Textures/Sardines/Sardines_rough.png
  artifactKey: Guid(7c404ae3acdd1a646af2ab8a4984b402) Importer(2089858483,192608db42251d675da83286b1cce702)
Start importing Assets/CrowAssets/Assets/Low Poly Stylized Food/Textures/Sardines/Sardines_rough.png using Guid(7c404ae3acdd1a646af2ab8a4984b402) Importer(2089858483,192608db42251d675da83286b1cce702) (ScriptedImporter) -> (artifact id: 'ea32db88c722f2f046ec0fb14675543a') in 0.0210684 seconds
Number of updated asset objects reloaded before import = 0Number of asset objects unloaded after import = 1

========================================================================
Received Import Request.
  Time since last request: 0.000013 seconds.
  path: Assets/CrowAssets/Assets/Low Poly Stylized Food/BuiltIn/Prefabs/Milk.prefab
  artifactKey: Guid(89007df4c2aaffb4b894f5a3ca0af6bb) Importer(2089858483,192608db42251d675da83286b1cce702)
Start importing Assets/CrowAssets/Assets/Low Poly Stylized Food/BuiltIn/Prefabs/Milk.prefab using Guid(89007df4c2aaffb4b894f5a3ca0af6bb) Importer(2089858483,192608db42251d675da83286b1cce702) (ScriptedImporter) -> (artifact id: '030cdf779e6687babecb931f78e71f68') in 0.0094702 seconds
Number of updated asset objects reloaded before import = 0Number of asset objects unloaded after import = 14

========================================================================
Received Import Request.
  Time since last request: 0.000018 seconds.
  path: Assets/Pandazole_Ultimate_Pack/Pandazole Kitchen Food/Prefabs/Food_Steak.prefab
  artifactKey: Guid(ddc590ae56d02484faba95939304dc79) Importer(2089858483,192608db42251d675da83286b1cce702)
Start importing Assets/Pandazole_Ultimate_Pack/Pandazole Kitchen Food/Prefabs/Food_Steak.prefab using Guid(ddc590ae56d02484faba95939304dc79) Importer(2089858483,192608db42251d675da83286b1cce702) (ScriptedImporter) -> (artifact id: 'd9ef599fcfff0d23e8110c0acd013fd9') in 0.0148836 seconds
Number of updated asset objects reloaded before import = 0Number of asset objects unloaded after import = 9

========================================================================
Received Import Request.
  Time since last request: 0.000011 seconds.
  path: Assets/CrowAssets/Assets/Low Poly Stylized Food/BuiltIn/Prefabs/Egg.prefab
  artifactKey: Guid(b166ece98b9d9144e88cb6e438d2f820) Importer(2089858483,192608db42251d675da83286b1cce702)
Start importing Assets/CrowAssets/Assets/Low Poly Stylized Food/BuiltIn/Prefabs/Egg.prefab using Guid(b166ece98b9d9144e88cb6e438d2f820) Importer(2089858483,192608db42251d675da83286b1cce702) (ScriptedImporter) -> (artifact id: 'b98310142e6238e66b5ea2bdea560661') in 0.0101776 seconds
Number of updated asset objects reloaded before import = 0Number of asset objects unloaded after import = 9

========================================================================
Received Import Request.
  Time since last request: 0.000010 seconds.
  path: Assets/CrowAssets/Assets/Low Poly Stylized Food/Textures/Tomato Slice
  artifactKey: Guid(2a8b5bef33b624842b4988a977cb4a7e) Importer(2089858483,192608db42251d675da83286b1cce702)
Start importing Assets/CrowAssets/Assets/Low Poly Stylized Food/Textures/Tomato Slice using Guid(2a8b5bef33b624842b4988a977cb4a7e) Importer(2089858483,192608db42251d675da83286b1cce702) (ScriptedImporter) -> (artifact id: '1c8f2e465d60b512b33b04026d2be0a5') in 0.0110152 seconds
Number of updated asset objects reloaded before import = 0Number of asset objects unloaded after import = 1

========================================================================
Received Import Request.
  Time since last request: 0.000010 seconds.
  path: Assets/CrowAssets/Assets/Low Poly Stylized Food/URP/Prefabs/Can_01.prefab
  artifactKey: Guid(365d3bda8b51f384d82986af472fa87d) Importer(2089858483,192608db42251d675da83286b1cce702)
Start importing Assets/CrowAssets/Assets/Low Poly Stylized Food/URP/Prefabs/Can_01.prefab using Guid(365d3bda8b51f384d82986af472fa87d) Importer(2089858483,192608db42251d675da83286b1cce702) (ScriptedImporter) -> (artifact id: 'd888a6dab33b0a215d67f3c43d7af077') in 0.0120078 seconds
Number of updated asset objects reloaded before import = 0Number of asset objects unloaded after import = 9

========================================================================
Received Import Request.
  Time since last request: 0.000010 seconds.
  path: Assets/CrowAssets/Assets/Low Poly Stylized Food/BuiltIn/Materials/White Egg.mat
  artifactKey: Guid(33e43ddecc143a5448f8ec700c57dfb9) Importer(2089858483,192608db42251d675da83286b1cce702)
Start importing Assets/CrowAssets/Assets/Low Poly Stylized Food/BuiltIn/Materials/White Egg.mat using Guid(33e43ddecc143a5448f8ec700c57dfb9) Importer(2089858483,192608db42251d675da83286b1cce702) (ScriptedImporter) -> (artifact id: 'bd9139ff448fbd4f2a492374bfee1fd0') in 0.0164092 seconds
Number of updated asset objects reloaded before import = 0Number of asset objects unloaded after import = 3

========================================================================
Received Import Request.
  Time since last request: 0.000010 seconds.
  path: Assets/CrowAssets/Assets/Low Poly Stylized Food/URP/Prefabs/Jar.prefab
  artifactKey: Guid(55006af3db70bf5498faa683b33b9201) Importer(2089858483,192608db42251d675da83286b1cce702)
Start importing Assets/CrowAssets/Assets/Low Poly Stylized Food/URP/Prefabs/Jar.prefab using Guid(55006af3db70bf5498faa683b33b9201) Importer(2089858483,192608db42251d675da83286b1cce702) (ScriptedImporter) -> (artifact id: '9b34e42775d3f1e95e10fb261123468e') in 0.0112251 seconds
Number of updated asset objects reloaded before import = 0Number of asset objects unloaded after import = 19

========================================================================
Received Import Request.
  Time since last request: 0.000012 seconds.
  path: Assets/CrowAssets/Assets/Low Poly Stylized Food/BuiltIn/Prefabs/Lunch Meat.prefab
  artifactKey: Guid(4d2454867aeda4f42ab6b7a0b32382d5) Importer(2089858483,192608db42251d675da83286b1cce702)
Start importing Assets/CrowAssets/Assets/Low Poly Stylized Food/BuiltIn/Prefabs/Lunch Meat.prefab using Guid(4d2454867aeda4f42ab6b7a0b32382d5) Importer(2089858483,192608db42251d675da83286b1cce702) (ScriptedImporter) -> (artifact id: '32005b99cfda8e43fe6c0864106ca65e') in 0.0118052 seconds
Number of updated asset objects reloaded before import = 0Number of asset objects unloaded after import = 9

========================================================================
Received Import Request.
  Time since last request: 0.000014 seconds.
  path: Assets/CrowAssets/Assets/Low Poly Stylized Food/Meshes/Sandwich.fbx
  artifactKey: Guid(f3dd8b90717b0e14a97697afa3896a5d) Importer(2089858483,192608db42251d675da83286b1cce702)
Start importing Assets/CrowAssets/Assets/Low Poly Stylized Food/Meshes/Sandwich.fbx using Guid(f3dd8b90717b0e14a97697afa3896a5d) Importer(2089858483,192608db42251d675da83286b1cce702) (ScriptedImporter) -> (artifact id: 'd8c4a3884fe66d1f7a703fab13cc47bf') in 0.0291451 seconds
Number of updated asset objects reloaded before import = 0Number of asset objects unloaded after import = 54

========================================================================
Received Import Request.
  Time since last request: 0.000020 seconds.
  path: Assets/CrowAssets/Assets/Low Poly Stylized Food/Meshes/Lettuce.fbx
  artifactKey: Guid(cacfdd8dcb9f99a44a0ce821ffd990d4) Importer(2089858483,192608db42251d675da83286b1cce702)
Start importing Assets/CrowAssets/Assets/Low Poly Stylized Food/Meshes/Lettuce.fbx using Guid(cacfdd8dcb9f99a44a0ce821ffd990d4) Importer(2089858483,192608db42251d675da83286b1cce702) (ScriptedImporter) -> (artifact id: '770b02aa7032f331101be68e807f5633') in 0.0209126 seconds
Number of updated asset objects reloaded before import = 0Number of asset objects unloaded after import = 7

========================================================================
Received Import Request.
  Time since last request: 0.000011 seconds.
  path: Assets/Pandazole_Ultimate_Pack/Pandazole Kitchen Food/Models/Prop_Spatula_09.fbx
  artifactKey: Guid(e2a0d740d7a5d9a4bb975fe236ac952d) Importer(2089858483,192608db42251d675da83286b1cce702)
Start importing Assets/Pandazole_Ultimate_Pack/Pandazole Kitchen Food/Models/Prop_Spatula_09.fbx using Guid(e2a0d740d7a5d9a4bb975fe236ac952d) Importer(2089858483,192608db42251d675da83286b1cce702) (ScriptedImporter) -> (artifact id: 'bfb3c3cc337d8d5d98963534f99d9ec2') in 0.0223822 seconds
Number of updated asset objects reloaded before import = 0Number of asset objects unloaded after import = 8

========================================================================
Received Import Request.
  Time since last request: 0.000009 seconds.
  path: Assets/Pandazole_Ultimate_Pack/Pandazole Kitchen Food/Models/Prop_Spatula_03.fbx
  artifactKey: Guid(29e80e87cbb807d4092a7314cf364aaf) Importer(2089858483,192608db42251d675da83286b1cce702)
Start importing Assets/Pandazole_Ultimate_Pack/Pandazole Kitchen Food/Models/Prop_Spatula_03.fbx using Guid(29e80e87cbb807d4092a7314cf364aaf) Importer(2089858483,192608db42251d675da83286b1cce702) (ScriptedImporter) -> (artifact id: '8381e6567f21aefb9318b2f7eb2571cc') in 0.0174264 seconds
Number of updated asset objects reloaded before import = 0Number of asset objects unloaded after import = 8

========================================================================
Received Import Request.
  Time since last request: 0.000018 seconds.
  path: Assets/CrowAssets/Assets/Low Poly Stylized Food/Textures/Lunch Meat/meat_tex.png
  artifactKey: Guid(58b9b8188cabac549b844094b9f252fa) Importer(2089858483,192608db42251d675da83286b1cce702)
Start importing Assets/CrowAssets/Assets/Low Poly Stylized Food/Textures/Lunch Meat/meat_tex.png using Guid(58b9b8188cabac549b844094b9f252fa) Importer(2089858483,192608db42251d675da83286b1cce702) (ScriptedImporter) -> (artifact id: 'f2f8eb9c24d01af610231239ab9a22e0') in 0.0156107 seconds
Number of updated asset objects reloaded before import = 0Number of asset objects unloaded after import = 1

========================================================================
Received Import Request.
  Time since last request: 0.000010 seconds.
  path: Assets/CrowAssets/Assets/Low Poly Stylized Food/URP/Prefabs/Sardines.prefab
  artifactKey: Guid(885787fceb60ba749a0225237bd9b8c8) Importer(2089858483,192608db42251d675da83286b1cce702)
Start importing Assets/CrowAssets/Assets/Low Poly Stylized Food/URP/Prefabs/Sardines.prefab using Guid(885787fceb60ba749a0225237bd9b8c8) Importer(2089858483,192608db42251d675da83286b1cce702) (ScriptedImporter) -> (artifact id: '32d92ae5d4144a2f6bbf0ad72398cda8') in 0.0113499 seconds
Number of updated asset objects reloaded before import = 0Number of asset objects unloaded after import = 14

========================================================================
Received Import Request.
  Time since last request: 0.000011 seconds.
  path: Assets/CrowAssets/Assets/Low Poly Stylized Food/Scenes/ExampleSceneHDRP
  artifactKey: Guid(27e30fceceac40041b273b194dbfd3ba) Importer(2089858483,192608db42251d675da83286b1cce702)
Start importing Assets/CrowAssets/Assets/Low Poly Stylized Food/Scenes/ExampleSceneHDRP using Guid(27e30fceceac40041b273b194dbfd3ba) Importer(2089858483,192608db42251d675da83286b1cce702) (ScriptedImporter) -> (artifact id: 'c4bc9d5771dba8c1cafe42c7efb9b9b7') in 0.0091968 seconds
Number of updated asset objects reloaded before import = 0Number of asset objects unloaded after import = 1

========================================================================
Received Import Request.
  Time since last request: 0.000011 seconds.
  path: Assets/CrowAssets/Assets/Low Poly Stylized Food
  artifactKey: Guid(60092af423194b4408ed78f92cf68cb8) Importer(2089858483,192608db42251d675da83286b1cce702)
Start importing Assets/CrowAssets/Assets/Low Poly Stylized Food using Guid(60092af423194b4408ed78f92cf68cb8) Importer(2089858483,192608db42251d675da83286b1cce702) (ScriptedImporter) -> (artifact id: '1556488879effdb8e52b36db71724034') in 0.0093534 seconds
Number of updated asset objects reloaded before import = 0Number of asset objects unloaded after import = 1

========================================================================
Received Import Request.
  Time since last request: 0.000013 seconds.
  path: Assets/CrowAssets/Assets/Low Poly Stylized Food/URP/Materials/Tomato Slice.mat
  artifactKey: Guid(7b1d96d4774f7244ab402e91294cfb6d) Importer(2089858483,192608db42251d675da83286b1cce702)
Start importing Assets/CrowAssets/Assets/Low Poly Stylized Food/URP/Materials/Tomato Slice.mat using Guid(7b1d96d4774f7244ab402e91294cfb6d) Importer(2089858483,192608db42251d675da83286b1cce702) (ScriptedImporter) -> (artifact id: '0a045e1f41a263b931b48f4f3f837c3e') in 0.0145564 seconds
Number of updated asset objects reloaded before import = 0Number of asset objects unloaded after import = 3

========================================================================
Received Import Request.
  Time since last request: 0.000023 seconds.
  path: Assets/CrowAssets/Assets/Low Poly Stylized Food/Meshes
  artifactKey: Guid(7106a6d92cdd7e74cb0cb8225be352f2) Importer(2089858483,192608db42251d675da83286b1cce702)
Start importing Assets/CrowAssets/Assets/Low Poly Stylized Food/Meshes using Guid(7106a6d92cdd7e74cb0cb8225be352f2) Importer(2089858483,192608db42251d675da83286b1cce702) (ScriptedImporter) -> (artifact id: '465637de22888e034e1f783f08cfefbf') in 0.0092766 seconds
Number of updated asset objects reloaded before import = 0Number of asset objects unloaded after import = 1

========================================================================
Received Import Request.
  Time since last request: 0.000011 seconds.
  path: Assets/CrowAssets/Assets/Low Poly Stylized Food/URP/Prefabs/CrackedEgg.prefab
  artifactKey: Guid(abeb9f95befb32a4986e67cd3c6cca55) Importer(2089858483,192608db42251d675da83286b1cce702)
Start importing Assets/CrowAssets/Assets/Low Poly Stylized Food/URP/Prefabs/CrackedEgg.prefab using Guid(abeb9f95befb32a4986e67cd3c6cca55) Importer(2089858483,192608db42251d675da83286b1cce702) (ScriptedImporter) -> (artifact id: '42c966b0da42f6f6363b60519b0823cc') in 0.0085146 seconds
Number of updated asset objects reloaded before import = 0Number of asset objects unloaded after import = 16

========================================================================
Received Import Request.
  Time since last request: 0.000013 seconds.
  path: Assets/CrowAssets/Assets/Low Poly Stylized Food/HDRP/Materials/Cheese Slice.mat
  artifactKey: Guid(0ac51ccaeacb54e4daafa4eae0176268) Importer(2089858483,192608db42251d675da83286b1cce702)
Start importing Assets/CrowAssets/Assets/Low Poly Stylized Food/HDRP/Materials/Cheese Slice.mat using Guid(0ac51ccaeacb54e4daafa4eae0176268) Importer(2089858483,192608db42251d675da83286b1cce702) (ScriptedImporter) -> (artifact id: '7fe2fc90d5924bf2b358643ce905f3fc') in 0.0148284 seconds
Number of updated asset objects reloaded before import = 0Number of asset objects unloaded after import = 1

========================================================================
Received Import Request.
  Time since last request: 0.000014 seconds.
  path: Assets/CrowAssets/Assets/Low Poly Stylized Food/Textures/Soda Can/SodaCan_02_tex.png
  artifactKey: Guid(117dc021a2038b648acda241674ac3fa) Importer(2089858483,192608db42251d675da83286b1cce702)
Start importing Assets/CrowAssets/Assets/Low Poly Stylized Food/Textures/Soda Can/SodaCan_02_tex.png using Guid(117dc021a2038b648acda241674ac3fa) Importer(2089858483,192608db42251d675da83286b1cce702) (ScriptedImporter) -> (artifact id: 'fd031f2748dc44547b1144445ab8b177') in 0.0162734 seconds
Number of updated asset objects reloaded before import = 0Number of asset objects unloaded after import = 1

========================================================================
Received Import Request.
  Time since last request: 0.000011 seconds.
  path: Assets/CrowAssets/Assets/Low Poly Stylized Food/URP/Prefabs/Lettuce.prefab
  artifactKey: Guid(9622449f1c1205f4fadff5afdfe618ab) Importer(2089858483,192608db42251d675da83286b1cce702)
Start importing Assets/CrowAssets/Assets/Low Poly Stylized Food/URP/Prefabs/Lettuce.prefab using Guid(9622449f1c1205f4fadff5afdfe618ab) Importer(2089858483,192608db42251d675da83286b1cce702) (ScriptedImporter) -> (artifact id: 'bde6eba104b310ae9c39c979c665d497') in 0.0121916 seconds
Number of updated asset objects reloaded before import = 0Number of asset objects unloaded after import = 9

========================================================================
Received Import Request.
  Time since last request: 0.000013 seconds.
  path: Assets/CrowAssets/Assets/Low Poly Stylized Food/BuiltIn/Materials/Chips.mat
  artifactKey: Guid(de87b77bb2ff25b4eb01921c461d04dd) Importer(2089858483,192608db42251d675da83286b1cce702)
Start importing Assets/CrowAssets/Assets/Low Poly Stylized Food/BuiltIn/Materials/Chips.mat using Guid(de87b77bb2ff25b4eb01921c461d04dd) Importer(2089858483,192608db42251d675da83286b1cce702) (ScriptedImporter) -> (artifact id: '57c3f3c9f7ab11c7e3b6e051102e3f7a') in 0.0152782 seconds
Number of updated asset objects reloaded before import = 0Number of asset objects unloaded after import = 3

========================================================================
Received Import Request.
  Time since last request: 0.000011 seconds.
  path: Assets/CrowAssets/Assets/Low Poly Stylized Food/HDRP/Prefabs/Can_01.prefab
  artifactKey: Guid(2d21a69ab6769b949b04a940e8e703f7) Importer(2089858483,192608db42251d675da83286b1cce702)
Start importing Assets/CrowAssets/Assets/Low Poly Stylized Food/HDRP/Prefabs/Can_01.prefab using Guid(2d21a69ab6769b949b04a940e8e703f7) Importer(2089858483,192608db42251d675da83286b1cce702) (ScriptedImporter) -> (artifact id: '965df261dc2d27b002a5ef8cce390f25') in 0.0121281 seconds
Number of updated asset objects reloaded before import = 0Number of asset objects unloaded after import = 9

========================================================================
Received Import Request.
  Time since last request: 0.000013 seconds.
  path: Assets/CrowAssets/Assets/Low Poly Stylized Food/HDRP/Prefabs/SodaCan_02.prefab
  artifactKey: Guid(69c000972b9302b45b7550fc5adce612) Importer(2089858483,192608db42251d675da83286b1cce702)
Start importing Assets/CrowAssets/Assets/Low Poly Stylized Food/HDRP/Prefabs/SodaCan_02.prefab using Guid(69c000972b9302b45b7550fc5adce612) Importer(2089858483,192608db42251d675da83286b1cce702) (ScriptedImporter) -> (artifact id: '76ca400548915bd34d8b64a050af50f4') in 0.0130853 seconds
Number of updated asset objects reloaded before import = 0Number of asset objects unloaded after import = 14

========================================================================
Received Import Request.
  Time since last request: 0.000022 seconds.
  path: Assets/CrowAssets/Assets/Low Poly Stylized Food/URP/Prefabs/Bread.prefab
  artifactKey: Guid(c1af0d29e34b726448683bda363e269c) Importer(2089858483,192608db42251d675da83286b1cce702)
Start importing Assets/CrowAssets/Assets/Low Poly Stylized Food/URP/Prefabs/Bread.prefab using Guid(c1af0d29e34b726448683bda363e269c) Importer(2089858483,192608db42251d675da83286b1cce702) (ScriptedImporter) -> (artifact id: 'ecab63b83019c33ac37c7a9c715fff4d') in 0.0123484 seconds
Number of updated asset objects reloaded before import = 0Number of asset objects unloaded after import = 9

========================================================================
Received Import Request.
  Time since last request: 0.000021 seconds.
  path: Assets/CrowAssets/Assets/Low Poly Stylized Food/Meshes/SodaCan.fbx
  artifactKey: Guid(741df4fc8f5203444b0ff9f35844c64b) Importer(2089858483,192608db42251d675da83286b1cce702)
Start importing Assets/CrowAssets/Assets/Low Poly Stylized Food/Meshes/SodaCan.fbx using Guid(741df4fc8f5203444b0ff9f35844c64b) Importer(2089858483,192608db42251d675da83286b1cce702) (ScriptedImporter) -> (artifact id: '08daba865a917862f75a14eef52bdce7') in 0.0236576 seconds
Number of updated asset objects reloaded before import = 0Number of asset objects unloaded after import = 12

========================================================================
Received Import Request.
  Time since last request: 0.000012 seconds.
  path: Assets/CrowAssets/Assets/Low Poly Stylized Food/HDRP/Prefabs/BreadLoaf.prefab
  artifactKey: Guid(0ab7c2f70f1047f4c8fd55b60fc07a4a) Importer(2089858483,192608db42251d675da83286b1cce702)
Start importing Assets/CrowAssets/Assets/Low Poly Stylized Food/HDRP/Prefabs/BreadLoaf.prefab using Guid(0ab7c2f70f1047f4c8fd55b60fc07a4a) Importer(2089858483,192608db42251d675da83286b1cce702) (ScriptedImporter) -> (artifact id: 'b5db93d13ced39c3434e7e50d4fcff41') in 0.0113441 seconds
Number of updated asset objects reloaded before import = 0Number of asset objects unloaded after import = 9

========================================================================
Received Import Request.
  Time since last request: 0.000011 seconds.
  path: Assets/CrowAssets/Assets/Low Poly Stylized Food/URP/Prefabs
  artifactKey: Guid(a9bd1e64a9cc6b4439600a73f6e7dba9) Importer(2089858483,192608db42251d675da83286b1cce702)
Start importing Assets/CrowAssets/Assets/Low Poly Stylized Food/URP/Prefabs using Guid(a9bd1e64a9cc6b4439600a73f6e7dba9) Importer(2089858483,192608db42251d675da83286b1cce702) (ScriptedImporter) -> (artifact id: '969eb63148b56f3080bfcf0de2f52a3c') in 0.009354 seconds
Number of updated asset objects reloaded before import = 0Number of asset objects unloaded after import = 1

========================================================================
Received Import Request.
  Time since last request: 0.000010 seconds.
  path: Assets/CrowAssets/Assets/Low Poly Stylized Food/BuiltIn/Materials/SodaCan_02.mat
  artifactKey: Guid(18362c36b211eed44a2f305b1c4bee4b) Importer(2089858483,192608db42251d675da83286b1cce702)
Start importing Assets/CrowAssets/Assets/Low Poly Stylized Food/BuiltIn/Materials/SodaCan_02.mat using Guid(18362c36b211eed44a2f305b1c4bee4b) Importer(2089858483,192608db42251d675da83286b1cce702) (ScriptedImporter) -> (artifact id: 'e288d97013489a735237180668eccf27') in 0.0163099 seconds
Number of updated asset objects reloaded before import = 0Number of asset objects unloaded after import = 3

========================================================================
Received Import Request.
  Time since last request: 0.000010 seconds.
  path: Assets/CrowAssets/Assets/Low Poly Stylized Food/BuiltIn/Materials/Lettuce.mat
  artifactKey: Guid(cefc1d3edae3016458e36ec7b89341c1) Importer(2089858483,192608db42251d675da83286b1cce702)
Start importing Assets/CrowAssets/Assets/Low Poly Stylized Food/BuiltIn/Materials/Lettuce.mat using Guid(cefc1d3edae3016458e36ec7b89341c1) Importer(2089858483,192608db42251d675da83286b1cce702) (ScriptedImporter) -> (artifact id: 'bb2720223662baf300ccbe842244b632') in 0.0147719 seconds
Number of updated asset objects reloaded before import = 0Number of asset objects unloaded after import = 3

========================================================================
Received Import Request.
  Time since last request: 0.000012 seconds.
  path: Assets/CrowAssets
  artifactKey: Guid(925444137ba4fc5409ca310651d16ab8) Importer(2089858483,192608db42251d675da83286b1cce702)
Start importing Assets/CrowAssets using Guid(925444137ba4fc5409ca310651d16ab8) Importer(2089858483,192608db42251d675da83286b1cce702) (ScriptedImporter) -> (artifact id: '724e4fe6c9d978f8e05c23ab4d9912b8') in 0.008979 seconds
Number of updated asset objects reloaded before import = 0Number of asset objects unloaded after import = 1

========================================================================
Received Import Request.
  Time since last request: 0.000014 seconds.
  path: Assets/CrowAssets/Assets/Low Poly Stylized Food/Textures/Can Opener
  artifactKey: Guid(42517115f84590a43b1197fa1d9139fe) Importer(2089858483,192608db42251d675da83286b1cce702)
Start importing Assets/CrowAssets/Assets/Low Poly Stylized Food/Textures/Can Opener using Guid(42517115f84590a43b1197fa1d9139fe) Importer(2089858483,192608db42251d675da83286b1cce702) (ScriptedImporter) -> (artifact id: '6fc4ee3ed328e382d7620a9ca209f325') in 0.0100363 seconds
Number of updated asset objects reloaded before import = 0Number of asset objects unloaded after import = 1

========================================================================
Received Import Request.
  Time since last request: 0.000020 seconds.
  path: Assets/CrowAssets/Assets/Low Poly Stylized Food/Textures/Lettuce/Lettuce_tex.png
  artifactKey: Guid(ff074a2d88bcf4445af1b6ebde5d8d00) Importer(2089858483,192608db42251d675da83286b1cce702)
Start importing Assets/CrowAssets/Assets/Low Poly Stylized Food/Textures/Lettuce/Lettuce_tex.png using Guid(ff074a2d88bcf4445af1b6ebde5d8d00) Importer(2089858483,192608db42251d675da83286b1cce702) (ScriptedImporter) -> (artifact id: '8f631726ef0bc28a5edac280bcfc80aa') in 0.0183884 seconds
Number of updated asset objects reloaded before import = 0Number of asset objects unloaded after import = 1

========================================================================
Received Import Request.
  Time since last request: 0.000012 seconds.
  path: Assets/CrowAssets/Assets/Low Poly Stylized Food/Info/Thank You.txt
  artifactKey: Guid(918db85a437229c41b53c142b85073ea) Importer(2089858483,192608db42251d675da83286b1cce702)
Start importing Assets/CrowAssets/Assets/Low Poly Stylized Food/Info/Thank You.txt using Guid(918db85a437229c41b53c142b85073ea) Importer(2089858483,192608db42251d675da83286b1cce702) (ScriptedImporter) -> (artifact id: 'e3ce2d82c2c0c5552d1951e4d6ee65f7') in 0.0111339 seconds
Number of updated asset objects reloaded before import = 0Number of asset objects unloaded after import = 1

========================================================================
Received Import Request.
  Time since last request: 0.000011 seconds.
  path: Assets/CrowAssets/Assets/Low Poly Stylized Food/HDRP/Prefabs/Lettuce.prefab
  artifactKey: Guid(a3ec8a5f4317cd84cae2e2202a719cae) Importer(2089858483,192608db42251d675da83286b1cce702)
Start importing Assets/CrowAssets/Assets/Low Poly Stylized Food/HDRP/Prefabs/Lettuce.prefab using Guid(a3ec8a5f4317cd84cae2e2202a719cae) Importer(2089858483,192608db42251d675da83286b1cce702) (ScriptedImporter) -> (artifact id: '9894d4990ef46eda8530d6b71aa6be34') in 0.0116503 seconds
Number of updated asset objects reloaded before import = 0Number of asset objects unloaded after import = 9

========================================================================
Received Import Request.
  Time since last request: 0.000010 seconds.
  path: Assets/CrowAssets/Assets/Low Poly Stylized Food/BuiltIn/Materials/Can Opener.mat
  artifactKey: Guid(12a5bc71495c7b34dad45ab9a026049c) Importer(2089858483,192608db42251d675da83286b1cce702)
Start importing Assets/CrowAssets/Assets/Low Poly Stylized Food/BuiltIn/Materials/Can Opener.mat using Guid(12a5bc71495c7b34dad45ab9a026049c) Importer(2089858483,192608db42251d675da83286b1cce702) (ScriptedImporter) -> (artifact id: 'd2dc7098c58c41fdf715dc87fef3836e') in 0.0156812 seconds
Number of updated asset objects reloaded before import = 0Number of asset objects unloaded after import = 3

========================================================================
Received Import Request.
  Time since last request: 0.000044 seconds.
  path: Assets/CrowAssets/Assets/Low Poly Stylized Food/Textures/Soda Bottle/SodaBottle_tex.png
  artifactKey: Guid(873a76eda23826147822b946029d0434) Importer(2089858483,192608db42251d675da83286b1cce702)
Start importing Assets/CrowAssets/Assets/Low Poly Stylized Food/Textures/Soda Bottle/SodaBottle_tex.png using Guid(873a76eda23826147822b946029d0434) Importer(2089858483,192608db42251d675da83286b1cce702) (ScriptedImporter) -> (artifact id: 'e5e21bac9d968834a6033c3becb840b5') in 0.0188329 seconds
Number of updated asset objects reloaded before import = 0Number of asset objects unloaded after import = 1

========================================================================
Received Import Request.
  Time since last request: 0.000011 seconds.
  path: Assets/CrowAssets/Assets/Low Poly Stylized Food/Textures/Peanut Butter/PB_tex.png
  artifactKey: Guid(d7bf0f3e5731202468fe4c7aa242b028) Importer(2089858483,192608db42251d675da83286b1cce702)
Start importing Assets/CrowAssets/Assets/Low Poly Stylized Food/Textures/Peanut Butter/PB_tex.png using Guid(d7bf0f3e5731202468fe4c7aa242b028) Importer(2089858483,192608db42251d675da83286b1cce702) (ScriptedImporter) -> (artifact id: 'c757dacd35b9599be3b1094b8930d143') in 0.0169482 seconds
Number of updated asset objects reloaded before import = 0Number of asset objects unloaded after import = 1

========================================================================
Received Import Request.
  Time since last request: 0.000010 seconds.
  path: Assets/CrowAssets/Assets/Low Poly Stylized Food/BuiltIn/Prefabs/Peanut Butter.prefab
  artifactKey: Guid(6811419bba212934ca0d055591356c6c) Importer(2089858483,192608db42251d675da83286b1cce702)
Start importing Assets/CrowAssets/Assets/Low Poly Stylized Food/BuiltIn/Prefabs/Peanut Butter.prefab using Guid(6811419bba212934ca0d055591356c6c) Importer(2089858483,192608db42251d675da83286b1cce702) (ScriptedImporter) -> (artifact id: '2e1628d2c05700d7f6201278ff4cef31') in 0.0102303 seconds
Number of updated asset objects reloaded before import = 0Number of asset objects unloaded after import = 14

========================================================================
Received Import Request.
  Time since last request: 0.000011 seconds.
  path: Assets/CrowAssets/Assets/Low Poly Stylized Food/URP/Materials/JuiceBox.mat
  artifactKey: Guid(19cf288a74d19284bb2f00ff9d082f9f) Importer(2089858483,192608db42251d675da83286b1cce702)
Start importing Assets/CrowAssets/Assets/Low Poly Stylized Food/URP/Materials/JuiceBox.mat using Guid(19cf288a74d19284bb2f00ff9d082f9f) Importer(2089858483,192608db42251d675da83286b1cce702) (ScriptedImporter) -> (artifact id: '261c7a2fe35b6a92672b550ee583622f') in 0.0171945 seconds
Number of updated asset objects reloaded before import = 0Number of asset objects unloaded after import = 3

========================================================================
Received Import Request.
  Time since last request: 0.000025 seconds.
  path: Assets/CrowAssets/Assets/Low Poly Stylized Food/BuiltIn/Materials/CandyBar.mat
  artifactKey: Guid(df420ae436b1aeb44a1f6e380d033a12) Importer(2089858483,192608db42251d675da83286b1cce702)
Start importing Assets/CrowAssets/Assets/Low Poly Stylized Food/BuiltIn/Materials/CandyBar.mat using Guid(df420ae436b1aeb44a1f6e380d033a12) Importer(2089858483,192608db42251d675da83286b1cce702) (ScriptedImporter) -> (artifact id: '3e610e8560eac0c483eea0e6f8624514') in 0.0142431 seconds
Number of updated asset objects reloaded before import = 0Number of asset objects unloaded after import = 3

========================================================================
Received Import Request.
  Time since last request: 0.000011 seconds.
  path: Assets/Pandazole_Ultimate_Pack/Pandazole Kitchen Food/Models/Food_Water Cup.fbx
  artifactKey: Guid(39a810539e70fa0429b032bdf88ecb04) Importer(2089858483,192608db42251d675da83286b1cce702)
Start importing Assets/Pandazole_Ultimate_Pack/Pandazole Kitchen Food/Models/Food_Water Cup.fbx using Guid(39a810539e70fa0429b032bdf88ecb04) Importer(2089858483,192608db42251d675da83286b1cce702) (ScriptedImporter) -> (artifact id: '2677771c027ab79964da18c6a711b55d') in 0.0251275 seconds
Number of updated asset objects reloaded before import = 0Number of asset objects unloaded after import = 8

========================================================================
Received Import Request.
  Time since last request: 0.000011 seconds.
  path: Assets/MinimalistBedroom/Textures/Wood/Plywood_1k/Materials/Plywood_baseColour_01_1k.mat
  artifactKey: Guid(b741f54e99159d344a2fcb9ee8ff7d55) Importer(2089858483,192608db42251d675da83286b1cce702)
Start importing Assets/MinimalistBedroom/Textures/Wood/Plywood_1k/Materials/Plywood_baseColour_01_1k.mat using Guid(b741f54e99159d344a2fcb9ee8ff7d55) Importer(2089858483,192608db42251d675da83286b1cce702) (ScriptedImporter) -> (artifact id: '75df638077f7ee86e3dcb47faeef05ef') in 0.0175362 seconds
Number of updated asset objects reloaded before import = 0Number of asset objects unloaded after import = 2

========================================================================
Received Import Request.
  Time since last request: 0.000012 seconds.
  path: Assets/Furniture Mega Pack/Prefabs/Kitchen/CabinetB02.prefab
  artifactKey: Guid(386736fba5adf7047925f6e124b70d34) Importer(2089858483,192608db42251d675da83286b1cce702)
Start importing Assets/Furniture Mega Pack/Prefabs/Kitchen/CabinetB02.prefab using Guid(386736fba5adf7047925f6e124b70d34) Importer(2089858483,192608db42251d675da83286b1cce702) (ScriptedImporter) -> (artifact id: '802a2ea9092583c58121031e482679a5') in 0.0209948 seconds
Number of updated asset objects reloaded before import = 0Number of asset objects unloaded after import = 14

========================================================================
Received Import Request.
  Time since last request: 0.000010 seconds.
  path: Assets/Pandazole_Ultimate_Pack/Pandazole Kitchen Food/Models/Prop_Heater.fbx
  artifactKey: Guid(2882e9c72d90667409955188486559ae) Importer(2089858483,192608db42251d675da83286b1cce702)
Start importing Assets/Pandazole_Ultimate_Pack/Pandazole Kitchen Food/Models/Prop_Heater.fbx using Guid(2882e9c72d90667409955188486559ae) Importer(2089858483,192608db42251d675da83286b1cce702) (ScriptedImporter) -> (artifact id: '835d630b90342b6741562adfc366d09d') in 0.0333021 seconds
Number of updated asset objects reloaded before import = 0Number of asset objects unloaded after import = 38

========================================================================
Received Import Request.
  Time since last request: 0.000012 seconds.
  path: Assets/Pandazole_Ultimate_Pack/Pandazole Kitchen Food/Models/Prop_KitchenCabinet_02.fbx
  artifactKey: Guid(bda0dddbf00bf6448a67392a58158f47) Importer(2089858483,192608db42251d675da83286b1cce702)
Start importing Assets/Pandazole_Ultimate_Pack/Pandazole Kitchen Food/Models/Prop_KitchenCabinet_02.fbx using Guid(bda0dddbf00bf6448a67392a58158f47) Importer(2089858483,192608db42251d675da83286b1cce702) (ScriptedImporter) -> (artifact id: '2b0642d39a3b538228fa8da148464d1d') in 0.020053 seconds
Number of updated asset objects reloaded before import = 0Number of asset objects unloaded after import = 13

========================================================================
Received Import Request.
  Time since last request: 0.000013 seconds.
  path: Assets/pumpkin monster/Material
  artifactKey: Guid(cac4f7bef63f0d841ac9967b352919a8) Importer(2089858483,192608db42251d675da83286b1cce702)
Start importing Assets/pumpkin monster/Material using Guid(cac4f7bef63f0d841ac9967b352919a8) Importer(2089858483,192608db42251d675da83286b1cce702) (ScriptedImporter) -> (artifact id: 'f809a9b5ab2acd105b1d9221a50a684e') in 0.0109623 seconds
Number of updated asset objects reloaded before import = 0Number of asset objects unloaded after import = 1

========================================================================
Received Import Request.
  Time since last request: 0.000020 seconds.
  path: Assets/Furniture Mega Pack/Materials/Chair/mat_Chair16.mat
  artifactKey: Guid(2fb16df4da3e37841b6973e5595c2b9c) Importer(2089858483,192608db42251d675da83286b1cce702)
Start importing Assets/Furniture Mega Pack/Materials/Chair/mat_Chair16.mat using Guid(2fb16df4da3e37841b6973e5595c2b9c) Importer(2089858483,192608db42251d675da83286b1cce702) (ScriptedImporter) -> (artifact id: '9f1af8127f700af2f2299ee4676c2d21') in 0.0185625 seconds
Number of updated asset objects reloaded before import = 0Number of asset objects unloaded after import = 4

========================================================================
Received Import Request.
  Time since last request: 0.000012 seconds.
  path: Assets/Furniture Mega Pack/Textures/Tables/Table23/Table23_mat_Table23_MetallicSmoothness.png
  artifactKey: Guid(9575fb403dfe1984cb958e61d3789cbf) Importer(2089858483,192608db42251d675da83286b1cce702)
Start importing Assets/Furniture Mega Pack/Textures/Tables/Table23/Table23_mat_Table23_MetallicSmoothness.png using Guid(9575fb403dfe1984cb958e61d3789cbf) Importer(2089858483,192608db42251d675da83286b1cce702) (ScriptedImporter) -> (artifact id: '5fb867fdd5f523c17ef3d952e3f6304e') in 0.0198019 seconds
Number of updated asset objects reloaded before import = 0Number of asset objects unloaded after import = 1

========================================================================
Received Import Request.
  Time since last request: 0.000013 seconds.
  path: Assets/CrowAssets/Assets/Low Poly Stylized Food/Textures/Jelly
  artifactKey: Guid(d3520ca90befeac4a85c398e66fe4694) Importer(2089858483,192608db42251d675da83286b1cce702)
Start importing Assets/CrowAssets/Assets/Low Poly Stylized Food/Textures/Jelly using Guid(d3520ca90befeac4a85c398e66fe4694) Importer(2089858483,192608db42251d675da83286b1cce702) (ScriptedImporter) -> (artifact id: 'cb43273df7397ad20121e9875750fec5') in 0.0106634 seconds
Number of updated asset objects reloaded before import = 0Number of asset objects unloaded after import = 1

========================================================================
Received Import Request.
  Time since last request: 0.000013 seconds.
  path: Assets/CrowAssets/Assets/Low Poly Stylized Food/URP/Prefabs/Can_01_Open.prefab
  artifactKey: Guid(ae3f9394eb1ec2f49999db3c2f9441d9) Importer(2089858483,192608db42251d675da83286b1cce702)
Start importing Assets/CrowAssets/Assets/Low Poly Stylized Food/URP/Prefabs/Can_01_Open.prefab using Guid(ae3f9394eb1ec2f49999db3c2f9441d9) Importer(2089858483,192608db42251d675da83286b1cce702) (ScriptedImporter) -> (artifact id: 'b464848e51969e93ccddf70d72b5e477') in 0.0123443 seconds
Number of updated asset objects reloaded before import = 0Number of asset objects unloaded after import = 14

========================================================================
Received Import Request.
  Time since last request: 0.000010 seconds.
  path: Assets/CrowAssets/Assets/Low Poly Stylized Food/BuiltIn/Materials/Jar.mat
  artifactKey: Guid(c3ac4df4d0d97cc4a968ae8f659ce237) Importer(2089858483,192608db42251d675da83286b1cce702)
Start importing Assets/CrowAssets/Assets/Low Poly Stylized Food/BuiltIn/Materials/Jar.mat using Guid(c3ac4df4d0d97cc4a968ae8f659ce237) Importer(2089858483,192608db42251d675da83286b1cce702) (ScriptedImporter) -> (artifact id: '22fc8f1224eb208cbb01cefe7e8bcd9b') in 0.0151268 seconds
Number of updated asset objects reloaded before import = 0Number of asset objects unloaded after import = 3

========================================================================
Received Import Request.
  Time since last request: 0.000011 seconds.
  path: Assets/Pandazole_Ultimate_Pack/Pandazole Kitchen Food/Models/Food_Rice.fbx
  artifactKey: Guid(ea7da191f2cf5eb40811367efb81c18b) Importer(2089858483,192608db42251d675da83286b1cce702)
Start importing Assets/Pandazole_Ultimate_Pack/Pandazole Kitchen Food/Models/Food_Rice.fbx using Guid(ea7da191f2cf5eb40811367efb81c18b) Importer(2089858483,192608db42251d675da83286b1cce702) (ScriptedImporter) -> (artifact id: '6afbab9a2a45e99ea0ee5a9c2cdbc330') in 0.0213421 seconds
Number of updated asset objects reloaded before import = 0Number of asset objects unloaded after import = 8

========================================================================
Received Import Request.
  Time since last request: 0.000012 seconds.
  path: Assets/Pandazole_Ultimate_Pack/Pandazole Kitchen Food/Prefabs/Food_Chopped Tomato.prefab
  artifactKey: Guid(84c1822a4f069684fb10b63ebaeb6c96) Importer(2089858483,192608db42251d675da83286b1cce702)
Start importing Assets/Pandazole_Ultimate_Pack/Pandazole Kitchen Food/Prefabs/Food_Chopped Tomato.prefab using Guid(84c1822a4f069684fb10b63ebaeb6c96) Importer(2089858483,192608db42251d675da83286b1cce702) (ScriptedImporter) -> (artifact id: '2aecdfede326a72e50aeef202bcfcfd3') in 0.0169243 seconds
Number of updated asset objects reloaded before import = 0Number of asset objects unloaded after import = 9

========================================================================
Received Import Request.
  Time since last request: 0.000016 seconds.
  path: Assets/CrowAssets/Assets/Low Poly Stylized Food/Textures/Jelly/Jelly_tex.png
  artifactKey: Guid(b5d3cd10ceacdef4f8671cb9117e8ce1) Importer(2089858483,192608db42251d675da83286b1cce702)
Start importing Assets/CrowAssets/Assets/Low Poly Stylized Food/Textures/Jelly/Jelly_tex.png using Guid(b5d3cd10ceacdef4f8671cb9117e8ce1) Importer(2089858483,192608db42251d675da83286b1cce702) (ScriptedImporter) -> (artifact id: '373c3abe489583c51f6fd8a271606afa') in 0.0191728 seconds
Number of updated asset objects reloaded before import = 0Number of asset objects unloaded after import = 1

========================================================================
Received Import Request.
  Time since last request: 0.000023 seconds.
  path: Assets/Furniture Mega Pack/Prefabs/Sofas/Sofa14.prefab
  artifactKey: Guid(6ccdbd5d5fbd8a94e9c60e53957c6f47) Importer(2089858483,192608db42251d675da83286b1cce702)
Start importing Assets/Furniture Mega Pack/Prefabs/Sofas/Sofa14.prefab using Guid(6ccdbd5d5fbd8a94e9c60e53957c6f47) Importer(2089858483,192608db42251d675da83286b1cce702) (ScriptedImporter) -> (artifact id: '58af1b9d0fc05e8a7f3040ec01a40c4c') in 0.0217606 seconds
Number of updated asset objects reloaded before import = 0Number of asset objects unloaded after import = 9

========================================================================
Received Import Request.
  Time since last request: 0.000010 seconds.
  path: Assets/Furniture Mega Pack/Prefabs/Beds/Bed03.prefab
  artifactKey: Guid(cb4e581334ac7f346bc81a2c2513d72e) Importer(2089858483,192608db42251d675da83286b1cce702)
Start importing Assets/Furniture Mega Pack/Prefabs/Beds/Bed03.prefab using Guid(cb4e581334ac7f346bc81a2c2513d72e) Importer(2089858483,192608db42251d675da83286b1cce702) (ScriptedImporter) -> (artifact id: '84ddb34b86a16342ad6b8e69aeda613e') in 0.0224434 seconds
Number of updated asset objects reloaded before import = 0Number of asset objects unloaded after import = 19

========================================================================
Received Import Request.
  Time since last request: 0.000011 seconds.
  path: Assets/CrowAssets/Assets/Low Poly Stylized Food/Textures/Cheese Slice
  artifactKey: Guid(4263c185109f59544b2e57e7a1d9fd83) Importer(2089858483,192608db42251d675da83286b1cce702)
Start importing Assets/CrowAssets/Assets/Low Poly Stylized Food/Textures/Cheese Slice using Guid(4263c185109f59544b2e57e7a1d9fd83) Importer(2089858483,192608db42251d675da83286b1cce702) (ScriptedImporter) -> (artifact id: 'f1e88d84f5b825182ebfb0360564f468') in 0.009061 seconds
Number of updated asset objects reloaded before import = 0Number of asset objects unloaded after import = 1

========================================================================
Received Import Request.
  Time since last request: 0.000010 seconds.
  path: Assets/Furniture Mega Pack/FBX/Bathroom/BathTub02.fbx
  artifactKey: Guid(c1877d66461906349af473e86e76993d) Importer(2089858483,192608db42251d675da83286b1cce702)
Start importing Assets/Furniture Mega Pack/FBX/Bathroom/BathTub02.fbx using Guid(c1877d66461906349af473e86e76993d) Importer(2089858483,192608db42251d675da83286b1cce702) (ScriptedImporter) -> (artifact id: '69f11838e7024515901917f1e33995be') in 0.0197863 seconds
Number of updated asset objects reloaded before import = 0Number of asset objects unloaded after import = 10

========================================================================
Received Import Request.
  Time since last request: 0.000017 seconds.
  path: Assets/Furniture Mega Pack/Textures/Sofas/Sofa10/Sofa10_mat_Sofa10_MetallicSmoothness.png
  artifactKey: Guid(8fb1ab9985f0d13458ec5723affe0836) Importer(2089858483,192608db42251d675da83286b1cce702)
Start importing Assets/Furniture Mega Pack/Textures/Sofas/Sofa10/Sofa10_mat_Sofa10_MetallicSmoothness.png using Guid(8fb1ab9985f0d13458ec5723affe0836) Importer(2089858483,192608db42251d675da83286b1cce702) (ScriptedImporter) -> (artifact id: 'eb61dfbd375652df184d46ab3210117a') in 0.0182529 seconds
Number of updated asset objects reloaded before import = 0Number of asset objects unloaded after import = 1

========================================================================
Received Import Request.
  Time since last request: 0.000013 seconds.
  path: Assets/pumpkin monster/Materials/low_matBody_MetallicSmoothness.mat
  artifactKey: Guid(b8d28ed1333e32346ad48f79924d3191) Importer(2089858483,192608db42251d675da83286b1cce702)
Start importing Assets/pumpkin monster/Materials/low_matBody_MetallicSmoothness.mat using Guid(b8d28ed1333e32346ad48f79924d3191) Importer(2089858483,192608db42251d675da83286b1cce702) (ScriptedImporter) -> (artifact id: '93ecab49e954056f974ecae29ce2903e') in 0.0208073 seconds
Number of updated asset objects reloaded before import = 0Number of asset objects unloaded after import = 2

========================================================================
Received Import Request.
  Time since last request: 0.000017 seconds.
  path: Assets/Furniture Mega Pack/Prefabs/Drawers/Drawer29.prefab
  artifactKey: Guid(1b950c4bbc2f2144ab22161141fd2950) Importer(2089858483,192608db42251d675da83286b1cce702)
Start importing Assets/Furniture Mega Pack/Prefabs/Drawers/Drawer29.prefab using Guid(1b950c4bbc2f2144ab22161141fd2950) Importer(2089858483,192608db42251d675da83286b1cce702) (ScriptedImporter) -> (artifact id: '26b71cb362933ce37cecd71384354fc5') in 0.0210289 seconds
Number of updated asset objects reloaded before import = 0Number of asset objects unloaded after import = 34

========================================================================
Received Import Request.
  Time since last request: 0.000030 seconds.
  path: Assets/Furniture Mega Pack/FBX/Kitchen/KitchenExhaust01.fbx
  artifactKey: Guid(4e0a3e2fd4b96fd4bbda838c32358618) Importer(2089858483,192608db42251d675da83286b1cce702)
Start importing Assets/Furniture Mega Pack/FBX/Kitchen/KitchenExhaust01.fbx using Guid(4e0a3e2fd4b96fd4bbda838c32358618) Importer(2089858483,192608db42251d675da83286b1cce702) (ScriptedImporter) -> (artifact id: '7a2e4e5c5dcac795b035b44daf9efe65') in 0.0243359 seconds
Number of updated asset objects reloaded before import = 0Number of asset objects unloaded after import = 10

========================================================================
Received Import Request.
  Time since last request: 0.000012 seconds.
  path: Assets/CrowAssets/Assets/Low Poly Stylized Food/BuiltIn/Materials/Cracked Egg.mat
  artifactKey: Guid(9997e573f8b879c4bacb43a29680f048) Importer(2089858483,192608db42251d675da83286b1cce702)
Start importing Assets/CrowAssets/Assets/Low Poly Stylized Food/BuiltIn/Materials/Cracked Egg.mat using Guid(9997e573f8b879c4bacb43a29680f048) Importer(2089858483,192608db42251d675da83286b1cce702) (ScriptedImporter) -> (artifact id: '924b0c60a611207c29400ece915ef246') in 0.0140032 seconds
Number of updated asset objects reloaded before import = 0Number of asset objects unloaded after import = 3

========================================================================
Received Import Request.
  Time since last request: 0.000012 seconds.
  path: Assets/Furniture Mega Pack/Prefabs/Closets/Closet26.prefab
  artifactKey: Guid(d43501f43bb8cd347ad0b90885db107c) Importer(2089858483,192608db42251d675da83286b1cce702)
Start importing Assets/Furniture Mega Pack/Prefabs/Closets/Closet26.prefab using Guid(d43501f43bb8cd347ad0b90885db107c) Importer(2089858483,192608db42251d675da83286b1cce702) (ScriptedImporter) -> (artifact id: 'b31b9f67ee6c8b70db1223a2857d2fd7') in 0.0193901 seconds
Number of updated asset objects reloaded before import = 0Number of asset objects unloaded after import = 14

========================================================================
Received Import Request.
  Time since last request: 0.000012 seconds.
  path: Assets/pumpkin monster/Material/matGround.mat
  artifactKey: Guid(b13970a921ff97d4dabb962472af1f2b) Importer(2089858483,192608db42251d675da83286b1cce702)
Start importing Assets/pumpkin monster/Material/matGround.mat using Guid(b13970a921ff97d4dabb962472af1f2b) Importer(2089858483,192608db42251d675da83286b1cce702) (ScriptedImporter) -> (artifact id: 'c3ec0914e61ca50590c88811f96d6e28') in 0.0112018 seconds
Number of updated asset objects reloaded before import = 0Number of asset objects unloaded after import = 1

========================================================================
Received Import Request.
  Time since last request: 0.000010 seconds.
  path: Assets/Pandazole_Ultimate_Pack/Pandazole Kitchen Food/Models/Food_Apple.fbx
  artifactKey: Guid(a19af451f264f994da93b0196c711d88) Importer(2089858483,192608db42251d675da83286b1cce702)
Start importing Assets/Pandazole_Ultimate_Pack/Pandazole Kitchen Food/Models/Food_Apple.fbx using Guid(a19af451f264f994da93b0196c711d88) Importer(2089858483,192608db42251d675da83286b1cce702) (ScriptedImporter) -> (artifact id: '09bcf607b2744dfaeff0bd6f902b3546') in 0.0181246 seconds
Number of updated asset objects reloaded before import = 0Number of asset objects unloaded after import = 8

========================================================================
Received Import Request.
  Time since last request: 0.000011 seconds.
  path: Assets/Furniture Mega Pack/FBX/Bathroom/TowelHanger03.fbx
  artifactKey: Guid(12593c03b2a384e47b3b95640c54e767) Importer(2089858483,192608db42251d675da83286b1cce702)
Start importing Assets/Furniture Mega Pack/FBX/Bathroom/TowelHanger03.fbx using Guid(12593c03b2a384e47b3b95640c54e767) Importer(2089858483,192608db42251d675da83286b1cce702) (ScriptedImporter) -> (artifact id: '5358a2bd2208d84f3b01d3522bb8c10f') in 0.019895 seconds
Number of updated asset objects reloaded before import = 0Number of asset objects unloaded after import = 10

========================================================================
Received Import Request.
  Time since last request: 0.000015 seconds.
  path: Assets/Furniture Mega Pack/FBX/Drawer/Drawer19.fbx
  artifactKey: Guid(277a0761eb397244f9d5802964dd94f9) Importer(2089858483,192608db42251d675da83286b1cce702)
Start importing Assets/Furniture Mega Pack/FBX/Drawer/Drawer19.fbx using Guid(277a0761eb397244f9d5802964dd94f9) Importer(2089858483,192608db42251d675da83286b1cce702) (ScriptedImporter) -> (artifact id: '40f3b3b303692784db456cdb932a049d') in 0.0272995 seconds
Number of updated asset objects reloaded before import = 0Number of asset objects unloaded after import = 25

========================================================================
Received Import Request.
  Time since last request: 0.000021 seconds.
  path: Assets/Furniture Mega Pack/Textures/Chairs/Chair19/Chair19_mat_Chair19_MetallicSmoothness.png
  artifactKey: Guid(16ce1e8142cf60a4c95b4251aa92c42a) Importer(2089858483,192608db42251d675da83286b1cce702)
Start importing Assets/Furniture Mega Pack/Textures/Chairs/Chair19/Chair19_mat_Chair19_MetallicSmoothness.png using Guid(16ce1e8142cf60a4c95b4251aa92c42a) Importer(2089858483,192608db42251d675da83286b1cce702) (ScriptedImporter) -> (artifact id: '70caa798e1d8e6a91036b062d61692af') in 0.0200309 seconds
Number of updated asset objects reloaded before import = 0Number of asset objects unloaded after import = 1

========================================================================
Received Import Request.
  Time since last request: 0.000015 seconds.
  path: Assets/Furniture Mega Pack/Prefabs/Beds/Bed35.prefab
  artifactKey: Guid(350bc8e241b825e4fb946346186ccd17) Importer(2089858483,192608db42251d675da83286b1cce702)
Start importing Assets/Furniture Mega Pack/Prefabs/Beds/Bed35.prefab using Guid(350bc8e241b825e4fb946346186ccd17) Importer(2089858483,192608db42251d675da83286b1cce702) (ScriptedImporter) -> (artifact id: '84aa5f3605d31b43dd3c5175b1f464d8') in 0.0240026 seconds
Number of updated asset objects reloaded before import = 0Number of asset objects unloaded after import = 14

========================================================================
Received Import Request.
  Time since last request: 0.000016 seconds.
  path: Assets/Furniture Mega Pack/FBX/Table/Table33.fbx
  artifactKey: Guid(401868c74c7a8e8439145c8171211d5d) Importer(2089858483,192608db42251d675da83286b1cce702)
Start importing Assets/Furniture Mega Pack/FBX/Table/Table33.fbx using Guid(401868c74c7a8e8439145c8171211d5d) Importer(2089858483,192608db42251d675da83286b1cce702) (ScriptedImporter) -> (artifact id: '92c38613121b5771155ea0d9d1535540') in 0.0190418 seconds
Number of updated asset objects reloaded before import = 0Number of asset objects unloaded after import = 8

========================================================================
Received Import Request.
  Time since last request: 0.000010 seconds.
  path: Assets/Furniture Mega Pack/Prefabs/Bathroom/BathTub03.prefab
  artifactKey: Guid(03b243ebf72161c4aab2962242bee1f4) Importer(2089858483,192608db42251d675da83286b1cce702)
Start importing Assets/Furniture Mega Pack/Prefabs/Bathroom/BathTub03.prefab using Guid(03b243ebf72161c4aab2962242bee1f4) Importer(2089858483,192608db42251d675da83286b1cce702) (ScriptedImporter) -> (artifact id: 'f3ef59fa1ab2e08dfcc5be50eb1665b1') in 0.0223344 seconds
Number of updated asset objects reloaded before import = 0Number of asset objects unloaded after import = 9

========================================================================
Received Import Request.
  Time since last request: 0.000011 seconds.
  path: Assets/Furniture Mega Pack/FBX/Bathroom/WashBasin01.fbx
  artifactKey: Guid(a09299dcc9c3c9f4bbb4f54170a8b878) Importer(2089858483,192608db42251d675da83286b1cce702)
Start importing Assets/Furniture Mega Pack/FBX/Bathroom/WashBasin01.fbx using Guid(a09299dcc9c3c9f4bbb4f54170a8b878) Importer(2089858483,192608db42251d675da83286b1cce702) (ScriptedImporter) -> (artifact id: '061c9b42250df3b5396e328c5d347e0e') in 0.0252167 seconds
Number of updated asset objects reloaded before import = 0Number of asset objects unloaded after import = 20

========================================================================
Received Import Request.
  Time since last request: 0.000012 seconds.
  path: Assets/Furniture Mega Pack/Textures/Tables/Table27
  artifactKey: Guid(448de3ae86378194db04bc731475ac2d) Importer(2089858483,192608db42251d675da83286b1cce702)
Start importing Assets/Furniture Mega Pack/Textures/Tables/Table27 using Guid(448de3ae86378194db04bc731475ac2d) Importer(2089858483,192608db42251d675da83286b1cce702) (ScriptedImporter) -> (artifact id: 'c46f29d02453570b79281aef52a5b4f6') in 0.0087774 seconds
Number of updated asset objects reloaded before import = 0Number of asset objects unloaded after import = 1

========================================================================
Received Import Request.
  Time since last request: 0.000014 seconds.
  path: Assets/Furniture Mega Pack/Prefabs/Tables/Table01.prefab
  artifactKey: Guid(3f1f5f1f14dc67544a75f226d98a7196) Importer(2089858483,192608db42251d675da83286b1cce702)
Start importing Assets/Furniture Mega Pack/Prefabs/Tables/Table01.prefab using Guid(3f1f5f1f14dc67544a75f226d98a7196) Importer(2089858483,192608db42251d675da83286b1cce702) (ScriptedImporter) -> (artifact id: '31e4ad21767dfddf5714d8dcb1aadbad') in 0.0174791 seconds
Number of updated asset objects reloaded before import = 0Number of asset objects unloaded after import = 9

========================================================================
Received Import Request.
  Time since last request: 0.000017 seconds.
  path: Assets/Furniture Mega Pack/Prefabs/Tables/Table41.prefab
  artifactKey: Guid(523f4617e7ae7f747ba36609d584a805) Importer(2089858483,192608db42251d675da83286b1cce702)
Start importing Assets/Furniture Mega Pack/Prefabs/Tables/Table41.prefab using Guid(523f4617e7ae7f747ba36609d584a805) Importer(2089858483,192608db42251d675da83286b1cce702) (ScriptedImporter) -> (artifact id: 'c9f873712de95a7a7773bcf0ea2ad7a7') in 0.0209932 seconds
Number of updated asset objects reloaded before import = 0Number of asset objects unloaded after import = 9

========================================================================
Received Import Request.
  Time since last request: 0.000011 seconds.
  path: Assets/Furniture Mega Pack/Prefabs/Beds/Bed16.prefab
  artifactKey: Guid(7207b559af0505f43a07175bedbcd9d5) Importer(2089858483,192608db42251d675da83286b1cce702)
Start importing Assets/Furniture Mega Pack/Prefabs/Beds/Bed16.prefab using Guid(7207b559af0505f43a07175bedbcd9d5) Importer(2089858483,192608db42251d675da83286b1cce702) (ScriptedImporter) -> (artifact id: 'b506610a7af24787652ca5a49e6ccea0') in 0.0183532 seconds
Number of updated asset objects reloaded before import = 0Number of asset objects unloaded after import = 29

========================================================================
Received Import Request.
  Time since last request: 10.390088 seconds.
  path: Assets/Settings/High_PipelineAsset.asset
  artifactKey: Guid(f9211c2ae7205fc40bb0c76900386a93) Importer(2089858483,192608db42251d675da83286b1cce702)
Start importing Assets/Settings/High_PipelineAsset.asset using Guid(f9211c2ae7205fc40bb0c76900386a93) Importer(2089858483,192608db42251d675da83286b1cce702) (ScriptedImporter) -> (artifact id: '74883e23001a2d1e444b1b8dcbd7ae8a') in 0.0626883 seconds
Number of updated asset objects reloaded before import = 0Number of asset objects unloaded after import = 3

========================================================================
Received Import Request.
  Time since last request: 0.000012 seconds.
  path: Assets/nappin/OfficeEssentialsPack/Materials/(Mat)GradientYellow.mat
  artifactKey: Guid(e03c61940200c9b428ea54b9134ba0a7) Importer(2089858483,192608db42251d675da83286b1cce702)
Start importing Assets/nappin/OfficeEssentialsPack/Materials/(Mat)GradientYellow.mat using Guid(e03c61940200c9b428ea54b9134ba0a7) Importer(2089858483,192608db42251d675da83286b1cce702) (ScriptedImporter) -> (artifact id: '537aab2c1f8e2a1e4dc665477f5762f4') in 0.0174038 seconds
Number of updated asset objects reloaded before import = 0Number of asset objects unloaded after import = 2

========================================================================
Received Import Request.
  Time since last request: 0.000013 seconds.
  path: Assets/nappin/OfficeEssentialsPack/Materials/(Mat)GradientBlack.mat
  artifactKey: Guid(7f64eac4bd640ef44ae0187dbfcb4089) Importer(2089858483,192608db42251d675da83286b1cce702)
Start importing Assets/nappin/OfficeEssentialsPack/Materials/(Mat)GradientBlack.mat using Guid(7f64eac4bd640ef44ae0187dbfcb4089) Importer(2089858483,192608db42251d675da83286b1cce702) (ScriptedImporter) -> (artifact id: 'fb4efb505aeef7bb134c80509db75f48') in 0.0178997 seconds
Number of updated asset objects reloaded before import = 0Number of asset objects unloaded after import = 2

========================================================================
Received Import Request.
  Time since last request: 0.000022 seconds.
  path: Assets/Samples/XR Interaction Toolkit/3.2.1/Starter Assets/DemoSceneAssets/Prefabs/UI Sample.prefab
  artifactKey: Guid(fd28f23af44f73f4a95e33435872ad15) Importer(2089858483,192608db42251d675da83286b1cce702)
Start importing Assets/Samples/XR Interaction Toolkit/3.2.1/Starter Assets/DemoSceneAssets/Prefabs/UI Sample.prefab using Guid(fd28f23af44f73f4a95e33435872ad15) Importer(2089858483,192608db42251d675da83286b1cce702) (ScriptedImporter) -> (artifact id: '2d51f541b3caedc19d2eb1dccf26d703') in 0.0555226 seconds
Number of updated asset objects reloaded before import = 0Number of asset objects unloaded after import = 309

========================================================================
Received Import Request.
  Time since last request: 0.000012 seconds.
  path: Assets/Samples/XR Interaction Toolkit/3.2.1/Starter Assets/DemoSceneAssets/Prefabs/UI/MinMaxSlider.prefab
  artifactKey: Guid(657321a07c3561043af55547ec4b0ed7) Importer(2089858483,192608db42251d675da83286b1cce702)
Start importing Assets/Samples/XR Interaction Toolkit/3.2.1/Starter Assets/DemoSceneAssets/Prefabs/UI/MinMaxSlider.prefab using Guid(657321a07c3561043af55547ec4b0ed7) Importer(2089858483,192608db42251d675da83286b1cce702) (ScriptedImporter) -> (artifact id: '756524849b6fb24595f450248e4506db') in 0.0396562 seconds
Number of updated asset objects reloaded before import = 0Number of asset objects unloaded after import = 26

========================================================================
Received Import Request.
  Time since last request: 0.000013 seconds.
  path: Assets/Samples/XR Interaction Toolkit/3.2.1/Starter Assets/Prefabs/Interactors/Ray Interactor.prefab
  artifactKey: Guid(ad818c36731146e994540a1896ad8f24) Importer(2089858483,192608db42251d675da83286b1cce702)
Start importing Assets/Samples/XR Interaction Toolkit/3.2.1/Starter Assets/Prefabs/Interactors/Ray Interactor.prefab using Guid(ad818c36731146e994540a1896ad8f24) Importer(2089858483,192608db42251d675da83286b1cce702) (ScriptedImporter) -> (artifact id: 'f89f570eda46f48e5a37deb598099439') in 0.2600324 seconds
Number of updated asset objects reloaded before import = 0Number of asset objects unloaded after import = 10

========================================================================
Received Import Request.
  Time since last request: 0.000017 seconds.
  path: Assets/Samples/XR Hands/1.6.1/HandVisualizer/HandVisualizer.unity
  artifactKey: Guid(ab7acf0d9677fbe4db51bc36647d4fcb) Importer(2089858483,192608db42251d675da83286b1cce702)
Start importing Assets/Samples/XR Hands/1.6.1/HandVisualizer/HandVisualizer.unity using Guid(ab7acf0d9677fbe4db51bc36647d4fcb) Importer(2089858483,192608db42251d675da83286b1cce702) (ScriptedImporter) -> (artifact id: 'c5a8459fc4b785ca449ca5f5d3cf3300') in 0.0146893 seconds
Number of updated asset objects reloaded before import = 0Number of asset objects unloaded after import = 1

Editor requested this worker to shutdown with reason: Scaling down because of idle timeout
AssetImportWorker is now disconnected from the server
Process exiting
Exiting without the bug reporter. Application will terminate with return code 0