Using pre-set license
Built from '6000.0/respin/6000.0.58f2-44b8bf3a32' branch; Version is '6000.0.58f2 (92dee566b325) revision 9625317'; Using compiler version '193933523'; Build Type 'Release'
OS: 'Windows 11  (10.0.26200) 64bit Professional' Language: 'en' Physical Memory: 65254 MB
BatchMode: 1, IsHumanControllingUs: 0, StartBugReporterOnCrash: 0, Is64bit: 1
Date: 2025-10-16T19:45:38Z

COMMAND LINE ARGUMENTS:
C:\Program Files\Unity 6000.0.58f2\Editor\Unity.exe
-adb2
-batchMode
-noUpm
-name
AssetImportWorker5
-projectPath
D:/hlt22c/Viverse
-logFile
Logs/AssetImportWorker5.log
-srvPort
56630
-job-worker-count
11
-background-job-worker-count
8
-gc-helper-count
1
-name
AssetImport
Successfully changed project path to: D:/hlt22c/Viverse
D:/hlt22c/Viverse
[UnityMemory] Configuration Parameters - Can be set up in boot.config
    "memorysetup-bucket-allocator-granularity=16"
    "memorysetup-bucket-allocator-bucket-count=8"
    "memorysetup-bucket-allocator-block-size=33554432"
    "memorysetup-bucket-allocator-block-count=8"
    "memorysetup-main-allocator-block-size=16777216"
    "memorysetup-thread-allocator-block-size=16777216"
    "memorysetup-gfx-main-allocator-block-size=16777216"
    "memorysetup-gfx-thread-allocator-block-size=16777216"
    "memorysetup-cache-allocator-block-size=4194304"
    "memorysetup-typetree-allocator-block-size=2097152"
    "memorysetup-profiler-bucket-allocator-granularity=16"
    "memorysetup-profiler-bucket-allocator-bucket-count=8"
    "memorysetup-profiler-bucket-allocator-block-size=33554432"
    "memorysetup-profiler-bucket-allocator-block-count=8"
    "memorysetup-profiler-allocator-block-size=16777216"
    "memorysetup-profiler-editor-allocator-block-size=1048576"
    "memorysetup-temp-allocator-size-main=16777216"
    "memorysetup-job-temp-allocator-block-size=2097152"
    "memorysetup-job-temp-allocator-block-size-background=1048576"
    "memorysetup-job-temp-allocator-reduction-small-platforms=262144"
    "memorysetup-allocator-temp-initial-block-size-main=262144"
    "memorysetup-allocator-temp-initial-block-size-worker=262144"
    "memorysetup-temp-allocator-size-background-worker=32768"
    "memorysetup-temp-allocator-size-job-worker=262144"
    "memorysetup-temp-allocator-size-preload-manager=33554432"
    "memorysetup-temp-allocator-size-nav-mesh-worker=65536"
    "memorysetup-temp-allocator-size-audio-worker=65536"
    "memorysetup-temp-allocator-size-cloud-worker=32768"
    "memorysetup-temp-allocator-size-gi-baking-worker=262144"
    "memorysetup-temp-allocator-size-gi-baking-worker=262144"
    "memorysetup-temp-allocator-size-gi-baking-worker=262144"
    "memorysetup-temp-allocator-size-gi-baking-worker=262144"
    "memorysetup-temp-allocator-size-gi-baking-worker=262144"
    "memorysetup-temp-allocator-size-gfx=262144"
Player connection [35308]  Target information:

Player connection [35308]  * "[IP] 192.168.50.5 [Port] 0 [Flags] 2 [Guid] 867817589 [EditorId] 867817589 [Version] 1048832 [Id] WindowsEditor(7,FIH-COM23a109) [Debug] 1 [PackageName] WindowsEditor [ProjectName] Editor" 

Player connection [35308] Host joined multi-casting on [225.0.0.222:54997]...
Player connection [35308] Host joined alternative multi-casting on [225.0.0.222:34997]...
JobSystem: Creating JobQueue using job-worker-count value 11
Input System module state changed to: Initialized.
[Physics::Module] Initialized fallback backend.
[Physics::Module] Id: 0xdecafbad
Library Redirect Path: Library/
[Physics::Module] Selected backend.
[Physics::Module] Name: PhysX
[Physics::Module] Id: 0xf2b8ea05
[Physics::Module] SDK Version: 4.1.2
[Physics::Module] Integration Version: 1.0.0
[Physics::Module] Threading Mode: Multi-Threaded
Refreshing native plugins compatible for Editor in 7.13 ms, found 10 plugins.
Preloading 0 native plugins for Editor in 0.00 ms.
Initialize engine version: 6000.0.58f2 (92dee566b325)
[Subsystems] Discovering subsystems at path C:/Program Files/Unity 6000.0.58f2/Editor/Data/Resources/UnitySubsystems
[Subsystems] Discovering subsystems at path D:/hlt22c/Viverse/Assets
GfxDevice: creating device client; kGfxThreadingModeNonThreaded
Direct3D:
    Version:  Direct3D 11.0 [level 11.1]
    Renderer: NVIDIA GeForce RTX 3090 (ID=0x2204)
    Vendor:   NVIDIA
    VRAM:     24326 MB
    Driver:   32.0.15.8157
Initialize mono
Mono path[0] = 'C:/Program Files/Unity 6000.0.58f2/Editor/Data/Managed'
Mono path[1] = 'C:/Program Files/Unity 6000.0.58f2/Editor/Data/MonoBleedingEdge/lib/mono/unityjit-win32'
Mono config path = 'C:/Program Files/Unity 6000.0.58f2/Editor/Data/MonoBleedingEdge/etc'
Using monoOptions --debugger-agent=transport=dt_socket,embedding=1,server=y,suspend=n,address=127.0.0.1:56768
Begin MonoManager ReloadAssembly
Registering precompiled unity dll's ...
Register platform support module: C:/Program Files/Unity 6000.0.58f2/Editor/Data/PlaybackEngines/WebGLSupport/UnityEditor.WebGL.Extensions.dll
Register platform support module: C:/Program Files/Unity 6000.0.58f2/Editor/Data/PlaybackEngines/WindowsStandaloneSupport/UnityEditor.WindowsStandalone.Extensions.dll
Register platform support module: C:/Program Files/Unity 6000.0.58f2/Editor/Data/PlaybackEngines/AndroidPlayer/UnityEditor.Android.Extensions.dll
Registered in 0.002583 seconds.
- Loaded All Assemblies, in  0.287 seconds
Native extension for Android target not found
Native extension for WindowsStandalone target not found
Native extension for WebGL target not found
Mono: successfully reloaded assembly
- Finished resetting the current domain, in  0.276 seconds
Domain Reload Profiling: 563ms
	BeginReloadAssembly (98ms)
		ExecutionOrderSort (0ms)
		DisableScriptedObjects (0ms)
		BackupInstance (0ms)
		ReleaseScriptingObjects (0ms)
		CreateAndSetChildDomain (1ms)
	RebuildCommonClasses (24ms)
	RebuildNativeTypeToScriptingClass (8ms)
	initialDomainReloadingComplete (36ms)
	LoadAllAssembliesAndSetupDomain (120ms)
		LoadAssemblies (96ms)
		RebuildTransferFunctionScriptingTraits (0ms)
		AnalyzeDomain (116ms)
			TypeCache.Refresh (115ms)
				TypeCache.ScanAssembly (106ms)
			BuildScriptInfoCaches (0ms)
			ResolveRequiredComponents (0ms)
	FinalizeReload (277ms)
		ReleaseScriptCaches (0ms)
		RebuildScriptCaches (0ms)
		SetupLoadedEditorAssemblies (243ms)
			LogAssemblyErrors (0ms)
			InitializePlatformSupportModulesInManaged (57ms)
			SetLoadedEditorAssemblies (3ms)
			BeforeProcessingInitializeOnLoad (40ms)
			ProcessInitializeOnLoadAttributes (106ms)
			ProcessInitializeOnLoadMethodAttributes (36ms)
			AfterProcessingInitializeOnLoad (0ms)
			EditorAssembliesLoaded (0ms)
		ExecutionOrderSort2 (0ms)
		AwakeInstancesAfterBackupRestoration (0ms)
========================================================================
Worker process is ready to serve import requests
Import Worker Mode flag is 0x00
Begin MonoManager ReloadAssembly
Symbol file LoadedFromMemory is not a mono symbol file
- Loaded All Assemblies, in  0.705 seconds
Refreshing native plugins compatible for Editor in 7.93 ms, found 10 plugins.
Native extension for Android target not found
Native extension for WindowsStandalone target not found
Native extension for WebGL target not found
Package Manager log level set to [2]
[Package Manager] Failed to launch server process. Reason: Unity was launched with the -noUpm command-line argument
[Package Manager] Unable to send message (not connected to server process).
[Package Manager] Cannot connect to Unity Package Manager local server
[Package Manager] Failed to launch server process. Reason: Unity was launched with the -noUpm command-line argument
[Package Manager] Unable to send message (not connected to server process).
[Package Manager] Cannot connect to Unity Package Manager local server
Trying to set shader on a Material Variant.
UnityEngine.Debug:ExtractStackTraceNoAlloc (byte*,int,string)
UnityEngine.StackTraceUtility:ExtractStackTrace ()
UnityEngine.Material:set_shader (UnityEngine.Shader)
UnityEngine.XR.Interaction.Toolkit.Samples.StarterAssets.MaterialPipelineHandler:SetPipelineShaders () (at Assets/Samples/XR Interaction Toolkit/3.2.1/Starter Assets/Scripts/MaterialPipelineHandler.cs:114)
UnityEngine.XR.Interaction.Toolkit.Samples.StarterAssets.MaterialPipelineHandler:AutoRefreshPipelineShaders () (at Assets/Samples/XR Interaction Toolkit/3.2.1/Starter Assets/Scripts/MaterialPipelineHandler.cs:81)
UnityEngine.XR.Interaction.Toolkit.Samples.StarterAssets.MaterialPipelineHandler:OnEnable () (at Assets/Samples/XR Interaction Toolkit/3.2.1/Starter Assets/Scripts/MaterialPipelineHandler.cs:74)
UnityEditor.AssetDatabase:LoadAssetAtPath (string,System.Type)
UnityEditor.AssetDatabase:LoadAssetAtPath<UnityEngine.XR.Hands.Samples.VisualizerSample.MaterialPipelineHandler> (string)
UnityEngine.XR.Hands.Samples.VisualizerSample.RenderPipelineValidation:GetAllInstances () (at Assets/Samples/XR Hands/1.6.1/HandVisualizer/Scripts/MaterialPipelineHandler.cs:28)
UnityEngine.XR.Hands.Samples.VisualizerSample.RenderPipelineValidation:.cctor () (at Assets/Samples/XR Hands/1.6.1/HandVisualizer/Scripts/MaterialPipelineHandler.cs:15)
System.Runtime.CompilerServices.RuntimeHelpers:RunClassConstructor (System.RuntimeTypeHandle)
UnityEditor.EditorAssemblies:ProcessInitializeOnLoadAttributes (System.Type[])

[Assets/Samples/XR Interaction Toolkit/3.2.1/Starter Assets/Scripts/MaterialPipelineHandler.cs line 114]

Trying to set shader on a Material Variant.
UnityEngine.Debug:ExtractStackTraceNoAlloc (byte*,int,string)
UnityEngine.StackTraceUtility:ExtractStackTrace ()
UnityEngine.Material:set_shader (UnityEngine.Shader)
UnityEngine.XR.Interaction.Toolkit.Samples.StarterAssets.MaterialPipelineHandler:SetPipelineShaders () (at Assets/Samples/XR Interaction Toolkit/3.2.1/Starter Assets/Scripts/MaterialPipelineHandler.cs:114)
UnityEngine.XR.Interaction.Toolkit.Samples.StarterAssets.MaterialPipelineHandler:AutoRefreshPipelineShaders () (at Assets/Samples/XR Interaction Toolkit/3.2.1/Starter Assets/Scripts/MaterialPipelineHandler.cs:81)
UnityEngine.XR.Interaction.Toolkit.Samples.StarterAssets.RenderPipelineValidation:.cctor () (at Assets/Samples/XR Interaction Toolkit/3.2.1/Starter Assets/Scripts/MaterialPipelineHandler.cs:16)
System.Runtime.CompilerServices.RuntimeHelpers:RunClassConstructor (System.RuntimeTypeHandle)
UnityEditor.EditorAssemblies:ProcessInitializeOnLoadAttributes (System.Type[])

[Assets/Samples/XR Interaction Toolkit/3.2.1/Starter Assets/Scripts/MaterialPipelineHandler.cs line 114]

Mono: successfully reloaded assembly
[Package Manager] Failed to launch server process. Reason: Unity was launched with the -noUpm command-line argument
[Package Manager] Unable to send message (not connected to server process).
[Package Manager] Cannot connect to Unity Package Manager local server
[Package Manager] Failed to launch server process. Reason: Unity was launched with the -noUpm command-line argument
[Package Manager] Unable to send message (not connected to server process).
[Package Manager] Cannot connect to Unity Package Manager local server
- Finished resetting the current domain, in  1.065 seconds
Domain Reload Profiling: 1768ms
	BeginReloadAssembly (122ms)
		ExecutionOrderSort (0ms)
		DisableScriptedObjects (5ms)
		BackupInstance (0ms)
		ReleaseScriptingObjects (0ms)
		CreateAndSetChildDomain (20ms)
	RebuildCommonClasses (29ms)
	RebuildNativeTypeToScriptingClass (9ms)
	initialDomainReloadingComplete (27ms)
	LoadAllAssembliesAndSetupDomain (516ms)
		LoadAssemblies (318ms)
		RebuildTransferFunctionScriptingTraits (0ms)
		AnalyzeDomain (267ms)
			TypeCache.Refresh (200ms)
				TypeCache.ScanAssembly (177ms)
			BuildScriptInfoCaches (54ms)
			ResolveRequiredComponents (10ms)
	FinalizeReload (1066ms)
		ReleaseScriptCaches (0ms)
		RebuildScriptCaches (0ms)
		SetupLoadedEditorAssemblies (935ms)
			LogAssemblyErrors (0ms)
			InitializePlatformSupportModulesInManaged (10ms)
			SetLoadedEditorAssemblies (4ms)
			BeforeProcessingInitializeOnLoad (165ms)
			ProcessInitializeOnLoadAttributes (530ms)
			ProcessInitializeOnLoadMethodAttributes (223ms)
			AfterProcessingInitializeOnLoad (3ms)
			EditorAssembliesLoaded (0ms)
		ExecutionOrderSort2 (0ms)
		AwakeInstancesAfterBackupRestoration (4ms)
WARNING: Shader Unsupported: 'Hidden/Simulation/URP/Synthetic' - All subshaders removed
WARNING: Shader Did you use #pragma only_renderers and omit this platform?
WARNING: Shader If subshaders removal was intentional, you may have forgotten turning Fallback off?
WARNING: Shader Unsupported: 'Hidden/Simulation/URP/Synthetic' - All subshaders removed
WARNING: Shader Did you use #pragma only_renderers and omit this platform?
WARNING: Shader If subshaders removal was intentional, you may have forgotten turning Fallback off?
WARNING: Shader Unsupported: 'Hidden/Simulation/Synthetic Lit' - All subshaders removed
WARNING: Shader Did you use #pragma only_renderers and omit this platform?
WARNING: Shader If subshaders removal was intentional, you may have forgotten turning Fallback off?
WARNING: Shader Unsupported: 'Hidden/Simulation/Synthetic Lit' - All subshaders removed
WARNING: Shader Did you use #pragma only_renderers and omit this platform?
WARNING: Shader If subshaders removal was intentional, you may have forgotten turning Fallback off?
WARNING: Shader Unsupported: 'Simulation/Standard Lit' - All subshaders removed
WARNING: Shader Did you use #pragma only_renderers and omit this platform?
WARNING: Shader If subshaders removal was intentional, you may have forgotten turning Fallback off?
WARNING: Shader Unsupported: 'Simulation/Standard Lit' - All subshaders removed
WARNING: Shader Did you use #pragma only_renderers and omit this platform?
WARNING: Shader If subshaders removal was intentional, you may have forgotten turning Fallback off?
WARNING: Shader Unsupported: 'Simulation/URP/Room X-Ray' - All subshaders removed
WARNING: Shader Did you use #pragma only_renderers and omit this platform?
WARNING: Shader If subshaders removal was intentional, you may have forgotten turning Fallback off?
WARNING: Shader Unsupported: 'Simulation/URP/Room X-Ray' - All subshaders removed
WARNING: Shader Did you use #pragma only_renderers and omit this platform?
WARNING: Shader If subshaders removal was intentional, you may have forgotten turning Fallback off?
WARNING: Shader Unsupported: 'Simulation/Room X-Ray' - All subshaders removed
WARNING: Shader Did you use #pragma only_renderers and omit this platform?
WARNING: Shader If subshaders removal was intentional, you may have forgotten turning Fallback off?
WARNING: Shader Unsupported: 'Simulation/Room X-Ray' - All subshaders removed
WARNING: Shader Did you use #pragma only_renderers and omit this platform?
WARNING: Shader If subshaders removal was intentional, you may have forgotten turning Fallback off?
WARNING: Shader Unsupported: 'Simulation/URP/Lit' - All subshaders removed
WARNING: Shader Did you use #pragma only_renderers and omit this platform?
WARNING: Shader If subshaders removal was intentional, you may have forgotten turning Fallback off?
WARNING: Shader Unsupported: 'Simulation/URP/Lit' - All subshaders removed
WARNING: Shader Did you use #pragma only_renderers and omit this platform?
WARNING: Shader If subshaders removal was intentional, you may have forgotten turning Fallback off?
Launched and connected shader compiler UnityShaderCompiler.exe after 0.01 seconds
Refreshing native plugins compatible for Editor in 8.90 ms, found 10 plugins.
Preloading 0 native plugins for Editor in 0.00 ms.
Unloading 57 Unused Serialized files (Serialized files now loaded: 0)
Unloading 7389 unused Assets / (12.1 MB). Loaded Objects now: 8072.
Memory consumption went from 223.6 MB to 211.5 MB.
Total: 16.663600 ms (FindLiveObjects: 0.621100 ms CreateObjectMapping: 0.536700 ms MarkObjects: 9.523600 ms  DeleteObjects: 5.981000 ms)

========================================================================
Received Import Request.
  Time since last request: 4762.032045 seconds.
  path: Assets/Polytope Studio/Lowpoly_Characters/Sources/Modular_NPC/Meshes/Peasants_Citizens/PT_Male_Modular_Free_Pack.fbx
  artifactKey: Guid(bd83b7da59c20464288209a8d297eb23) Importer(2089858483,192608db42251d675da83286b1cce702)
Start importing Assets/Polytope Studio/Lowpoly_Characters/Sources/Modular_NPC/Meshes/Peasants_Citizens/PT_Male_Modular_Free_Pack.fbx using Guid(bd83b7da59c20464288209a8d297eb23) Importer(2089858483,192608db42251d675da83286b1cce702) (ScriptedImporter) -> (artifact id: '898580efbdc712e59915db474a80a85f') in 0.3045025 seconds
Number of updated asset objects reloaded before import = 0Number of asset objects unloaded after import = 206

========================================================================
Received Import Request.
  Time since last request: 0.000020 seconds.
  path: Assets/Polytope Studio/Lowpoly_Environments/Prefabs
  artifactKey: Guid(3ba94cc50bb068c4bb427a52fdcb0038) Importer(2089858483,192608db42251d675da83286b1cce702)
Start importing Assets/Polytope Studio/Lowpoly_Environments/Prefabs using Guid(3ba94cc50bb068c4bb427a52fdcb0038) Importer(2089858483,192608db42251d675da83286b1cce702) (ScriptedImporter) -> (artifact id: '81f1b8111eead62d6ed80044eeaa418d') in 0.012064 seconds
Number of updated asset objects reloaded before import = 0Number of asset objects unloaded after import = 1

========================================================================
Received Import Request.
  Time since last request: 0.000023 seconds.
  path: Assets/Polytope Studio/Lowpoly_Environments/Sources
  artifactKey: Guid(50084c0ced59c5243b289606ec1aaa1d) Importer(2089858483,192608db42251d675da83286b1cce702)
Start importing Assets/Polytope Studio/Lowpoly_Environments/Sources using Guid(50084c0ced59c5243b289606ec1aaa1d) Importer(2089858483,192608db42251d675da83286b1cce702) (ScriptedImporter) -> (artifact id: '2dec86a3012e62f2f151cf5903098252') in 0.0107775 seconds
Number of updated asset objects reloaded before import = 0Number of asset objects unloaded after import = 1

========================================================================
Received Import Request.
  Time since last request: 0.000013 seconds.
  path: Assets/Polytope Studio/Lowpoly_Environments/Sources/Textures/PT_Grass_High_02.png
  artifactKey: Guid(4781e48c31bdfb74da8ba377aea81283) Importer(2089858483,192608db42251d675da83286b1cce702)
Start importing Assets/Polytope Studio/Lowpoly_Environments/Sources/Textures/PT_Grass_High_02.png using Guid(4781e48c31bdfb74da8ba377aea81283) Importer(2089858483,192608db42251d675da83286b1cce702) (ScriptedImporter) -> (artifact id: 'a97cda3f796257be4da5751c78851c50') in 0.0520889 seconds
Number of updated asset objects reloaded before import = 0Number of asset objects unloaded after import = 1

========================================================================
Received Import Request.
  Time since last request: 0.000013 seconds.
  path: Assets/Polytope Studio/Lowpoly_Environments/Sources/Shaders/PT_Rock_Shader_VS.shader
  artifactKey: Guid(69cfc5f6a7c726b418bd7100aa488fea) Importer(2089858483,192608db42251d675da83286b1cce702)
Start importing Assets/Polytope Studio/Lowpoly_Environments/Sources/Shaders/PT_Rock_Shader_VS.shader using Guid(69cfc5f6a7c726b418bd7100aa488fea) Importer(2089858483,192608db42251d675da83286b1cce702) (ScriptedImporter) -> (artifact id: '7e541832cec53c450c1766c3a66f1217') in 0.0458347 seconds
Number of updated asset objects reloaded before import = 0Number of asset objects unloaded after import = 1

========================================================================
Received Import Request.
  Time since last request: 0.000017 seconds.
  path: Assets/Polytope Studio/Lowpoly_Environments/Prefabs/Mushrooms
  artifactKey: Guid(632a57aaa44e49240a71dacd26348c8d) Importer(2089858483,192608db42251d675da83286b1cce702)
Start importing Assets/Polytope Studio/Lowpoly_Environments/Prefabs/Mushrooms using Guid(632a57aaa44e49240a71dacd26348c8d) Importer(2089858483,192608db42251d675da83286b1cce702) (ScriptedImporter) -> (artifact id: '842a2a434d931825e0efa747e04a2e6f') in 0.0092721 seconds
Number of updated asset objects reloaded before import = 0Number of asset objects unloaded after import = 1

========================================================================
Received Import Request.
  Time since last request: 0.000013 seconds.
  path: Assets/Polytope Studio/Lowpoly_Environments/Sources/Materials/PT_Skybox_mat.mat
  artifactKey: Guid(59573b088aaea0442bf29e0a0e9d1339) Importer(2089858483,192608db42251d675da83286b1cce702)
Start importing Assets/Polytope Studio/Lowpoly_Environments/Sources/Materials/PT_Skybox_mat.mat using Guid(59573b088aaea0442bf29e0a0e9d1339) Importer(2089858483,192608db42251d675da83286b1cce702) (ScriptedImporter) -> (artifact id: '9a9fbf34bec11f5f4c7a88ea6037d38f') in 0.0349551 seconds
Number of updated asset objects reloaded before import = 0Number of asset objects unloaded after import = 2

========================================================================
Received Import Request.
  Time since last request: 0.000017 seconds.
  path: Assets/Polytope Studio/Lowpoly_Props/Sources/Textures/PT_Tools_Texture_Mask_01.png
  artifactKey: Guid(4adf5af92e3d7c74e8ac79e555d89b61) Importer(2089858483,192608db42251d675da83286b1cce702)
Start importing Assets/Polytope Studio/Lowpoly_Props/Sources/Textures/PT_Tools_Texture_Mask_01.png using Guid(4adf5af92e3d7c74e8ac79e555d89b61) Importer(2089858483,192608db42251d675da83286b1cce702) (ScriptedImporter) -> (artifact id: 'db809741af36bccc2a7cd969c47af7b3') in 0.0241737 seconds
Number of updated asset objects reloaded before import = 0Number of asset objects unloaded after import = 1

========================================================================
Received Import Request.
  Time since last request: 0.000024 seconds.
  path: Assets/Polytope Studio/Lowpoly_Characters/Prefabs/Modular_NPC/Peasants_Citizens/Sets/PT_Female_Peasant_01_b.prefab
  artifactKey: Guid(3197d31fe4fd3dd4ab29197ded90cf3c) Importer(2089858483,192608db42251d675da83286b1cce702)
Start importing Assets/Polytope Studio/Lowpoly_Characters/Prefabs/Modular_NPC/Peasants_Citizens/Sets/PT_Female_Peasant_01_b.prefab using Guid(3197d31fe4fd3dd4ab29197ded90cf3c) Importer(2089858483,192608db42251d675da83286b1cce702) (ScriptedImporter) -> (artifact id: 'a97b8959b3d4374cb9c4eafbaa0852e3') in 0.0265478 seconds
Number of updated asset objects reloaded before import = 0Number of asset objects unloaded after import = 194

========================================================================
Received Import Request.
  Time since last request: 0.000014 seconds.
  path: Assets/Furniture Mega Pack/Materials/Cushion/mat_Cushion29_36.mat
  artifactKey: Guid(c38603b46b8c9b54592e0ef2ccfd0e73) Importer(2089858483,192608db42251d675da83286b1cce702)
Start importing Assets/Furniture Mega Pack/Materials/Cushion/mat_Cushion29_36.mat using Guid(c38603b46b8c9b54592e0ef2ccfd0e73) Importer(2089858483,192608db42251d675da83286b1cce702) (ScriptedImporter) -> (artifact id: 'c347f9c44c8ad2673310fc9929975aa1') in 0.0577949 seconds
Number of updated asset objects reloaded before import = 0Number of asset objects unloaded after import = 5

========================================================================
Received Import Request.
  Time since last request: 0.000014 seconds.
  path: Assets/Lowpoly Forest Pack/Prefabs/Cabin.prefab
  artifactKey: Guid(78d27c632b2380149abb6c44337783ce) Importer(2089858483,192608db42251d675da83286b1cce702)
Start importing Assets/Lowpoly Forest Pack/Prefabs/Cabin.prefab using Guid(78d27c632b2380149abb6c44337783ce) Importer(2089858483,192608db42251d675da83286b1cce702) (ScriptedImporter) -> (artifact id: 'b9ad71b478369f9a2e405cec1bfa87bf') in 0.0385341 seconds
Number of updated asset objects reloaded before import = 0Number of asset objects unloaded after import = 11

========================================================================
Received Import Request.
  Time since last request: 0.000012 seconds.
  path: Assets/Lowpoly Forest Pack/Prefabs/Summer Low Cliff 2.prefab
  artifactKey: Guid(b03cd7bb8e410c54e886be52f7258ded) Importer(2089858483,192608db42251d675da83286b1cce702)
Start importing Assets/Lowpoly Forest Pack/Prefabs/Summer Low Cliff 2.prefab using Guid(b03cd7bb8e410c54e886be52f7258ded) Importer(2089858483,192608db42251d675da83286b1cce702) (ScriptedImporter) -> (artifact id: '061c17f5f3cfbe078b03aa235a01b052') in 0.0290127 seconds
Number of updated asset objects reloaded before import = 0Number of asset objects unloaded after import = 9

========================================================================
Received Import Request.
  Time since last request: 0.000016 seconds.
  path: Assets/Polytope Studio/Lowpoly_Environments/Sources/Materials/PT_Terrain_mat.mat
  artifactKey: Guid(48c26796e9175d14a9b2eccded92bb92) Importer(2089858483,192608db42251d675da83286b1cce702)
Start importing Assets/Polytope Studio/Lowpoly_Environments/Sources/Materials/PT_Terrain_mat.mat using Guid(48c26796e9175d14a9b2eccded92bb92) Importer(2089858483,192608db42251d675da83286b1cce702) (ScriptedImporter) -> (artifact id: '3041c84e8cc5b1467c9740442ccf43f4') in 0.0384354 seconds
Number of updated asset objects reloaded before import = 0Number of asset objects unloaded after import = 1

========================================================================
Received Import Request.
  Time since last request: 0.000024 seconds.
  path: Assets/AllMaterials/forrest_ground_01_1k.gltf/textures/NewLayer 1.terrainlayer
  artifactKey: Guid(1bb9780350b5c4e4fa2532edfab78309) Importer(2089858483,192608db42251d675da83286b1cce702)
Start importing Assets/AllMaterials/forrest_ground_01_1k.gltf/textures/NewLayer 1.terrainlayer using Guid(1bb9780350b5c4e4fa2532edfab78309) Importer(2089858483,192608db42251d675da83286b1cce702) (ScriptedImporter) -> (artifact id: 'a751811cef451cdf190d2830474bca79') in 0.0193931 seconds
Number of updated asset objects reloaded before import = 0Number of asset objects unloaded after import = 2

========================================================================
Received Import Request.
  Time since last request: 0.000010 seconds.
  path: Assets/Furniture Mega Pack/Textures/Cushions/Cushion29_36/cushion.mat
  artifactKey: Guid(a638e784fef45fb4b8beac0d816317dd) Importer(2089858483,192608db42251d675da83286b1cce702)
Start importing Assets/Furniture Mega Pack/Textures/Cushions/Cushion29_36/cushion.mat using Guid(a638e784fef45fb4b8beac0d816317dd) Importer(2089858483,192608db42251d675da83286b1cce702) (ScriptedImporter) -> (artifact id: 'f5bd302a41411e15ad7bb880939cfd41') in 0.0198487 seconds
Number of updated asset objects reloaded before import = 0Number of asset objects unloaded after import = 2

========================================================================
Received Import Request.
  Time since last request: 0.000012 seconds.
  path: Assets/fogMaterial.mat
  artifactKey: Guid(f88c60eb60d351748a4a1cfbc2ab0bc9) Importer(2089858483,192608db42251d675da83286b1cce702)
Start importing Assets/fogMaterial.mat using Guid(f88c60eb60d351748a4a1cfbc2ab0bc9) Importer(2089858483,192608db42251d675da83286b1cce702) (ScriptedImporter) -> (artifact id: 'c9d26d96679b400812a4cb203aef093a') in 0.0119752 seconds
Number of updated asset objects reloaded before import = 0Number of asset objects unloaded after import = 2

========================================================================
Received Import Request.
  Time since last request: 0.000013 seconds.
  path: Assets/SocketsAndSwitches/Prefabs/512x512/WhiteDirt/SocketCase01.prefab
  artifactKey: Guid(c19f1f464230746ae9a57964c418391f) Importer(2089858483,192608db42251d675da83286b1cce702)
Start importing Assets/SocketsAndSwitches/Prefabs/512x512/WhiteDirt/SocketCase01.prefab using Guid(c19f1f464230746ae9a57964c418391f) Importer(2089858483,192608db42251d675da83286b1cce702) (ScriptedImporter) -> (artifact id: 'a966eaa274559accfd8d6411e90a37a7') in 0.0112139 seconds
Number of updated asset objects reloaded before import = 0Number of asset objects unloaded after import = 14

========================================================================
Received Import Request.
  Time since last request: 0.000011 seconds.
  path: Assets/SocketsAndSwitches/Material/2048x2048/Rotation/BlackDirt/SocketCase01Material.mat
  artifactKey: Guid(7ab6d3fa8fd52423aa46a13850b1e75b) Importer(2089858483,192608db42251d675da83286b1cce702)
Start importing Assets/SocketsAndSwitches/Material/2048x2048/Rotation/BlackDirt/SocketCase01Material.mat using Guid(7ab6d3fa8fd52423aa46a13850b1e75b) Importer(2089858483,192608db42251d675da83286b1cce702) (ScriptedImporter) -> (artifact id: '23178e42cbaf03197fc9b14a87185e26') in 0.0169216 seconds
Number of updated asset objects reloaded before import = 0Number of asset objects unloaded after import = 4

========================================================================
Received Import Request.
  Time since last request: 0.000013 seconds.
  path: Assets/AllMaterials/forrest_ground_01_1k.gltf/forrest_ground_01_1k.gltf
  artifactKey: Guid(f6642e9a6dfea7c4586459176f64a8ec) Importer(2089858483,192608db42251d675da83286b1cce702)
Start importing Assets/AllMaterials/forrest_ground_01_1k.gltf/forrest_ground_01_1k.gltf using Guid(f6642e9a6dfea7c4586459176f64a8ec) Importer(2089858483,192608db42251d675da83286b1cce702) (ScriptedImporter) -> (artifact id: '0fbcc4ca6254af62059302271d6de684') in 0.0107323 seconds
Number of updated asset objects reloaded before import = 0Number of asset objects unloaded after import = 1

========================================================================
Received Import Request.
  Time since last request: 0.000013 seconds.
  path: Assets/Polytope Studio/Lowpoly_Environments/Prefabs/Trees/PT_Fruit_Tree_01_logs.prefab
  artifactKey: Guid(c0c32672766a81647b04690fc9ed3595) Importer(2089858483,192608db42251d675da83286b1cce702)
Start importing Assets/Polytope Studio/Lowpoly_Environments/Prefabs/Trees/PT_Fruit_Tree_01_logs.prefab using Guid(c0c32672766a81647b04690fc9ed3595) Importer(2089858483,192608db42251d675da83286b1cce702) (ScriptedImporter) -> (artifact id: '0dfc86afba45ee62e7775c6df1390c90') in 0.0301396 seconds
Number of updated asset objects reloaded before import = 0Number of asset objects unloaded after import = 8

========================================================================
Received Import Request.
  Time since last request: 0.000016 seconds.
  path: Assets/AllMaterials/forrest_ground_01_1k.gltf/forrest_ground_01.bin
  artifactKey: Guid(cd2e9e4906e5b2c4bbfaa92aa3268916) Importer(2089858483,192608db42251d675da83286b1cce702)
Start importing Assets/AllMaterials/forrest_ground_01_1k.gltf/forrest_ground_01.bin using Guid(cd2e9e4906e5b2c4bbfaa92aa3268916) Importer(2089858483,192608db42251d675da83286b1cce702) (ScriptedImporter) -> (artifact id: '921cd11c4a926aebbe21862aa74c8e06') in 0.009065 seconds
Number of updated asset objects reloaded before import = 0Number of asset objects unloaded after import = 1

========================================================================
Received Import Request.
  Time since last request: 0.000019 seconds.
  path: Assets/SocketsAndSwitches/Textures/2048/Black/Socket02Material_AlbedoTransparency.png
  artifactKey: Guid(720afb6f784a349cba00fd407ed6d1fb) Importer(2089858483,192608db42251d675da83286b1cce702)
Start importing Assets/SocketsAndSwitches/Textures/2048/Black/Socket02Material_AlbedoTransparency.png using Guid(720afb6f784a349cba00fd407ed6d1fb) Importer(2089858483,192608db42251d675da83286b1cce702) (ScriptedImporter) -> (artifact id: 'a028cf331aba3e221c6d9b46f3b9c2de') in 0.0179272 seconds
Number of updated asset objects reloaded before import = 0Number of asset objects unloaded after import = 1

========================================================================
Received Import Request.
  Time since last request: 0.000028 seconds.
  path: Assets/Polytope Studio/Lowpoly_Characters/Sources/Scripts/PT_Create_Prefab.cs
  artifactKey: Guid(d48863a3e3916df408151fabe9130598) Importer(2089858483,192608db42251d675da83286b1cce702)
Start importing Assets/Polytope Studio/Lowpoly_Characters/Sources/Scripts/PT_Create_Prefab.cs using Guid(d48863a3e3916df408151fabe9130598) Importer(2089858483,192608db42251d675da83286b1cce702) (ScriptedImporter) -> (artifact id: '23cef2af4d84eae93a43f7a50db9713d') in 0.0120366 seconds
Number of updated asset objects reloaded before import = 0Number of asset objects unloaded after import = 0

========================================================================
Received Import Request.
  Time since last request: 0.000014 seconds.
  path: Assets/SocketsAndSwitches/Material/512x512/Black/LightSwitchesMaterial.mat
  artifactKey: Guid(80f96c09964f64dc5851e8cd0281a103) Importer(2089858483,192608db42251d675da83286b1cce702)
Start importing Assets/SocketsAndSwitches/Material/512x512/Black/LightSwitchesMaterial.mat using Guid(80f96c09964f64dc5851e8cd0281a103) Importer(2089858483,192608db42251d675da83286b1cce702) (ScriptedImporter) -> (artifact id: '744ca096caa08bc78f3fd58519e04787') in 0.0107817 seconds
Number of updated asset objects reloaded before import = 0Number of asset objects unloaded after import = 4

========================================================================
Received Import Request.
  Time since last request: 0.000013 seconds.
  path: Assets/SocketsAndSwitches/Textures/128/White/InsideMaterial_MetallicSmoothness.png
  artifactKey: Guid(35f0490c4c8dc41eb98378a312ff4a84) Importer(2089858483,192608db42251d675da83286b1cce702)
Start importing Assets/SocketsAndSwitches/Textures/128/White/InsideMaterial_MetallicSmoothness.png using Guid(35f0490c4c8dc41eb98378a312ff4a84) Importer(2089858483,192608db42251d675da83286b1cce702) (ScriptedImporter) -> (artifact id: '51a1fb2ef36501bc46ea9c6367f628e6') in 0.0191381 seconds
Number of updated asset objects reloaded before import = 0Number of asset objects unloaded after import = 1

========================================================================
Received Import Request.
  Time since last request: 0.000018 seconds.
  path: Assets/SocketsAndSwitches/Textures/512/BlackDirt/SocketCase02Material_MetallicSmoothness.png
  artifactKey: Guid(6b6b9f6025f994d3a9545a6fc85fb641) Importer(2089858483,192608db42251d675da83286b1cce702)
Start importing Assets/SocketsAndSwitches/Textures/512/BlackDirt/SocketCase02Material_MetallicSmoothness.png using Guid(6b6b9f6025f994d3a9545a6fc85fb641) Importer(2089858483,192608db42251d675da83286b1cce702) (ScriptedImporter) -> (artifact id: 'dd7730a92939c4ab8a5b116671e79e0e') in 0.0174768 seconds
Number of updated asset objects reloaded before import = 0Number of asset objects unloaded after import = 1

========================================================================
Received Import Request.
  Time since last request: 0.000048 seconds.
  path: Assets/SocketsAndSwitches/Prefabs/256x256/White/Socket03.prefab
  artifactKey: Guid(8f5a191aa18ee40aca061aaee3c92ba8) Importer(2089858483,192608db42251d675da83286b1cce702)
Start importing Assets/SocketsAndSwitches/Prefabs/256x256/White/Socket03.prefab using Guid(8f5a191aa18ee40aca061aaee3c92ba8) Importer(2089858483,192608db42251d675da83286b1cce702) (ScriptedImporter) -> (artifact id: 'd0096e43859c239a0a6510e5041f34f1') in 0.0145814 seconds
Number of updated asset objects reloaded before import = 0Number of asset objects unloaded after import = 8

========================================================================
Received Import Request.
  Time since last request: 0.392222 seconds.
  path: Assets/SocketsAndSwitches/Textures/512/WhiteDirt/SocketCase01Material_AlbedoTransparency.png
  artifactKey: Guid(1569a129287574e8e9d3bef239d54860) Importer(2089858483,192608db42251d675da83286b1cce702)
Start importing Assets/SocketsAndSwitches/Textures/512/WhiteDirt/SocketCase01Material_AlbedoTransparency.png using Guid(1569a129287574e8e9d3bef239d54860) Importer(2089858483,192608db42251d675da83286b1cce702) (ScriptedImporter) -> (artifact id: '08ee77dae7654cee47a1b91c9b6d5636') in 0.0190377 seconds
Number of updated asset objects reloaded before import = 0Number of asset objects unloaded after import = 1

========================================================================
Received Import Request.
  Time since last request: 0.000015 seconds.
  path: Assets/SocketsAndSwitches/Textures/1024/BlackDirt/Socket03Material_AlbedoTransparency.png
  artifactKey: Guid(402bd2c6cff564671933bd0725b8b5b5) Importer(2089858483,192608db42251d675da83286b1cce702)
Start importing Assets/SocketsAndSwitches/Textures/1024/BlackDirt/Socket03Material_AlbedoTransparency.png using Guid(402bd2c6cff564671933bd0725b8b5b5) Importer(2089858483,192608db42251d675da83286b1cce702) (ScriptedImporter) -> (artifact id: '8578da36487f9ca095ac3f8666976fb7') in 0.0164766 seconds
Number of updated asset objects reloaded before import = 0Number of asset objects unloaded after import = 1

========================================================================
Received Import Request.
  Time since last request: 0.000022 seconds.
  path: Assets/SocketsAndSwitches/Material/512x512/WhiteDirt/LightSwitchesMaterial.mat
  artifactKey: Guid(a21637e0daec2428e951dd9d07377a57) Importer(2089858483,192608db42251d675da83286b1cce702)
Start importing Assets/SocketsAndSwitches/Material/512x512/WhiteDirt/LightSwitchesMaterial.mat using Guid(a21637e0daec2428e951dd9d07377a57) Importer(2089858483,192608db42251d675da83286b1cce702) (ScriptedImporter) -> (artifact id: '537825b4b23d32c4c8c6e40ecf33d5be') in 0.0165514 seconds
Number of updated asset objects reloaded before import = 0Number of asset objects unloaded after import = 4

========================================================================
Received Import Request.
  Time since last request: 0.000015 seconds.
  path: Assets/SocketsAndSwitches/Textures/1024/Rotation/BlackDirt/SocketCase02Material_Normal.png
  artifactKey: Guid(70ff82b2d656c45619d1ac5abe27e5ce) Importer(2089858483,192608db42251d675da83286b1cce702)
Start importing Assets/SocketsAndSwitches/Textures/1024/Rotation/BlackDirt/SocketCase02Material_Normal.png using Guid(70ff82b2d656c45619d1ac5abe27e5ce) Importer(2089858483,192608db42251d675da83286b1cce702) (ScriptedImporter) -> (artifact id: '1b036049af526bf7689f762e2276dc45') in 0.0179286 seconds
Number of updated asset objects reloaded before import = 0Number of asset objects unloaded after import = 1

========================================================================
Received Import Request.
  Time since last request: 0.000012 seconds.
  path: Assets/SocketsAndSwitches/Material/1024x1024/Rotation/White/SocketCase01Material.mat
  artifactKey: Guid(b7f85c4fc2c484e8981dea8a1fc55cb2) Importer(2089858483,192608db42251d675da83286b1cce702)
Start importing Assets/SocketsAndSwitches/Material/1024x1024/Rotation/White/SocketCase01Material.mat using Guid(b7f85c4fc2c484e8981dea8a1fc55cb2) Importer(2089858483,192608db42251d675da83286b1cce702) (ScriptedImporter) -> (artifact id: '701530ad18bb8616e961b6ffb5ea8336') in 0.0148558 seconds
Number of updated asset objects reloaded before import = 0Number of asset objects unloaded after import = 4

========================================================================
Received Import Request.
  Time since last request: 0.000013 seconds.
  path: Assets/SocketsAndSwitches/Material/512x512/BlackDirt
  artifactKey: Guid(d1fcb15b55c274bf98ecc7746d91fcb3) Importer(2089858483,192608db42251d675da83286b1cce702)
Start importing Assets/SocketsAndSwitches/Material/512x512/BlackDirt using Guid(d1fcb15b55c274bf98ecc7746d91fcb3) Importer(2089858483,192608db42251d675da83286b1cce702) (ScriptedImporter) -> (artifact id: '38cdfd1c7f44f6e7f966873e9644034a') in 0.0088934 seconds
Number of updated asset objects reloaded before import = 0Number of asset objects unloaded after import = 1

========================================================================
Received Import Request.
  Time since last request: 0.000013 seconds.
  path: Assets/SocketsAndSwitches/Textures/256/BlackDirt/Socket02Material_Normal.png
  artifactKey: Guid(b34cccd9b07a243a189ae925e2f9a59b) Importer(2089858483,192608db42251d675da83286b1cce702)
Start importing Assets/SocketsAndSwitches/Textures/256/BlackDirt/Socket02Material_Normal.png using Guid(b34cccd9b07a243a189ae925e2f9a59b) Importer(2089858483,192608db42251d675da83286b1cce702) (ScriptedImporter) -> (artifact id: '97f7bcaf2cb485f1dcb9a3b41b18f787') in 0.0183143 seconds
Number of updated asset objects reloaded before import = 0Number of asset objects unloaded after import = 1

========================================================================
Received Import Request.
  Time since last request: 0.000015 seconds.
  path: Assets/SocketsAndSwitches/Material/256x256/White/LightSwitchesMaterial.mat
  artifactKey: Guid(ccd5a9add73c348d5bb24dbe6e791487) Importer(2089858483,192608db42251d675da83286b1cce702)
Start importing Assets/SocketsAndSwitches/Material/256x256/White/LightSwitchesMaterial.mat using Guid(ccd5a9add73c348d5bb24dbe6e791487) Importer(2089858483,192608db42251d675da83286b1cce702) (ScriptedImporter) -> (artifact id: '64813b0e46b47bcd108715e45ba72e65') in 0.0146258 seconds
Number of updated asset objects reloaded before import = 0Number of asset objects unloaded after import = 4

========================================================================
Received Import Request.
  Time since last request: 0.000013 seconds.
  path: Assets/SocketsAndSwitches/Prefabs/512x512/BlackDirt/LightSwitches01.prefab
  artifactKey: Guid(7d374c565c9a04a30913ec6654008d5d) Importer(2089858483,192608db42251d675da83286b1cce702)
Start importing Assets/SocketsAndSwitches/Prefabs/512x512/BlackDirt/LightSwitches01.prefab using Guid(7d374c565c9a04a30913ec6654008d5d) Importer(2089858483,192608db42251d675da83286b1cce702) (ScriptedImporter) -> (artifact id: 'cf5e704472158bcfc3158c669fba413f') in 0.0113562 seconds
Number of updated asset objects reloaded before import = 0Number of asset objects unloaded after import = 14

========================================================================
Received Import Request.
  Time since last request: 0.000024 seconds.
  path: Assets/SocketsAndSwitches/Prefabs/256x256/White/LightSwitches02.prefab
  artifactKey: Guid(fd6f7b084f2d24023ae9fd83cea69344) Importer(2089858483,192608db42251d675da83286b1cce702)
Start importing Assets/SocketsAndSwitches/Prefabs/256x256/White/LightSwitches02.prefab using Guid(fd6f7b084f2d24023ae9fd83cea69344) Importer(2089858483,192608db42251d675da83286b1cce702) (ScriptedImporter) -> (artifact id: '43eb2ed2d2caeb543657e303295e790c') in 0.013184 seconds
Number of updated asset objects reloaded before import = 0Number of asset objects unloaded after import = 21

========================================================================
Received Import Request.
  Time since last request: 0.000015 seconds.
  path: Assets/SocketsAndSwitches/Textures/256/BlackDirt/InsideMaterial_MetallicSmoothness.png
  artifactKey: Guid(33c7b11989c104e208bc47206be34751) Importer(2089858483,192608db42251d675da83286b1cce702)
Start importing Assets/SocketsAndSwitches/Textures/256/BlackDirt/InsideMaterial_MetallicSmoothness.png using Guid(33c7b11989c104e208bc47206be34751) Importer(2089858483,192608db42251d675da83286b1cce702) (ScriptedImporter) -> (artifact id: '932461b64f35a183e9500bd90cf69426') in 0.017295 seconds
Number of updated asset objects reloaded before import = 0Number of asset objects unloaded after import = 1

========================================================================
Received Import Request.
  Time since last request: 0.000014 seconds.
  path: Assets/SocketsAndSwitches/Textures/512/White/InsideMaterial_AlbedoTransparency.png
  artifactKey: Guid(b5141182b4e43422086e165832b5731d) Importer(2089858483,192608db42251d675da83286b1cce702)
Start importing Assets/SocketsAndSwitches/Textures/512/White/InsideMaterial_AlbedoTransparency.png using Guid(b5141182b4e43422086e165832b5731d) Importer(2089858483,192608db42251d675da83286b1cce702) (ScriptedImporter) -> (artifact id: 'e6698513913224fd4bb2ce89727d6526') in 0.0193403 seconds
Number of updated asset objects reloaded before import = 0Number of asset objects unloaded after import = 1

========================================================================
Received Import Request.
  Time since last request: 0.000013 seconds.
  path: Assets/SocketsAndSwitches/Prefabs/2048x2048/WhiteDirt/LightSwitches02.prefab
  artifactKey: Guid(ba4a49445c07a4f21a28863d57960492) Importer(2089858483,192608db42251d675da83286b1cce702)
Start importing Assets/SocketsAndSwitches/Prefabs/2048x2048/WhiteDirt/LightSwitches02.prefab using Guid(ba4a49445c07a4f21a28863d57960492) Importer(2089858483,192608db42251d675da83286b1cce702) (ScriptedImporter) -> (artifact id: 'c89237ad593e721bed987807c6a5456e') in 0.0116997 seconds
Number of updated asset objects reloaded before import = 0Number of asset objects unloaded after import = 21

========================================================================
Received Import Request.
  Time since last request: 0.000013 seconds.
  path: Assets/SocketsAndSwitches/Prefabs/1024x1024/Black/Socket03.prefab
  artifactKey: Guid(1d25386b0f71646bbb7a62ca0b9ff32e) Importer(2089858483,192608db42251d675da83286b1cce702)
Start importing Assets/SocketsAndSwitches/Prefabs/1024x1024/Black/Socket03.prefab using Guid(1d25386b0f71646bbb7a62ca0b9ff32e) Importer(2089858483,192608db42251d675da83286b1cce702) (ScriptedImporter) -> (artifact id: 'a37895e3ea9271b66132dbf2879e5965') in 0.0122552 seconds
Number of updated asset objects reloaded before import = 0Number of asset objects unloaded after import = 8

========================================================================
Received Import Request.
  Time since last request: 0.000012 seconds.
  path: Assets/SocketsAndSwitches/Prefabs/512x512/WhiteDirt/SocketLightSwitches.prefab
  artifactKey: Guid(fb07ff8859fae4e46b66247f75e5b351) Importer(2089858483,192608db42251d675da83286b1cce702)
Start importing Assets/SocketsAndSwitches/Prefabs/512x512/WhiteDirt/SocketLightSwitches.prefab using Guid(fb07ff8859fae4e46b66247f75e5b351) Importer(2089858483,192608db42251d675da83286b1cce702) (ScriptedImporter) -> (artifact id: '43bd7a98035842e1db0ec60b210b3446') in 0.0149244 seconds
Number of updated asset objects reloaded before import = 0Number of asset objects unloaded after import = 19

========================================================================
Received Import Request.
  Time since last request: 0.000015 seconds.
  path: Assets/SocketsAndSwitches/Material/2048x2048/BlackDirt
  artifactKey: Guid(c10a3356058284e5f8129bd06b83eb80) Importer(2089858483,192608db42251d675da83286b1cce702)
Start importing Assets/SocketsAndSwitches/Material/2048x2048/BlackDirt using Guid(c10a3356058284e5f8129bd06b83eb80) Importer(2089858483,192608db42251d675da83286b1cce702) (ScriptedImporter) -> (artifact id: '8170a3a4a77b4da7bbc91b2c19a604f3') in 0.0095706 seconds
Number of updated asset objects reloaded before import = 0Number of asset objects unloaded after import = 1

========================================================================
Received Import Request.
  Time since last request: 0.324226 seconds.
  path: Assets/SocketsAndSwitches/Textures/128/BlackDirt/Socket02Material_MetallicSmoothness.png
  artifactKey: Guid(e5b3c42a7e793443c9dbdb0854201686) Importer(2089858483,192608db42251d675da83286b1cce702)
Start importing Assets/SocketsAndSwitches/Textures/128/BlackDirt/Socket02Material_MetallicSmoothness.png using Guid(e5b3c42a7e793443c9dbdb0854201686) Importer(2089858483,192608db42251d675da83286b1cce702) (ScriptedImporter) -> (artifact id: '1991554a06f1586c526410fae1a28fd4') in 0.0146703 seconds
Number of updated asset objects reloaded before import = 0Number of asset objects unloaded after import = 1

========================================================================
Received Import Request.
  Time since last request: 0.000011 seconds.
  path: Assets/SocketsAndSwitches/Material/256x256/White/SocketCase01Material.mat
  artifactKey: Guid(630d2b45b234849fd9d2e7c6ca382071) Importer(2089858483,192608db42251d675da83286b1cce702)
Start importing Assets/SocketsAndSwitches/Material/256x256/White/SocketCase01Material.mat using Guid(630d2b45b234849fd9d2e7c6ca382071) Importer(2089858483,192608db42251d675da83286b1cce702) (ScriptedImporter) -> (artifact id: '10244734c74e073dc2636ba03d65ec3c') in 0.0131444 seconds
Number of updated asset objects reloaded before import = 0Number of asset objects unloaded after import = 4

========================================================================
Received Import Request.
  Time since last request: 0.000011 seconds.
  path: Assets/SocketsAndSwitches/Material/512x512/BlackDirt/LightSwitchesMaterial.mat
  artifactKey: Guid(3812772ff29e74cc6b87c747436f003e) Importer(2089858483,192608db42251d675da83286b1cce702)
Start importing Assets/SocketsAndSwitches/Material/512x512/BlackDirt/LightSwitchesMaterial.mat using Guid(3812772ff29e74cc6b87c747436f003e) Importer(2089858483,192608db42251d675da83286b1cce702) (ScriptedImporter) -> (artifact id: '24b24b74df136ee8a39940ad095c5b30') in 0.0120759 seconds
Number of updated asset objects reloaded before import = 0Number of asset objects unloaded after import = 4

========================================================================
Received Import Request.
  Time since last request: 0.000015 seconds.
  path: Assets/SocketsAndSwitches/Textures/512/Rotation/WhiteDirt/SocketCase02Material_MetallicSmoothness.png
  artifactKey: Guid(8442391cfa11140f1b52a849b8967f7a) Importer(2089858483,192608db42251d675da83286b1cce702)
Start importing Assets/SocketsAndSwitches/Textures/512/Rotation/WhiteDirt/SocketCase02Material_MetallicSmoothness.png using Guid(8442391cfa11140f1b52a849b8967f7a) Importer(2089858483,192608db42251d675da83286b1cce702) (ScriptedImporter) -> (artifact id: 'bd2ec383d41b09d40a74a9703ea34c8f') in 0.0166139 seconds
Number of updated asset objects reloaded before import = 0Number of asset objects unloaded after import = 1

========================================================================
Received Import Request.
  Time since last request: 0.000020 seconds.
  path: Assets/SocketsAndSwitches/Textures/2048/Rotation/Black/SocketCase01Material_AlbedoTransparency.png
  artifactKey: Guid(e28b714c970714ddabdf8d6c92a10f96) Importer(2089858483,192608db42251d675da83286b1cce702)
Start importing Assets/SocketsAndSwitches/Textures/2048/Rotation/Black/SocketCase01Material_AlbedoTransparency.png using Guid(e28b714c970714ddabdf8d6c92a10f96) Importer(2089858483,192608db42251d675da83286b1cce702) (ScriptedImporter) -> (artifact id: '1daa7f0517bd12c382e726bbb3281d62') in 0.0168174 seconds
Number of updated asset objects reloaded before import = 0Number of asset objects unloaded after import = 1

========================================================================
Received Import Request.
  Time since last request: 0.000012 seconds.
  path: Assets/SocketsAndSwitches/Textures/2048/Rotation
  artifactKey: Guid(f90ddae277e3f4b3ca07f06de182fd1f) Importer(2089858483,192608db42251d675da83286b1cce702)
Start importing Assets/SocketsAndSwitches/Textures/2048/Rotation using Guid(f90ddae277e3f4b3ca07f06de182fd1f) Importer(2089858483,192608db42251d675da83286b1cce702) (ScriptedImporter) -> (artifact id: '0cf56b77b8204292dead187444a07e0e') in 0.0091647 seconds
Number of updated asset objects reloaded before import = 0Number of asset objects unloaded after import = 1

========================================================================
Received Import Request.
  Time since last request: 0.000012 seconds.
  path: Assets/SocketsAndSwitches/Textures/512/White/SocketCase01Material_Normal.png
  artifactKey: Guid(e2e17bb4e7d5143718fabf8fe06de149) Importer(2089858483,192608db42251d675da83286b1cce702)
Start importing Assets/SocketsAndSwitches/Textures/512/White/SocketCase01Material_Normal.png using Guid(e2e17bb4e7d5143718fabf8fe06de149) Importer(2089858483,192608db42251d675da83286b1cce702) (ScriptedImporter) -> (artifact id: 'ecc163f857ff73ee0c7213bd17482a1c') in 0.0165181 seconds
Number of updated asset objects reloaded before import = 0Number of asset objects unloaded after import = 1

========================================================================
Received Import Request.
  Time since last request: 0.000010 seconds.
  path: Assets/SocketsAndSwitches/Prefabs/1024x1024/White/LightSwitches01.prefab
  artifactKey: Guid(baead30beeac5484582fde0d7bc25706) Importer(2089858483,192608db42251d675da83286b1cce702)
Start importing Assets/SocketsAndSwitches/Prefabs/1024x1024/White/LightSwitches01.prefab using Guid(baead30beeac5484582fde0d7bc25706) Importer(2089858483,192608db42251d675da83286b1cce702) (ScriptedImporter) -> (artifact id: 'b58b22caec80198ea9349633d066bc1b') in 0.0116359 seconds
Number of updated asset objects reloaded before import = 0Number of asset objects unloaded after import = 14

========================================================================
Received Import Request.
  Time since last request: 0.000014 seconds.
  path: Assets/SocketsAndSwitches/Prefabs/2048x2048/Black/LightSwitches03.prefab
  artifactKey: Guid(3ade66a8ebc1747beb5cea86864dd20d) Importer(2089858483,192608db42251d675da83286b1cce702)
Start importing Assets/SocketsAndSwitches/Prefabs/2048x2048/Black/LightSwitches03.prefab using Guid(3ade66a8ebc1747beb5cea86864dd20d) Importer(2089858483,192608db42251d675da83286b1cce702) (ScriptedImporter) -> (artifact id: 'b319a91f76ccccec2d0e2769314eff61') in 0.0121321 seconds
Number of updated asset objects reloaded before import = 0Number of asset objects unloaded after import = 26

========================================================================
Received Import Request.
  Time since last request: 0.000015 seconds.
  path: Assets/SocketsAndSwitches/Textures/512/Rotation/BlackDirt/SocketCase01Material_MetallicSmoothness.png
  artifactKey: Guid(077b063de5d4443558eb292044cd9f3e) Importer(2089858483,192608db42251d675da83286b1cce702)
Start importing Assets/SocketsAndSwitches/Textures/512/Rotation/BlackDirt/SocketCase01Material_MetallicSmoothness.png using Guid(077b063de5d4443558eb292044cd9f3e) Importer(2089858483,192608db42251d675da83286b1cce702) (ScriptedImporter) -> (artifact id: 'e5e2dfe5822535602a8b706ad6e741ac') in 0.0201209 seconds
Number of updated asset objects reloaded before import = 0Number of asset objects unloaded after import = 1

========================================================================
Received Import Request.
  Time since last request: 0.000013 seconds.
  path: Assets/SocketsAndSwitches/Textures/2048/BlackDirt/InsideMaterial_AlbedoTransparency.png
  artifactKey: Guid(ff0b85be8cbf8440cb922103f241b683) Importer(2089858483,192608db42251d675da83286b1cce702)
Start importing Assets/SocketsAndSwitches/Textures/2048/BlackDirt/InsideMaterial_AlbedoTransparency.png using Guid(ff0b85be8cbf8440cb922103f241b683) Importer(2089858483,192608db42251d675da83286b1cce702) (ScriptedImporter) -> (artifact id: '7fc119231689b64003d8e3be1ada03c1') in 0.0183197 seconds
Number of updated asset objects reloaded before import = 0Number of asset objects unloaded after import = 1

========================================================================
Received Import Request.
  Time since last request: 0.000015 seconds.
  path: Assets/SocketsAndSwitches/Textures/512/Rotation/White/SocketCase01Material_Normal.png
  artifactKey: Guid(542fb4d8dbbed4f30996f766ef866748) Importer(2089858483,192608db42251d675da83286b1cce702)
Start importing Assets/SocketsAndSwitches/Textures/512/Rotation/White/SocketCase01Material_Normal.png using Guid(542fb4d8dbbed4f30996f766ef866748) Importer(2089858483,192608db42251d675da83286b1cce702) (ScriptedImporter) -> (artifact id: 'd34550b18661bb95d02b2f30c7a5aed2') in 0.0206855 seconds
Number of updated asset objects reloaded before import = 0Number of asset objects unloaded after import = 1

========================================================================
Received Import Request.
  Time since last request: 0.000023 seconds.
  path: Assets/SocketsAndSwitches/Textures/2048/WhiteDirt/Socket02Material_AlbedoTransparency.png
  artifactKey: Guid(5a2e9377ffe6a43a1b6bc576003b2d8e) Importer(2089858483,192608db42251d675da83286b1cce702)
Start importing Assets/SocketsAndSwitches/Textures/2048/WhiteDirt/Socket02Material_AlbedoTransparency.png using Guid(5a2e9377ffe6a43a1b6bc576003b2d8e) Importer(2089858483,192608db42251d675da83286b1cce702) (ScriptedImporter) -> (artifact id: '4c95fa445bebed1fb59eb47d15ce07d5') in 0.0189961 seconds
Number of updated asset objects reloaded before import = 0Number of asset objects unloaded after import = 1

========================================================================
Received Import Request.
  Time since last request: 0.000013 seconds.
  path: Assets/SocketsAndSwitches/Textures/512/Rotation/WhiteDirt/SocketCase02Material_Normal.png
  artifactKey: Guid(0c169ba0effdb4e608c4fa63124e8b42) Importer(2089858483,192608db42251d675da83286b1cce702)
Start importing Assets/SocketsAndSwitches/Textures/512/Rotation/WhiteDirt/SocketCase02Material_Normal.png using Guid(0c169ba0effdb4e608c4fa63124e8b42) Importer(2089858483,192608db42251d675da83286b1cce702) (ScriptedImporter) -> (artifact id: '31d0f57838c1c55618ceeb8c6d127522') in 0.0182104 seconds
Number of updated asset objects reloaded before import = 0Number of asset objects unloaded after import = 1

========================================================================
Received Import Request.
  Time since last request: 0.000011 seconds.
  path: Assets/SocketsAndSwitches/Textures/1024/WhiteDirt/Socket02Material_MetallicSmoothness.png
  artifactKey: Guid(e0c1d5ba9829542c6bfb047b7297e685) Importer(2089858483,192608db42251d675da83286b1cce702)
Start importing Assets/SocketsAndSwitches/Textures/1024/WhiteDirt/Socket02Material_MetallicSmoothness.png using Guid(e0c1d5ba9829542c6bfb047b7297e685) Importer(2089858483,192608db42251d675da83286b1cce702) (ScriptedImporter) -> (artifact id: 'e88dd37b8a5ed76e864e4304c076816c') in 0.0190146 seconds
Number of updated asset objects reloaded before import = 0Number of asset objects unloaded after import = 1

========================================================================
Received Import Request.
  Time since last request: 0.000014 seconds.
  path: Assets/SocketsAndSwitches/Prefabs/512x512/BlackDirt/SocketCaseRotate.prefab
  artifactKey: Guid(9109c016aac8d43e5ad707b7387f7a14) Importer(2089858483,192608db42251d675da83286b1cce702)
Start importing Assets/SocketsAndSwitches/Prefabs/512x512/BlackDirt/SocketCaseRotate.prefab using Guid(9109c016aac8d43e5ad707b7387f7a14) Importer(2089858483,192608db42251d675da83286b1cce702) (ScriptedImporter) -> (artifact id: '90608eed4929fc9d2990ff68223af25d') in 0.0099743 seconds
Number of updated asset objects reloaded before import = 0Number of asset objects unloaded after import = 18

========================================================================
Received Import Request.
  Time since last request: 0.000011 seconds.
  path: Assets/SocketsAndSwitches/Textures/128/White/SocketCase01Material_Normal.png
  artifactKey: Guid(b68b59bdf66604b25838e9bce39cb1bd) Importer(2089858483,192608db42251d675da83286b1cce702)
Start importing Assets/SocketsAndSwitches/Textures/128/White/SocketCase01Material_Normal.png using Guid(b68b59bdf66604b25838e9bce39cb1bd) Importer(2089858483,192608db42251d675da83286b1cce702) (ScriptedImporter) -> (artifact id: '61dd7aca975b2e7b2d3ee09c6bccae42') in 0.0185158 seconds
Number of updated asset objects reloaded before import = 0Number of asset objects unloaded after import = 1

========================================================================
Received Import Request.
  Time since last request: 0.000015 seconds.
  path: Assets/SocketsAndSwitches/Prefabs/1024x1024/BlackDirt/SocketCase03Rotate.prefab
  artifactKey: Guid(7a7555d00bd8e4befb242859f9ffed35) Importer(2089858483,192608db42251d675da83286b1cce702)
Start importing Assets/SocketsAndSwitches/Prefabs/1024x1024/BlackDirt/SocketCase03Rotate.prefab using Guid(7a7555d00bd8e4befb242859f9ffed35) Importer(2089858483,192608db42251d675da83286b1cce702) (ScriptedImporter) -> (artifact id: 'e8431728cb5662c4279f04b34c7d6906') in 0.0112533 seconds
Number of updated asset objects reloaded before import = 0Number of asset objects unloaded after import = 22

========================================================================
Received Import Request.
  Time since last request: 0.000013 seconds.
  path: Assets/SocketsAndSwitches/SRP UpgradePackage/URP_Material.unitypackage
  artifactKey: Guid(b34ad4632fc454836972f01ac8ea284c) Importer(2089858483,192608db42251d675da83286b1cce702)
Start importing Assets/SocketsAndSwitches/SRP UpgradePackage/URP_Material.unitypackage using Guid(b34ad4632fc454836972f01ac8ea284c) Importer(2089858483,192608db42251d675da83286b1cce702) (ScriptedImporter) -> (artifact id: 'b76b15c0c384e880fae8c2595cae4455') in 0.0108633 seconds
Number of updated asset objects reloaded before import = 0Number of asset objects unloaded after import = 1

========================================================================
Received Import Request.
  Time since last request: 0.000022 seconds.
  path: Assets/SocketsAndSwitches/Textures/1024/Black/InsideMaterial_AlbedoTransparency.png
  artifactKey: Guid(02eeeb3bf59b3473fa57750734de3568) Importer(2089858483,192608db42251d675da83286b1cce702)
Start importing Assets/SocketsAndSwitches/Textures/1024/Black/InsideMaterial_AlbedoTransparency.png using Guid(02eeeb3bf59b3473fa57750734de3568) Importer(2089858483,192608db42251d675da83286b1cce702) (ScriptedImporter) -> (artifact id: 'e73fb40aa292a1132266c06e1add2d42') in 0.0186671 seconds
Number of updated asset objects reloaded before import = 0Number of asset objects unloaded after import = 1

========================================================================
Received Import Request.
  Time since last request: 0.000014 seconds.
  path: Assets/SocketsAndSwitches/Prefabs/512x512/Black/LightSwitches02.prefab
  artifactKey: Guid(10167dad683b6485d936cbac0d9b7ae8) Importer(2089858483,192608db42251d675da83286b1cce702)
Start importing Assets/SocketsAndSwitches/Prefabs/512x512/Black/LightSwitches02.prefab using Guid(10167dad683b6485d936cbac0d9b7ae8) Importer(2089858483,192608db42251d675da83286b1cce702) (ScriptedImporter) -> (artifact id: '3c40bd341e50a5365ca618787cb77c70') in 0.0111108 seconds
Number of updated asset objects reloaded before import = 0Number of asset objects unloaded after import = 21

========================================================================
Received Import Request.
  Time since last request: 0.000011 seconds.
  path: Assets/SocketsAndSwitches/Textures/2048/BlackDirt
  artifactKey: Guid(13d559bfee1b042dc8c606f3f7d0170f) Importer(2089858483,192608db42251d675da83286b1cce702)
Start importing Assets/SocketsAndSwitches/Textures/2048/BlackDirt using Guid(13d559bfee1b042dc8c606f3f7d0170f) Importer(2089858483,192608db42251d675da83286b1cce702) (ScriptedImporter) -> (artifact id: '742a77cd3aca27f51ad854afcde7d5f6') in 0.0092599 seconds
Number of updated asset objects reloaded before import = 0Number of asset objects unloaded after import = 1

========================================================================
Received Import Request.
  Time since last request: 0.000012 seconds.
  path: Assets/SocketsAndSwitches/Textures/256/WhiteDirt/InsideMaterial_AlbedoTransparency.png
  artifactKey: Guid(9409891d1ca0f47879ca7b95d1af328c) Importer(2089858483,192608db42251d675da83286b1cce702)
Start importing Assets/SocketsAndSwitches/Textures/256/WhiteDirt/InsideMaterial_AlbedoTransparency.png using Guid(9409891d1ca0f47879ca7b95d1af328c) Importer(2089858483,192608db42251d675da83286b1cce702) (ScriptedImporter) -> (artifact id: 'fb8ac05aa2c44e5a58de906fabf83b3a') in 0.0155342 seconds
Number of updated asset objects reloaded before import = 0Number of asset objects unloaded after import = 1

========================================================================
Received Import Request.
  Time since last request: 0.000013 seconds.
  path: Assets/SocketsAndSwitches/Textures/2048/Rotation/WhiteDirt/SocketCase02Material_AlbedoTransparency.png
  artifactKey: Guid(58de0c6732ce64f7889097b879550d36) Importer(2089858483,192608db42251d675da83286b1cce702)
Start importing Assets/SocketsAndSwitches/Textures/2048/Rotation/WhiteDirt/SocketCase02Material_AlbedoTransparency.png using Guid(58de0c6732ce64f7889097b879550d36) Importer(2089858483,192608db42251d675da83286b1cce702) (ScriptedImporter) -> (artifact id: '2691be0965a8139b496beb550c61f86e') in 0.0182392 seconds
Number of updated asset objects reloaded before import = 0Number of asset objects unloaded after import = 1

========================================================================
Received Import Request.
  Time since last request: 0.000012 seconds.
  path: Assets/SocketsAndSwitches/Textures/512/Rotation/White/SocketCase02Material_MetallicSmoothness.png
  artifactKey: Guid(c5a4e873e45474cceb1d8ddea48cc6db) Importer(2089858483,192608db42251d675da83286b1cce702)
Start importing Assets/SocketsAndSwitches/Textures/512/Rotation/White/SocketCase02Material_MetallicSmoothness.png using Guid(c5a4e873e45474cceb1d8ddea48cc6db) Importer(2089858483,192608db42251d675da83286b1cce702) (ScriptedImporter) -> (artifact id: 'e05f6125f965759633424ff12775b5cb') in 0.0178259 seconds
Number of updated asset objects reloaded before import = 0Number of asset objects unloaded after import = 1

========================================================================
Received Import Request.
  Time since last request: 0.000013 seconds.
  path: Assets/SocketsAndSwitches/Textures/1024/White/Socket02Material_MetallicSmoothness.png
  artifactKey: Guid(6ec56feaa67934149bcb641632c7659c) Importer(2089858483,192608db42251d675da83286b1cce702)
Start importing Assets/SocketsAndSwitches/Textures/1024/White/Socket02Material_MetallicSmoothness.png using Guid(6ec56feaa67934149bcb641632c7659c) Importer(2089858483,192608db42251d675da83286b1cce702) (ScriptedImporter) -> (artifact id: 'd27b59018c39d1f6f757773636ca71f5') in 0.0191184 seconds
Number of updated asset objects reloaded before import = 0Number of asset objects unloaded after import = 1

========================================================================
Received Import Request.
  Time since last request: 0.000028 seconds.
  path: Assets/SocketsAndSwitches/Material/1024x1024/WhiteDirt/SocketCase01Material.mat
  artifactKey: Guid(0758209dd69d54d54b3f63614b5b03ff) Importer(2089858483,192608db42251d675da83286b1cce702)
Start importing Assets/SocketsAndSwitches/Material/1024x1024/WhiteDirt/SocketCase01Material.mat using Guid(0758209dd69d54d54b3f63614b5b03ff) Importer(2089858483,192608db42251d675da83286b1cce702) (ScriptedImporter) -> (artifact id: 'c3405b237c3dd229be55421d0b3b9ab5') in 0.0137693 seconds
Number of updated asset objects reloaded before import = 0Number of asset objects unloaded after import = 4

========================================================================
Received Import Request.
  Time since last request: 0.000015 seconds.
  path: Assets/SocketsAndSwitches/Textures/1024/WhiteDirt/SocketCase02Material_AlbedoTransparency.png
  artifactKey: Guid(d7ba6baa0bcc34f02896f465a51e3c5a) Importer(2089858483,192608db42251d675da83286b1cce702)
Start importing Assets/SocketsAndSwitches/Textures/1024/WhiteDirt/SocketCase02Material_AlbedoTransparency.png using Guid(d7ba6baa0bcc34f02896f465a51e3c5a) Importer(2089858483,192608db42251d675da83286b1cce702) (ScriptedImporter) -> (artifact id: '736de55622120cacb330c6b8cbb973dd') in 0.018688 seconds
Number of updated asset objects reloaded before import = 0Number of asset objects unloaded after import = 1

========================================================================
Received Import Request.
  Time since last request: 0.000014 seconds.
  path: Assets/SocketsAndSwitches/Textures/256/White/InsideMaterial_AlbedoTransparency.png
  artifactKey: Guid(674f1aa1ec6624651aa10259dd0a011e) Importer(2089858483,192608db42251d675da83286b1cce702)
Start importing Assets/SocketsAndSwitches/Textures/256/White/InsideMaterial_AlbedoTransparency.png using Guid(674f1aa1ec6624651aa10259dd0a011e) Importer(2089858483,192608db42251d675da83286b1cce702) (ScriptedImporter) -> (artifact id: 'be6c01c0f33374ddcf1426063561f309') in 0.0200034 seconds
Number of updated asset objects reloaded before import = 0Number of asset objects unloaded after import = 1

========================================================================
Received Import Request.
  Time since last request: 0.000014 seconds.
  path: Assets/SocketsAndSwitches/Material/128x128/BlackDirt/SocketCase01Material.mat
  artifactKey: Guid(fb4d634daf69948e3ad27de1705dc016) Importer(2089858483,192608db42251d675da83286b1cce702)
Start importing Assets/SocketsAndSwitches/Material/128x128/BlackDirt/SocketCase01Material.mat using Guid(fb4d634daf69948e3ad27de1705dc016) Importer(2089858483,192608db42251d675da83286b1cce702) (ScriptedImporter) -> (artifact id: '676a8c19d3eee51e15eef985548c1c80') in 0.0139082 seconds
Number of updated asset objects reloaded before import = 0Number of asset objects unloaded after import = 4

========================================================================
Received Import Request.
  Time since last request: 0.000011 seconds.
  path: Assets/SocketsAndSwitches/Textures/2048/BlackDirt/Socket02Material_Normal.png
  artifactKey: Guid(da77742d3a8204f38a6e1786f2bc8035) Importer(2089858483,192608db42251d675da83286b1cce702)
Start importing Assets/SocketsAndSwitches/Textures/2048/BlackDirt/Socket02Material_Normal.png using Guid(da77742d3a8204f38a6e1786f2bc8035) Importer(2089858483,192608db42251d675da83286b1cce702) (ScriptedImporter) -> (artifact id: '235d116b969a23153e7a8fd9c9c5dfcf') in 0.0170129 seconds
Number of updated asset objects reloaded before import = 0Number of asset objects unloaded after import = 1

========================================================================
Received Import Request.
  Time since last request: 0.000013 seconds.
  path: Assets/SocketsAndSwitches/Material/2048x2048/White/InsideMaterial.mat
  artifactKey: Guid(05fee7f37582e475fa4fc9a50738a4d1) Importer(2089858483,192608db42251d675da83286b1cce702)
Start importing Assets/SocketsAndSwitches/Material/2048x2048/White/InsideMaterial.mat using Guid(05fee7f37582e475fa4fc9a50738a4d1) Importer(2089858483,192608db42251d675da83286b1cce702) (ScriptedImporter) -> (artifact id: 'fe436fa23af81842b3c6f3b5eb97fef5') in 0.0130053 seconds
Number of updated asset objects reloaded before import = 0Number of asset objects unloaded after import = 4

========================================================================
Received Import Request.
  Time since last request: 0.000012 seconds.
  path: Assets/SocketsAndSwitches/Textures/1024/WhiteDirt/Socket02Material_AlbedoTransparency.png
  artifactKey: Guid(88c1b4e8be19d488a8729d87ca5c5b26) Importer(2089858483,192608db42251d675da83286b1cce702)
Start importing Assets/SocketsAndSwitches/Textures/1024/WhiteDirt/Socket02Material_AlbedoTransparency.png using Guid(88c1b4e8be19d488a8729d87ca5c5b26) Importer(2089858483,192608db42251d675da83286b1cce702) (ScriptedImporter) -> (artifact id: '6c39198fd855474a07404abb7b3f4a5e') in 0.0190655 seconds
Number of updated asset objects reloaded before import = 0Number of asset objects unloaded after import = 1

========================================================================
Received Import Request.
  Time since last request: 0.000028 seconds.
  path: Assets/SocketsAndSwitches/Prefabs/512x512/Black/Socket02.prefab
  artifactKey: Guid(871712dc5a34d42eea6e70e4dace710c) Importer(2089858483,192608db42251d675da83286b1cce702)
Start importing Assets/SocketsAndSwitches/Prefabs/512x512/Black/Socket02.prefab using Guid(871712dc5a34d42eea6e70e4dace710c) Importer(2089858483,192608db42251d675da83286b1cce702) (ScriptedImporter) -> (artifact id: 'b3bc39af3207a98913d8b6637a7c4d64') in 0.0136328 seconds
Number of updated asset objects reloaded before import = 0Number of asset objects unloaded after import = 8

========================================================================
Received Import Request.
  Time since last request: 0.000012 seconds.
  path: Assets/SocketsAndSwitches/Prefabs/128x128/Black/SocketCaseRotate.prefab
  artifactKey: Guid(4bd87fcbd18ab4370a2b04829f11085c) Importer(2089858483,192608db42251d675da83286b1cce702)
Start importing Assets/SocketsAndSwitches/Prefabs/128x128/Black/SocketCaseRotate.prefab using Guid(4bd87fcbd18ab4370a2b04829f11085c) Importer(2089858483,192608db42251d675da83286b1cce702) (ScriptedImporter) -> (artifact id: 'd8f34e435821aa2ef02eae1388d86103') in 0.0109656 seconds
Number of updated asset objects reloaded before import = 0Number of asset objects unloaded after import = 18

========================================================================
Received Import Request.
  Time since last request: 0.000014 seconds.
  path: Assets/SocketsAndSwitches/Textures/1024/Black/InsideMaterial_MetallicSmoothness.png
  artifactKey: Guid(2cfab068a93f541aaa0b2d9aaad3b0ec) Importer(2089858483,192608db42251d675da83286b1cce702)
Start importing Assets/SocketsAndSwitches/Textures/1024/Black/InsideMaterial_MetallicSmoothness.png using Guid(2cfab068a93f541aaa0b2d9aaad3b0ec) Importer(2089858483,192608db42251d675da83286b1cce702) (ScriptedImporter) -> (artifact id: '14f2a3e58472ca6b6e9cb68dcbcd4b85') in 0.0186653 seconds
Number of updated asset objects reloaded before import = 0Number of asset objects unloaded after import = 1

========================================================================
Received Import Request.
  Time since last request: 0.000012 seconds.
  path: Assets/SocketsAndSwitches/Material/512x512/WhiteDirt/SocketCase01Material.mat
  artifactKey: Guid(99d3cac42fa734c17a01077a36df900d) Importer(2089858483,192608db42251d675da83286b1cce702)
Start importing Assets/SocketsAndSwitches/Material/512x512/WhiteDirt/SocketCase01Material.mat using Guid(99d3cac42fa734c17a01077a36df900d) Importer(2089858483,192608db42251d675da83286b1cce702) (ScriptedImporter) -> (artifact id: 'f7e99cacb40d1b1919ee7e084a055aab') in 0.0131679 seconds
Number of updated asset objects reloaded before import = 0Number of asset objects unloaded after import = 4

========================================================================
Received Import Request.
  Time since last request: 0.000013 seconds.
  path: Assets/SocketsAndSwitches/Material/1024x1024/Rotation/White
  artifactKey: Guid(76473a73a4fc64921939e3b39e7ed312) Importer(2089858483,192608db42251d675da83286b1cce702)
Start importing Assets/SocketsAndSwitches/Material/1024x1024/Rotation/White using Guid(76473a73a4fc64921939e3b39e7ed312) Importer(2089858483,192608db42251d675da83286b1cce702) (ScriptedImporter) -> (artifact id: 'effa5ba3711fed99c758263c54401148') in 0.0098023 seconds
Number of updated asset objects reloaded before import = 0Number of asset objects unloaded after import = 1

========================================================================
Received Import Request.
  Time since last request: 0.000013 seconds.
  path: Assets/SocketsAndSwitches/Material/512x512/White/LightSwitchesMaterial.mat
  artifactKey: Guid(9d1e97e3a48064f06a55f1305125406a) Importer(2089858483,192608db42251d675da83286b1cce702)
Start importing Assets/SocketsAndSwitches/Material/512x512/White/LightSwitchesMaterial.mat using Guid(9d1e97e3a48064f06a55f1305125406a) Importer(2089858483,192608db42251d675da83286b1cce702) (ScriptedImporter) -> (artifact id: 'bcd0b0ceefe7b77b2738d6adf530e430') in 0.0140771 seconds
Number of updated asset objects reloaded before import = 0Number of asset objects unloaded after import = 4

========================================================================
Received Import Request.
  Time since last request: 0.000017 seconds.
  path: Assets/SocketsAndSwitches/Textures/128/Black
  artifactKey: Guid(a3e54223c951a491093215edc65b9bd7) Importer(2089858483,192608db42251d675da83286b1cce702)
Start importing Assets/SocketsAndSwitches/Textures/128/Black using Guid(a3e54223c951a491093215edc65b9bd7) Importer(2089858483,192608db42251d675da83286b1cce702) (ScriptedImporter) -> (artifact id: '3002deadb88a675028df657ac692cbdd') in 0.0097065 seconds
Number of updated asset objects reloaded before import = 0Number of asset objects unloaded after import = 1

========================================================================
Received Import Request.
  Time since last request: 0.000013 seconds.
  path: Assets/SocketsAndSwitches/Textures/128/White/Socket03Material_Normal.png
  artifactKey: Guid(23f1a97b790eb4c44a4c5a8d39a6c782) Importer(2089858483,192608db42251d675da83286b1cce702)
Start importing Assets/SocketsAndSwitches/Textures/128/White/Socket03Material_Normal.png using Guid(23f1a97b790eb4c44a4c5a8d39a6c782) Importer(2089858483,192608db42251d675da83286b1cce702) (ScriptedImporter) -> (artifact id: '04d91c7cc9b1a08da822e47d450f3bd0') in 0.0190935 seconds
Number of updated asset objects reloaded before import = 0Number of asset objects unloaded after import = 1

========================================================================
Received Import Request.
  Time since last request: 0.000018 seconds.
  path: Assets/SocketsAndSwitches/Material/2048x2048/Black
  artifactKey: Guid(df1cb46bfffcb44c19dc248ab04a8a6b) Importer(2089858483,192608db42251d675da83286b1cce702)
Start importing Assets/SocketsAndSwitches/Material/2048x2048/Black using Guid(df1cb46bfffcb44c19dc248ab04a8a6b) Importer(2089858483,192608db42251d675da83286b1cce702) (ScriptedImporter) -> (artifact id: '245f56137cf85e5ee8ef52a5a4dd61c7') in 0.0097603 seconds
Number of updated asset objects reloaded before import = 0Number of asset objects unloaded after import = 1

========================================================================
Received Import Request.
  Time since last request: 0.000012 seconds.
  path: Assets/SocketsAndSwitches/Textures/128/WhiteDirt/SocketCase01Material_AlbedoTransparency.png
  artifactKey: Guid(e7be49156aa044ae6a155740317905da) Importer(2089858483,192608db42251d675da83286b1cce702)
Start importing Assets/SocketsAndSwitches/Textures/128/WhiteDirt/SocketCase01Material_AlbedoTransparency.png using Guid(e7be49156aa044ae6a155740317905da) Importer(2089858483,192608db42251d675da83286b1cce702) (ScriptedImporter) -> (artifact id: '1cee23742687f89a201becf96de4c0be') in 0.0194006 seconds
Number of updated asset objects reloaded before import = 0Number of asset objects unloaded after import = 1

========================================================================
Received Import Request.
  Time since last request: 0.000011 seconds.
  path: Assets/SocketsAndSwitches/Textures/128/Black/SocketCase02Material_Normal.png
  artifactKey: Guid(39464ec2f1d31411ca1f2eaa48cc775f) Importer(2089858483,192608db42251d675da83286b1cce702)
Start importing Assets/SocketsAndSwitches/Textures/128/Black/SocketCase02Material_Normal.png using Guid(39464ec2f1d31411ca1f2eaa48cc775f) Importer(2089858483,192608db42251d675da83286b1cce702) (ScriptedImporter) -> (artifact id: '3f4bdd1810311648828b4bdcdea5a534') in 0.0167504 seconds
Number of updated asset objects reloaded before import = 0Number of asset objects unloaded after import = 1

========================================================================
Received Import Request.
  Time since last request: 0.000013 seconds.
  path: Assets/SocketsAndSwitches/Textures/128/WhiteDirt/SocketCase02Material_Normal.png
  artifactKey: Guid(0fc7453f59cd346378d08864815307f7) Importer(2089858483,192608db42251d675da83286b1cce702)
Start importing Assets/SocketsAndSwitches/Textures/128/WhiteDirt/SocketCase02Material_Normal.png using Guid(0fc7453f59cd346378d08864815307f7) Importer(2089858483,192608db42251d675da83286b1cce702) (ScriptedImporter) -> (artifact id: '04476e37d5e7b301e4b9adfb6ebaee13') in 0.0160493 seconds
Number of updated asset objects reloaded before import = 0Number of asset objects unloaded after import = 1

========================================================================
Received Import Request.
  Time since last request: 0.000014 seconds.
  path: Assets/SocketsAndSwitches/Textures/2048/WhiteDirt/SocketCase02Material_MetallicSmoothness.png
  artifactKey: Guid(17e3dd065e6f64ba5b6e69db64ddfd2c) Importer(2089858483,192608db42251d675da83286b1cce702)
Start importing Assets/SocketsAndSwitches/Textures/2048/WhiteDirt/SocketCase02Material_MetallicSmoothness.png using Guid(17e3dd065e6f64ba5b6e69db64ddfd2c) Importer(2089858483,192608db42251d675da83286b1cce702) (ScriptedImporter) -> (artifact id: '74378460d958c76d6ee29fc2df0bdade') in 0.0160315 seconds
Number of updated asset objects reloaded before import = 0Number of asset objects unloaded after import = 1

========================================================================
Received Import Request.
  Time since last request: 0.000011 seconds.
  path: Assets/SocketsAndSwitches/Scene/Demo.unity
  artifactKey: Guid(5148f8c9ec3184f6786fbb577f139016) Importer(2089858483,192608db42251d675da83286b1cce702)
Start importing Assets/SocketsAndSwitches/Scene/Demo.unity using Guid(5148f8c9ec3184f6786fbb577f139016) Importer(2089858483,192608db42251d675da83286b1cce702) (ScriptedImporter) -> (artifact id: 'bd3686a43fd64bb99496c41abd67c821') in 0.0443316 seconds
Number of updated asset objects reloaded before import = 0Number of asset objects unloaded after import = 1

========================================================================
Received Import Request.
  Time since last request: 0.000014 seconds.
  path: Assets/SocketsAndSwitches/Prefabs/256x256/WhiteDirt/LightSwitches02.prefab
  artifactKey: Guid(01d9cb907f99a4ae68ce0f1e0b6fe8d9) Importer(2089858483,192608db42251d675da83286b1cce702)
Start importing Assets/SocketsAndSwitches/Prefabs/256x256/WhiteDirt/LightSwitches02.prefab using Guid(01d9cb907f99a4ae68ce0f1e0b6fe8d9) Importer(2089858483,192608db42251d675da83286b1cce702) (ScriptedImporter) -> (artifact id: '8ec1bf0313d3a20dcbecb6c194ec0dde') in 0.0103423 seconds
Number of updated asset objects reloaded before import = 0Number of asset objects unloaded after import = 21

========================================================================
Received Import Request.
  Time since last request: 0.000021 seconds.
  path: Assets/SocketsAndSwitches/Textures/512/Rotation/Black/SocketCase02Material_MetallicSmoothness.png
  artifactKey: Guid(2b1109db5788d4e0f89924666d220831) Importer(2089858483,192608db42251d675da83286b1cce702)
Start importing Assets/SocketsAndSwitches/Textures/512/Rotation/Black/SocketCase02Material_MetallicSmoothness.png using Guid(2b1109db5788d4e0f89924666d220831) Importer(2089858483,192608db42251d675da83286b1cce702) (ScriptedImporter) -> (artifact id: '78869813d02d554b44c0c22bbafee4d8') in 0.0174644 seconds
Number of updated asset objects reloaded before import = 0Number of asset objects unloaded after import = 1

========================================================================
Received Import Request.
  Time since last request: 0.000012 seconds.
  path: Assets/SocketsAndSwitches/Textures/256/Black/SocketCase02Material_Normal.png
  artifactKey: Guid(582c42487cc89429492d0ef28ebdab2a) Importer(2089858483,192608db42251d675da83286b1cce702)
Start importing Assets/SocketsAndSwitches/Textures/256/Black/SocketCase02Material_Normal.png using Guid(582c42487cc89429492d0ef28ebdab2a) Importer(2089858483,192608db42251d675da83286b1cce702) (ScriptedImporter) -> (artifact id: '352c5189b8299887d7233fa2f8b0d3d5') in 0.0158174 seconds
Number of updated asset objects reloaded before import = 0Number of asset objects unloaded after import = 1

========================================================================
Received Import Request.
  Time since last request: 0.000011 seconds.
  path: Assets/SocketsAndSwitches/Prefabs/1024x1024/BlackDirt/SocketCase01.prefab
  artifactKey: Guid(10d0cae457da24187a2879deb7724aa6) Importer(2089858483,192608db42251d675da83286b1cce702)
Start importing Assets/SocketsAndSwitches/Prefabs/1024x1024/BlackDirt/SocketCase01.prefab using Guid(10d0cae457da24187a2879deb7724aa6) Importer(2089858483,192608db42251d675da83286b1cce702) (ScriptedImporter) -> (artifact id: '02b91e70080ff1696c129b7a332844d7') in 0.0093066 seconds
Number of updated asset objects reloaded before import = 0Number of asset objects unloaded after import = 14

========================================================================
Received Import Request.
  Time since last request: 0.000015 seconds.
  path: Assets/SocketsAndSwitches/Textures/2048/WhiteDirt/Socket03Material_Normal.png
  artifactKey: Guid(943ecca0ec9694a358248615aa9f8efa) Importer(2089858483,192608db42251d675da83286b1cce702)
Start importing Assets/SocketsAndSwitches/Textures/2048/WhiteDirt/Socket03Material_Normal.png using Guid(943ecca0ec9694a358248615aa9f8efa) Importer(2089858483,192608db42251d675da83286b1cce702) (ScriptedImporter) -> (artifact id: '5bee643d29222659d94910cf785662a6') in 0.0198743 seconds
Number of updated asset objects reloaded before import = 0Number of asset objects unloaded after import = 1

========================================================================
Received Import Request.
  Time since last request: 0.000011 seconds.
  path: Assets/SocketsAndSwitches/Textures/256/Black/SocketCase01Material_AlbedoTransparency.png
  artifactKey: Guid(c7e8c2eeffb77439384c5df6809f1b2b) Importer(2089858483,192608db42251d675da83286b1cce702)
Start importing Assets/SocketsAndSwitches/Textures/256/Black/SocketCase01Material_AlbedoTransparency.png using Guid(c7e8c2eeffb77439384c5df6809f1b2b) Importer(2089858483,192608db42251d675da83286b1cce702) (ScriptedImporter) -> (artifact id: '59aaa8516679dabcde6799fffa15522e') in 0.0167357 seconds
Number of updated asset objects reloaded before import = 0Number of asset objects unloaded after import = 1

========================================================================
Received Import Request.
  Time since last request: 0.000012 seconds.
  path: Assets/SocketsAndSwitches/Textures/2048/WhiteDirt/Socket02Material_MetallicSmoothness.png
  artifactKey: Guid(ad8e3a2fe529944558e4685b5a7eec01) Importer(2089858483,192608db42251d675da83286b1cce702)
Start importing Assets/SocketsAndSwitches/Textures/2048/WhiteDirt/Socket02Material_MetallicSmoothness.png using Guid(ad8e3a2fe529944558e4685b5a7eec01) Importer(2089858483,192608db42251d675da83286b1cce702) (ScriptedImporter) -> (artifact id: '9e9532fe4e45562ae5939ac4ab9f46fa') in 0.017155 seconds
Number of updated asset objects reloaded before import = 0Number of asset objects unloaded after import = 1

========================================================================
Received Import Request.
  Time since last request: 0.000012 seconds.
  path: Assets/SocketsAndSwitches/Prefabs/1024x1024/Black/SocketCaseRotate.prefab
  artifactKey: Guid(f7d2f45dcdf844c688b87dd34f539279) Importer(2089858483,192608db42251d675da83286b1cce702)
Start importing Assets/SocketsAndSwitches/Prefabs/1024x1024/Black/SocketCaseRotate.prefab using Guid(f7d2f45dcdf844c688b87dd34f539279) Importer(2089858483,192608db42251d675da83286b1cce702) (ScriptedImporter) -> (artifact id: '2d3bb178c30cf825993a192c3ab59aa5') in 0.0115497 seconds
Number of updated asset objects reloaded before import = 0Number of asset objects unloaded after import = 18

========================================================================
Received Import Request.
  Time since last request: 0.000013 seconds.
  path: Assets/SocketsAndSwitches/Prefabs/1024x1024/Black/LightSwitches02.prefab
  artifactKey: Guid(3c03aade4e60b4276aa8be696915d883) Importer(2089858483,192608db42251d675da83286b1cce702)
Start importing Assets/SocketsAndSwitches/Prefabs/1024x1024/Black/LightSwitches02.prefab using Guid(3c03aade4e60b4276aa8be696915d883) Importer(2089858483,192608db42251d675da83286b1cce702) (ScriptedImporter) -> (artifact id: '7a5b8e3bff90213ca214608be800e374') in 0.0115021 seconds
Number of updated asset objects reloaded before import = 0Number of asset objects unloaded after import = 21

========================================================================
Received Import Request.
  Time since last request: 0.000019 seconds.
  path: Assets/SocketsAndSwitches/Prefabs/2048x2048/Black/Socket03.prefab
  artifactKey: Guid(7d1f130ac09034be29a3fa28e5a15b19) Importer(2089858483,192608db42251d675da83286b1cce702)
Start importing Assets/SocketsAndSwitches/Prefabs/2048x2048/Black/Socket03.prefab using Guid(7d1f130ac09034be29a3fa28e5a15b19) Importer(2089858483,192608db42251d675da83286b1cce702) (ScriptedImporter) -> (artifact id: 'bcb38a8e6040540d8e5b025573727f88') in 0.0144119 seconds
Number of updated asset objects reloaded before import = 0Number of asset objects unloaded after import = 8

========================================================================
Received Import Request.
  Time since last request: 0.000010 seconds.
  path: Assets/SocketsAndSwitches/Material/512x512/WhiteDirt/Socket03Material.mat
  artifactKey: Guid(2b619f6b94d1247e2916f509ebda51ac) Importer(2089858483,192608db42251d675da83286b1cce702)
Start importing Assets/SocketsAndSwitches/Material/512x512/WhiteDirt/Socket03Material.mat using Guid(2b619f6b94d1247e2916f509ebda51ac) Importer(2089858483,192608db42251d675da83286b1cce702) (ScriptedImporter) -> (artifact id: '4382f9ae7de1ba217537178b3834416e') in 0.0116491 seconds
Number of updated asset objects reloaded before import = 0Number of asset objects unloaded after import = 4

========================================================================
Received Import Request.
  Time since last request: 0.000016 seconds.
  path: Assets/SocketsAndSwitches/Textures/128/WhiteDirt/SocketCase01Material_Normal.png
  artifactKey: Guid(3b80bd1ed92124ababf9930d9f6df4ce) Importer(2089858483,192608db42251d675da83286b1cce702)
Start importing Assets/SocketsAndSwitches/Textures/128/WhiteDirt/SocketCase01Material_Normal.png using Guid(3b80bd1ed92124ababf9930d9f6df4ce) Importer(2089858483,192608db42251d675da83286b1cce702) (ScriptedImporter) -> (artifact id: 'f85619fb79f2eed08b127d87af82bf32') in 0.0168494 seconds
Number of updated asset objects reloaded before import = 0Number of asset objects unloaded after import = 1

========================================================================
Received Import Request.
  Time since last request: 0.000012 seconds.
  path: Assets/SocketsAndSwitches/Textures/1024/BlackDirt/SocketCase02Material_MetallicSmoothness.png
  artifactKey: Guid(09f1f79d5a5a44c8fb93ec19241c2320) Importer(2089858483,192608db42251d675da83286b1cce702)
Start importing Assets/SocketsAndSwitches/Textures/1024/BlackDirt/SocketCase02Material_MetallicSmoothness.png using Guid(09f1f79d5a5a44c8fb93ec19241c2320) Importer(2089858483,192608db42251d675da83286b1cce702) (ScriptedImporter) -> (artifact id: '1d1982bde92bb725a179588a15feb877') in 0.0164463 seconds
Number of updated asset objects reloaded before import = 0Number of asset objects unloaded after import = 1

========================================================================
Received Import Request.
  Time since last request: 0.000012 seconds.
  path: Assets/SocketsAndSwitches/Textures/128/BlackDirt/SocketCase01Material_AlbedoTransparency.png
  artifactKey: Guid(e9133b5b81a784e4da57ee72d2d2877c) Importer(2089858483,192608db42251d675da83286b1cce702)
Start importing Assets/SocketsAndSwitches/Textures/128/BlackDirt/SocketCase01Material_AlbedoTransparency.png using Guid(e9133b5b81a784e4da57ee72d2d2877c) Importer(2089858483,192608db42251d675da83286b1cce702) (ScriptedImporter) -> (artifact id: 'b0f6352c2ca557f13a74e9e394dcb39e') in 0.0169238 seconds
Number of updated asset objects reloaded before import = 0Number of asset objects unloaded after import = 1

========================================================================
Received Import Request.
  Time since last request: 0.000012 seconds.
  path: Assets/SocketsAndSwitches/Textures/1024/White/SocketCase01Material_AlbedoTransparency.png
  artifactKey: Guid(1e12061e151504f1685eb9d63ce9e94b) Importer(2089858483,192608db42251d675da83286b1cce702)
Start importing Assets/SocketsAndSwitches/Textures/1024/White/SocketCase01Material_AlbedoTransparency.png using Guid(1e12061e151504f1685eb9d63ce9e94b) Importer(2089858483,192608db42251d675da83286b1cce702) (ScriptedImporter) -> (artifact id: '533b1c7131f838ab764c68debc148109') in 0.021147 seconds
Number of updated asset objects reloaded before import = 0Number of asset objects unloaded after import = 1

========================================================================
Received Import Request.
  Time since last request: 0.000017 seconds.
  path: Assets/SocketsAndSwitches/Textures/2048/Black/Socket02Material_MetallicSmoothness.png
  artifactKey: Guid(3445f2d69798b4ca1b6da63112d190ff) Importer(2089858483,192608db42251d675da83286b1cce702)
Start importing Assets/SocketsAndSwitches/Textures/2048/Black/Socket02Material_MetallicSmoothness.png using Guid(3445f2d69798b4ca1b6da63112d190ff) Importer(2089858483,192608db42251d675da83286b1cce702) (ScriptedImporter) -> (artifact id: '244091f2a4935bf643887d0672a4d5d7') in 0.0234404 seconds
Number of updated asset objects reloaded before import = 0Number of asset objects unloaded after import = 1

========================================================================
Received Import Request.
  Time since last request: 0.000024 seconds.
  path: Assets/SocketsAndSwitches/Material/512x512/Rotation/Black/SocketCase02Material.mat
  artifactKey: Guid(75ef68a36921847abb4b36ab1d1a6fa0) Importer(2089858483,192608db42251d675da83286b1cce702)
Start importing Assets/SocketsAndSwitches/Material/512x512/Rotation/Black/SocketCase02Material.mat using Guid(75ef68a36921847abb4b36ab1d1a6fa0) Importer(2089858483,192608db42251d675da83286b1cce702) (ScriptedImporter) -> (artifact id: 'ae2fdd2f409058bc118f44db89a160b8') in 0.0157408 seconds
Number of updated asset objects reloaded before import = 0Number of asset objects unloaded after import = 4

========================================================================
Received Import Request.
  Time since last request: 0.000011 seconds.
  path: Assets/SocketsAndSwitches/Textures/1024/Rotation/Black/SocketCase01Material_Normal.png
  artifactKey: Guid(f054cbc290d06412c83c4fd4ea9e7e72) Importer(2089858483,192608db42251d675da83286b1cce702)
Start importing Assets/SocketsAndSwitches/Textures/1024/Rotation/Black/SocketCase01Material_Normal.png using Guid(f054cbc290d06412c83c4fd4ea9e7e72) Importer(2089858483,192608db42251d675da83286b1cce702) (ScriptedImporter) -> (artifact id: '736c5538fad34ef7a1bfe384e4461116') in 0.0178709 seconds
Number of updated asset objects reloaded before import = 0Number of asset objects unloaded after import = 1

========================================================================
Received Import Request.
  Time since last request: 0.000013 seconds.
  path: Assets/SocketsAndSwitches/Textures/512/WhiteDirt/Socket03Material_MetallicSmoothness.png
  artifactKey: Guid(feef25dd29c8f478b9ded834fbc2122b) Importer(2089858483,192608db42251d675da83286b1cce702)
Start importing Assets/SocketsAndSwitches/Textures/512/WhiteDirt/Socket03Material_MetallicSmoothness.png using Guid(feef25dd29c8f478b9ded834fbc2122b) Importer(2089858483,192608db42251d675da83286b1cce702) (ScriptedImporter) -> (artifact id: '97a52886e651def6b8abdddf0303d7aa') in 0.0179733 seconds
Number of updated asset objects reloaded before import = 0Number of asset objects unloaded after import = 1

========================================================================
Received Import Request.
  Time since last request: 0.000015 seconds.
  path: Assets/SocketsAndSwitches/Textures/128/Black/InsideMaterial_Normal.png
  artifactKey: Guid(f01bd95160a274c79a4dbc6c4629c44e) Importer(2089858483,192608db42251d675da83286b1cce702)
Start importing Assets/SocketsAndSwitches/Textures/128/Black/InsideMaterial_Normal.png using Guid(f01bd95160a274c79a4dbc6c4629c44e) Importer(2089858483,192608db42251d675da83286b1cce702) (ScriptedImporter) -> (artifact id: '50a224da186b61ba3c78672f224fef7e') in 0.0177643 seconds
Number of updated asset objects reloaded before import = 0Number of asset objects unloaded after import = 1

========================================================================
Received Import Request.
  Time since last request: 0.000012 seconds.
  path: Assets/SocketsAndSwitches/Material/256x256/White/Socket03Material.mat
  artifactKey: Guid(c617accfc4e2446288b0b4e7d694b075) Importer(2089858483,192608db42251d675da83286b1cce702)
Start importing Assets/SocketsAndSwitches/Material/256x256/White/Socket03Material.mat using Guid(c617accfc4e2446288b0b4e7d694b075) Importer(2089858483,192608db42251d675da83286b1cce702) (ScriptedImporter) -> (artifact id: '236767435311e95d4e065fe087cb3105') in 0.0125924 seconds
Number of updated asset objects reloaded before import = 0Number of asset objects unloaded after import = 4

========================================================================
Received Import Request.
  Time since last request: 0.000013 seconds.
  path: Assets/SocketsAndSwitches/Textures/256/Black/Socket02Material_Normal.png
  artifactKey: Guid(d2c0095503b8440bda525429e87aeafb) Importer(2089858483,192608db42251d675da83286b1cce702)
Start importing Assets/SocketsAndSwitches/Textures/256/Black/Socket02Material_Normal.png using Guid(d2c0095503b8440bda525429e87aeafb) Importer(2089858483,192608db42251d675da83286b1cce702) (ScriptedImporter) -> (artifact id: '4a2e353a0b8ebcbf7bc9fa64c8317ccc') in 0.0181954 seconds
Number of updated asset objects reloaded before import = 0Number of asset objects unloaded after import = 1

========================================================================
Received Import Request.
  Time since last request: 0.000015 seconds.
  path: Assets/SocketsAndSwitches/Prefabs/1024x1024/Black/SocketCase02.prefab
  artifactKey: Guid(e2a7486442318456ca50c657deddaf2a) Importer(2089858483,192608db42251d675da83286b1cce702)
Start importing Assets/SocketsAndSwitches/Prefabs/1024x1024/Black/SocketCase02.prefab using Guid(e2a7486442318456ca50c657deddaf2a) Importer(2089858483,192608db42251d675da83286b1cce702) (ScriptedImporter) -> (artifact id: 'ff1ee345a23e27fe36878f5f02edeadc') in 0.012029 seconds
Number of updated asset objects reloaded before import = 0Number of asset objects unloaded after import = 18

========================================================================
Received Import Request.
  Time since last request: 0.000021 seconds.
  path: Assets/SocketsAndSwitches/Material/1024x1024/Black/Socket03Material.mat
  artifactKey: Guid(ac6f4bb5c07ea4ba8a7d219040c0894c) Importer(2089858483,192608db42251d675da83286b1cce702)
Start importing Assets/SocketsAndSwitches/Material/1024x1024/Black/Socket03Material.mat using Guid(ac6f4bb5c07ea4ba8a7d219040c0894c) Importer(2089858483,192608db42251d675da83286b1cce702) (ScriptedImporter) -> (artifact id: 'dfe14f69a63b2916f686d634cf35b532') in 0.0146239 seconds
Number of updated asset objects reloaded before import = 0Number of asset objects unloaded after import = 4

========================================================================
Received Import Request.
  Time since last request: 0.000013 seconds.
  path: Assets/SocketsAndSwitches/Textures/2048/WhiteDirt/InsideMaterial_AlbedoTransparency.png
  artifactKey: Guid(a1fdb042de97d4ebaa171e9ecaab994a) Importer(2089858483,192608db42251d675da83286b1cce702)
Start importing Assets/SocketsAndSwitches/Textures/2048/WhiteDirt/InsideMaterial_AlbedoTransparency.png using Guid(a1fdb042de97d4ebaa171e9ecaab994a) Importer(2089858483,192608db42251d675da83286b1cce702) (ScriptedImporter) -> (artifact id: '87ea6ca64e052d95f776a62ff48b5d11') in 0.0178736 seconds
Number of updated asset objects reloaded before import = 0Number of asset objects unloaded after import = 1

========================================================================
Received Import Request.
  Time since last request: 0.000013 seconds.
  path: Assets/SocketsAndSwitches/Textures/1024/Black/Socket03Material_AlbedoTransparency.png
  artifactKey: Guid(1ed85fe98e3d34ae4a2e2fec72726dab) Importer(2089858483,192608db42251d675da83286b1cce702)
Start importing Assets/SocketsAndSwitches/Textures/1024/Black/Socket03Material_AlbedoTransparency.png using Guid(1ed85fe98e3d34ae4a2e2fec72726dab) Importer(2089858483,192608db42251d675da83286b1cce702) (ScriptedImporter) -> (artifact id: 'b47ade0ede6369f144dcd83d5e810383') in 0.0191771 seconds
Number of updated asset objects reloaded before import = 0Number of asset objects unloaded after import = 1

========================================================================
Received Import Request.
  Time since last request: 0.000012 seconds.
  path: Assets/SocketsAndSwitches/Textures/256/BlackDirt/Socket02Material_MetallicSmoothness.png
  artifactKey: Guid(c23a54ae16f9c4a948b20d6815c2756d) Importer(2089858483,192608db42251d675da83286b1cce702)
Start importing Assets/SocketsAndSwitches/Textures/256/BlackDirt/Socket02Material_MetallicSmoothness.png using Guid(c23a54ae16f9c4a948b20d6815c2756d) Importer(2089858483,192608db42251d675da83286b1cce702) (ScriptedImporter) -> (artifact id: 'a37d70de766e71a6a7faf46b7aefedc4') in 0.0167701 seconds
Number of updated asset objects reloaded before import = 0Number of asset objects unloaded after import = 1

========================================================================
Received Import Request.
  Time since last request: 0.000013 seconds.
  path: Assets/SocketsAndSwitches/Textures/512/Rotation/WhiteDirt/SocketCase01Material_MetallicSmoothness.png
  artifactKey: Guid(da707aa4d4caa4141979ae17d8b76dca) Importer(2089858483,192608db42251d675da83286b1cce702)
Start importing Assets/SocketsAndSwitches/Textures/512/Rotation/WhiteDirt/SocketCase01Material_MetallicSmoothness.png using Guid(da707aa4d4caa4141979ae17d8b76dca) Importer(2089858483,192608db42251d675da83286b1cce702) (ScriptedImporter) -> (artifact id: '2dd06aaf790ecc9e24f0665e839f7728') in 0.0183062 seconds
Number of updated asset objects reloaded before import = 0Number of asset objects unloaded after import = 1

========================================================================
Received Import Request.
  Time since last request: 0.000012 seconds.
  path: Assets/SocketsAndSwitches/Material/128x128/White/SocketCase01Material.mat
  artifactKey: Guid(fa910a9e96e7447d686101b4c3a40c93) Importer(2089858483,192608db42251d675da83286b1cce702)
Start importing Assets/SocketsAndSwitches/Material/128x128/White/SocketCase01Material.mat using Guid(fa910a9e96e7447d686101b4c3a40c93) Importer(2089858483,192608db42251d675da83286b1cce702) (ScriptedImporter) -> (artifact id: '644ad4c2d2f096de2775929d04781ca7') in 0.0127405 seconds
Number of updated asset objects reloaded before import = 0Number of asset objects unloaded after import = 4

========================================================================
Received Import Request.
  Time since last request: 0.000016 seconds.
  path: Assets/SocketsAndSwitches/Material/128x128/WhiteDirt/SocketCase01Material.mat
  artifactKey: Guid(eee31faaf5ecf46e7acdd815c8d48797) Importer(2089858483,192608db42251d675da83286b1cce702)
Start importing Assets/SocketsAndSwitches/Material/128x128/WhiteDirt/SocketCase01Material.mat using Guid(eee31faaf5ecf46e7acdd815c8d48797) Importer(2089858483,192608db42251d675da83286b1cce702) (ScriptedImporter) -> (artifact id: 'bb9ce8b1438725a5a2ce74360b09da0d') in 0.0134603 seconds
Number of updated asset objects reloaded before import = 0Number of asset objects unloaded after import = 4

========================================================================
Received Import Request.
  Time since last request: 0.000021 seconds.
  path: Assets/SocketsAndSwitches/Textures/2048/Black/InsideMaterial_Normal.png
  artifactKey: Guid(1c889e66bf8594295a64737c4bd34a2e) Importer(2089858483,192608db42251d675da83286b1cce702)
Start importing Assets/SocketsAndSwitches/Textures/2048/Black/InsideMaterial_Normal.png using Guid(1c889e66bf8594295a64737c4bd34a2e) Importer(2089858483,192608db42251d675da83286b1cce702) (ScriptedImporter) -> (artifact id: 'f56bbf8f3b25a9f2e88b4a4f970bbfed') in 0.0198007 seconds
Number of updated asset objects reloaded before import = 0Number of asset objects unloaded after import = 1

========================================================================
Received Import Request.
  Time since last request: 0.000013 seconds.
  path: Assets/SocketsAndSwitches/Prefabs/512x512/BlackDirt/LightSwitches03.prefab
  artifactKey: Guid(faa4f8d61024a40c6a48085f54e9b81b) Importer(2089858483,192608db42251d675da83286b1cce702)
Start importing Assets/SocketsAndSwitches/Prefabs/512x512/BlackDirt/LightSwitches03.prefab using Guid(faa4f8d61024a40c6a48085f54e9b81b) Importer(2089858483,192608db42251d675da83286b1cce702) (ScriptedImporter) -> (artifact id: '846a2c22dcaafc6fe6de833afeae5d5b') in 0.010414 seconds
Number of updated asset objects reloaded before import = 0Number of asset objects unloaded after import = 26

========================================================================
Received Import Request.
  Time since last request: 0.000013 seconds.
  path: Assets/SocketsAndSwitches/Prefabs/512x512/BlackDirt/Socket03.prefab
  artifactKey: Guid(4b8bd45421d324cdaa9f41c1624d0e2c) Importer(2089858483,192608db42251d675da83286b1cce702)
Start importing Assets/SocketsAndSwitches/Prefabs/512x512/BlackDirt/Socket03.prefab using Guid(4b8bd45421d324cdaa9f41c1624d0e2c) Importer(2089858483,192608db42251d675da83286b1cce702) (ScriptedImporter) -> (artifact id: 'ace697ef7e821d29574329e1bfade7bf') in 0.0155205 seconds
Number of updated asset objects reloaded before import = 0Number of asset objects unloaded after import = 8

========================================================================
Received Import Request.
  Time since last request: 0.000012 seconds.
  path: Assets/SocketsAndSwitches/Textures/128/White/SocketCase02Material_AlbedoTransparency.png
  artifactKey: Guid(f7dadccf7d8df495cbd49fd1397fbea2) Importer(2089858483,192608db42251d675da83286b1cce702)
Start importing Assets/SocketsAndSwitches/Textures/128/White/SocketCase02Material_AlbedoTransparency.png using Guid(f7dadccf7d8df495cbd49fd1397fbea2) Importer(2089858483,192608db42251d675da83286b1cce702) (ScriptedImporter) -> (artifact id: 'be76396881866e8d6eb66d16aa87f01b') in 0.017855 seconds
Number of updated asset objects reloaded before import = 0Number of asset objects unloaded after import = 1

========================================================================
Received Import Request.
  Time since last request: 0.000013 seconds.
  path: Assets/SocketsAndSwitches/Textures/128/Black/Socket03Material_Normal.png
  artifactKey: Guid(3461eddbac2924befa1542deefc04a75) Importer(2089858483,192608db42251d675da83286b1cce702)
Start importing Assets/SocketsAndSwitches/Textures/128/Black/Socket03Material_Normal.png using Guid(3461eddbac2924befa1542deefc04a75) Importer(2089858483,192608db42251d675da83286b1cce702) (ScriptedImporter) -> (artifact id: 'da58ac0d6eb150274b648082f2d01f6a') in 0.0166042 seconds
Number of updated asset objects reloaded before import = 0Number of asset objects unloaded after import = 1

========================================================================
Received Import Request.
  Time since last request: 0.000013 seconds.
  path: Assets/SocketsAndSwitches/Textures/1024/Black/Socket03Material_MetallicSmoothness.png
  artifactKey: Guid(2dadc10417ec04fbba99b822edd553d1) Importer(2089858483,192608db42251d675da83286b1cce702)
Start importing Assets/SocketsAndSwitches/Textures/1024/Black/Socket03Material_MetallicSmoothness.png using Guid(2dadc10417ec04fbba99b822edd553d1) Importer(2089858483,192608db42251d675da83286b1cce702) (ScriptedImporter) -> (artifact id: '67e04221ead2efd5c60a2df4165b04fc') in 0.0187372 seconds
Number of updated asset objects reloaded before import = 0Number of asset objects unloaded after import = 1

========================================================================
Received Import Request.
  Time since last request: 0.000017 seconds.
  path: Assets/SocketsAndSwitches/Textures/256/BlackDirt/InsideMaterial_Normal.png
  artifactKey: Guid(713152d0af6ba4d6e98007d6d3951244) Importer(2089858483,192608db42251d675da83286b1cce702)
Start importing Assets/SocketsAndSwitches/Textures/256/BlackDirt/InsideMaterial_Normal.png using Guid(713152d0af6ba4d6e98007d6d3951244) Importer(2089858483,192608db42251d675da83286b1cce702) (ScriptedImporter) -> (artifact id: '2229772434e941a32ee1085954d58319') in 0.0181891 seconds
Number of updated asset objects reloaded before import = 0Number of asset objects unloaded after import = 1

========================================================================
Received Import Request.
  Time since last request: 0.000019 seconds.
  path: Assets/SocketsAndSwitches/Prefabs/256x256/BlackDirt/SocketCase03Rotate.prefab
  artifactKey: Guid(91335d38a55ee46069796295e811c0b4) Importer(2089858483,192608db42251d675da83286b1cce702)
Start importing Assets/SocketsAndSwitches/Prefabs/256x256/BlackDirt/SocketCase03Rotate.prefab using Guid(91335d38a55ee46069796295e811c0b4) Importer(2089858483,192608db42251d675da83286b1cce702) (ScriptedImporter) -> (artifact id: 'aaa5d0f067efc27a330dd4460e51d0d8') in 0.0092986 seconds
Number of updated asset objects reloaded before import = 0Number of asset objects unloaded after import = 22

========================================================================
Received Import Request.
  Time since last request: 0.000011 seconds.
  path: Assets/SocketsAndSwitches/Textures/256/Black/SocketCase01Material_MetallicSmoothness.png
  artifactKey: Guid(551e33106afbf4897a59f2883546faa4) Importer(2089858483,192608db42251d675da83286b1cce702)
Start importing Assets/SocketsAndSwitches/Textures/256/Black/SocketCase01Material_MetallicSmoothness.png using Guid(551e33106afbf4897a59f2883546faa4) Importer(2089858483,192608db42251d675da83286b1cce702) (ScriptedImporter) -> (artifact id: '3c6a9e327acf56a4d4759dfb9f456ccd') in 0.0148359 seconds
Number of updated asset objects reloaded before import = 0Number of asset objects unloaded after import = 1

========================================================================
Received Import Request.
  Time since last request: 0.000012 seconds.
  path: Assets/SocketsAndSwitches/Material/128x128/White
  artifactKey: Guid(b7404f8043e654874a4991cfb1601be9) Importer(2089858483,192608db42251d675da83286b1cce702)
Start importing Assets/SocketsAndSwitches/Material/128x128/White using Guid(b7404f8043e654874a4991cfb1601be9) Importer(2089858483,192608db42251d675da83286b1cce702) (ScriptedImporter) -> (artifact id: '1485889f12dd8412afcef4a2369b3e9a') in 0.0086342 seconds
Number of updated asset objects reloaded before import = 0Number of asset objects unloaded after import = 1

========================================================================
Received Import Request.
  Time since last request: 0.000012 seconds.
  path: Assets/SocketsAndSwitches/Textures/1024/BlackDirt/SocketCase02Material_Normal.png
  artifactKey: Guid(033122ab38de440468661ddcef300f76) Importer(2089858483,192608db42251d675da83286b1cce702)
Start importing Assets/SocketsAndSwitches/Textures/1024/BlackDirt/SocketCase02Material_Normal.png using Guid(033122ab38de440468661ddcef300f76) Importer(2089858483,192608db42251d675da83286b1cce702) (ScriptedImporter) -> (artifact id: 'b9dc4883ef11f9e3cf243efc33382168') in 0.0174106 seconds
Number of updated asset objects reloaded before import = 0Number of asset objects unloaded after import = 1

========================================================================
Received Import Request.
  Time since last request: 0.000016 seconds.
  path: Assets/SocketsAndSwitches/Textures/2048/Rotation/White
  artifactKey: Guid(a8e1e8115d920418fb4e2ba2f96b2253) Importer(2089858483,192608db42251d675da83286b1cce702)
Start importing Assets/SocketsAndSwitches/Textures/2048/Rotation/White using Guid(a8e1e8115d920418fb4e2ba2f96b2253) Importer(2089858483,192608db42251d675da83286b1cce702) (ScriptedImporter) -> (artifact id: 'cc2cda24fa98b04774e90e7eadfe7833') in 0.009195 seconds
Number of updated asset objects reloaded before import = 0Number of asset objects unloaded after import = 1

========================================================================
Received Import Request.
  Time since last request: 0.000017 seconds.
  path: Assets/SocketsAndSwitches/Textures/2048/Black/Socket02Material_Normal.png
  artifactKey: Guid(42c3d9f46c4f64604881c8c632c96130) Importer(2089858483,192608db42251d675da83286b1cce702)
Start importing Assets/SocketsAndSwitches/Textures/2048/Black/Socket02Material_Normal.png using Guid(42c3d9f46c4f64604881c8c632c96130) Importer(2089858483,192608db42251d675da83286b1cce702) (ScriptedImporter) -> (artifact id: 'b3e959efad7c8d0cd4ac107396ea957d') in 0.0186429 seconds
Number of updated asset objects reloaded before import = 0Number of asset objects unloaded after import = 1

========================================================================
Received Import Request.
  Time since last request: 0.000012 seconds.
  path: Assets/SocketsAndSwitches/Material/1024x1024/Rotation/WhiteDirt
  artifactKey: Guid(582bf2bc62bce4cd385562f90e0a9e21) Importer(2089858483,192608db42251d675da83286b1cce702)
Start importing Assets/SocketsAndSwitches/Material/1024x1024/Rotation/WhiteDirt using Guid(582bf2bc62bce4cd385562f90e0a9e21) Importer(2089858483,192608db42251d675da83286b1cce702) (ScriptedImporter) -> (artifact id: '45bb5837c71f10896ea23ae85f778e3f') in 0.0091288 seconds
Number of updated asset objects reloaded before import = 0Number of asset objects unloaded after import = 1

========================================================================
Received Import Request.
  Time since last request: 0.000019 seconds.
  path: Assets/SocketsAndSwitches/Prefabs/2048x2048/WhiteDirt/Socket03.prefab
  artifactKey: Guid(30a40009b4bc343918b441778fa7a574) Importer(2089858483,192608db42251d675da83286b1cce702)
Start importing Assets/SocketsAndSwitches/Prefabs/2048x2048/WhiteDirt/Socket03.prefab using Guid(30a40009b4bc343918b441778fa7a574) Importer(2089858483,192608db42251d675da83286b1cce702) (ScriptedImporter) -> (artifact id: 'de98874d3f5e10cf597f37a136a8cef4') in 0.0149544 seconds
Number of updated asset objects reloaded before import = 0Number of asset objects unloaded after import = 8

========================================================================
Received Import Request.
  Time since last request: 0.000027 seconds.
  path: Assets/SocketsAndSwitches/Prefabs
  artifactKey: Guid(8e05ca1e3b17e428c8f4a9ca72de94f9) Importer(2089858483,192608db42251d675da83286b1cce702)
Start importing Assets/SocketsAndSwitches/Prefabs using Guid(8e05ca1e3b17e428c8f4a9ca72de94f9) Importer(2089858483,192608db42251d675da83286b1cce702) (ScriptedImporter) -> (artifact id: '92398cd4416dcb53121c55bee9387329') in 0.0066736 seconds
Number of updated asset objects reloaded before import = 0Number of asset objects unloaded after import = 1

========================================================================
Received Import Request.
  Time since last request: 0.000012 seconds.
  path: Assets/SocketsAndSwitches/Textures/128/Black/SocketCase02Material_AlbedoTransparency.png
  artifactKey: Guid(b1a461fd82de44488aef5d0f44ded9c9) Importer(2089858483,192608db42251d675da83286b1cce702)
Start importing Assets/SocketsAndSwitches/Textures/128/Black/SocketCase02Material_AlbedoTransparency.png using Guid(b1a461fd82de44488aef5d0f44ded9c9) Importer(2089858483,192608db42251d675da83286b1cce702) (ScriptedImporter) -> (artifact id: '9661cf283b489da7c33e8edcc6aa17ad') in 0.0181567 seconds
Number of updated asset objects reloaded before import = 0Number of asset objects unloaded after import = 1

========================================================================
Received Import Request.
  Time since last request: 0.000012 seconds.
  path: Assets/SocketsAndSwitches/Prefabs/128x128/WhiteDirt/SocketCase03Rotate.prefab
  artifactKey: Guid(18d34ce942ae543f090c1cc46cb25ae9) Importer(2089858483,192608db42251d675da83286b1cce702)
Start importing Assets/SocketsAndSwitches/Prefabs/128x128/WhiteDirt/SocketCase03Rotate.prefab using Guid(18d34ce942ae543f090c1cc46cb25ae9) Importer(2089858483,192608db42251d675da83286b1cce702) (ScriptedImporter) -> (artifact id: 'e089d1fcbb11eca434202ee8ef510b6c') in 0.0100942 seconds
Number of updated asset objects reloaded before import = 0Number of asset objects unloaded after import = 22

========================================================================
Received Import Request.
  Time since last request: 0.000012 seconds.
  path: Assets/SocketsAndSwitches/Prefabs/256x256
  artifactKey: Guid(dd25421d70d354138b9d5c4383be28cd) Importer(2089858483,192608db42251d675da83286b1cce702)
Start importing Assets/SocketsAndSwitches/Prefabs/256x256 using Guid(dd25421d70d354138b9d5c4383be28cd) Importer(2089858483,192608db42251d675da83286b1cce702) (ScriptedImporter) -> (artifact id: '0c827f2fdebc0f92f756da07dca2e7c8') in 0.0105542 seconds
Number of updated asset objects reloaded before import = 0Number of asset objects unloaded after import = 1

========================================================================
Received Import Request.
  Time since last request: 0.000013 seconds.
  path: Assets/SocketsAndSwitches/Textures/2048/WhiteDirt/SocketCase02Material_Normal.png
  artifactKey: Guid(d976f0d315ff44dc6ab7f9960ebb1fdf) Importer(2089858483,192608db42251d675da83286b1cce702)
Start importing Assets/SocketsAndSwitches/Textures/2048/WhiteDirt/SocketCase02Material_Normal.png using Guid(d976f0d315ff44dc6ab7f9960ebb1fdf) Importer(2089858483,192608db42251d675da83286b1cce702) (ScriptedImporter) -> (artifact id: '3f0b7c8f3d98603e8a7097857bc480c9') in 0.0170304 seconds
Number of updated asset objects reloaded before import = 0Number of asset objects unloaded after import = 1

========================================================================
Received Import Request.
  Time since last request: 0.000011 seconds.
  path: Assets/SocketsAndSwitches/Textures/2048/White/Socket03Material_Normal.png
  artifactKey: Guid(d7412a530071747f28be96b69063b1ea) Importer(2089858483,192608db42251d675da83286b1cce702)
Start importing Assets/SocketsAndSwitches/Textures/2048/White/Socket03Material_Normal.png using Guid(d7412a530071747f28be96b69063b1ea) Importer(2089858483,192608db42251d675da83286b1cce702) (ScriptedImporter) -> (artifact id: 'af9bd336b6248ae42be60cad4967e657') in 0.0169363 seconds
Number of updated asset objects reloaded before import = 0Number of asset objects unloaded after import = 1

========================================================================
Received Import Request.
  Time since last request: 0.000013 seconds.
  path: Assets/SocketsAndSwitches/Textures/512/Black/SocketCase02Material_AlbedoTransparency.png
  artifactKey: Guid(f496aae3f9b034da1b52f5d8132a3912) Importer(2089858483,192608db42251d675da83286b1cce702)
Start importing Assets/SocketsAndSwitches/Textures/512/Black/SocketCase02Material_AlbedoTransparency.png using Guid(f496aae3f9b034da1b52f5d8132a3912) Importer(2089858483,192608db42251d675da83286b1cce702) (ScriptedImporter) -> (artifact id: 'c6a5010af4ccc87eff62a9744c2cd4b3') in 0.0168349 seconds
Number of updated asset objects reloaded before import = 0Number of asset objects unloaded after import = 1

========================================================================
Received Import Request.
  Time since last request: 0.000013 seconds.
  path: Assets/SocketsAndSwitches/Textures/1024/WhiteDirt/Socket03Material_AlbedoTransparency.png
  artifactKey: Guid(54a1c3d3430a542fbafc515704ed1c65) Importer(2089858483,192608db42251d675da83286b1cce702)
Start importing Assets/SocketsAndSwitches/Textures/1024/WhiteDirt/Socket03Material_AlbedoTransparency.png using Guid(54a1c3d3430a542fbafc515704ed1c65) Importer(2089858483,192608db42251d675da83286b1cce702) (ScriptedImporter) -> (artifact id: '92d9cdcbf8de6b2a999eaadb7f60ecd7') in 0.0148072 seconds
Number of updated asset objects reloaded before import = 0Number of asset objects unloaded after import = 1

========================================================================
Received Import Request.
  Time since last request: 0.000020 seconds.
  path: Assets/SocketsAndSwitches/Prefabs/2048x2048/White
  artifactKey: Guid(26d55a31485954125b890c59e5fcead2) Importer(2089858483,192608db42251d675da83286b1cce702)
Start importing Assets/SocketsAndSwitches/Prefabs/2048x2048/White using Guid(26d55a31485954125b890c59e5fcead2) Importer(2089858483,192608db42251d675da83286b1cce702) (ScriptedImporter) -> (artifact id: '5b79224c39d334ff01794616c2f1578d') in 0.010144 seconds
Number of updated asset objects reloaded before import = 0Number of asset objects unloaded after import = 1

========================================================================
Received Import Request.
  Time since last request: 0.000016 seconds.
  path: Assets/SocketsAndSwitches/Prefabs/512x512/Black
  artifactKey: Guid(01b9a9efe8324414aa513c3de9cf61ea) Importer(2089858483,192608db42251d675da83286b1cce702)
Start importing Assets/SocketsAndSwitches/Prefabs/512x512/Black using Guid(01b9a9efe8324414aa513c3de9cf61ea) Importer(2089858483,192608db42251d675da83286b1cce702) (ScriptedImporter) -> (artifact id: '36ea49ccef0f88c9ad4963626db08a3f') in 0.0101966 seconds
Number of updated asset objects reloaded before import = 0Number of asset objects unloaded after import = 1

========================================================================
Received Import Request.
  Time since last request: 0.000012 seconds.
  path: Assets/SocketsAndSwitches/Prefabs/256x256/BlackDirt/Socket03.prefab
  artifactKey: Guid(dbe2e7b57256e4c6d8551841f1a08086) Importer(2089858483,192608db42251d675da83286b1cce702)
Start importing Assets/SocketsAndSwitches/Prefabs/256x256/BlackDirt/Socket03.prefab using Guid(dbe2e7b57256e4c6d8551841f1a08086) Importer(2089858483,192608db42251d675da83286b1cce702) (ScriptedImporter) -> (artifact id: 'e004e1c020a2a09e57fd71f741028f81') in 0.0155213 seconds
Number of updated asset objects reloaded before import = 0Number of asset objects unloaded after import = 8

========================================================================
Received Import Request.
  Time since last request: 0.000011 seconds.
  path: Assets/AllMaterials/matCloth_Mixed_AO 2.mat
  artifactKey: Guid(636675e6edc02d14e82d54e12deb993d) Importer(2089858483,192608db42251d675da83286b1cce702)
Start importing Assets/AllMaterials/matCloth_Mixed_AO 2.mat using Guid(636675e6edc02d14e82d54e12deb993d) Importer(2089858483,192608db42251d675da83286b1cce702) (ScriptedImporter) -> (artifact id: '11a537fb0a914079d02935e0ac042bce') in 0.0367836 seconds
Number of updated asset objects reloaded before import = 0Number of asset objects unloaded after import = 2

========================================================================
Received Import Request.
  Time since last request: 0.000015 seconds.
  path: Assets/SocketsAndSwitches/Prefabs/128x128/White/SocketLightSwitches.prefab
  artifactKey: Guid(7668e60f30c7543818351a1e939e2481) Importer(2089858483,192608db42251d675da83286b1cce702)
Start importing Assets/SocketsAndSwitches/Prefabs/128x128/White/SocketLightSwitches.prefab using Guid(7668e60f30c7543818351a1e939e2481) Importer(2089858483,192608db42251d675da83286b1cce702) (ScriptedImporter) -> (artifact id: '02ab6b07c417f32a4302a4c4c9a1b12b') in 0.0125595 seconds
Number of updated asset objects reloaded before import = 0Number of asset objects unloaded after import = 19

========================================================================
Received Import Request.
  Time since last request: 0.000015 seconds.
  path: Assets/AllMaterials/FabricWrinkled_normal_2k.png
  artifactKey: Guid(4894a268797ec3e44a358c766427880c) Importer(2089858483,192608db42251d675da83286b1cce702)
Start importing Assets/AllMaterials/FabricWrinkled_normal_2k.png using Guid(4894a268797ec3e44a358c766427880c) Importer(2089858483,192608db42251d675da83286b1cce702) (ScriptedImporter) -> (artifact id: 'c9553de751081412862c08e6a767b347') in 0.0209975 seconds
Number of updated asset objects reloaded before import = 0Number of asset objects unloaded after import = 1

========================================================================
Received Import Request.
  Time since last request: 0.000015 seconds.
  path: Assets/SocketsAndSwitches/Material/256x256/BlackDirt/Socket02Material.mat
  artifactKey: Guid(7b8c93891cc2b4338bab86d061c75197) Importer(2089858483,192608db42251d675da83286b1cce702)
Start importing Assets/SocketsAndSwitches/Material/256x256/BlackDirt/Socket02Material.mat using Guid(7b8c93891cc2b4338bab86d061c75197) Importer(2089858483,192608db42251d675da83286b1cce702) (ScriptedImporter) -> (artifact id: '099885ba1b2b31c198dbb3e486843be1') in 0.0120569 seconds
Number of updated asset objects reloaded before import = 0Number of asset objects unloaded after import = 4

========================================================================
Received Import Request.
  Time since last request: 0.000023 seconds.
  path: Assets/AllMaterials/Green.mat
  artifactKey: Guid(727f87098255ad04987a60f5f08390bc) Importer(2089858483,192608db42251d675da83286b1cce702)
Start importing Assets/AllMaterials/Green.mat using Guid(727f87098255ad04987a60f5f08390bc) Importer(2089858483,192608db42251d675da83286b1cce702) (ScriptedImporter) -> (artifact id: 'dbd498a12a7240d65fdc21dd1dcd45d1') in 0.0132752 seconds
Number of updated asset objects reloaded before import = 0Number of asset objects unloaded after import = 1

========================================================================
Received Import Request.
  Time since last request: 0.000011 seconds.
  path: Assets/AllMaterials/AtlasTexture_Mattress_DefaultMaterial_Normal.png
  artifactKey: Guid(c4ef6d76988f7b74d99f74f5ad16d0e0) Importer(2089858483,192608db42251d675da83286b1cce702)
Start importing Assets/AllMaterials/AtlasTexture_Mattress_DefaultMaterial_Normal.png using Guid(c4ef6d76988f7b74d99f74f5ad16d0e0) Importer(2089858483,192608db42251d675da83286b1cce702) (ScriptedImporter) -> (artifact id: '0cfdbab00205ade3aa754a05ab16f99e') in 0.0285489 seconds
Number of updated asset objects reloaded before import = 0Number of asset objects unloaded after import = 1

========================================================================
Received Import Request.
  Time since last request: 0.000015 seconds.
  path: Assets/AllMaterials/FabricClothes_baseColour_1k.mat
  artifactKey: Guid(fb8a2874b3a737f40927e5a9e8dfb464) Importer(2089858483,192608db42251d675da83286b1cce702)
Start importing Assets/AllMaterials/FabricClothes_baseColour_1k.mat using Guid(fb8a2874b3a737f40927e5a9e8dfb464) Importer(2089858483,192608db42251d675da83286b1cce702) (ScriptedImporter) -> (artifact id: '953b4bd5c21faa7ffdd49fac79fe0995') in 0.0193392 seconds
Number of updated asset objects reloaded before import = 0Number of asset objects unloaded after import = 2

========================================================================
Received Import Request.
  Time since last request: 0.000013 seconds.
  path: Assets/SocketsAndSwitches/Prefabs/256x256/Black
  artifactKey: Guid(12b83ce10598b4b26a2923eae2f1b66f) Importer(2089858483,192608db42251d675da83286b1cce702)
Start importing Assets/SocketsAndSwitches/Prefabs/256x256/Black using Guid(12b83ce10598b4b26a2923eae2f1b66f) Importer(2089858483,192608db42251d675da83286b1cce702) (ScriptedImporter) -> (artifact id: 'fa85687d2461b7a0352fe59321d56062') in 0.0090428 seconds
Number of updated asset objects reloaded before import = 0Number of asset objects unloaded after import = 1

========================================================================
Received Import Request.
  Time since last request: 0.000011 seconds.
  path: Assets/AllMaterials/low_matHead_MetallicSmoothness.mat
  artifactKey: Guid(fe9e7e9c2dcc49b47b91a4cad85b475a) Importer(2089858483,192608db42251d675da83286b1cce702)
Start importing Assets/AllMaterials/low_matHead_MetallicSmoothness.mat using Guid(fe9e7e9c2dcc49b47b91a4cad85b475a) Importer(2089858483,192608db42251d675da83286b1cce702) (ScriptedImporter) -> (artifact id: '1ff77eaa1c8c388eb0f7b75c2c313d89') in 0.0224692 seconds
Number of updated asset objects reloaded before import = 0Number of asset objects unloaded after import = 2

========================================================================
Received Import Request.
  Time since last request: 0.000015 seconds.
  path: Assets/AllMaterials/FabrickClothes_metalic_1k.png
  artifactKey: Guid(c173ca5fa7611a442a08023a97d944d7) Importer(2089858483,192608db42251d675da83286b1cce702)
Start importing Assets/AllMaterials/FabrickClothes_metalic_1k.png using Guid(c173ca5fa7611a442a08023a97d944d7) Importer(2089858483,192608db42251d675da83286b1cce702) (ScriptedImporter) -> (artifact id: '0096f875055147803f9ab41e7ea5748c') in 0.0182049 seconds
Number of updated asset objects reloaded before import = 0Number of asset objects unloaded after import = 1

========================================================================
Received Import Request.
  Time since last request: 0.000015 seconds.
  path: Assets/SocketsAndSwitches/Prefabs/1024x1024/BlackDirt
  artifactKey: Guid(9a189ea04800140d4abf00b73d9cab25) Importer(2089858483,192608db42251d675da83286b1cce702)
Start importing Assets/SocketsAndSwitches/Prefabs/1024x1024/BlackDirt using Guid(9a189ea04800140d4abf00b73d9cab25) Importer(2089858483,192608db42251d675da83286b1cce702) (ScriptedImporter) -> (artifact id: '4ad6c568534367209c589fb050e76ab1') in 0.0089727 seconds
Number of updated asset objects reloaded before import = 0Number of asset objects unloaded after import = 1

========================================================================
Received Import Request.
  Time since last request: 0.000025 seconds.
  path: Assets/AllMaterials/low_matBody_AlbedoTransparency 1.mat
  artifactKey: Guid(3a1522d001dec4e428c9c7a022435729) Importer(2089858483,192608db42251d675da83286b1cce702)
Start importing Assets/AllMaterials/low_matBody_AlbedoTransparency 1.mat using Guid(3a1522d001dec4e428c9c7a022435729) Importer(2089858483,192608db42251d675da83286b1cce702) (ScriptedImporter) -> (artifact id: 'c2897547b10ead110c57083a4150dff5') in 0.0246165 seconds
Number of updated asset objects reloaded before import = 0Number of asset objects unloaded after import = 2

========================================================================
Received Import Request.
  Time since last request: 0.000012 seconds.
  path: Assets/AllMaterials/FabricClothes_normal_1k.png
  artifactKey: Guid(a4f5511369ba6234db6cdb7af48c5adb) Importer(2089858483,192608db42251d675da83286b1cce702)
Start importing Assets/AllMaterials/FabricClothes_normal_1k.png using Guid(a4f5511369ba6234db6cdb7af48c5adb) Importer(2089858483,192608db42251d675da83286b1cce702) (ScriptedImporter) -> (artifact id: '4403b23df94722664bd1c632d536a7a6') in 0.0179902 seconds
Number of updated asset objects reloaded before import = 0Number of asset objects unloaded after import = 1

========================================================================
Received Import Request.
  Time since last request: 0.000014 seconds.
  path: Assets/AllMaterials/Plywood_normal_1k.mat
  artifactKey: Guid(9c4f503d3b030ae4087c1e6bd29a990a) Importer(2089858483,192608db42251d675da83286b1cce702)
Start importing Assets/AllMaterials/Plywood_normal_1k.mat using Guid(9c4f503d3b030ae4087c1e6bd29a990a) Importer(2089858483,192608db42251d675da83286b1cce702) (ScriptedImporter) -> (artifact id: '3a8916d467852eeabac4c1c1207e2b43') in 0.0140764 seconds
Number of updated asset objects reloaded before import = 0Number of asset objects unloaded after import = 2

========================================================================
Received Import Request.
  Time since last request: 0.000015 seconds.
  path: Assets/AllMaterials/WoodFine_baseColour_1k.mat
  artifactKey: Guid(2f0c4733eabba814cba45225211e358b) Importer(2089858483,192608db42251d675da83286b1cce702)
Start importing Assets/AllMaterials/WoodFine_baseColour_1k.mat using Guid(2f0c4733eabba814cba45225211e358b) Importer(2089858483,192608db42251d675da83286b1cce702) (ScriptedImporter) -> (artifact id: '282d9ddd1c1e08e292ad6f50e960d1cc') in 0.0191529 seconds
Number of updated asset objects reloaded before import = 0Number of asset objects unloaded after import = 2

========================================================================
Received Import Request.
  Time since last request: 0.000010 seconds.
  path: Assets/SocketsAndSwitches/Material/512x512/White/SocketCase01Material.mat
  artifactKey: Guid(75d409f1f73714c3bb5d0e7510981ef5) Importer(2089858483,192608db42251d675da83286b1cce702)
Start importing Assets/SocketsAndSwitches/Material/512x512/White/SocketCase01Material.mat using Guid(75d409f1f73714c3bb5d0e7510981ef5) Importer(2089858483,192608db42251d675da83286b1cce702) (ScriptedImporter) -> (artifact id: 'b64a910fdf2c0e26fa4784b830086570') in 0.014381 seconds
Number of updated asset objects reloaded before import = 0Number of asset objects unloaded after import = 4

========================================================================
Received Import Request.
  Time since last request: 0.000010 seconds.
  path: Assets/AllMaterials/low_matBody_Emission.mat
  artifactKey: Guid(d8993dd77862b2f498f055f293e1de48) Importer(2089858483,192608db42251d675da83286b1cce702)
Start importing Assets/AllMaterials/low_matBody_Emission.mat using Guid(d8993dd77862b2f498f055f293e1de48) Importer(2089858483,192608db42251d675da83286b1cce702) (ScriptedImporter) -> (artifact id: 'c17dcbd5186d10a812739aaab90a176a') in 0.0256714 seconds
Number of updated asset objects reloaded before import = 0Number of asset objects unloaded after import = 2

========================================================================
Received Import Request.
  Time since last request: 0.000015 seconds.
  path: Assets/AllMaterials/matGround.mat
  artifactKey: Guid(b13970a921ff97d4dabb962472af1f2b) Importer(2089858483,192608db42251d675da83286b1cce702)
Start importing Assets/AllMaterials/matGround.mat using Guid(b13970a921ff97d4dabb962472af1f2b) Importer(2089858483,192608db42251d675da83286b1cce702) (ScriptedImporter) -> (artifact id: '274a7e591c68baea8f6fff1109115d79') in 0.019872 seconds
Number of updated asset objects reloaded before import = 0Number of asset objects unloaded after import = 1

========================================================================
Received Import Request.
  Time since last request: 0.000023 seconds.
  path: Assets/SocketsAndSwitches/Prefabs/1024x1024/WhiteDirt/LightSwitches01.prefab
  artifactKey: Guid(1e1a6e53c2ffd4c8c963f564019e6eca) Importer(2089858483,192608db42251d675da83286b1cce702)
Start importing Assets/SocketsAndSwitches/Prefabs/1024x1024/WhiteDirt/LightSwitches01.prefab using Guid(1e1a6e53c2ffd4c8c963f564019e6eca) Importer(2089858483,192608db42251d675da83286b1cce702) (ScriptedImporter) -> (artifact id: '4e827bdd252100114fa9cd3e3afdbc4e') in 0.0117976 seconds
Number of updated asset objects reloaded before import = 0Number of asset objects unloaded after import = 14

========================================================================
Received Import Request.
  Time since last request: 0.000012 seconds.
  path: Assets/SocketsAndSwitches/Textures/512/WhiteDirt/Socket02Material_MetallicSmoothness.png
  artifactKey: Guid(81668fde7987e4a28b39ea20624e26e3) Importer(2089858483,192608db42251d675da83286b1cce702)
Start importing Assets/SocketsAndSwitches/Textures/512/WhiteDirt/Socket02Material_MetallicSmoothness.png using Guid(81668fde7987e4a28b39ea20624e26e3) Importer(2089858483,192608db42251d675da83286b1cce702) (ScriptedImporter) -> (artifact id: 'f5b322fdcbe6ab5d93d8eaf306ba8243') in 0.0165159 seconds
Number of updated asset objects reloaded before import = 0Number of asset objects unloaded after import = 1

========================================================================
Received Import Request.
  Time since last request: 0.000011 seconds.
  path: Assets/SocketsAndSwitches/Prefabs/128x128/WhiteDirt/LightSwitches01.prefab
  artifactKey: Guid(b7cd9015f61d240fca7ab550fa145ebc) Importer(2089858483,192608db42251d675da83286b1cce702)
Start importing Assets/SocketsAndSwitches/Prefabs/128x128/WhiteDirt/LightSwitches01.prefab using Guid(b7cd9015f61d240fca7ab550fa145ebc) Importer(2089858483,192608db42251d675da83286b1cce702) (ScriptedImporter) -> (artifact id: '9fbf70138dc9fe71dcda990c2e7d2e2b') in 0.0107895 seconds
Number of updated asset objects reloaded before import = 0Number of asset objects unloaded after import = 14

========================================================================
Received Import Request.
  Time since last request: 0.000013 seconds.
  path: Assets/SocketsAndSwitches/Prefabs/512x512/Black/SocketCase02.prefab
  artifactKey: Guid(741902c8485fd45579b133ff8eee5a62) Importer(2089858483,192608db42251d675da83286b1cce702)
Start importing Assets/SocketsAndSwitches/Prefabs/512x512/Black/SocketCase02.prefab using Guid(741902c8485fd45579b133ff8eee5a62) Importer(2089858483,192608db42251d675da83286b1cce702) (ScriptedImporter) -> (artifact id: 'dd4fd94938744857da3ecaac94e6113c') in 0.0108037 seconds
Number of updated asset objects reloaded before import = 0Number of asset objects unloaded after import = 18

========================================================================
Received Import Request.
  Time since last request: 0.000012 seconds.
  path: Assets/SocketsAndSwitches/Textures/2048/BlackDirt/Socket02Material_AlbedoTransparency.png
  artifactKey: Guid(2af9f38df741b4e10bde772f726ad6d3) Importer(2089858483,192608db42251d675da83286b1cce702)
Start importing Assets/SocketsAndSwitches/Textures/2048/BlackDirt/Socket02Material_AlbedoTransparency.png using Guid(2af9f38df741b4e10bde772f726ad6d3) Importer(2089858483,192608db42251d675da83286b1cce702) (ScriptedImporter) -> (artifact id: '269b34e1b3f3721897a78b606480269f') in 0.0173833 seconds
Number of updated asset objects reloaded before import = 0Number of asset objects unloaded after import = 1

========================================================================
Received Import Request.
  Time since last request: 0.000011 seconds.
  path: Assets/SocketsAndSwitches/Textures/256/White/SocketCase02Material_Normal.png
  artifactKey: Guid(3e47a9d7aff574bdb8f803a6d5999eb3) Importer(2089858483,192608db42251d675da83286b1cce702)
Start importing Assets/SocketsAndSwitches/Textures/256/White/SocketCase02Material_Normal.png using Guid(3e47a9d7aff574bdb8f803a6d5999eb3) Importer(2089858483,192608db42251d675da83286b1cce702) (ScriptedImporter) -> (artifact id: 'd63920485114fcd153a2f4fb9225405b') in 0.0176835 seconds
Number of updated asset objects reloaded before import = 0Number of asset objects unloaded after import = 1

========================================================================
Received Import Request.
  Time since last request: 0.000012 seconds.
  path: Assets/SocketsAndSwitches/Textures/2048/BlackDirt/Socket03Material_Normal.png
  artifactKey: Guid(6cbab4d22e498435e96b9668536c5fc7) Importer(2089858483,192608db42251d675da83286b1cce702)
Start importing Assets/SocketsAndSwitches/Textures/2048/BlackDirt/Socket03Material_Normal.png using Guid(6cbab4d22e498435e96b9668536c5fc7) Importer(2089858483,192608db42251d675da83286b1cce702) (ScriptedImporter) -> (artifact id: '4971ffa25dc4918167de1bbe430cd9c3') in 0.0214928 seconds
Number of updated asset objects reloaded before import = 0Number of asset objects unloaded after import = 1

========================================================================
Received Import Request.
  Time since last request: 0.000014 seconds.
  path: Assets/SocketsAndSwitches/Textures/512/Rotation/Black/SocketCase02Material_Normal.png
  artifactKey: Guid(cd2aceb90d2bd478dab8caa2cdce6cf5) Importer(2089858483,192608db42251d675da83286b1cce702)
Start importing Assets/SocketsAndSwitches/Textures/512/Rotation/Black/SocketCase02Material_Normal.png using Guid(cd2aceb90d2bd478dab8caa2cdce6cf5) Importer(2089858483,192608db42251d675da83286b1cce702) (ScriptedImporter) -> (artifact id: '6deb0db383e84800fdd47b2603b5da46') in 0.0153277 seconds
Number of updated asset objects reloaded before import = 0Number of asset objects unloaded after import = 1

Editor requested this worker to shutdown with reason: Scaling down because of idle timeout
AssetImportWorker is now disconnected from the server
Process exiting
Exiting without the bug reporter. Application will terminate with return code 0