Using pre-set license
Built from '6000.0/respin/6000.0.58f2-44b8bf3a32' branch; Version is '6000.0.58f2 (92dee566b325) revision 9625317'; Using compiler version '193933523'; Build Type 'Release'
OS: 'Windows 11  (10.0.26100) 64bit Professional' Language: 'en' Physical Memory: 65254 MB
BatchMode: 1, IsHumanControllingUs: 0, StartBugReporterOnCrash: 0, Is64bit: 1
Date: 2025-10-13T19:54:28Z

COMMAND LINE ARGUMENTS:
C:\Program Files\Unity 6000.0.58f2\Editor\Unity.exe
-adb2
-batchMode
-noUpm
-name
AssetImportWorker9
-projectPath
D:/hlt22c/Viverse
-logFile
Logs/AssetImportWorker9.log
-srvPort
62244
-job-worker-count
11
-background-job-worker-count
8
-gc-helper-count
1
-name
AssetImport
Successfully changed project path to: D:/hlt22c/Viverse
D:/hlt22c/Viverse
[UnityMemory] Configuration Parameters - Can be set up in boot.config
    "memorysetup-bucket-allocator-granularity=16"
    "memorysetup-bucket-allocator-bucket-count=8"
    "memorysetup-bucket-allocator-block-size=33554432"
    "memorysetup-bucket-allocator-block-count=8"
    "memorysetup-main-allocator-block-size=16777216"
    "memorysetup-thread-allocator-block-size=16777216"
    "memorysetup-gfx-main-allocator-block-size=16777216"
    "memorysetup-gfx-thread-allocator-block-size=16777216"
    "memorysetup-cache-allocator-block-size=4194304"
    "memorysetup-typetree-allocator-block-size=2097152"
    "memorysetup-profiler-bucket-allocator-granularity=16"
    "memorysetup-profiler-bucket-allocator-bucket-count=8"
    "memorysetup-profiler-bucket-allocator-block-size=33554432"
    "memorysetup-profiler-bucket-allocator-block-count=8"
    "memorysetup-profiler-allocator-block-size=16777216"
    "memorysetup-profiler-editor-allocator-block-size=1048576"
    "memorysetup-temp-allocator-size-main=16777216"
    "memorysetup-job-temp-allocator-block-size=2097152"
    "memorysetup-job-temp-allocator-block-size-background=1048576"
    "memorysetup-job-temp-allocator-reduction-small-platforms=262144"
    "memorysetup-allocator-temp-initial-block-size-main=262144"
    "memorysetup-allocator-temp-initial-block-size-worker=262144"
    "memorysetup-temp-allocator-size-background-worker=32768"
    "memorysetup-temp-allocator-size-job-worker=262144"
    "memorysetup-temp-allocator-size-preload-manager=33554432"
    "memorysetup-temp-allocator-size-nav-mesh-worker=65536"
    "memorysetup-temp-allocator-size-audio-worker=65536"
    "memorysetup-temp-allocator-size-cloud-worker=32768"
    "memorysetup-temp-allocator-size-gi-baking-worker=262144"
    "memorysetup-temp-allocator-size-gi-baking-worker=262144"
    "memorysetup-temp-allocator-size-gi-baking-worker=262144"
    "memorysetup-temp-allocator-size-gi-baking-worker=262144"
    "memorysetup-temp-allocator-size-gi-baking-worker=262144"
    "memorysetup-temp-allocator-size-gfx=262144"
Player connection [36076]  Target information:

Player connection [36076]  * "[IP] 192.168.50.5 [Port] 0 [Flags] 2 [Guid] 2871372403 [EditorId] 2871372403 [Version] 1048832 [Id] WindowsEditor(7,FIH-COM23a109) [Debug] 1 [PackageName] WindowsEditor [ProjectName] Editor" 

Player connection [36076] Host joined multi-casting on [225.0.0.222:54997]...
Player connection [36076] Host joined alternative multi-casting on [225.0.0.222:34997]...
JobSystem: Creating JobQueue using job-worker-count value 11
Input System module state changed to: Initialized.
[Physics::Module] Initialized fallback backend.
[Physics::Module] Id: 0xdecafbad
Library Redirect Path: Library/
[Physics::Module] Selected backend.
[Physics::Module] Name: PhysX
[Physics::Module] Id: 0xf2b8ea05
[Physics::Module] SDK Version: 4.1.2
[Physics::Module] Integration Version: 1.0.0
[Physics::Module] Threading Mode: Multi-Threaded
Refreshing native plugins compatible for Editor in 6.99 ms, found 10 plugins.
Preloading 0 native plugins for Editor in 0.00 ms.
Initialize engine version: 6000.0.58f2 (92dee566b325)
[Subsystems] Discovering subsystems at path C:/Program Files/Unity 6000.0.58f2/Editor/Data/Resources/UnitySubsystems
[Subsystems] Discovering subsystems at path D:/hlt22c/Viverse/Assets
GfxDevice: creating device client; kGfxThreadingModeNonThreaded
Direct3D:
    Version:  Direct3D 11.0 [level 11.1]
    Renderer: NVIDIA GeForce RTX 3090 (ID=0x2204)
    Vendor:   NVIDIA
    VRAM:     24326 MB
    Driver:   32.0.15.8142
Initialize mono
Mono path[0] = 'C:/Program Files/Unity 6000.0.58f2/Editor/Data/Managed'
Mono path[1] = 'C:/Program Files/Unity 6000.0.58f2/Editor/Data/MonoBleedingEdge/lib/mono/unityjit-win32'
Mono config path = 'C:/Program Files/Unity 6000.0.58f2/Editor/Data/MonoBleedingEdge/etc'
Using monoOptions --debugger-agent=transport=dt_socket,embedding=1,server=y,suspend=n,address=127.0.0.1:56308
Begin MonoManager ReloadAssembly
Registering precompiled unity dll's ...
Register platform support module: C:/Program Files/Unity 6000.0.58f2/Editor/Data/PlaybackEngines/WebGLSupport/UnityEditor.WebGL.Extensions.dll
Register platform support module: C:/Program Files/Unity 6000.0.58f2/Editor/Data/PlaybackEngines/WindowsStandaloneSupport/UnityEditor.WindowsStandalone.Extensions.dll
Register platform support module: C:/Program Files/Unity 6000.0.58f2/Editor/Data/PlaybackEngines/AndroidPlayer/UnityEditor.Android.Extensions.dll
Registered in 0.004473 seconds.
- Loaded All Assemblies, in  0.407 seconds
Native extension for Android target not found
Native extension for WindowsStandalone target not found
Native extension for WebGL target not found
Mono: successfully reloaded assembly
- Finished resetting the current domain, in  0.573 seconds
Domain Reload Profiling: 979ms
	BeginReloadAssembly (133ms)
		ExecutionOrderSort (0ms)
		DisableScriptedObjects (0ms)
		BackupInstance (0ms)
		ReleaseScriptingObjects (0ms)
		CreateAndSetChildDomain (1ms)
	RebuildCommonClasses (39ms)
	RebuildNativeTypeToScriptingClass (9ms)
	initialDomainReloadingComplete (51ms)
	LoadAllAssembliesAndSetupDomain (173ms)
		LoadAssemblies (132ms)
		RebuildTransferFunctionScriptingTraits (0ms)
		AnalyzeDomain (169ms)
			TypeCache.Refresh (168ms)
				TypeCache.ScanAssembly (154ms)
			BuildScriptInfoCaches (0ms)
			ResolveRequiredComponents (1ms)
	FinalizeReload (573ms)
		ReleaseScriptCaches (0ms)
		RebuildScriptCaches (0ms)
		SetupLoadedEditorAssemblies (521ms)
			LogAssemblyErrors (0ms)
			InitializePlatformSupportModulesInManaged (94ms)
			SetLoadedEditorAssemblies (7ms)
			BeforeProcessingInitializeOnLoad (131ms)
			ProcessInitializeOnLoadAttributes (231ms)
			ProcessInitializeOnLoadMethodAttributes (56ms)
			AfterProcessingInitializeOnLoad (0ms)
			EditorAssembliesLoaded (0ms)
		ExecutionOrderSort2 (0ms)
		AwakeInstancesAfterBackupRestoration (0ms)
========================================================================
Worker process is ready to serve import requests
Import Worker Mode flag is 0x00
Begin MonoManager ReloadAssembly
Symbol file LoadedFromMemory is not a mono symbol file
- Loaded All Assemblies, in  1.048 seconds
Refreshing native plugins compatible for Editor in 8.41 ms, found 10 plugins.
Native extension for Android target not found
Native extension for WindowsStandalone target not found
Native extension for WebGL target not found
Package Manager log level set to [2]
[Package Manager] Failed to launch server process. Reason: Unity was launched with the -noUpm command-line argument
[Package Manager] Unable to send message (not connected to server process).
[Package Manager] Cannot connect to Unity Package Manager local server
[Package Manager] Failed to launch server process. Reason: Unity was launched with the -noUpm command-line argument
[Package Manager] Unable to send message (not connected to server process).
[Package Manager] Cannot connect to Unity Package Manager local server
Trying to set shader on a Material Variant.
UnityEngine.Debug:ExtractStackTraceNoAlloc (byte*,int,string)
UnityEngine.StackTraceUtility:ExtractStackTrace ()
UnityEngine.Material:set_shader (UnityEngine.Shader)
UnityEngine.XR.Interaction.Toolkit.Samples.StarterAssets.MaterialPipelineHandler:SetPipelineShaders () (at Assets/Samples/XR Interaction Toolkit/3.2.1/Starter Assets/Scripts/MaterialPipelineHandler.cs:114)
UnityEngine.XR.Interaction.Toolkit.Samples.StarterAssets.MaterialPipelineHandler:AutoRefreshPipelineShaders () (at Assets/Samples/XR Interaction Toolkit/3.2.1/Starter Assets/Scripts/MaterialPipelineHandler.cs:81)
UnityEngine.XR.Interaction.Toolkit.Samples.StarterAssets.MaterialPipelineHandler:OnEnable () (at Assets/Samples/XR Interaction Toolkit/3.2.1/Starter Assets/Scripts/MaterialPipelineHandler.cs:74)
UnityEditor.AssetDatabase:LoadAssetAtPath (string,System.Type)
UnityEditor.AssetDatabase:LoadAssetAtPath<UnityEngine.XR.Hands.Samples.VisualizerSample.MaterialPipelineHandler> (string)
UnityEngine.XR.Hands.Samples.VisualizerSample.RenderPipelineValidation:GetAllInstances () (at Assets/Samples/XR Hands/1.6.1/HandVisualizer/Scripts/MaterialPipelineHandler.cs:28)
UnityEngine.XR.Hands.Samples.VisualizerSample.RenderPipelineValidation:.cctor () (at Assets/Samples/XR Hands/1.6.1/HandVisualizer/Scripts/MaterialPipelineHandler.cs:15)
System.Runtime.CompilerServices.RuntimeHelpers:RunClassConstructor (System.RuntimeTypeHandle)
UnityEditor.EditorAssemblies:ProcessInitializeOnLoadAttributes (System.Type[])

[Assets/Samples/XR Interaction Toolkit/3.2.1/Starter Assets/Scripts/MaterialPipelineHandler.cs line 114]

Trying to set shader on a Material Variant.
UnityEngine.Debug:ExtractStackTraceNoAlloc (byte*,int,string)
UnityEngine.StackTraceUtility:ExtractStackTrace ()
UnityEngine.Material:set_shader (UnityEngine.Shader)
UnityEngine.XR.Interaction.Toolkit.Samples.StarterAssets.MaterialPipelineHandler:SetPipelineShaders () (at Assets/Samples/XR Interaction Toolkit/3.2.1/Starter Assets/Scripts/MaterialPipelineHandler.cs:114)
UnityEngine.XR.Interaction.Toolkit.Samples.StarterAssets.MaterialPipelineHandler:AutoRefreshPipelineShaders () (at Assets/Samples/XR Interaction Toolkit/3.2.1/Starter Assets/Scripts/MaterialPipelineHandler.cs:81)
UnityEngine.XR.Interaction.Toolkit.Samples.StarterAssets.RenderPipelineValidation:.cctor () (at Assets/Samples/XR Interaction Toolkit/3.2.1/Starter Assets/Scripts/MaterialPipelineHandler.cs:16)
System.Runtime.CompilerServices.RuntimeHelpers:RunClassConstructor (System.RuntimeTypeHandle)
UnityEditor.EditorAssemblies:ProcessInitializeOnLoadAttributes (System.Type[])

[Assets/Samples/XR Interaction Toolkit/3.2.1/Starter Assets/Scripts/MaterialPipelineHandler.cs line 114]

Mono: successfully reloaded assembly
[Package Manager] Failed to launch server process. Reason: Unity was launched with the -noUpm command-line argument
[Package Manager] Unable to send message (not connected to server process).
[Package Manager] Cannot connect to Unity Package Manager local server
[Package Manager] Failed to launch server process. Reason: Unity was launched with the -noUpm command-line argument
[Package Manager] Unable to send message (not connected to server process).
[Package Manager] Cannot connect to Unity Package Manager local server
- Finished resetting the current domain, in  3.461 seconds
Domain Reload Profiling: 4506ms
	BeginReloadAssembly (189ms)
		ExecutionOrderSort (0ms)
		DisableScriptedObjects (7ms)
		BackupInstance (0ms)
		ReleaseScriptingObjects (0ms)
		CreateAndSetChildDomain (32ms)
	RebuildCommonClasses (43ms)
	RebuildNativeTypeToScriptingClass (13ms)
	initialDomainReloadingComplete (47ms)
	LoadAllAssembliesAndSetupDomain (753ms)
		LoadAssemblies (462ms)
		RebuildTransferFunctionScriptingTraits (0ms)
		AnalyzeDomain (388ms)
			TypeCache.Refresh (292ms)
				TypeCache.ScanAssembly (267ms)
			BuildScriptInfoCaches (74ms)
			ResolveRequiredComponents (18ms)
	FinalizeReload (3461ms)
		ReleaseScriptCaches (0ms)
		RebuildScriptCaches (0ms)
		SetupLoadedEditorAssemblies (3272ms)
			LogAssemblyErrors (0ms)
			InitializePlatformSupportModulesInManaged (13ms)
			SetLoadedEditorAssemblies (13ms)
			BeforeProcessingInitializeOnLoad (578ms)
			ProcessInitializeOnLoadAttributes (774ms)
			ProcessInitializeOnLoadMethodAttributes (1887ms)
			AfterProcessingInitializeOnLoad (6ms)
			EditorAssembliesLoaded (1ms)
		ExecutionOrderSort2 (0ms)
		AwakeInstancesAfterBackupRestoration (6ms)
WARNING: Shader Unsupported: 'Hidden/Simulation/URP/Synthetic' - All subshaders removed
WARNING: Shader Did you use #pragma only_renderers and omit this platform?
WARNING: Shader If subshaders removal was intentional, you may have forgotten turning Fallback off?
WARNING: Shader Unsupported: 'Hidden/Simulation/URP/Synthetic' - All subshaders removed
WARNING: Shader Did you use #pragma only_renderers and omit this platform?
WARNING: Shader If subshaders removal was intentional, you may have forgotten turning Fallback off?
WARNING: Shader Unsupported: 'Hidden/Simulation/Synthetic Lit' - All subshaders removed
WARNING: Shader Did you use #pragma only_renderers and omit this platform?
WARNING: Shader If subshaders removal was intentional, you may have forgotten turning Fallback off?
WARNING: Shader Unsupported: 'Hidden/Simulation/Synthetic Lit' - All subshaders removed
WARNING: Shader Did you use #pragma only_renderers and omit this platform?
WARNING: Shader If subshaders removal was intentional, you may have forgotten turning Fallback off?
WARNING: Shader Unsupported: 'Simulation/Standard Lit' - All subshaders removed
WARNING: Shader Did you use #pragma only_renderers and omit this platform?
WARNING: Shader If subshaders removal was intentional, you may have forgotten turning Fallback off?
WARNING: Shader Unsupported: 'Simulation/Standard Lit' - All subshaders removed
WARNING: Shader Did you use #pragma only_renderers and omit this platform?
WARNING: Shader If subshaders removal was intentional, you may have forgotten turning Fallback off?
WARNING: Shader Unsupported: 'Simulation/URP/Room X-Ray' - All subshaders removed
WARNING: Shader Did you use #pragma only_renderers and omit this platform?
WARNING: Shader If subshaders removal was intentional, you may have forgotten turning Fallback off?
WARNING: Shader Unsupported: 'Simulation/URP/Room X-Ray' - All subshaders removed
WARNING: Shader Did you use #pragma only_renderers and omit this platform?
WARNING: Shader If subshaders removal was intentional, you may have forgotten turning Fallback off?
WARNING: Shader Unsupported: 'Simulation/Room X-Ray' - All subshaders removed
WARNING: Shader Did you use #pragma only_renderers and omit this platform?
WARNING: Shader If subshaders removal was intentional, you may have forgotten turning Fallback off?
WARNING: Shader Unsupported: 'Simulation/Room X-Ray' - All subshaders removed
WARNING: Shader Did you use #pragma only_renderers and omit this platform?
WARNING: Shader If subshaders removal was intentional, you may have forgotten turning Fallback off?
WARNING: Shader Unsupported: 'Simulation/URP/Lit' - All subshaders removed
WARNING: Shader Did you use #pragma only_renderers and omit this platform?
WARNING: Shader If subshaders removal was intentional, you may have forgotten turning Fallback off?
WARNING: Shader Unsupported: 'Simulation/URP/Lit' - All subshaders removed
WARNING: Shader Did you use #pragma only_renderers and omit this platform?
WARNING: Shader If subshaders removal was intentional, you may have forgotten turning Fallback off?
Launched and connected shader compiler UnityShaderCompiler.exe after 0.01 seconds
Refreshing native plugins compatible for Editor in 8.83 ms, found 10 plugins.
Preloading 0 native plugins for Editor in 0.00 ms.
Unloading 58 Unused Serialized files (Serialized files now loaded: 0)
Unloading 7384 unused Assets / (12.0 MB). Loaded Objects now: 8042.
Memory consumption went from 172.7 MB to 160.7 MB.
Total: 27.956600 ms (FindLiveObjects: 1.235300 ms CreateObjectMapping: 0.553600 ms MarkObjects: 19.838300 ms  DeleteObjects: 6.328100 ms)

========================================================================
Received Import Request.
  Time since last request: 5088.960519 seconds.
  path: Assets/MinimalistBedroom/Models/Interior/Sculpture_e_01.fbx
  artifactKey: Guid(d63c7d652f608a54499a44853e3edddd) Importer(2089858483,192608db42251d675da83286b1cce702)
Start importing Assets/MinimalistBedroom/Models/Interior/Sculpture_e_01.fbx using Guid(d63c7d652f608a54499a44853e3edddd) Importer(2089858483,192608db42251d675da83286b1cce702) (ScriptedImporter) -> (artifact id: 'ac3a14adf916ca371a82d33bbcf59857') in 0.7596229 seconds
Number of updated asset objects reloaded before import = 0Number of asset objects unloaded after import = 7

========================================================================
Received Import Request.
  Time since last request: 0.000019 seconds.
  path: Assets/MinimalistBedroom/Textures/Fabric/Suede_1k/Suede_normal_1k.png
  artifactKey: Guid(2015037bbd8c41a498a44d4ec59b6628) Importer(2089858483,192608db42251d675da83286b1cce702)
Start importing Assets/MinimalistBedroom/Textures/Fabric/Suede_1k/Suede_normal_1k.png using Guid(2015037bbd8c41a498a44d4ec59b6628) Importer(2089858483,192608db42251d675da83286b1cce702) (ScriptedImporter) -> (artifact id: '357f5cf6d5b832fb56a46fba21bf640b') in 0.0662424 seconds
Number of updated asset objects reloaded before import = 0Number of asset objects unloaded after import = 1

========================================================================
Received Import Request.
  Time since last request: 0.315094 seconds.
  path: Assets/Furniture Mega Pack/Prefabs/Cushioins/Cushion15.prefab
  artifactKey: Guid(3e30862e4c63dd3419b3de4d8024c6a7) Importer(2089858483,3d70f49cd1c2eb9ae422958d1c652c6b)
Start importing Assets/Furniture Mega Pack/Prefabs/Cushioins/Cushion15.prefab using Guid(3e30862e4c63dd3419b3de4d8024c6a7) Importer(2089858483,3d70f49cd1c2eb9ae422958d1c652c6b) (ScriptedImporter) -> (artifact id: 'f12a4a6ea621d55e10b4fed41c72ed89') in 0.0210952 seconds
Number of updated asset objects reloaded before import = 0Number of asset objects unloaded after import = 10

========================================================================
Received Import Request.
  Time since last request: 0.000014 seconds.
  path: Assets/Furniture Mega Pack/Prefabs/Cushioins/Cushion24.prefab
  artifactKey: Guid(d9d68067df748504897c6b3a4e893c91) Importer(2089858483,3d70f49cd1c2eb9ae422958d1c652c6b)
Start importing Assets/Furniture Mega Pack/Prefabs/Cushioins/Cushion24.prefab using Guid(d9d68067df748504897c6b3a4e893c91) Importer(2089858483,3d70f49cd1c2eb9ae422958d1c652c6b) (ScriptedImporter) -> (artifact id: '84fda79423b2991202baa52b9d55a718') in 0.0214694 seconds
Number of updated asset objects reloaded before import = 0Number of asset objects unloaded after import = 10

========================================================================
Received Import Request.
  Time since last request: 0.000021 seconds.
  path: Assets/Furniture Mega Pack/Prefabs/Drawers/Drawer14.prefab
  artifactKey: Guid(e85300fd662ca5d469aa2b7b9fb5ff08) Importer(2089858483,3d70f49cd1c2eb9ae422958d1c652c6b)
Start importing Assets/Furniture Mega Pack/Prefabs/Drawers/Drawer14.prefab using Guid(e85300fd662ca5d469aa2b7b9fb5ff08) Importer(2089858483,3d70f49cd1c2eb9ae422958d1c652c6b) (ScriptedImporter) -> (artifact id: 'b8ed912b6a8ecdf680436bb120e6f872') in 0.0248071 seconds
Number of updated asset objects reloaded before import = 0Number of asset objects unloaded after import = 25

========================================================================
Received Import Request.
  Time since last request: 0.000019 seconds.
  path: Assets/Furniture Mega Pack/Prefabs/Drawers/Drawer38.prefab
  artifactKey: Guid(56264f34f14c7274b82bf4e977590274) Importer(2089858483,3d70f49cd1c2eb9ae422958d1c652c6b)
Start importing Assets/Furniture Mega Pack/Prefabs/Drawers/Drawer38.prefab using Guid(56264f34f14c7274b82bf4e977590274) Importer(2089858483,3d70f49cd1c2eb9ae422958d1c652c6b) (ScriptedImporter) -> (artifact id: '193b0ebfbc2a1920fd38223bb43b0056') in 0.0392893 seconds
Number of updated asset objects reloaded before import = 0Number of asset objects unloaded after import = 45

========================================================================
Received Import Request.
  Time since last request: 0.000030 seconds.
  path: Assets/Furniture Mega Pack/Prefabs/Cushioins/Cushion32.prefab
  artifactKey: Guid(2095d8a2132bb254caa3cf59f421d94a) Importer(2089858483,3d70f49cd1c2eb9ae422958d1c652c6b)
Start importing Assets/Furniture Mega Pack/Prefabs/Cushioins/Cushion32.prefab using Guid(2095d8a2132bb254caa3cf59f421d94a) Importer(2089858483,3d70f49cd1c2eb9ae422958d1c652c6b) (ScriptedImporter) -> (artifact id: 'baf68daab53c2bb0aac19eafc6bd358e') in 0.0125893 seconds
Number of updated asset objects reloaded before import = 0Number of asset objects unloaded after import = 10

========================================================================
Received Import Request.
  Time since last request: 0.235946 seconds.
  path: Assets/MinimalistBedroom/Textures/Fabric/Suede_1k/Suede_metalic_1k.png
  artifactKey: Guid(9eee390499a6c1f4c990478f043ee5e4) Importer(2089858483,192608db42251d675da83286b1cce702)
Start importing Assets/MinimalistBedroom/Textures/Fabric/Suede_1k/Suede_metalic_1k.png using Guid(9eee390499a6c1f4c990478f043ee5e4) Importer(2089858483,192608db42251d675da83286b1cce702) (ScriptedImporter) -> (artifact id: '92ae01d3af48e7ff8db5b9bb10f7a861') in 0.0278156 seconds
Number of updated asset objects reloaded before import = 0Number of asset objects unloaded after import = 1

========================================================================
Received Import Request.
  Time since last request: 0.000022 seconds.
  path: Assets/MinimalistBedroom/Models/Interior/NightLight_01.fbx
  artifactKey: Guid(1687e9be5dcc14944b3ebe4c68c7f06e) Importer(2089858483,192608db42251d675da83286b1cce702)
Start importing Assets/MinimalistBedroom/Models/Interior/NightLight_01.fbx using Guid(1687e9be5dcc14944b3ebe4c68c7f06e) Importer(2089858483,192608db42251d675da83286b1cce702) (ScriptedImporter) -> (artifact id: 'c526a9792ecb94e6d59e3e35528a8c86') in 0.0260847 seconds
Number of updated asset objects reloaded before import = 0Number of asset objects unloaded after import = 14

========================================================================
Received Import Request.
  Time since last request: 0.000017 seconds.
  path: Assets/MinimalistBedroom/Materials/Nature/Bark_1k/Bark_1k_01.mat
  artifactKey: Guid(0efa79a9b397eda42ad825a97f06b8e3) Importer(2089858483,192608db42251d675da83286b1cce702)
Start importing Assets/MinimalistBedroom/Materials/Nature/Bark_1k/Bark_1k_01.mat using Guid(0efa79a9b397eda42ad825a97f06b8e3) Importer(2089858483,192608db42251d675da83286b1cce702) (ScriptedImporter) -> (artifact id: 'd7be0492abf78e40a020fe0ed8e1114b') in 0.0632329 seconds
Number of updated asset objects reloaded before import = 0Number of asset objects unloaded after import = 6

========================================================================
Received Import Request.
  Time since last request: 0.000018 seconds.
  path: Assets/MinimalistBedroom/Textures/Wood/WoodFine_1k/WoodFine_metalic_1k.png
  artifactKey: Guid(c2c76c05a7770ce4e8d4d083ae74ccab) Importer(2089858483,192608db42251d675da83286b1cce702)
Start importing Assets/MinimalistBedroom/Textures/Wood/WoodFine_1k/WoodFine_metalic_1k.png using Guid(c2c76c05a7770ce4e8d4d083ae74ccab) Importer(2089858483,192608db42251d675da83286b1cce702) (ScriptedImporter) -> (artifact id: 'edb6f08a55d25385df86b8761e1f20b5') in 0.0223779 seconds
Number of updated asset objects reloaded before import = 0Number of asset objects unloaded after import = 1

========================================================================
Received Import Request.
  Time since last request: 0.000023 seconds.
  path: Assets/MinimalistBedroom/Materials/Nature/Ground_1k
  artifactKey: Guid(026e6bab56623964cbefa09ab66c570a) Importer(2089858483,192608db42251d675da83286b1cce702)
Start importing Assets/MinimalistBedroom/Materials/Nature/Ground_1k using Guid(026e6bab56623964cbefa09ab66c570a) Importer(2089858483,192608db42251d675da83286b1cce702) (ScriptedImporter) -> (artifact id: '703162a9d0a0b7cf39a8881ea1ebefca') in 0.0123558 seconds
Number of updated asset objects reloaded before import = 0Number of asset objects unloaded after import = 1

========================================================================
Received Import Request.
  Time since last request: 0.033560 seconds.
  path: Assets/Furniture Mega Pack/Prefabs/Kitchen/CabinetB04.prefab
  artifactKey: Guid(4cfe23ff2268b3d43b776a9a69b23355) Importer(2089858483,3d70f49cd1c2eb9ae422958d1c652c6b)
Start importing Assets/Furniture Mega Pack/Prefabs/Kitchen/CabinetB04.prefab using Guid(4cfe23ff2268b3d43b776a9a69b23355) Importer(2089858483,3d70f49cd1c2eb9ae422958d1c652c6b) (ScriptedImporter) -> (artifact id: '73e6fc2bb68c638abb50d7958a8ce80d') in 0.0201788 seconds
Number of updated asset objects reloaded before import = 0Number of asset objects unloaded after import = 20

========================================================================
Received Import Request.
  Time since last request: 0.000016 seconds.
  path: Assets/Furniture Mega Pack/Prefabs/Kitchen/MicrowaveOven04.prefab
  artifactKey: Guid(e6f65607f476f9d41852e008465e9590) Importer(2089858483,3d70f49cd1c2eb9ae422958d1c652c6b)
Start importing Assets/Furniture Mega Pack/Prefabs/Kitchen/MicrowaveOven04.prefab using Guid(e6f65607f476f9d41852e008465e9590) Importer(2089858483,3d70f49cd1c2eb9ae422958d1c652c6b) (ScriptedImporter) -> (artifact id: '1b2c2ad18d5b57beac86e8036c710243') in 0.0165742 seconds
Number of updated asset objects reloaded before import = 0Number of asset objects unloaded after import = 36

========================================================================
Received Import Request.
  Time since last request: 0.000015 seconds.
  path: Assets/Furniture Mega Pack/Prefabs/Kitchen/CabinetF06.prefab
  artifactKey: Guid(5f92647b0de33d44a82ff3efe0148d8a) Importer(2089858483,3d70f49cd1c2eb9ae422958d1c652c6b)
Start importing Assets/Furniture Mega Pack/Prefabs/Kitchen/CabinetF06.prefab using Guid(5f92647b0de33d44a82ff3efe0148d8a) Importer(2089858483,3d70f49cd1c2eb9ae422958d1c652c6b) (ScriptedImporter) -> (artifact id: '0f0cac3402d260b76f8fa9ea5361f0db') in 0.0158739 seconds
Number of updated asset objects reloaded before import = 0Number of asset objects unloaded after import = 15

========================================================================
Received Import Request.
  Time since last request: 0.000018 seconds.
  path: Assets/Furniture Mega Pack/Prefabs/Kitchen/CabinetD01.prefab
  artifactKey: Guid(918c439a9060fab4f9e3528d63b999db) Importer(2089858483,3d70f49cd1c2eb9ae422958d1c652c6b)
Start importing Assets/Furniture Mega Pack/Prefabs/Kitchen/CabinetD01.prefab using Guid(918c439a9060fab4f9e3528d63b999db) Importer(2089858483,3d70f49cd1c2eb9ae422958d1c652c6b) (ScriptedImporter) -> (artifact id: 'e054121c6bc1f58dc39a4772f154e673') in 0.0198103 seconds
Number of updated asset objects reloaded before import = 0Number of asset objects unloaded after import = 15

========================================================================
Received Import Request.
  Time since last request: 0.000027 seconds.
  path: Assets/Furniture Mega Pack/Prefabs/Kitchen/Sink02.prefab
  artifactKey: Guid(0268afc96093ff841aecc201cad6dab0) Importer(2089858483,3d70f49cd1c2eb9ae422958d1c652c6b)
Start importing Assets/Furniture Mega Pack/Prefabs/Kitchen/Sink02.prefab using Guid(0268afc96093ff841aecc201cad6dab0) Importer(2089858483,3d70f49cd1c2eb9ae422958d1c652c6b) (ScriptedImporter) -> (artifact id: '59e366d33c777c5a799794fd2f6eb2f5') in 0.0173942 seconds
Number of updated asset objects reloaded before import = 0Number of asset objects unloaded after import = 25

========================================================================
Received Import Request.
  Time since last request: 0.000018 seconds.
  path: Assets/Furniture Mega Pack/Prefabs/Kitchen/KitchenOven03.prefab
  artifactKey: Guid(62999ea99080f7a408aae762b7ef936b) Importer(2089858483,3d70f49cd1c2eb9ae422958d1c652c6b)
Start importing Assets/Furniture Mega Pack/Prefabs/Kitchen/KitchenOven03.prefab using Guid(62999ea99080f7a408aae762b7ef936b) Importer(2089858483,3d70f49cd1c2eb9ae422958d1c652c6b) (ScriptedImporter) -> (artifact id: '446327c85052fc6cde31bc1e954f8431') in 0.0262478 seconds
Number of updated asset objects reloaded before import = 0Number of asset objects unloaded after import = 41

========================================================================
Received Import Request.
  Time since last request: 0.000023 seconds.
  path: Assets/Furniture Mega Pack/Prefabs/Sofas/Sofa25.prefab
  artifactKey: Guid(1ad6a04d7428a2b48897c69394bbe130) Importer(2089858483,3d70f49cd1c2eb9ae422958d1c652c6b)
Start importing Assets/Furniture Mega Pack/Prefabs/Sofas/Sofa25.prefab using Guid(1ad6a04d7428a2b48897c69394bbe130) Importer(2089858483,3d70f49cd1c2eb9ae422958d1c652c6b) (ScriptedImporter) -> (artifact id: '54678dee66c7bbf15cc5e8f8072615c8') in 0.0327968 seconds
Number of updated asset objects reloaded before import = 0Number of asset objects unloaded after import = 10

========================================================================
Received Import Request.
  Time since last request: 0.405194 seconds.
  path: Assets/Furniture Mega Pack/Prefabs/Sofas/Sofa50.prefab
  artifactKey: Guid(1e0dd0c7c8200bd4282bbf49e34d78b2) Importer(2089858483,3d70f49cd1c2eb9ae422958d1c652c6b)
Start importing Assets/Furniture Mega Pack/Prefabs/Sofas/Sofa50.prefab using Guid(1e0dd0c7c8200bd4282bbf49e34d78b2) Importer(2089858483,3d70f49cd1c2eb9ae422958d1c652c6b) (ScriptedImporter) -> (artifact id: '3b371d41dbaee9a94e47bb4d1f9c3eae') in 0.0223962 seconds
Number of updated asset objects reloaded before import = 0Number of asset objects unloaded after import = 10

========================================================================
Received Import Request.
  Time since last request: 0.000017 seconds.
  path: Assets/MinimalistBedroom/Prefabs/Interior/Book_b_01.prefab
  artifactKey: Guid(eb317b2497288aa4399f30ed66e26770) Importer(2089858483,3d70f49cd1c2eb9ae422958d1c652c6b)
Start importing Assets/MinimalistBedroom/Prefabs/Interior/Book_b_01.prefab using Guid(eb317b2497288aa4399f30ed66e26770) Importer(2089858483,3d70f49cd1c2eb9ae422958d1c652c6b) (ScriptedImporter) -> (artifact id: '36a8b740c11382e44f5806aa23140b3e') in 0.0158233 seconds
Number of updated asset objects reloaded before import = 0Number of asset objects unloaded after import = 8

========================================================================
Received Import Request.
  Time since last request: 0.000016 seconds.
  path: Assets/nappin/OfficeEssentialsPack/Prefabs/(Prb)BedsideTable.prefab
  artifactKey: Guid(f34f09e70e02cc94683d8dbaaf079f2e) Importer(2089858483,3d70f49cd1c2eb9ae422958d1c652c6b)
Start importing Assets/nappin/OfficeEssentialsPack/Prefabs/(Prb)BedsideTable.prefab using Guid(f34f09e70e02cc94683d8dbaaf079f2e) Importer(2089858483,3d70f49cd1c2eb9ae422958d1c652c6b) (ScriptedImporter) -> (artifact id: '570401858b8eab16967f4a1a36478d30') in 0.0156801 seconds
Number of updated asset objects reloaded before import = 0Number of asset objects unloaded after import = 12

========================================================================
Received Import Request.
  Time since last request: 0.000029 seconds.
  path: Assets/MinimalistBedroom/Prefabs/Interior/Rug_01.prefab
  artifactKey: Guid(8b225dcee4abbcb45a9ed00c87fea691) Importer(2089858483,3d70f49cd1c2eb9ae422958d1c652c6b)
Start importing Assets/MinimalistBedroom/Prefabs/Interior/Rug_01.prefab using Guid(8b225dcee4abbcb45a9ed00c87fea691) Importer(2089858483,3d70f49cd1c2eb9ae422958d1c652c6b) (ScriptedImporter) -> (artifact id: '1671f7f1d47b26016e0f1d008f8a2864') in 0.0164482 seconds
Number of updated asset objects reloaded before import = 0Number of asset objects unloaded after import = 8

========================================================================
Received Import Request.
  Time since last request: 0.000013 seconds.
  path: Assets/Furniture Mega Pack/Prefabs/Tables/Table43.prefab
  artifactKey: Guid(d42f7afbade538c46a9fefe6d134f5d1) Importer(2089858483,3d70f49cd1c2eb9ae422958d1c652c6b)
Start importing Assets/Furniture Mega Pack/Prefabs/Tables/Table43.prefab using Guid(d42f7afbade538c46a9fefe6d134f5d1) Importer(2089858483,3d70f49cd1c2eb9ae422958d1c652c6b) (ScriptedImporter) -> (artifact id: '616f0d7b7ba516cfdfab68750690b128') in 0.0133107 seconds
Number of updated asset objects reloaded before import = 0Number of asset objects unloaded after import = 10

========================================================================
Received Import Request.
  Time since last request: 0.000014 seconds.
  path: Assets/nappin/OfficeEssentialsPack/Prefabs/(Prb)Chair2.prefab
  artifactKey: Guid(84ec177bc6599ae438ee9c03a98cad5c) Importer(2089858483,3d70f49cd1c2eb9ae422958d1c652c6b)
Start importing Assets/nappin/OfficeEssentialsPack/Prefabs/(Prb)Chair2.prefab using Guid(84ec177bc6599ae438ee9c03a98cad5c) Importer(2089858483,3d70f49cd1c2eb9ae422958d1c652c6b) (ScriptedImporter) -> (artifact id: '3d6e7dc4136fed162d7b8a4e1c30e0cc') in 0.0241138 seconds
Number of updated asset objects reloaded before import = 0Number of asset objects unloaded after import = 13

========================================================================
Received Import Request.
  Time since last request: 0.000017 seconds.
  path: Assets/nappin/OfficeEssentialsPack/Prefabs/(Prb)CeilingFan.prefab
  artifactKey: Guid(7df07a42d42030b49a881233f734958a) Importer(2089858483,3d70f49cd1c2eb9ae422958d1c652c6b)
Start importing Assets/nappin/OfficeEssentialsPack/Prefabs/(Prb)CeilingFan.prefab using Guid(7df07a42d42030b49a881233f734958a) Importer(2089858483,3d70f49cd1c2eb9ae422958d1c652c6b) (ScriptedImporter) -> (artifact id: '3af6981ad0de2057835c4f82aa96408e') in 0.0170974 seconds
Number of updated asset objects reloaded before import = 0Number of asset objects unloaded after import = 21

========================================================================
Received Import Request.
  Time since last request: 0.289164 seconds.
  path: Assets/nappin/OfficeEssentialsPack/Prefabs/(Prb)Drawer3.prefab
  artifactKey: Guid(1eba6e825e1b0ba4db1d042de5c08e44) Importer(2089858483,3d70f49cd1c2eb9ae422958d1c652c6b)
Start importing Assets/nappin/OfficeEssentialsPack/Prefabs/(Prb)Drawer3.prefab using Guid(1eba6e825e1b0ba4db1d042de5c08e44) Importer(2089858483,3d70f49cd1c2eb9ae422958d1c652c6b) (ScriptedImporter) -> (artifact id: '0ab787faf215938a729e8c1da7174fc7') in 0.020181 seconds
Number of updated asset objects reloaded before import = 0Number of asset objects unloaded after import = 27

========================================================================
Received Import Request.
  Time since last request: 0.000017 seconds.
  path: Assets/nappin/OfficeEssentialsPack/Prefabs/(Prb)SmokeDetector.prefab
  artifactKey: Guid(76a7e6c2e588e024d85efa115fe688c2) Importer(2089858483,3d70f49cd1c2eb9ae422958d1c652c6b)
Start importing Assets/nappin/OfficeEssentialsPack/Prefabs/(Prb)SmokeDetector.prefab using Guid(76a7e6c2e588e024d85efa115fe688c2) Importer(2089858483,3d70f49cd1c2eb9ae422958d1c652c6b) (ScriptedImporter) -> (artifact id: '04098304f2c66c26b967b7629f736193') in 0.0158129 seconds
Number of updated asset objects reloaded before import = 0Number of asset objects unloaded after import = 11

========================================================================
Received Import Request.
  Time since last request: 0.000016 seconds.
  path: Assets/nappin/OfficeEssentialsPack/Prefabs/(Prb)PlantBox.prefab
  artifactKey: Guid(a2e6444451e398844bfa41ba8f0ebfb2) Importer(2089858483,3d70f49cd1c2eb9ae422958d1c652c6b)
Start importing Assets/nappin/OfficeEssentialsPack/Prefabs/(Prb)PlantBox.prefab using Guid(a2e6444451e398844bfa41ba8f0ebfb2) Importer(2089858483,3d70f49cd1c2eb9ae422958d1c652c6b) (ScriptedImporter) -> (artifact id: '3e0a3427a893b497320b6874f55956f1') in 0.0150332 seconds
Number of updated asset objects reloaded before import = 0Number of asset objects unloaded after import = 13

========================================================================
Received Import Request.
  Time since last request: 0.000017 seconds.
  path: Assets/Pandazole_Ultimate_Pack/Pandazole Kitchen Food/Prefabs/Prop_Cup_03_Cover.prefab
  artifactKey: Guid(9e0cfa51b9e7cae4a9826ba55aabb786) Importer(2089858483,3d70f49cd1c2eb9ae422958d1c652c6b)
Start importing Assets/Pandazole_Ultimate_Pack/Pandazole Kitchen Food/Prefabs/Prop_Cup_03_Cover.prefab using Guid(9e0cfa51b9e7cae4a9826ba55aabb786) Importer(2089858483,3d70f49cd1c2eb9ae422958d1c652c6b) (ScriptedImporter) -> (artifact id: '681bd5f81c6c4c34111fce017c00dbdc') in 0.0229002 seconds
Number of updated asset objects reloaded before import = 0Number of asset objects unloaded after import = 9

========================================================================
Received Import Request.
  Time since last request: 0.000023 seconds.
  path: Assets/Pandazole_Ultimate_Pack/Pandazole Kitchen Food/Prefabs/Prop_Pot_04.prefab
  artifactKey: Guid(772b12e3998be144eb54ea25ab1e1884) Importer(2089858483,3d70f49cd1c2eb9ae422958d1c652c6b)
Start importing Assets/Pandazole_Ultimate_Pack/Pandazole Kitchen Food/Prefabs/Prop_Pot_04.prefab using Guid(772b12e3998be144eb54ea25ab1e1884) Importer(2089858483,3d70f49cd1c2eb9ae422958d1c652c6b) (ScriptedImporter) -> (artifact id: '7e048e3b04d51dc89d879d3d20736c08') in 0.0193147 seconds
Number of updated asset objects reloaded before import = 0Number of asset objects unloaded after import = 9

========================================================================
Received Import Request.
  Time since last request: 0.000015 seconds.
  path: Assets/nappin/OfficeEssentialsPack/Prefabs/(Prb)Rack.prefab
  artifactKey: Guid(9b9a47e6447b0404fad889aea9f6360b) Importer(2089858483,3d70f49cd1c2eb9ae422958d1c652c6b)
Start importing Assets/nappin/OfficeEssentialsPack/Prefabs/(Prb)Rack.prefab using Guid(9b9a47e6447b0404fad889aea9f6360b) Importer(2089858483,3d70f49cd1c2eb9ae422958d1c652c6b) (ScriptedImporter) -> (artifact id: '9e05b628498ed94052f7000119f30964') in 0.0253435 seconds
Number of updated asset objects reloaded before import = 0Number of asset objects unloaded after import = 32

========================================================================
Received Import Request.
  Time since last request: 0.000023 seconds.
  path: Assets/Pandazole_Ultimate_Pack/Pandazole Kitchen Food/Prefabs/Prop_KitchenCabinet_03.prefab
  artifactKey: Guid(23b0703af9f894247af6a265a4ae44b9) Importer(2089858483,3d70f49cd1c2eb9ae422958d1c652c6b)
Start importing Assets/Pandazole_Ultimate_Pack/Pandazole Kitchen Food/Prefabs/Prop_KitchenCabinet_03.prefab using Guid(23b0703af9f894247af6a265a4ae44b9) Importer(2089858483,3d70f49cd1c2eb9ae422958d1c652c6b) (ScriptedImporter) -> (artifact id: 'f6fa8583ce6c925a1d84378173b5988d') in 0.0176568 seconds
Number of updated asset objects reloaded before import = 0Number of asset objects unloaded after import = 9

========================================================================
Received Import Request.
  Time since last request: 0.000014 seconds.
  path: Assets/Pandazole_Ultimate_Pack/Pandazole Kitchen Food/Prefabs/Prop_WhipMixer.prefab
  artifactKey: Guid(4f04852b3a3372d45b4247abcdfdfed6) Importer(2089858483,3d70f49cd1c2eb9ae422958d1c652c6b)
Start importing Assets/Pandazole_Ultimate_Pack/Pandazole Kitchen Food/Prefabs/Prop_WhipMixer.prefab using Guid(4f04852b3a3372d45b4247abcdfdfed6) Importer(2089858483,3d70f49cd1c2eb9ae422958d1c652c6b) (ScriptedImporter) -> (artifact id: '38df71f4ab698cfc6535294881bc66b6') in 0.0223551 seconds
Number of updated asset objects reloaded before import = 0Number of asset objects unloaded after import = 9

========================================================================
Received Import Request.
  Time since last request: 0.000022 seconds.
  path: Assets/Pandazole_Ultimate_Pack/Pandazole Kitchen Food/Prefabs/Food_Salad.prefab
  artifactKey: Guid(4ae2e15bd53dc614da112f9115fefbfe) Importer(2089858483,3d70f49cd1c2eb9ae422958d1c652c6b)
Start importing Assets/Pandazole_Ultimate_Pack/Pandazole Kitchen Food/Prefabs/Food_Salad.prefab using Guid(4ae2e15bd53dc614da112f9115fefbfe) Importer(2089858483,3d70f49cd1c2eb9ae422958d1c652c6b) (ScriptedImporter) -> (artifact id: '324bb164fa8f404c6dbf158c48f538c6') in 0.0171026 seconds
Number of updated asset objects reloaded before import = 0Number of asset objects unloaded after import = 9

========================================================================
Received Import Request.
  Time since last request: 0.000029 seconds.
  path: Assets/Pandazole_Ultimate_Pack/Pandazole Kitchen Food/Prefabs/Food_Cheese.prefab
  artifactKey: Guid(faddb7582ea378c44a767cc63fe84c89) Importer(2089858483,3d70f49cd1c2eb9ae422958d1c652c6b)
Start importing Assets/Pandazole_Ultimate_Pack/Pandazole Kitchen Food/Prefabs/Food_Cheese.prefab using Guid(faddb7582ea378c44a767cc63fe84c89) Importer(2089858483,3d70f49cd1c2eb9ae422958d1c652c6b) (ScriptedImporter) -> (artifact id: '9cb71a806ed36e3f0bb5a074505c1081') in 0.014956 seconds
Number of updated asset objects reloaded before import = 0Number of asset objects unloaded after import = 9

========================================================================
Received Import Request.
  Time since last request: 0.006534 seconds.
  path: Assets/VRTemplateAssets/Prefabs/Interactables/Rotating Torus.prefab
  artifactKey: Guid(29529d949c965f643befe6cfcd1e372c) Importer(2089858483,3d70f49cd1c2eb9ae422958d1c652c6b)
Start importing Assets/VRTemplateAssets/Prefabs/Interactables/Rotating Torus.prefab using Guid(29529d949c965f643befe6cfcd1e372c) Importer(2089858483,3d70f49cd1c2eb9ae422958d1c652c6b) (ScriptedImporter) -> (artifact id: 'f3372309403027cb5305a399788bfb83') in 0.041082 seconds
Number of updated asset objects reloaded before import = 0Number of asset objects unloaded after import = 35

========================================================================
Received Import Request.
  Time since last request: 0.000015 seconds.
  path: Assets/VRTemplateAssets/Prefabs/UI/List Item Button.prefab
  artifactKey: Guid(fa5ef3b56cfeb4f4ba855cdf2610a578) Importer(2089858483,3d70f49cd1c2eb9ae422958d1c652c6b)
Start importing Assets/VRTemplateAssets/Prefabs/UI/List Item Button.prefab using Guid(fa5ef3b56cfeb4f4ba855cdf2610a578) Importer(2089858483,3d70f49cd1c2eb9ae422958d1c652c6b) (ScriptedImporter)The method get_fontSharedMaterials was not found on Label. This property will not be indexed.
UnityEngine.Debug:ExtractStackTraceNoAlloc (byte*,int,string)
UnityEngine.StackTraceUtility:ExtractStackTrace ()
UnityEngine.DebugLogHandler:Internal_Log (UnityEngine.LogType,UnityEngine.LogOption,string,UnityEngine.Object)
UnityEngine.DebugLogHandler:LogFormat (UnityEngine.LogType,UnityEngine.Object,string,object[])
UnityEngine.Logger:Log (UnityEngine.LogType,object)
UnityEngine.Debug:LogWarning (object)
UnityEditor.Rendering.Universal.MaterialReferenceBuilder:GetMaterialFromMethod (System.Reflection.MethodInfo,UnityEngine.Object,System.Func`3<string, string, string>) (at ./Library/PackageCache/com.unity.render-pipelines.universal@e1fa89d1f997/Editor/Converter/MaterialReferenceBuilder.cs:133)
UnityEditor.Rendering.Universal.ConversionIndexers:ConversionIndexer (UnityEditor.Search.CustomObjectIndexerTarget,UnityEditor.Search.ObjectIndexer) (at ./Library/PackageCache/com.unity.render-pipelines.universal@e1fa89d1f997/Editor/Converter/ConversionIndexers.cs:21)
UnityEditor.Search.ObjectIndexer:CallCustomIndexers (string,int,UnityEngine.Object,UnityEditor.SerializedObject,bool)
UnityEditor.Search.ObjectIndexer:IndexCustomProperties (string,int,UnityEngine.Object)
UnityEditor.Search.AssetIndexer:IndexCustomGameObjectProperties (string,int,UnityEngine.GameObject)
UnityEditor.Search.AssetIndexer:IndexObjects (UnityEngine.GameObject[],string,string,string,bool)
UnityEditor.Search.AssetIndexer:IndexPrefab (string,bool)
UnityEditor.Search.AssetIndexer:IndexSceneDocument (string,bool)
UnityEditor.Search.AssetIndexer:IndexDocument (string,bool)
UnityEditor.Search.SearchIndexEntryImporter:OnImportAsset (UnityEditor.AssetImporters.AssetImportContext)
UnityEditor.AssetImporters.ScriptedImporter:GenerateAssetData (UnityEditor.AssetImporters.AssetImportContext)

(Filename: ./Library/PackageCache/com.unity.render-pipelines.universal@e1fa89d1f997/Editor/Converter/MaterialReferenceBuilder.cs Line: 133)

The method get_fontSharedMaterials was not found on Text (TMP) . This property will not be indexed.
UnityEngine.Debug:ExtractStackTraceNoAlloc (byte*,int,string)
UnityEngine.StackTraceUtility:ExtractStackTrace ()
UnityEngine.DebugLogHandler:Internal_Log (UnityEngine.LogType,UnityEngine.LogOption,string,UnityEngine.Object)
UnityEngine.DebugLogHandler:LogFormat (UnityEngine.LogType,UnityEngine.Object,string,object[])
UnityEngine.Logger:Log (UnityEngine.LogType,object)
UnityEngine.Debug:LogWarning (object)
UnityEditor.Rendering.Universal.MaterialReferenceBuilder:GetMaterialFromMethod (System.Reflection.MethodInfo,UnityEngine.Object,System.Func`3<string, string, string>) (at ./Library/PackageCache/com.unity.render-pipelines.universal@e1fa89d1f997/Editor/Converter/MaterialReferenceBuilder.cs:133)
UnityEditor.Rendering.Universal.ConversionIndexers:ConversionIndexer (UnityEditor.Search.CustomObjectIndexerTarget,UnityEditor.Search.ObjectIndexer) (at ./Library/PackageCache/com.unity.render-pipelines.universal@e1fa89d1f997/Editor/Converter/ConversionIndexers.cs:21)
UnityEditor.Search.ObjectIndexer:CallCustomIndexers (string,int,UnityEngine.Object,UnityEditor.SerializedObject,bool)
UnityEditor.Search.ObjectIndexer:IndexCustomProperties (string,int,UnityEngine.Object)
UnityEditor.Search.AssetIndexer:IndexCustomGameObjectProperties (string,int,UnityEngine.GameObject)
UnityEditor.Search.AssetIndexer:IndexObjects (UnityEngine.GameObject[],string,string,string,bool)
UnityEditor.Search.AssetIndexer:IndexPrefab (string,bool)
UnityEditor.Search.AssetIndexer:IndexSceneDocument (string,bool)
UnityEditor.Search.AssetIndexer:IndexDocument (string,bool)
UnityEditor.Search.SearchIndexEntryImporter:OnImportAsset (UnityEditor.AssetImporters.AssetImportContext)
UnityEditor.AssetImporters.ScriptedImporter:GenerateAssetData (UnityEditor.AssetImporters.AssetImportContext)

(Filename: ./Library/PackageCache/com.unity.render-pipelines.universal@e1fa89d1f997/Editor/Converter/MaterialReferenceBuilder.cs Line: 133)

 -> (artifact id: '4edba95a2d1bb7ebbf8db7190ff44de6') in 0.0665717 seconds
Number of updated asset objects reloaded before import = 0Number of asset objects unloaded after import = 44

========================================================================
Received Import Request.
  Time since last request: 0.000023 seconds.
  path: Assets/CrowAssets/Assets/Low Poly Stylized Food/URP/Prefabs/Cheese Thin.prefab
  artifactKey: Guid(45aa927edc1d1dc41be09cecb16be467) Importer(2089858483,3d70f49cd1c2eb9ae422958d1c652c6b)
Start importing Assets/CrowAssets/Assets/Low Poly Stylized Food/URP/Prefabs/Cheese Thin.prefab using Guid(45aa927edc1d1dc41be09cecb16be467) Importer(2089858483,3d70f49cd1c2eb9ae422958d1c652c6b) (ScriptedImporter) -> (artifact id: '93c395c720b3b4cd99684a1b61083669') in 0.0199909 seconds
Number of updated asset objects reloaded before import = 0Number of asset objects unloaded after import = 10

========================================================================
Received Import Request.
  Time since last request: 0.000028 seconds.
  path: Assets/Samples/XR Interaction Toolkit/3.2.1/Hands Interaction Demo/HandsDemoSceneAssets/Prefabs/Arrow.prefab
  artifactKey: Guid(d56cf1aacbea4704cac4d7983df1a0ad) Importer(2089858483,3d70f49cd1c2eb9ae422958d1c652c6b)
Start importing Assets/Samples/XR Interaction Toolkit/3.2.1/Hands Interaction Demo/HandsDemoSceneAssets/Prefabs/Arrow.prefab using Guid(d56cf1aacbea4704cac4d7983df1a0ad) Importer(2089858483,3d70f49cd1c2eb9ae422958d1c652c6b) (ScriptedImporter) -> (artifact id: '5163db1638e44045f410738a550edd1b') in 0.046749 seconds
Number of updated asset objects reloaded before import = 0Number of asset objects unloaded after import = 48

========================================================================
Received Import Request.
  Time since last request: 0.000017 seconds.
  path: Assets/Samples/XR Interaction Toolkit/3.2.1/XR Interaction Simulator/XR Interaction Simulator.prefab
  artifactKey: Guid(58d0a4ac86f2348deb02f3880c71378e) Importer(2089858483,3d70f49cd1c2eb9ae422958d1c652c6b)
Start importing Assets/Samples/XR Interaction Toolkit/3.2.1/XR Interaction Simulator/XR Interaction Simulator.prefab using Guid(58d0a4ac86f2348deb02f3880c71378e) Importer(2089858483,3d70f49cd1c2eb9ae422958d1c652c6b) (ScriptedImporter) -> (artifact id: '01a4fd6e8bd43bb4da0c05d03079d881') in 0.4939753 seconds
Number of updated asset objects reloaded before import = 0Number of asset objects unloaded after import = 1466

========================================================================
Received Import Request.
  Time since last request: 0.000062 seconds.
  path: Assets/nappin/OfficeEssentialsPack/Models/(Msh)PlantBox.fbx
  artifactKey: Guid(6a55ccc8cef577442974555021f41a1b) Importer(2089858483,192608db42251d675da83286b1cce702)
Start importing Assets/nappin/OfficeEssentialsPack/Models/(Msh)PlantBox.fbx using Guid(6a55ccc8cef577442974555021f41a1b) Importer(2089858483,192608db42251d675da83286b1cce702) (ScriptedImporter) -> (artifact id: '106ff128c3df331d52489af60ced7a36') in 0.0374641 seconds
Number of updated asset objects reloaded before import = 0Number of asset objects unloaded after import = 9

========================================================================
Received Import Request.
  Time since last request: 0.000022 seconds.
  path: Assets/nappin/OfficeEssentialsPack/Models/(Msh)Microwave.fbx
  artifactKey: Guid(f9bb1fe475c1d144cb7676c5b119fbfe) Importer(2089858483,192608db42251d675da83286b1cce702)
Start importing Assets/nappin/OfficeEssentialsPack/Models/(Msh)Microwave.fbx using Guid(f9bb1fe475c1d144cb7676c5b119fbfe) Importer(2089858483,192608db42251d675da83286b1cce702) (ScriptedImporter) -> (artifact id: 'd8878dfd86a8d34cc1e928f834fe4e53') in 0.0288038 seconds
Number of updated asset objects reloaded before import = 0Number of asset objects unloaded after import = 9

========================================================================
Received Import Request.
  Time since last request: 0.000027 seconds.
  path: Assets/Samples/XR Interaction Toolkit/3.2.1/Starter Assets/DemoSceneAssets/Prefabs/Climb/Multi Floor Ladder.prefab
  artifactKey: Guid(652585f331bff7e44afb8fe71ec2119f) Importer(2089858483,3d70f49cd1c2eb9ae422958d1c652c6b)
Start importing Assets/Samples/XR Interaction Toolkit/3.2.1/Starter Assets/DemoSceneAssets/Prefabs/Climb/Multi Floor Ladder.prefab using Guid(652585f331bff7e44afb8fe71ec2119f) Importer(2089858483,3d70f49cd1c2eb9ae422958d1c652c6b) (ScriptedImporter) -> (artifact id: 'a5912e93d240e4ec2218941999ffaee5') in 0.0891982 seconds
Number of updated asset objects reloaded before import = 0Number of asset objects unloaded after import = 493

========================================================================
Received Import Request.
  Time since last request: 0.000020 seconds.
  path: Assets/MinimalistBedroom/Materials/Wood/Plywood_1k
  artifactKey: Guid(6b75d8378fc94164a9610c6df547f71e) Importer(2089858483,192608db42251d675da83286b1cce702)
Start importing Assets/MinimalistBedroom/Materials/Wood/Plywood_1k using Guid(6b75d8378fc94164a9610c6df547f71e) Importer(2089858483,192608db42251d675da83286b1cce702) (ScriptedImporter) -> (artifact id: '66766feb254ac495842481f16a62597a') in 0.0161986 seconds
Number of updated asset objects reloaded before import = 0Number of asset objects unloaded after import = 1

========================================================================
Received Import Request.
  Time since last request: 0.000020 seconds.
  path: Assets/nappin/OfficeEssentialsPack/Prefabs/(Prb)LoungeChair.prefab
  artifactKey: Guid(3461c8d14bc13bb4384505ad2b8b974f) Importer(2089858483,192608db42251d675da83286b1cce702)
Start importing Assets/nappin/OfficeEssentialsPack/Prefabs/(Prb)LoungeChair.prefab using Guid(3461c8d14bc13bb4384505ad2b8b974f) Importer(2089858483,192608db42251d675da83286b1cce702) (ScriptedImporter) -> (artifact id: 'afd3b2f98eae7734629b9792070bf493') in 0.0342168 seconds
Number of updated asset objects reloaded before import = 0Number of asset objects unloaded after import = 10

========================================================================
Received Import Request.
  Time since last request: 1.987790 seconds.
  path: Assets/nappin/OfficeEssentialsPack/Prefabs/(Prb)Stapler.prefab
  artifactKey: Guid(39ce2aae8ff6f9148acb0e82db36ee1d) Importer(2089858483,192608db42251d675da83286b1cce702)
Start importing Assets/nappin/OfficeEssentialsPack/Prefabs/(Prb)Stapler.prefab using Guid(39ce2aae8ff6f9148acb0e82db36ee1d) Importer(2089858483,192608db42251d675da83286b1cce702) (ScriptedImporter) -> (artifact id: 'd9ecdf3d5ab19f769028203780512115') in 0.0344837 seconds
Number of updated asset objects reloaded before import = 0Number of asset objects unloaded after import = 10

========================================================================
Received Import Request.
  Time since last request: 0.000019 seconds.
  path: Assets/Furniture Mega Pack/Prefabs/Tables/Table36.prefab
  artifactKey: Guid(65cf21ad652fda949930f1873556b3bf) Importer(2089858483,192608db42251d675da83286b1cce702)
Start importing Assets/Furniture Mega Pack/Prefabs/Tables/Table36.prefab using Guid(65cf21ad652fda949930f1873556b3bf) Importer(2089858483,192608db42251d675da83286b1cce702) (ScriptedImporter) -> (artifact id: 'fc37f8a2d5ea615d2229fbbc6b219100') in 0.0372142 seconds
Number of updated asset objects reloaded before import = 0Number of asset objects unloaded after import = 9

========================================================================
Received Import Request.
  Time since last request: 0.000024 seconds.
  path: Assets/nappin/HouseInteriorPack/Models/(Msh)Container2.fbx
  artifactKey: Guid(7cb687ce850f4264283bd6319ea397e7) Importer(2089858483,192608db42251d675da83286b1cce702)
Start importing Assets/nappin/HouseInteriorPack/Models/(Msh)Container2.fbx using Guid(7cb687ce850f4264283bd6319ea397e7) Importer(2089858483,192608db42251d675da83286b1cce702) (ScriptedImporter) -> (artifact id: 'ee7d8ddcf572cbcbdfbfc82a5627fb18') in 0.0351829 seconds
Number of updated asset objects reloaded before import = 0Number of asset objects unloaded after import = 9

========================================================================
Received Import Request.
  Time since last request: 0.000014 seconds.
  path: Assets/nappin/HouseInteriorPack/Models/(Msh)Lamp.fbx
  artifactKey: Guid(a85e9c176161a11478ca8775c372a363) Importer(2089858483,192608db42251d675da83286b1cce702)
Start importing Assets/nappin/HouseInteriorPack/Models/(Msh)Lamp.fbx using Guid(a85e9c176161a11478ca8775c372a363) Importer(2089858483,192608db42251d675da83286b1cce702) (ScriptedImporter) -> (artifact id: '2f24dbac75feccd07f203f71db52e219') in 0.0301426 seconds
Number of updated asset objects reloaded before import = 0Number of asset objects unloaded after import = 9

========================================================================
Received Import Request.
  Time since last request: 0.000018 seconds.
  path: Assets/nappin/HouseInteriorPack
  artifactKey: Guid(b312f3958033d7e498348c6a858dc571) Importer(2089858483,192608db42251d675da83286b1cce702)
Start importing Assets/nappin/HouseInteriorPack using Guid(b312f3958033d7e498348c6a858dc571) Importer(2089858483,192608db42251d675da83286b1cce702) (ScriptedImporter) -> (artifact id: '362c8663d0e7769c3825cf883594261a') in 0.0149749 seconds
Number of updated asset objects reloaded before import = 0Number of asset objects unloaded after import = 1

========================================================================
Received Import Request.
  Time since last request: 0.000015 seconds.
  path: Assets/nappin/HouseInteriorPack/Models/(Msh)Stove.fbx
  artifactKey: Guid(228ce19000934a742bbd1958f0fa1cac) Importer(2089858483,192608db42251d675da83286b1cce702)
Start importing Assets/nappin/HouseInteriorPack/Models/(Msh)Stove.fbx using Guid(228ce19000934a742bbd1958f0fa1cac) Importer(2089858483,192608db42251d675da83286b1cce702) (ScriptedImporter) -> (artifact id: '7054071e1f3bd98a74f8c99404471824') in 0.0420781 seconds
Number of updated asset objects reloaded before import = 0Number of asset objects unloaded after import = 26

========================================================================
Received Import Request.
  Time since last request: 0.000018 seconds.
  path: Assets/nappin/OfficeEssentialsPack/Prefabs/(Prb)Lamp.prefab
  artifactKey: Guid(184025b0b1d332c4db8122de5dd6c499) Importer(2089858483,192608db42251d675da83286b1cce702)
Start importing Assets/nappin/OfficeEssentialsPack/Prefabs/(Prb)Lamp.prefab using Guid(184025b0b1d332c4db8122de5dd6c499) Importer(2089858483,192608db42251d675da83286b1cce702) (ScriptedImporter) -> (artifact id: '0b50d4c51c5c1d036ee9900d8cdc819f') in 0.0247705 seconds
Number of updated asset objects reloaded before import = 0Number of asset objects unloaded after import = 10

========================================================================
Received Import Request.
  Time since last request: 118.420367 seconds.
  path: Assets/Furniture Mega Pack/Textures/Tables/Table02
  artifactKey: Guid(b5adcd1a934fb394db58a2917d35c9fb) Importer(2089858483,192608db42251d675da83286b1cce702)
Start importing Assets/Furniture Mega Pack/Textures/Tables/Table02 using Guid(b5adcd1a934fb394db58a2917d35c9fb) Importer(2089858483,192608db42251d675da83286b1cce702) (ScriptedImporter) -> (artifact id: 'c2b2fb9e2223b284853d973fef730e60') in 0.0117908 seconds
Number of updated asset objects reloaded before import = 0Number of asset objects unloaded after import = 1

========================================================================
Received Import Request.
  Time since last request: 0.000013 seconds.
  path: Assets/Furniture Mega Pack/Prefabs/Kitchen/Refrigerator04.prefab
  artifactKey: Guid(cc124287877ca7744a52425119fdf061) Importer(2089858483,192608db42251d675da83286b1cce702)
Start importing Assets/Furniture Mega Pack/Prefabs/Kitchen/Refrigerator04.prefab using Guid(cc124287877ca7744a52425119fdf061) Importer(2089858483,192608db42251d675da83286b1cce702) (ScriptedImporter) -> (artifact id: '71e9e4c738dc229462f3ce44df0080f6') in 0.0235758 seconds
Number of updated asset objects reloaded before import = 0Number of asset objects unloaded after import = 29

========================================================================
Received Import Request.
  Time since last request: 0.000016 seconds.
  path: Assets/Furniture Mega Pack/Textures/Cushions/Cushion09_16/Cushion09_16_mat_Cushion09_16_AlbedoTransparency.png
  artifactKey: Guid(aacfb11e6be273f43ac09f3dd95acb37) Importer(2089858483,192608db42251d675da83286b1cce702)
Start importing Assets/Furniture Mega Pack/Textures/Cushions/Cushion09_16/Cushion09_16_mat_Cushion09_16_AlbedoTransparency.png using Guid(aacfb11e6be273f43ac09f3dd95acb37) Importer(2089858483,192608db42251d675da83286b1cce702) (ScriptedImporter) -> (artifact id: '02133e6585fa36694d90d6dfcbbd017a') in 0.0203736 seconds
Number of updated asset objects reloaded before import = 0Number of asset objects unloaded after import = 1

========================================================================
Received Import Request.
  Time since last request: 0.000014 seconds.
  path: Assets/Furniture Mega Pack/Scenes/Furniture Mega Pack/LightingData.asset
  artifactKey: Guid(93ad4ebcdc6b5174aa61b07d5204ac64) Importer(2089858483,192608db42251d675da83286b1cce702)
Start importing Assets/Furniture Mega Pack/Scenes/Furniture Mega Pack/LightingData.asset using Guid(93ad4ebcdc6b5174aa61b07d5204ac64) Importer(2089858483,192608db42251d675da83286b1cce702) (ScriptedImporter) -> (artifact id: '0c53e0fb1f7fec36ace865c544b41aa4') in 0.0109315 seconds
Number of updated asset objects reloaded before import = 0Number of asset objects unloaded after import = 2

========================================================================
Received Import Request.
  Time since last request: 0.000023 seconds.
  path: Assets/Furniture Mega Pack/Prefabs/Tables/Table19.prefab
  artifactKey: Guid(093464148e2169e469400ff82cc0c92d) Importer(2089858483,192608db42251d675da83286b1cce702)
Start importing Assets/Furniture Mega Pack/Prefabs/Tables/Table19.prefab using Guid(093464148e2169e469400ff82cc0c92d) Importer(2089858483,192608db42251d675da83286b1cce702) (ScriptedImporter) -> (artifact id: '07ceae4a18ac42cfafe527c317503a96') in 0.0201399 seconds
Number of updated asset objects reloaded before import = 0Number of asset objects unloaded after import = 9

========================================================================
Received Import Request.
  Time since last request: 0.000016 seconds.
  path: Assets/Furniture Mega Pack/Prefabs/Beds/Bed22.prefab
  artifactKey: Guid(e15107e25f4324f4f8bc6de528f57ab4) Importer(2089858483,192608db42251d675da83286b1cce702)
Start importing Assets/Furniture Mega Pack/Prefabs/Beds/Bed22.prefab using Guid(e15107e25f4324f4f8bc6de528f57ab4) Importer(2089858483,192608db42251d675da83286b1cce702) (ScriptedImporter) -> (artifact id: '87cadd72061a99baedc12058b67984e8') in 0.021689 seconds
Number of updated asset objects reloaded before import = 0Number of asset objects unloaded after import = 29

========================================================================
Received Import Request.
  Time since last request: 0.000019 seconds.
  path: Assets/Furniture Mega Pack/Prefabs/Tables/Table21.prefab
  artifactKey: Guid(4b4d69addb4ed2e48a760e89248fbe90) Importer(2089858483,192608db42251d675da83286b1cce702)
Start importing Assets/Furniture Mega Pack/Prefabs/Tables/Table21.prefab using Guid(4b4d69addb4ed2e48a760e89248fbe90) Importer(2089858483,192608db42251d675da83286b1cce702) (ScriptedImporter) -> (artifact id: '0aa7fd476435ceb0dbe3fdff4fab832a') in 0.0221567 seconds
Number of updated asset objects reloaded before import = 0Number of asset objects unloaded after import = 9

========================================================================
Received Import Request.
  Time since last request: 0.000013 seconds.
  path: Assets/Furniture Mega Pack/Prefabs/Beds/Bed47.prefab
  artifactKey: Guid(d3681ab2b2c3b2f4ab8467f3f09bf6ad) Importer(2089858483,192608db42251d675da83286b1cce702)
Start importing Assets/Furniture Mega Pack/Prefabs/Beds/Bed47.prefab using Guid(d3681ab2b2c3b2f4ab8467f3f09bf6ad) Importer(2089858483,192608db42251d675da83286b1cce702) (ScriptedImporter) -> (artifact id: '6b867a835631d4cd2ae06b36c3eee167') in 0.0213194 seconds
Number of updated asset objects reloaded before import = 0Number of asset objects unloaded after import = 9

========================================================================
Received Import Request.
  Time since last request: 0.000018 seconds.
  path: Assets/Furniture Mega Pack/FBX/Table/Table49.fbx
  artifactKey: Guid(e2e64a97ed212214f85d07d275625459) Importer(2089858483,192608db42251d675da83286b1cce702)
Start importing Assets/Furniture Mega Pack/FBX/Table/Table49.fbx using Guid(e2e64a97ed212214f85d07d275625459) Importer(2089858483,192608db42251d675da83286b1cce702) (ScriptedImporter) -> (artifact id: '5050ecaea4bb7d1828ae5835949667e6') in 0.0203374 seconds
Number of updated asset objects reloaded before import = 0Number of asset objects unloaded after import = 8

========================================================================
Received Import Request.
  Time since last request: 0.000016 seconds.
  path: Assets/Furniture Mega Pack/FBX/Bathroom/BathroomVanity06.fbx
  artifactKey: Guid(d98afd2fd9c0b8947b39461797528dc9) Importer(2089858483,192608db42251d675da83286b1cce702)
Start importing Assets/Furniture Mega Pack/FBX/Bathroom/BathroomVanity06.fbx using Guid(d98afd2fd9c0b8947b39461797528dc9) Importer(2089858483,192608db42251d675da83286b1cce702) (ScriptedImporter) -> (artifact id: '6725f2e4f62478e3d3c3b338f94ef24f') in 0.0288884 seconds
Number of updated asset objects reloaded before import = 0Number of asset objects unloaded after import = 10

========================================================================
Received Import Request.
  Time since last request: 0.000015 seconds.
  path: Assets/Furniture Mega Pack/Textures/Tables/Table13/Table13_mat_Table13_AlbedoTransparency.png
  artifactKey: Guid(74ee2a11f066f724f98bf2ff8f1856d7) Importer(2089858483,192608db42251d675da83286b1cce702)
Start importing Assets/Furniture Mega Pack/Textures/Tables/Table13/Table13_mat_Table13_AlbedoTransparency.png using Guid(74ee2a11f066f724f98bf2ff8f1856d7) Importer(2089858483,192608db42251d675da83286b1cce702) (ScriptedImporter) -> (artifact id: 'f8aee2a5b6ecdd9880b157ad38568df4') in 0.0210335 seconds
Number of updated asset objects reloaded before import = 0Number of asset objects unloaded after import = 1

========================================================================
Received Import Request.
  Time since last request: 0.000023 seconds.
  path: Assets/Furniture Mega Pack/Prefabs/Sofas/Sofa20.prefab
  artifactKey: Guid(745d379c87c10924cae53e6d5c985ead) Importer(2089858483,192608db42251d675da83286b1cce702)
Start importing Assets/Furniture Mega Pack/Prefabs/Sofas/Sofa20.prefab using Guid(745d379c87c10924cae53e6d5c985ead) Importer(2089858483,192608db42251d675da83286b1cce702) (ScriptedImporter) -> (artifact id: '3e53d080a97c39df6f5c943ab892ed72') in 0.0215086 seconds
Number of updated asset objects reloaded before import = 0Number of asset objects unloaded after import = 9

========================================================================
Received Import Request.
  Time since last request: 0.000011 seconds.
  path: Assets/Furniture Mega Pack/FBX/Chair/Chair49.fbx
  artifactKey: Guid(c481082d331158b4687bca23c89552dc) Importer(2089858483,192608db42251d675da83286b1cce702)
Start importing Assets/Furniture Mega Pack/FBX/Chair/Chair49.fbx using Guid(c481082d331158b4687bca23c89552dc) Importer(2089858483,192608db42251d675da83286b1cce702) (ScriptedImporter) -> (artifact id: '98cbc80d9f7cc8df4a01632be23da4b4') in 0.0268335 seconds
Number of updated asset objects reloaded before import = 0Number of asset objects unloaded after import = 10

========================================================================
Received Import Request.
  Time since last request: 0.000013 seconds.
  path: Assets/Furniture Mega Pack/Prefabs/Kitchen/CabinetE04.prefab
  artifactKey: Guid(6fcd30bdbae1ac245917ab3a0f196aeb) Importer(2089858483,192608db42251d675da83286b1cce702)
Start importing Assets/Furniture Mega Pack/Prefabs/Kitchen/CabinetE04.prefab using Guid(6fcd30bdbae1ac245917ab3a0f196aeb) Importer(2089858483,192608db42251d675da83286b1cce702) (ScriptedImporter) -> (artifact id: 'b140859919fc756f2cf5f797e4ae550c') in 0.0202896 seconds
Number of updated asset objects reloaded before import = 0Number of asset objects unloaded after import = 19

========================================================================
Received Import Request.
  Time since last request: 0.000010 seconds.
  path: Assets/Furniture Mega Pack/FBX/Table/Table24.fbx
  artifactKey: Guid(9334820b417049449be2f8fa4a961647) Importer(2089858483,192608db42251d675da83286b1cce702)
Start importing Assets/Furniture Mega Pack/FBX/Table/Table24.fbx using Guid(9334820b417049449be2f8fa4a961647) Importer(2089858483,192608db42251d675da83286b1cce702) (ScriptedImporter) -> (artifact id: 'a559203415b0ed3ae972ff185a2ad7a1') in 0.0202766 seconds
Number of updated asset objects reloaded before import = 0Number of asset objects unloaded after import = 8

========================================================================
Received Import Request.
  Time since last request: 0.000011 seconds.
  path: Assets/Furniture Mega Pack/Textures/Tables/Table03
  artifactKey: Guid(86703d80d75e746408e43f8024f50a3b) Importer(2089858483,192608db42251d675da83286b1cce702)
Start importing Assets/Furniture Mega Pack/Textures/Tables/Table03 using Guid(86703d80d75e746408e43f8024f50a3b) Importer(2089858483,192608db42251d675da83286b1cce702) (ScriptedImporter) -> (artifact id: '9be92f69a82b441cc7a90e5c8d66af5a') in 0.0109033 seconds
Number of updated asset objects reloaded before import = 0Number of asset objects unloaded after import = 1

========================================================================
Received Import Request.
  Time since last request: 0.000013 seconds.
  path: Assets/Furniture Mega Pack/Textures/Tables/Table25/Table25_mat_Table25_MetallicSmoothness.png
  artifactKey: Guid(5da4f208116f98b4ea0bdda21018319c) Importer(2089858483,192608db42251d675da83286b1cce702)
Start importing Assets/Furniture Mega Pack/Textures/Tables/Table25/Table25_mat_Table25_MetallicSmoothness.png using Guid(5da4f208116f98b4ea0bdda21018319c) Importer(2089858483,192608db42251d675da83286b1cce702) (ScriptedImporter) -> (artifact id: 'bcdb1cc05775763e6b9155a6c340920a') in 0.0221341 seconds
Number of updated asset objects reloaded before import = 0Number of asset objects unloaded after import = 1

========================================================================
Received Import Request.
  Time since last request: 0.000015 seconds.
  path: Assets/Furniture Mega Pack/Materials/Sofa/mat_Sofa30.mat
  artifactKey: Guid(1d8030ad6346200439c97e0214dffb54) Importer(2089858483,192608db42251d675da83286b1cce702)
Start importing Assets/Furniture Mega Pack/Materials/Sofa/mat_Sofa30.mat using Guid(1d8030ad6346200439c97e0214dffb54) Importer(2089858483,192608db42251d675da83286b1cce702) (ScriptedImporter) -> (artifact id: '309bb0b38e543199ff907254bb5896a2') in 0.0242574 seconds
Number of updated asset objects reloaded before import = 0Number of asset objects unloaded after import = 4

========================================================================
Received Import Request.
  Time since last request: 0.000023 seconds.
  path: Assets/Furniture Mega Pack/FBX/Closet/Closet04.fbx
  artifactKey: Guid(9bc887a0a5e7a1847b68335b874499ae) Importer(2089858483,192608db42251d675da83286b1cce702)
Start importing Assets/Furniture Mega Pack/FBX/Closet/Closet04.fbx using Guid(9bc887a0a5e7a1847b68335b874499ae) Importer(2089858483,192608db42251d675da83286b1cce702) (ScriptedImporter) -> (artifact id: '7c4dd8076768f42a23cf9a7f92304140') in 0.0242756 seconds
Number of updated asset objects reloaded before import = 0Number of asset objects unloaded after import = 10

========================================================================
Received Import Request.
  Time since last request: 0.000012 seconds.
  path: Assets/Furniture Mega Pack/Prefabs/Kitchen/GasStove05.prefab
  artifactKey: Guid(c04a2c3fec6c47444920f7959c2dc1c0) Importer(2089858483,192608db42251d675da83286b1cce702)
Start importing Assets/Furniture Mega Pack/Prefabs/Kitchen/GasStove05.prefab using Guid(c04a2c3fec6c47444920f7959c2dc1c0) Importer(2089858483,192608db42251d675da83286b1cce702) (ScriptedImporter) -> (artifact id: '127d8332076fc17fb6062fdd45f15d19') in 0.0215372 seconds
Number of updated asset objects reloaded before import = 0Number of asset objects unloaded after import = 19

========================================================================
Received Import Request.
  Time since last request: 0.000014 seconds.
  path: Assets/Furniture Mega Pack/Textures/Bed/Mattress/AtlasTexture_Mattress_DefaultMaterial_AlbedoTransparency.png
  artifactKey: Guid(ee198704a6c9c644989fb2e7fa702efe) Importer(2089858483,192608db42251d675da83286b1cce702)
Start importing Assets/Furniture Mega Pack/Textures/Bed/Mattress/AtlasTexture_Mattress_DefaultMaterial_AlbedoTransparency.png using Guid(ee198704a6c9c644989fb2e7fa702efe) Importer(2089858483,192608db42251d675da83286b1cce702) (ScriptedImporter) -> (artifact id: '0d509f420eabcbf56abce026a621c394') in 0.0182831 seconds
Number of updated asset objects reloaded before import = 0Number of asset objects unloaded after import = 1

========================================================================
Received Import Request.
  Time since last request: 0.000013 seconds.
  path: Assets/Furniture Mega Pack/Prefabs/Kitchen/CabinetG05.prefab
  artifactKey: Guid(1d007e8e41200ff41bb826eedf06f6ff) Importer(2089858483,192608db42251d675da83286b1cce702)
Start importing Assets/Furniture Mega Pack/Prefabs/Kitchen/CabinetG05.prefab using Guid(1d007e8e41200ff41bb826eedf06f6ff) Importer(2089858483,192608db42251d675da83286b1cce702) (ScriptedImporter) -> (artifact id: '54af69b2e08e451b1bd9a08be7a461e3') in 0.0198235 seconds
Number of updated asset objects reloaded before import = 0Number of asset objects unloaded after import = 14

========================================================================
Received Import Request.
  Time since last request: 0.000013 seconds.
  path: Assets/Furniture Mega Pack/FBX/Chair/Chair34.fbx
  artifactKey: Guid(8768353715acb864096bc7379f3d5af4) Importer(2089858483,192608db42251d675da83286b1cce702)
Start importing Assets/Furniture Mega Pack/FBX/Chair/Chair34.fbx using Guid(8768353715acb864096bc7379f3d5af4) Importer(2089858483,192608db42251d675da83286b1cce702) (ScriptedImporter) -> (artifact id: '322985ee47d25fc0fd4790dacd93911c') in 0.0288408 seconds
Number of updated asset objects reloaded before import = 0Number of asset objects unloaded after import = 10

========================================================================
Received Import Request.
  Time since last request: 0.000015 seconds.
  path: Assets/Furniture Mega Pack/Textures/Sofas/Sofa26
  artifactKey: Guid(3e499735eec2a9d48be99cfb21e25e7e) Importer(2089858483,192608db42251d675da83286b1cce702)
Start importing Assets/Furniture Mega Pack/Textures/Sofas/Sofa26 using Guid(3e499735eec2a9d48be99cfb21e25e7e) Importer(2089858483,192608db42251d675da83286b1cce702) (ScriptedImporter) -> (artifact id: '2af1dd70f343148b62e553877416a405') in 0.012831 seconds
Number of updated asset objects reloaded before import = 0Number of asset objects unloaded after import = 1

========================================================================
Received Import Request.
  Time since last request: 0.000016 seconds.
  path: Assets/Furniture Mega Pack/Materials/Bed/mat_Blanket.mat
  artifactKey: Guid(874b8eea622f60640aa3c1d6b6d9d8f5) Importer(2089858483,192608db42251d675da83286b1cce702)
Start importing Assets/Furniture Mega Pack/Materials/Bed/mat_Blanket.mat using Guid(874b8eea622f60640aa3c1d6b6d9d8f5) Importer(2089858483,192608db42251d675da83286b1cce702) (ScriptedImporter) -> (artifact id: '059bc3ba9dc195f0a94b8fe5dcdd9d04') in 0.0178432 seconds
Number of updated asset objects reloaded before import = 0Number of asset objects unloaded after import = 4

========================================================================
Received Import Request.
  Time since last request: 0.000019 seconds.
  path: Assets/Furniture Mega Pack/Materials/Table/mat_Table50.mat
  artifactKey: Guid(89b248fa5ba0eba4286679b595523f18) Importer(2089858483,192608db42251d675da83286b1cce702)
Start importing Assets/Furniture Mega Pack/Materials/Table/mat_Table50.mat using Guid(89b248fa5ba0eba4286679b595523f18) Importer(2089858483,192608db42251d675da83286b1cce702) (ScriptedImporter) -> (artifact id: '25197f2e5f5554e15f3dbe4a57513534') in 0.0203152 seconds
Number of updated asset objects reloaded before import = 0Number of asset objects unloaded after import = 4

========================================================================
Received Import Request.
  Time since last request: 0.000010 seconds.
  path: Assets/Furniture Mega Pack/Materials/Chair/mat_Chair15.mat
  artifactKey: Guid(2b4e69c7daf06c0469a9a93574fb24ec) Importer(2089858483,192608db42251d675da83286b1cce702)
Start importing Assets/Furniture Mega Pack/Materials/Chair/mat_Chair15.mat using Guid(2b4e69c7daf06c0469a9a93574fb24ec) Importer(2089858483,192608db42251d675da83286b1cce702) (ScriptedImporter) -> (artifact id: '7ea35fb80d5c0a382fa7e17b7e40a737') in 0.020194 seconds
Number of updated asset objects reloaded before import = 0Number of asset objects unloaded after import = 4

========================================================================
Received Import Request.
  Time since last request: 0.000014 seconds.
  path: Assets/Furniture Mega Pack/Textures/Sofas/Sofa26/Sofa26_mat_Sofa26_AlbedoTransparency.png
  artifactKey: Guid(2e16cf2008c8c434f96497ec3817d500) Importer(2089858483,192608db42251d675da83286b1cce702)
Start importing Assets/Furniture Mega Pack/Textures/Sofas/Sofa26/Sofa26_mat_Sofa26_AlbedoTransparency.png using Guid(2e16cf2008c8c434f96497ec3817d500) Importer(2089858483,192608db42251d675da83286b1cce702) (ScriptedImporter) -> (artifact id: '81dcc64814db4565519d252208226c9d') in 0.0199471 seconds
Number of updated asset objects reloaded before import = 0Number of asset objects unloaded after import = 1

========================================================================
Received Import Request.
  Time since last request: 0.000014 seconds.
  path: Assets/Furniture Mega Pack/Prefabs/Tables/Table15.prefab
  artifactKey: Guid(e8ef6a6c27998154db521baed6da7982) Importer(2089858483,192608db42251d675da83286b1cce702)
Start importing Assets/Furniture Mega Pack/Prefabs/Tables/Table15.prefab using Guid(e8ef6a6c27998154db521baed6da7982) Importer(2089858483,192608db42251d675da83286b1cce702) (ScriptedImporter) -> (artifact id: 'ef7eb4260cd658b4fc4e8cbd01966f40') in 0.0206056 seconds
Number of updated asset objects reloaded before import = 0Number of asset objects unloaded after import = 9

========================================================================
Received Import Request.
  Time since last request: 0.000014 seconds.
  path: Assets/Furniture Mega Pack/FBX/Drawer/Drawer45.fbx
  artifactKey: Guid(2dc91f3d47ca06c429bd817b63347936) Importer(2089858483,192608db42251d675da83286b1cce702)
Start importing Assets/Furniture Mega Pack/FBX/Drawer/Drawer45.fbx using Guid(2dc91f3d47ca06c429bd817b63347936) Importer(2089858483,192608db42251d675da83286b1cce702) (ScriptedImporter) -> (artifact id: 'a39515418923cd94d8f1facfbc65ee0a') in 0.034462 seconds
Number of updated asset objects reloaded before import = 0Number of asset objects unloaded after import = 55

========================================================================
Received Import Request.
  Time since last request: 0.000014 seconds.
  path: Assets/Furniture Mega Pack/Textures/Tables/Table37
  artifactKey: Guid(4241ef933184ba340b8c4e01c868b841) Importer(2089858483,192608db42251d675da83286b1cce702)
Start importing Assets/Furniture Mega Pack/Textures/Tables/Table37 using Guid(4241ef933184ba340b8c4e01c868b841) Importer(2089858483,192608db42251d675da83286b1cce702) (ScriptedImporter) -> (artifact id: 'cd2818672d83a952ac1e75f2d731060d') in 0.0104536 seconds
Number of updated asset objects reloaded before import = 0Number of asset objects unloaded after import = 1

========================================================================
Received Import Request.
  Time since last request: 0.000020 seconds.
  path: Assets/Furniture Mega Pack/FBX/Chair/Chair17.fbx
  artifactKey: Guid(29a16012e20b4344cbd34e0035fd4789) Importer(2089858483,192608db42251d675da83286b1cce702)
Start importing Assets/Furniture Mega Pack/FBX/Chair/Chair17.fbx using Guid(29a16012e20b4344cbd34e0035fd4789) Importer(2089858483,192608db42251d675da83286b1cce702) (ScriptedImporter) -> (artifact id: '861b6e53858eef058c5c252e88073e73') in 0.0264449 seconds
Number of updated asset objects reloaded before import = 0Number of asset objects unloaded after import = 10

========================================================================
Received Import Request.
  Time since last request: 0.000012 seconds.
  path: Assets/Furniture Mega Pack/Textures/Chairs/Chair31/Chair31_mat_Chair31_AlbedoTransparency.png
  artifactKey: Guid(34087fcf3d4596a4c8df954de74dcd15) Importer(2089858483,192608db42251d675da83286b1cce702)
Start importing Assets/Furniture Mega Pack/Textures/Chairs/Chair31/Chair31_mat_Chair31_AlbedoTransparency.png using Guid(34087fcf3d4596a4c8df954de74dcd15) Importer(2089858483,192608db42251d675da83286b1cce702) (ScriptedImporter) -> (artifact id: 'b99cd78d83aa5ce57e395d9b8b2c0832') in 0.0184031 seconds
Number of updated asset objects reloaded before import = 0Number of asset objects unloaded after import = 1

========================================================================
Received Import Request.
  Time since last request: 0.000013 seconds.
  path: Assets/Furniture Mega Pack/FBX/Drawer/Drawer28.fbx
  artifactKey: Guid(a10437884ef100049b07b218beb16c91) Importer(2089858483,192608db42251d675da83286b1cce702)
Start importing Assets/Furniture Mega Pack/FBX/Drawer/Drawer28.fbx using Guid(a10437884ef100049b07b218beb16c91) Importer(2089858483,192608db42251d675da83286b1cce702) (ScriptedImporter) -> (artifact id: '819d7719ba38401c3debcb6a0420810c') in 0.0268939 seconds
Number of updated asset objects reloaded before import = 0Number of asset objects unloaded after import = 25

========================================================================
Received Import Request.
  Time since last request: 0.000011 seconds.
  path: Assets/Furniture Mega Pack/Textures/Chairs/Chair02
  artifactKey: Guid(694b51160e434a440aad45566d08fc6a) Importer(2089858483,192608db42251d675da83286b1cce702)
Start importing Assets/Furniture Mega Pack/Textures/Chairs/Chair02 using Guid(694b51160e434a440aad45566d08fc6a) Importer(2089858483,192608db42251d675da83286b1cce702) (ScriptedImporter) -> (artifact id: '3829ff25df5b08d8fdbdf3452536537a') in 0.0086341 seconds
Number of updated asset objects reloaded before import = 0Number of asset objects unloaded after import = 1

========================================================================
Received Import Request.
  Time since last request: 0.000013 seconds.
  path: Assets/Furniture Mega Pack/Prefabs/Drawers/Drawer25.prefab
  artifactKey: Guid(cb182a5da66d85a4081e4740fabcfd95) Importer(2089858483,192608db42251d675da83286b1cce702)
Start importing Assets/Furniture Mega Pack/Prefabs/Drawers/Drawer25.prefab using Guid(cb182a5da66d85a4081e4740fabcfd95) Importer(2089858483,192608db42251d675da83286b1cce702) (ScriptedImporter) -> (artifact id: 'e2224399cc0a4d25a418a96047b212ac') in 0.0209409 seconds
Number of updated asset objects reloaded before import = 0Number of asset objects unloaded after import = 24

========================================================================
Received Import Request.
  Time since last request: 0.961287 seconds.
  path: Assets/Furniture Mega Pack/Textures/Tables/Table05/Table05_mat_Table05_MetallicSmoothness.png
  artifactKey: Guid(07cb7edd6301ed34db7478d5ca340c28) Importer(2089858483,192608db42251d675da83286b1cce702)
Start importing Assets/Furniture Mega Pack/Textures/Tables/Table05/Table05_mat_Table05_MetallicSmoothness.png using Guid(07cb7edd6301ed34db7478d5ca340c28) Importer(2089858483,192608db42251d675da83286b1cce702) (ScriptedImporter) -> (artifact id: 'fb6156a1e315b0f02d26f07ec9ef6193') in 0.0192745 seconds
Number of updated asset objects reloaded before import = 0Number of asset objects unloaded after import = 1

========================================================================
Received Import Request.
  Time since last request: 0.000012 seconds.
  path: Assets/Furniture Mega Pack/Materials/Chair/mat_Chair03.mat
  artifactKey: Guid(8e64e4026474e834082679934c002d22) Importer(2089858483,192608db42251d675da83286b1cce702)
Start importing Assets/Furniture Mega Pack/Materials/Chair/mat_Chair03.mat using Guid(8e64e4026474e834082679934c002d22) Importer(2089858483,192608db42251d675da83286b1cce702) (ScriptedImporter) -> (artifact id: 'c0e3d4bf78dfe4a9486c37255f473fa8') in 0.0194933 seconds
Number of updated asset objects reloaded before import = 0Number of asset objects unloaded after import = 4

========================================================================
Received Import Request.
  Time since last request: 0.000011 seconds.
  path: Assets/Furniture Mega Pack/Textures/Tables/Table28/Table28_mat_Table28_AlbedoTransparency.png
  artifactKey: Guid(cde39f56ef98fc448868ada4cf53976c) Importer(2089858483,192608db42251d675da83286b1cce702)
Start importing Assets/Furniture Mega Pack/Textures/Tables/Table28/Table28_mat_Table28_AlbedoTransparency.png using Guid(cde39f56ef98fc448868ada4cf53976c) Importer(2089858483,192608db42251d675da83286b1cce702) (ScriptedImporter) -> (artifact id: '065c454da644cea39946ed44d9577985') in 0.0201821 seconds
Number of updated asset objects reloaded before import = 0Number of asset objects unloaded after import = 1

========================================================================
Received Import Request.
  Time since last request: 0.000011 seconds.
  path: Assets/Furniture Mega Pack/Textures/Bed/BedFrame
  artifactKey: Guid(fc51fe8dfc9fa604e9d6fa0dbe05f103) Importer(2089858483,192608db42251d675da83286b1cce702)
Start importing Assets/Furniture Mega Pack/Textures/Bed/BedFrame using Guid(fc51fe8dfc9fa604e9d6fa0dbe05f103) Importer(2089858483,192608db42251d675da83286b1cce702) (ScriptedImporter) -> (artifact id: '2a9c1d85217ec78a8c406a1ed3902e37') in 0.010491 seconds
Number of updated asset objects reloaded before import = 0Number of asset objects unloaded after import = 1

========================================================================
Received Import Request.
  Time since last request: 0.000020 seconds.
  path: Assets/Furniture Mega Pack/FBX/Kitchen/Refrigerator02.fbx
  artifactKey: Guid(48b131eaa5e5418409bae4d145da0d10) Importer(2089858483,192608db42251d675da83286b1cce702)
Start importing Assets/Furniture Mega Pack/FBX/Kitchen/Refrigerator02.fbx using Guid(48b131eaa5e5418409bae4d145da0d10) Importer(2089858483,192608db42251d675da83286b1cce702) (ScriptedImporter) -> (artifact id: 'bb05a7b6ece97c7acbe0cbecd6a99ce7') in 0.0266534 seconds
Number of updated asset objects reloaded before import = 0Number of asset objects unloaded after import = 20

========================================================================
Received Import Request.
  Time since last request: 0.000011 seconds.
  path: Assets/Furniture Mega Pack/FBX/Drawer/Drawer43.fbx
  artifactKey: Guid(4acdc0d8d06af3c47b6240c65fa3b94c) Importer(2089858483,192608db42251d675da83286b1cce702)
Start importing Assets/Furniture Mega Pack/FBX/Drawer/Drawer43.fbx using Guid(4acdc0d8d06af3c47b6240c65fa3b94c) Importer(2089858483,192608db42251d675da83286b1cce702) (ScriptedImporter) -> (artifact id: '8542d0d04a613274e51a9fc9f716a051') in 0.0266718 seconds
Number of updated asset objects reloaded before import = 0Number of asset objects unloaded after import = 25

========================================================================
Received Import Request.
  Time since last request: 0.000013 seconds.
  path: Assets/Furniture Mega Pack/FBX/Kitchen/KitchenExhaust07.fbx
  artifactKey: Guid(1665732830c9fa4488d5d1f141f96581) Importer(2089858483,192608db42251d675da83286b1cce702)
Start importing Assets/Furniture Mega Pack/FBX/Kitchen/KitchenExhaust07.fbx using Guid(1665732830c9fa4488d5d1f141f96581) Importer(2089858483,192608db42251d675da83286b1cce702) (ScriptedImporter) -> (artifact id: '5fccaf67c177241062bfd72ebccf2f0c') in 0.0244948 seconds
Number of updated asset objects reloaded before import = 0Number of asset objects unloaded after import = 10

========================================================================
Received Import Request.
  Time since last request: 0.000013 seconds.
  path: Assets/Furniture Mega Pack/Prefabs/Chairs/Chair35.prefab
  artifactKey: Guid(fece71a7eef3a0b408e17c52646f6665) Importer(2089858483,192608db42251d675da83286b1cce702)
Start importing Assets/Furniture Mega Pack/Prefabs/Chairs/Chair35.prefab using Guid(fece71a7eef3a0b408e17c52646f6665) Importer(2089858483,192608db42251d675da83286b1cce702) (ScriptedImporter) -> (artifact id: '55d32a68249502ce94bb54d1494d0898') in 0.020461 seconds
Number of updated asset objects reloaded before import = 0Number of asset objects unloaded after import = 9

========================================================================
Received Import Request.
  Time since last request: 0.000010 seconds.
  path: Assets/Furniture Mega Pack/Prefabs/Closets/Closet21.prefab
  artifactKey: Guid(8cd1c61e73f2ea34b959a16c1d151104) Importer(2089858483,192608db42251d675da83286b1cce702)
Start importing Assets/Furniture Mega Pack/Prefabs/Closets/Closet21.prefab using Guid(8cd1c61e73f2ea34b959a16c1d151104) Importer(2089858483,192608db42251d675da83286b1cce702) (ScriptedImporter) -> (artifact id: 'a949afa500307c26956e6d6388d13641') in 0.0196455 seconds
Number of updated asset objects reloaded before import = 0Number of asset objects unloaded after import = 19

========================================================================
Received Import Request.
  Time since last request: 0.000012 seconds.
  path: Assets/Furniture Mega Pack/FBX/Closet/Closet13.fbx
  artifactKey: Guid(7489700105ece174abff46080c201532) Importer(2089858483,192608db42251d675da83286b1cce702)
Start importing Assets/Furniture Mega Pack/FBX/Closet/Closet13.fbx using Guid(7489700105ece174abff46080c201532) Importer(2089858483,192608db42251d675da83286b1cce702) (ScriptedImporter) -> (artifact id: '292a1feb25fba80d6c33f595adc27d79') in 0.0236426 seconds
Number of updated asset objects reloaded before import = 0Number of asset objects unloaded after import = 10

========================================================================
Received Import Request.
  Time since last request: 0.000023 seconds.
  path: Assets/Furniture Mega Pack/Prefabs/Sofas/Sofa39.prefab
  artifactKey: Guid(9b18d9b611c7bfa498b1648e38266f38) Importer(2089858483,192608db42251d675da83286b1cce702)
Start importing Assets/Furniture Mega Pack/Prefabs/Sofas/Sofa39.prefab using Guid(9b18d9b611c7bfa498b1648e38266f38) Importer(2089858483,192608db42251d675da83286b1cce702) (ScriptedImporter) -> (artifact id: 'cf0fd4489f08d5225080f8a7eb668336') in 0.0206629 seconds
Number of updated asset objects reloaded before import = 0Number of asset objects unloaded after import = 9

========================================================================
Received Import Request.
  Time since last request: 0.000016 seconds.
  path: Assets/Furniture Mega Pack/Prefabs/Drawers/Drawer27.prefab
  artifactKey: Guid(b4b4a1a80ae94f840b1f6346c5e09bd7) Importer(2089858483,192608db42251d675da83286b1cce702)
Start importing Assets/Furniture Mega Pack/Prefabs/Drawers/Drawer27.prefab using Guid(b4b4a1a80ae94f840b1f6346c5e09bd7) Importer(2089858483,192608db42251d675da83286b1cce702) (ScriptedImporter) -> (artifact id: '10331968057191759782bc2bc7470377') in 0.0193725 seconds
Number of updated asset objects reloaded before import = 0Number of asset objects unloaded after import = 24

========================================================================
Received Import Request.
  Time since last request: 0.000013 seconds.
  path: Assets/Furniture Mega Pack/Prefabs/Cushioins/Cushion21.prefab
  artifactKey: Guid(9e912921ecd42ab4282887df601ee60c) Importer(2089858483,192608db42251d675da83286b1cce702)
Start importing Assets/Furniture Mega Pack/Prefabs/Cushioins/Cushion21.prefab using Guid(9e912921ecd42ab4282887df601ee60c) Importer(2089858483,192608db42251d675da83286b1cce702) (ScriptedImporter) -> (artifact id: 'dae97531393e43fd051eb61b7d14d8de') in 0.0216188 seconds
Number of updated asset objects reloaded before import = 0Number of asset objects unloaded after import = 9

========================================================================
Received Import Request.
  Time since last request: 0.000012 seconds.
  path: Assets/Furniture Mega Pack/Textures/Tables/Table10/Table10_mat_Table10_AlbedoTransparency.png
  artifactKey: Guid(a4ba63cad86e48f40bfc0df405e8091e) Importer(2089858483,192608db42251d675da83286b1cce702)
Start importing Assets/Furniture Mega Pack/Textures/Tables/Table10/Table10_mat_Table10_AlbedoTransparency.png using Guid(a4ba63cad86e48f40bfc0df405e8091e) Importer(2089858483,192608db42251d675da83286b1cce702) (ScriptedImporter) -> (artifact id: 'de8dc6dcb24afa626f2a1f10a1464402') in 0.0200727 seconds
Number of updated asset objects reloaded before import = 0Number of asset objects unloaded after import = 1

========================================================================
Received Import Request.
  Time since last request: 0.000014 seconds.
  path: Assets/Furniture Mega Pack/FBX/Chair/Chair02.fbx
  artifactKey: Guid(82fd0f1caa54e2c4fbfb238ae27332ec) Importer(2089858483,192608db42251d675da83286b1cce702)
Start importing Assets/Furniture Mega Pack/FBX/Chair/Chair02.fbx using Guid(82fd0f1caa54e2c4fbfb238ae27332ec) Importer(2089858483,192608db42251d675da83286b1cce702) (ScriptedImporter) -> (artifact id: '0cf2d78da8594088a23b0909850b884a') in 0.0229699 seconds
Number of updated asset objects reloaded before import = 0Number of asset objects unloaded after import = 10

========================================================================
Received Import Request.
  Time since last request: 0.000011 seconds.
  path: Assets/Furniture Mega Pack/Textures/Chairs/Chair43/Chair43_mat_Chair43_MetallicSmoothness.png
  artifactKey: Guid(407e0e0efa9107840b40487c2900e658) Importer(2089858483,192608db42251d675da83286b1cce702)
Start importing Assets/Furniture Mega Pack/Textures/Chairs/Chair43/Chair43_mat_Chair43_MetallicSmoothness.png using Guid(407e0e0efa9107840b40487c2900e658) Importer(2089858483,192608db42251d675da83286b1cce702) (ScriptedImporter) -> (artifact id: 'ab06e537be71d98ee55547c537485446') in 0.0214835 seconds
Number of updated asset objects reloaded before import = 0Number of asset objects unloaded after import = 1

========================================================================
Received Import Request.
  Time since last request: 0.000017 seconds.
  path: Assets/Furniture Mega Pack/Prefabs/Cushioins/Cushion44.prefab
  artifactKey: Guid(f8f60c405403a4444b3a9a2ece33709a) Importer(2089858483,192608db42251d675da83286b1cce702)
Start importing Assets/Furniture Mega Pack/Prefabs/Cushioins/Cushion44.prefab using Guid(f8f60c405403a4444b3a9a2ece33709a) Importer(2089858483,192608db42251d675da83286b1cce702) (ScriptedImporter) -> (artifact id: '485fabedebcf236fb6d194db9bb0df31') in 0.0207206 seconds
Number of updated asset objects reloaded before import = 0Number of asset objects unloaded after import = 9

========================================================================
Received Import Request.
  Time since last request: 0.000018 seconds.
  path: Assets/Furniture Mega Pack/Prefabs/Tables/Table44.prefab
  artifactKey: Guid(3cf6a094c1321824b94d2315f31593eb) Importer(2089858483,192608db42251d675da83286b1cce702)
Start importing Assets/Furniture Mega Pack/Prefabs/Tables/Table44.prefab using Guid(3cf6a094c1321824b94d2315f31593eb) Importer(2089858483,192608db42251d675da83286b1cce702) (ScriptedImporter) -> (artifact id: '7be95f0a8da179e3b0cdd25cece9eba2') in 0.0201119 seconds
Number of updated asset objects reloaded before import = 0Number of asset objects unloaded after import = 9

========================================================================
Received Import Request.
  Time since last request: 0.000014 seconds.
  path: Assets/Furniture Mega Pack/Prefabs/Beds/Bed26.prefab
  artifactKey: Guid(e18a2c65597f85f458ccad550bd2fd26) Importer(2089858483,192608db42251d675da83286b1cce702)
Start importing Assets/Furniture Mega Pack/Prefabs/Beds/Bed26.prefab using Guid(e18a2c65597f85f458ccad550bd2fd26) Importer(2089858483,192608db42251d675da83286b1cce702) (ScriptedImporter) -> (artifact id: '4fef656821d5333b5cccc944295f215e') in 0.0214244 seconds
Number of updated asset objects reloaded before import = 0Number of asset objects unloaded after import = 29

========================================================================
Received Import Request.
  Time since last request: 0.000012 seconds.
  path: Assets/Furniture Mega Pack/Prefabs/Beds/Bed46.prefab
  artifactKey: Guid(7fce52c46217d1a489f425879ffe8834) Importer(2089858483,192608db42251d675da83286b1cce702)
Start importing Assets/Furniture Mega Pack/Prefabs/Beds/Bed46.prefab using Guid(7fce52c46217d1a489f425879ffe8834) Importer(2089858483,192608db42251d675da83286b1cce702) (ScriptedImporter) -> (artifact id: 'f38ec4a3a47810fa25a3031df311f79c') in 0.0193028 seconds
Number of updated asset objects reloaded before import = 0Number of asset objects unloaded after import = 9

========================================================================
Received Import Request.
  Time since last request: 0.000012 seconds.
  path: Assets/Furniture Mega Pack/Textures/Chairs/Chair27/Chair27_mat_Chair27_MetallicSmoothness.png
  artifactKey: Guid(a973ee870a990244b8bda3ca5bd60bbf) Importer(2089858483,192608db42251d675da83286b1cce702)
Start importing Assets/Furniture Mega Pack/Textures/Chairs/Chair27/Chair27_mat_Chair27_MetallicSmoothness.png using Guid(a973ee870a990244b8bda3ca5bd60bbf) Importer(2089858483,192608db42251d675da83286b1cce702) (ScriptedImporter) -> (artifact id: '1b407498cec03d479c766f9b0c4fdd06') in 0.0192194 seconds
Number of updated asset objects reloaded before import = 0Number of asset objects unloaded after import = 1

========================================================================
Received Import Request.
  Time since last request: 0.000011 seconds.
  path: Assets/Furniture Mega Pack/Prefabs/Closets/Closet45.prefab
  artifactKey: Guid(b45adcd97e88a6e48b78ca2b07b9241f) Importer(2089858483,192608db42251d675da83286b1cce702)
Start importing Assets/Furniture Mega Pack/Prefabs/Closets/Closet45.prefab using Guid(b45adcd97e88a6e48b78ca2b07b9241f) Importer(2089858483,192608db42251d675da83286b1cce702) (ScriptedImporter) -> (artifact id: '69a6b0e35da4e3cad376566315a50aac') in 0.0199608 seconds
Number of updated asset objects reloaded before import = 0Number of asset objects unloaded after import = 14

========================================================================
Received Import Request.
  Time since last request: 0.000013 seconds.
  path: Assets/Furniture Mega Pack/Textures/Sofas/Sofa09
  artifactKey: Guid(5216c25dfc32d0c43aec4e606f2364ab) Importer(2089858483,192608db42251d675da83286b1cce702)
Start importing Assets/Furniture Mega Pack/Textures/Sofas/Sofa09 using Guid(5216c25dfc32d0c43aec4e606f2364ab) Importer(2089858483,192608db42251d675da83286b1cce702) (ScriptedImporter) -> (artifact id: '523b2376b1d3abef76e90cb9b75d18b7') in 0.0108277 seconds
Number of updated asset objects reloaded before import = 0Number of asset objects unloaded after import = 1

========================================================================
Received Import Request.
  Time since last request: 0.000016 seconds.
  path: Assets/Furniture Mega Pack/Prefabs/Cushioins/Cushion49.prefab
  artifactKey: Guid(32335d9d3678a1f4d877679d8be0e82f) Importer(2089858483,192608db42251d675da83286b1cce702)
Start importing Assets/Furniture Mega Pack/Prefabs/Cushioins/Cushion49.prefab using Guid(32335d9d3678a1f4d877679d8be0e82f) Importer(2089858483,192608db42251d675da83286b1cce702) (ScriptedImporter) -> (artifact id: '5697b83fecef766e026089c32c215eb1') in 0.0188903 seconds
Number of updated asset objects reloaded before import = 0Number of asset objects unloaded after import = 9

========================================================================
Received Import Request.
  Time since last request: 0.000024 seconds.
  path: Assets/Furniture Mega Pack/Materials/Cushion
  artifactKey: Guid(f0a9c5ae2145063479f142a09afe9545) Importer(2089858483,192608db42251d675da83286b1cce702)
Start importing Assets/Furniture Mega Pack/Materials/Cushion using Guid(f0a9c5ae2145063479f142a09afe9545) Importer(2089858483,192608db42251d675da83286b1cce702) (ScriptedImporter) -> (artifact id: '24922cd266cc1e1f5ed68a423b90a772') in 0.0114972 seconds
Number of updated asset objects reloaded before import = 0Number of asset objects unloaded after import = 1

========================================================================
Received Import Request.
  Time since last request: 0.000012 seconds.
  path: Assets/Furniture Mega Pack/Prefabs/Chairs/Chair26.prefab
  artifactKey: Guid(152ec74fb9851ef4caf87723e5a048c4) Importer(2089858483,192608db42251d675da83286b1cce702)
Start importing Assets/Furniture Mega Pack/Prefabs/Chairs/Chair26.prefab using Guid(152ec74fb9851ef4caf87723e5a048c4) Importer(2089858483,192608db42251d675da83286b1cce702) (ScriptedImporter) -> (artifact id: '4e6e811fbe12b3dc04e20059b30c0075') in 0.0223351 seconds
Number of updated asset objects reloaded before import = 0Number of asset objects unloaded after import = 9

========================================================================
Received Import Request.
  Time since last request: 0.000014 seconds.
  path: Assets/Furniture Mega Pack/Prefabs/Kitchen/KitchenOven02.prefab
  artifactKey: Guid(d934d292433214141a635aa9f17d12ce) Importer(2089858483,192608db42251d675da83286b1cce702)
Start importing Assets/Furniture Mega Pack/Prefabs/Kitchen/KitchenOven02.prefab using Guid(d934d292433214141a635aa9f17d12ce) Importer(2089858483,192608db42251d675da83286b1cce702) (ScriptedImporter) -> (artifact id: 'e56c8a9552a5e9867cd235682fc346bf') in 0.0196204 seconds
Number of updated asset objects reloaded before import = 0Number of asset objects unloaded after import = 34

========================================================================
Received Import Request.
  Time since last request: 0.000014 seconds.
  path: Assets/Furniture Mega Pack/Textures/Chairs/Chair10/Chair10_mat_Chair10_AlbedoTransparency.png
  artifactKey: Guid(504cbcbc3d8bc4a4d8cd7d205d1d9364) Importer(2089858483,192608db42251d675da83286b1cce702)
Start importing Assets/Furniture Mega Pack/Textures/Chairs/Chair10/Chair10_mat_Chair10_AlbedoTransparency.png using Guid(504cbcbc3d8bc4a4d8cd7d205d1d9364) Importer(2089858483,192608db42251d675da83286b1cce702) (ScriptedImporter) -> (artifact id: 'd58428c15c43f87e1ccd60564b383ddc') in 0.0187924 seconds
Number of updated asset objects reloaded before import = 0Number of asset objects unloaded after import = 1

========================================================================
Received Import Request.
  Time since last request: 0.000012 seconds.
  path: Assets/Furniture Mega Pack/Textures/Tables/Table40
  artifactKey: Guid(8636fdd10293c274a986643e7e5afe9b) Importer(2089858483,192608db42251d675da83286b1cce702)
Start importing Assets/Furniture Mega Pack/Textures/Tables/Table40 using Guid(8636fdd10293c274a986643e7e5afe9b) Importer(2089858483,192608db42251d675da83286b1cce702) (ScriptedImporter) -> (artifact id: '33e9a45bb34c6fb7428f971d26621c62') in 0.0089763 seconds
Number of updated asset objects reloaded before import = 0Number of asset objects unloaded after import = 1

========================================================================
Received Import Request.
  Time since last request: 0.000012 seconds.
  path: Assets/Furniture Mega Pack/Prefabs/Beds/Bed48.prefab
  artifactKey: Guid(432109baebf7662459aab57129b99a31) Importer(2089858483,192608db42251d675da83286b1cce702)
Start importing Assets/Furniture Mega Pack/Prefabs/Beds/Bed48.prefab using Guid(432109baebf7662459aab57129b99a31) Importer(2089858483,192608db42251d675da83286b1cce702) (ScriptedImporter) -> (artifact id: '466ae542d47e3d538475a0528d1698a1') in 0.0209551 seconds
Number of updated asset objects reloaded before import = 0Number of asset objects unloaded after import = 9

========================================================================
Received Import Request.
  Time since last request: 0.000012 seconds.
  path: Assets/Furniture Mega Pack/Prefabs/Sofas/Sofa38.prefab
  artifactKey: Guid(d29955ec33e0b0a45ba0d9138f3ada85) Importer(2089858483,192608db42251d675da83286b1cce702)
Start importing Assets/Furniture Mega Pack/Prefabs/Sofas/Sofa38.prefab using Guid(d29955ec33e0b0a45ba0d9138f3ada85) Importer(2089858483,192608db42251d675da83286b1cce702) (ScriptedImporter) -> (artifact id: '7ba697756057b3902404b7c44b7c958c') in 0.0208021 seconds
Number of updated asset objects reloaded before import = 0Number of asset objects unloaded after import = 9

========================================================================
Received Import Request.
  Time since last request: 0.000014 seconds.
  path: Assets/Furniture Mega Pack/Textures/Bed/Blanket
  artifactKey: Guid(2af09f9db00d7df49aadfbb29e113478) Importer(2089858483,192608db42251d675da83286b1cce702)
Start importing Assets/Furniture Mega Pack/Textures/Bed/Blanket using Guid(2af09f9db00d7df49aadfbb29e113478) Importer(2089858483,192608db42251d675da83286b1cce702) (ScriptedImporter) -> (artifact id: '5d4096404232a061efee4d1acd27b630') in 0.0102485 seconds
Number of updated asset objects reloaded before import = 0Number of asset objects unloaded after import = 1

========================================================================
Received Import Request.
  Time since last request: 0.000023 seconds.
  path: Assets/Furniture Mega Pack/FBX/Drawer/Drawer36.fbx
  artifactKey: Guid(7287195513440df4796cbbc8895bf7af) Importer(2089858483,192608db42251d675da83286b1cce702)
Start importing Assets/Furniture Mega Pack/FBX/Drawer/Drawer36.fbx using Guid(7287195513440df4796cbbc8895bf7af) Importer(2089858483,192608db42251d675da83286b1cce702) (ScriptedImporter) -> (artifact id: '65baf0062f867363a00c41260ebe481d') in 0.0306662 seconds
Number of updated asset objects reloaded before import = 0Number of asset objects unloaded after import = 40

========================================================================
Received Import Request.
  Time since last request: 0.000011 seconds.
  path: Assets/Furniture Mega Pack/Prefabs/Chairs/Chair19.prefab
  artifactKey: Guid(f6835c54c93c30e4189990ad0c97fe8c) Importer(2089858483,192608db42251d675da83286b1cce702)
Start importing Assets/Furniture Mega Pack/Prefabs/Chairs/Chair19.prefab using Guid(f6835c54c93c30e4189990ad0c97fe8c) Importer(2089858483,192608db42251d675da83286b1cce702) (ScriptedImporter) -> (artifact id: '9971eac8eaed89c166b3e9c40bb5e3e3') in 0.0182091 seconds
Number of updated asset objects reloaded before import = 0Number of asset objects unloaded after import = 9

========================================================================
Received Import Request.
  Time since last request: 0.000013 seconds.
  path: Assets/Furniture Mega Pack/Prefabs/Cushioins/Cushion13.prefab
  artifactKey: Guid(6611becc8c216694e8ed578c7a2eb86a) Importer(2089858483,192608db42251d675da83286b1cce702)
Start importing Assets/Furniture Mega Pack/Prefabs/Cushioins/Cushion13.prefab using Guid(6611becc8c216694e8ed578c7a2eb86a) Importer(2089858483,192608db42251d675da83286b1cce702) (ScriptedImporter) -> (artifact id: 'ed059d5b75c1629d68c816fbd188b15e') in 0.0202917 seconds
Number of updated asset objects reloaded before import = 0Number of asset objects unloaded after import = 9

========================================================================
Received Import Request.
  Time since last request: 0.000011 seconds.
  path: Assets/Furniture Mega Pack/Textures/Sofas/Sofa24
  artifactKey: Guid(76e2f19adb3d14a43a90cc772cb1b7d8) Importer(2089858483,192608db42251d675da83286b1cce702)
Start importing Assets/Furniture Mega Pack/Textures/Sofas/Sofa24 using Guid(76e2f19adb3d14a43a90cc772cb1b7d8) Importer(2089858483,192608db42251d675da83286b1cce702) (ScriptedImporter) -> (artifact id: '57e59aa00ab41897e970d2aa5e53b813') in 0.0109404 seconds
Number of updated asset objects reloaded before import = 0Number of asset objects unloaded after import = 1

========================================================================
Received Import Request.
  Time since last request: 0.000014 seconds.
  path: Assets/Furniture Mega Pack/Textures/Tables/Table44/Table44_mat_Table44_Normal.png
  artifactKey: Guid(0e9ccc31771d1064986c36015a54dcb4) Importer(2089858483,192608db42251d675da83286b1cce702)
Start importing Assets/Furniture Mega Pack/Textures/Tables/Table44/Table44_mat_Table44_Normal.png using Guid(0e9ccc31771d1064986c36015a54dcb4) Importer(2089858483,192608db42251d675da83286b1cce702) (ScriptedImporter) -> (artifact id: 'a535ddeb51dce58b5cb47fe19bcab3a8') in 0.0176981 seconds
Number of updated asset objects reloaded before import = 0Number of asset objects unloaded after import = 1

========================================================================
Received Import Request.
  Time since last request: 0.763467 seconds.
  path: Assets/Furniture Mega Pack/Prefabs/Bathroom/TowelHanger01.prefab
  artifactKey: Guid(682b33d6b760f1340925b158f60adebe) Importer(2089858483,192608db42251d675da83286b1cce702)
Start importing Assets/Furniture Mega Pack/Prefabs/Bathroom/TowelHanger01.prefab using Guid(682b33d6b760f1340925b158f60adebe) Importer(2089858483,192608db42251d675da83286b1cce702) (ScriptedImporter) -> (artifact id: '92d42e898f84bec75a2baf47a500d55d') in 0.025745 seconds
Number of updated asset objects reloaded before import = 0Number of asset objects unloaded after import = 9

========================================================================
Received Import Request.
  Time since last request: 0.000010 seconds.
  path: Assets/Furniture Mega Pack/Materials/Table/mat_Table18.mat
  artifactKey: Guid(059b395a8b423b144a850e88e373e477) Importer(2089858483,192608db42251d675da83286b1cce702)
Start importing Assets/Furniture Mega Pack/Materials/Table/mat_Table18.mat using Guid(059b395a8b423b144a850e88e373e477) Importer(2089858483,192608db42251d675da83286b1cce702) (ScriptedImporter) -> (artifact id: 'af945b271956bafc3f39e9424c801d7e') in 0.0238443 seconds
Number of updated asset objects reloaded before import = 0Number of asset objects unloaded after import = 4

========================================================================
Received Import Request.
  Time since last request: 0.000012 seconds.
  path: Assets/Furniture Mega Pack/FBX/Closet/Closet18.fbx
  artifactKey: Guid(0e0c9bf025026c14f926639ec9281ea6) Importer(2089858483,192608db42251d675da83286b1cce702)
Start importing Assets/Furniture Mega Pack/FBX/Closet/Closet18.fbx using Guid(0e0c9bf025026c14f926639ec9281ea6) Importer(2089858483,192608db42251d675da83286b1cce702) (ScriptedImporter) -> (artifact id: '3c35cd4cdd9aaa046cae1dafb69d40bf') in 0.0237502 seconds
Number of updated asset objects reloaded before import = 0Number of asset objects unloaded after import = 10

========================================================================
Received Import Request.
  Time since last request: 0.000023 seconds.
  path: Assets/Furniture Mega Pack/Textures/Sofas/Sofa24/Sofa24_mat_Sofa24_AlbedoTransparency.png
  artifactKey: Guid(5f9013d71e5f25f41a2d3786a29374d9) Importer(2089858483,192608db42251d675da83286b1cce702)
Start importing Assets/Furniture Mega Pack/Textures/Sofas/Sofa24/Sofa24_mat_Sofa24_AlbedoTransparency.png using Guid(5f9013d71e5f25f41a2d3786a29374d9) Importer(2089858483,192608db42251d675da83286b1cce702) (ScriptedImporter) -> (artifact id: '1116efb0db7038bb43435685e288417d') in 0.0204002 seconds
Number of updated asset objects reloaded before import = 0Number of asset objects unloaded after import = 1

========================================================================
Received Import Request.
  Time since last request: 0.000023 seconds.
  path: Assets/Furniture Mega Pack/FBX/Closet/Closet47.fbx
  artifactKey: Guid(bf4f0961ab48cdc4790102be1608c3da) Importer(2089858483,192608db42251d675da83286b1cce702)
Start importing Assets/Furniture Mega Pack/FBX/Closet/Closet47.fbx using Guid(bf4f0961ab48cdc4790102be1608c3da) Importer(2089858483,192608db42251d675da83286b1cce702) (ScriptedImporter) -> (artifact id: '3ff7749f83800e5a0655ccc16887920a') in 0.0267887 seconds
Number of updated asset objects reloaded before import = 0Number of asset objects unloaded after import = 15

========================================================================
Received Import Request.
  Time since last request: 0.000012 seconds.
  path: Assets/Furniture Mega Pack/Textures/Closet/AtlasTexture_Closet_AlbedoTransparency.png
  artifactKey: Guid(5de81457da979f646b0dd9c7fcfc0a76) Importer(2089858483,192608db42251d675da83286b1cce702)
Start importing Assets/Furniture Mega Pack/Textures/Closet/AtlasTexture_Closet_AlbedoTransparency.png using Guid(5de81457da979f646b0dd9c7fcfc0a76) Importer(2089858483,192608db42251d675da83286b1cce702) (ScriptedImporter) -> (artifact id: '81839093886f10d48e69af4b6f545936') in 0.018562 seconds
Number of updated asset objects reloaded before import = 0Number of asset objects unloaded after import = 1

========================================================================
Received Import Request.
  Time since last request: 0.000015 seconds.
  path: Assets/Furniture Mega Pack/Prefabs/Closets/Closet43.prefab
  artifactKey: Guid(2b4ba9b3dc4599c488794c34793f9297) Importer(2089858483,192608db42251d675da83286b1cce702)
Start importing Assets/Furniture Mega Pack/Prefabs/Closets/Closet43.prefab using Guid(2b4ba9b3dc4599c488794c34793f9297) Importer(2089858483,192608db42251d675da83286b1cce702) (ScriptedImporter) -> (artifact id: '6c581c5c54c388bc0d1aee9b17e9827c') in 0.0215177 seconds
Number of updated asset objects reloaded before import = 0Number of asset objects unloaded after import = 14

========================================================================
Received Import Request.
  Time since last request: 0.000014 seconds.
  path: Assets/Furniture Mega Pack/Prefabs/Chairs/Chair42.prefab
  artifactKey: Guid(c0bf1ed2085450c428938432e041c372) Importer(2089858483,192608db42251d675da83286b1cce702)
Start importing Assets/Furniture Mega Pack/Prefabs/Chairs/Chair42.prefab using Guid(c0bf1ed2085450c428938432e041c372) Importer(2089858483,192608db42251d675da83286b1cce702) (ScriptedImporter) -> (artifact id: 'ed7e67b799c4fa10fb9794d60d31ae51') in 0.0194087 seconds
Number of updated asset objects reloaded before import = 0Number of asset objects unloaded after import = 9

========================================================================
Received Import Request.
  Time since last request: 0.000010 seconds.
  path: Assets/Furniture Mega Pack/FBX/Chair/Chair19.fbx
  artifactKey: Guid(1b37556decfae1348ac12b82483ff999) Importer(2089858483,192608db42251d675da83286b1cce702)
Start importing Assets/Furniture Mega Pack/FBX/Chair/Chair19.fbx using Guid(1b37556decfae1348ac12b82483ff999) Importer(2089858483,192608db42251d675da83286b1cce702) (ScriptedImporter) -> (artifact id: 'd70cdee09908426918f742d7dd178197') in 0.0230105 seconds
Number of updated asset objects reloaded before import = 0Number of asset objects unloaded after import = 10

========================================================================
Received Import Request.
  Time since last request: 0.000011 seconds.
  path: Assets/Furniture Mega Pack/Textures/Chairs/Chair28/Chair28_mat_Chair28_AlbedoTransparency.png
  artifactKey: Guid(2a1b79fdf2dcfa8479d24fbf39eacd91) Importer(2089858483,192608db42251d675da83286b1cce702)
Start importing Assets/Furniture Mega Pack/Textures/Chairs/Chair28/Chair28_mat_Chair28_AlbedoTransparency.png using Guid(2a1b79fdf2dcfa8479d24fbf39eacd91) Importer(2089858483,192608db42251d675da83286b1cce702) (ScriptedImporter) -> (artifact id: 'e144aa5eba4f9e430cd111b16f5102b2') in 0.0170715 seconds
Number of updated asset objects reloaded before import = 0Number of asset objects unloaded after import = 1

========================================================================
Received Import Request.
  Time since last request: 0.000022 seconds.
  path: Assets/Furniture Mega Pack/Prefabs/Drawers/Drawer08.prefab
  artifactKey: Guid(69ab033508b3cf7429182f37f6711a6a) Importer(2089858483,192608db42251d675da83286b1cce702)
Start importing Assets/Furniture Mega Pack/Prefabs/Drawers/Drawer08.prefab using Guid(69ab033508b3cf7429182f37f6711a6a) Importer(2089858483,192608db42251d675da83286b1cce702) (ScriptedImporter) -> (artifact id: '1711d6868445b9f208172b989e5b374d') in 0.0188415 seconds
Number of updated asset objects reloaded before import = 0Number of asset objects unloaded after import = 19

========================================================================
Received Import Request.
  Time since last request: 0.000013 seconds.
  path: Assets/Furniture Mega Pack/Prefabs/Cushioins/Cushion24.prefab
  artifactKey: Guid(d9d68067df748504897c6b3a4e893c91) Importer(2089858483,192608db42251d675da83286b1cce702)
Start importing Assets/Furniture Mega Pack/Prefabs/Cushioins/Cushion24.prefab using Guid(d9d68067df748504897c6b3a4e893c91) Importer(2089858483,192608db42251d675da83286b1cce702) (ScriptedImporter) -> (artifact id: '4bf456365956cf38b14a573aaaa9e303') in 0.0215728 seconds
Number of updated asset objects reloaded before import = 0Number of asset objects unloaded after import = 9

========================================================================
Received Import Request.
  Time since last request: 0.000012 seconds.
  path: Assets/Furniture Mega Pack/Textures/Tables/Table21/Table21_mat_Table21_Normal.png
  artifactKey: Guid(b4e01bc75e495754381c46b75b5d72e6) Importer(2089858483,192608db42251d675da83286b1cce702)
Start importing Assets/Furniture Mega Pack/Textures/Tables/Table21/Table21_mat_Table21_Normal.png using Guid(b4e01bc75e495754381c46b75b5d72e6) Importer(2089858483,192608db42251d675da83286b1cce702) (ScriptedImporter) -> (artifact id: 'e18e82c39320332fb077a9d07a05ac2b') in 0.0223134 seconds
Number of updated asset objects reloaded before import = 0Number of asset objects unloaded after import = 1

========================================================================
Received Import Request.
  Time since last request: 0.000013 seconds.
  path: Assets/Furniture Mega Pack/Textures/Tables/Table19/Table19_mat_Table19_Normal.png
  artifactKey: Guid(8cb8ce5163929324a9e7aad0aba1c5b5) Importer(2089858483,192608db42251d675da83286b1cce702)
Start importing Assets/Furniture Mega Pack/Textures/Tables/Table19/Table19_mat_Table19_Normal.png using Guid(8cb8ce5163929324a9e7aad0aba1c5b5) Importer(2089858483,192608db42251d675da83286b1cce702) (ScriptedImporter) -> (artifact id: '94aac26785d71f87cbbedd5dd29862fe') in 0.0202577 seconds
Number of updated asset objects reloaded before import = 0Number of asset objects unloaded after import = 1

========================================================================
Received Import Request.
  Time since last request: 0.000014 seconds.
  path: Assets/Furniture Mega Pack/FBX/Table/Table50.fbx
  artifactKey: Guid(089df312f97d60847aee2d0e514a14c5) Importer(2089858483,192608db42251d675da83286b1cce702)
Start importing Assets/Furniture Mega Pack/FBX/Table/Table50.fbx using Guid(089df312f97d60847aee2d0e514a14c5) Importer(2089858483,192608db42251d675da83286b1cce702) (ScriptedImporter) -> (artifact id: '811bb915dd8815f5cf8fc4d533917ba8') in 0.0198405 seconds
Number of updated asset objects reloaded before import = 0Number of asset objects unloaded after import = 8

========================================================================
Received Import Request.
  Time since last request: 0.000011 seconds.
  path: Assets/Furniture Mega Pack/FBX/Bed/Bed32.fbx
  artifactKey: Guid(4d7331db56d44ba4c8b6ed0e8d50ae3a) Importer(2089858483,192608db42251d675da83286b1cce702)
Start importing Assets/Furniture Mega Pack/FBX/Bed/Bed32.fbx using Guid(4d7331db56d44ba4c8b6ed0e8d50ae3a) Importer(2089858483,192608db42251d675da83286b1cce702) (ScriptedImporter) -> (artifact id: '057f74565cc644a961bbbc57b0d49a24') in 0.0389525 seconds
Number of updated asset objects reloaded before import = 0Number of asset objects unloaded after import = 26

========================================================================
Received Import Request.
  Time since last request: 0.000017 seconds.
  path: Assets/Furniture Mega Pack/FBX/Closet/Closet32.fbx
  artifactKey: Guid(a25a5cfaa3a707a46acc10131cab011b) Importer(2089858483,192608db42251d675da83286b1cce702)
Start importing Assets/Furniture Mega Pack/FBX/Closet/Closet32.fbx using Guid(a25a5cfaa3a707a46acc10131cab011b) Importer(2089858483,192608db42251d675da83286b1cce702) (ScriptedImporter) -> (artifact id: '6780e345d8e0d22e3f5e99286419225b') in 0.029166 seconds
Number of updated asset objects reloaded before import = 0Number of asset objects unloaded after import = 10

========================================================================
Received Import Request.
  Time since last request: 0.000019 seconds.
  path: Assets/Furniture Mega Pack/Prefabs/Kitchen/CabinetECorner01.prefab
  artifactKey: Guid(d754c98ea35866349a1edf1260f9a689) Importer(2089858483,192608db42251d675da83286b1cce702)
Start importing Assets/Furniture Mega Pack/Prefabs/Kitchen/CabinetECorner01.prefab using Guid(d754c98ea35866349a1edf1260f9a689) Importer(2089858483,192608db42251d675da83286b1cce702) (ScriptedImporter) -> (artifact id: 'e6acf9e7fbb86c0e6e7878ee19854bf1') in 0.0233515 seconds
Number of updated asset objects reloaded before import = 0Number of asset objects unloaded after import = 9

========================================================================
Received Import Request.
  Time since last request: 0.000011 seconds.
  path: Assets/Furniture Mega Pack/Textures/Tables/Table05/Table05_mat_Table05_AlbedoTransparency.png
  artifactKey: Guid(64af568bb366fa74f958b4f4c16af0d0) Importer(2089858483,192608db42251d675da83286b1cce702)
Start importing Assets/Furniture Mega Pack/Textures/Tables/Table05/Table05_mat_Table05_AlbedoTransparency.png using Guid(64af568bb366fa74f958b4f4c16af0d0) Importer(2089858483,192608db42251d675da83286b1cce702) (ScriptedImporter) -> (artifact id: 'c086bce047e28b0534ebf2952d7e3a60') in 0.0205831 seconds
Number of updated asset objects reloaded before import = 0Number of asset objects unloaded after import = 1

========================================================================
Received Import Request.
  Time since last request: 0.000016 seconds.
  path: Assets/Furniture Mega Pack/Textures/Tables/Table11
  artifactKey: Guid(81df6623053bfdd429419ad670a6f54d) Importer(2089858483,192608db42251d675da83286b1cce702)
Start importing Assets/Furniture Mega Pack/Textures/Tables/Table11 using Guid(81df6623053bfdd429419ad670a6f54d) Importer(2089858483,192608db42251d675da83286b1cce702) (ScriptedImporter) -> (artifact id: '3bb3c29dd26933eea468390ecaa58995') in 0.0112116 seconds
Number of updated asset objects reloaded before import = 0Number of asset objects unloaded after import = 1

========================================================================
Received Import Request.
  Time since last request: 0.000014 seconds.
  path: Assets/Furniture Mega Pack/Textures/Tables/Table16
  artifactKey: Guid(5241d11a0006393458e92c1ffaebf4f9) Importer(2089858483,192608db42251d675da83286b1cce702)
Start importing Assets/Furniture Mega Pack/Textures/Tables/Table16 using Guid(5241d11a0006393458e92c1ffaebf4f9) Importer(2089858483,192608db42251d675da83286b1cce702) (ScriptedImporter) -> (artifact id: '60072fb45f6de9d59df24848cd76312e') in 0.0108378 seconds
Number of updated asset objects reloaded before import = 0Number of asset objects unloaded after import = 1

========================================================================
Received Import Request.
  Time since last request: 0.000013 seconds.
  path: Assets/Furniture Mega Pack/Prefabs/Bathroom/BathTub04.prefab
  artifactKey: Guid(78cc8bf0472190d47a8f2a73131d01af) Importer(2089858483,192608db42251d675da83286b1cce702)
Start importing Assets/Furniture Mega Pack/Prefabs/Bathroom/BathTub04.prefab using Guid(78cc8bf0472190d47a8f2a73131d01af) Importer(2089858483,192608db42251d675da83286b1cce702) (ScriptedImporter) -> (artifact id: '7fd9ec0d8c5854ecc8263ac91046c164') in 0.0233259 seconds
Number of updated asset objects reloaded before import = 0Number of asset objects unloaded after import = 9

========================================================================
Received Import Request.
  Time since last request: 0.000010 seconds.
  path: Assets/Furniture Mega Pack/FBX/Drawer/Drawer25.fbx
  artifactKey: Guid(74ad9571710565b44b19aae1f48a6198) Importer(2089858483,192608db42251d675da83286b1cce702)
Start importing Assets/Furniture Mega Pack/FBX/Drawer/Drawer25.fbx using Guid(74ad9571710565b44b19aae1f48a6198) Importer(2089858483,192608db42251d675da83286b1cce702) (ScriptedImporter) -> (artifact id: 'e10ef9a02b03c41f03838a9e72d50442') in 0.0275997 seconds
Number of updated asset objects reloaded before import = 0Number of asset objects unloaded after import = 25

========================================================================
Received Import Request.
  Time since last request: 0.000015 seconds.
  path: Assets/Furniture Mega Pack/FBX/Drawer/Drawer21.fbx
  artifactKey: Guid(b86c3b2cfbfdbb9418f4cf7e17279546) Importer(2089858483,192608db42251d675da83286b1cce702)
Start importing Assets/Furniture Mega Pack/FBX/Drawer/Drawer21.fbx using Guid(b86c3b2cfbfdbb9418f4cf7e17279546) Importer(2089858483,192608db42251d675da83286b1cce702) (ScriptedImporter) -> (artifact id: 'dd17f9a32905b4a9515db8cbc676b06a') in 0.0295491 seconds
Number of updated asset objects reloaded before import = 0Number of asset objects unloaded after import = 30

========================================================================
Received Import Request.
  Time since last request: 0.000022 seconds.
  path: Assets/Furniture Mega Pack/Textures/Chairs/Chair50
  artifactKey: Guid(3e4675c759f150f4bbf994286a1d8e05) Importer(2089858483,192608db42251d675da83286b1cce702)
Start importing Assets/Furniture Mega Pack/Textures/Chairs/Chair50 using Guid(3e4675c759f150f4bbf994286a1d8e05) Importer(2089858483,192608db42251d675da83286b1cce702) (ScriptedImporter) -> (artifact id: '5ff84c13faf49a156bcb62fa92edb6b0') in 0.0088824 seconds
Number of updated asset objects reloaded before import = 0Number of asset objects unloaded after import = 1

========================================================================
Received Import Request.
  Time since last request: 0.000013 seconds.
  path: Assets/Furniture Mega Pack/Materials/Chair/mat_Chair20.mat
  artifactKey: Guid(6262d3ca55285ec44b0823d27627d6f0) Importer(2089858483,192608db42251d675da83286b1cce702)
Start importing Assets/Furniture Mega Pack/Materials/Chair/mat_Chair20.mat using Guid(6262d3ca55285ec44b0823d27627d6f0) Importer(2089858483,192608db42251d675da83286b1cce702) (ScriptedImporter) -> (artifact id: '426bc40fa16847c8efdef43a1c81309d') in 0.0338137 seconds
Number of updated asset objects reloaded before import = 0Number of asset objects unloaded after import = 4

========================================================================
Received Import Request.
  Time since last request: 0.000067 seconds.
  path: Assets/Furniture Mega Pack/Prefabs/Tables/Table32.prefab
  artifactKey: Guid(07edc7f94d7d60440b495722043bb32d) Importer(2089858483,192608db42251d675da83286b1cce702)
Start importing Assets/Furniture Mega Pack/Prefabs/Tables/Table32.prefab using Guid(07edc7f94d7d60440b495722043bb32d) Importer(2089858483,192608db42251d675da83286b1cce702) (ScriptedImporter) -> (artifact id: '8a45cf84a69d734d48391ba228082467') in 0.0196123 seconds
Number of updated asset objects reloaded before import = 0Number of asset objects unloaded after import = 9

========================================================================
Received Import Request.
  Time since last request: 0.000011 seconds.
  path: Assets/Furniture Mega Pack/Textures/Tables/Table49/Table49_mat_Table49_Normal.png
  artifactKey: Guid(a1cd139023896954d8440eba9b74a52e) Importer(2089858483,192608db42251d675da83286b1cce702)
Start importing Assets/Furniture Mega Pack/Textures/Tables/Table49/Table49_mat_Table49_Normal.png using Guid(a1cd139023896954d8440eba9b74a52e) Importer(2089858483,192608db42251d675da83286b1cce702) (ScriptedImporter) -> (artifact id: 'e7a6c8d12b3638220fa0d8c6b4ec0de6') in 0.0205034 seconds
Number of updated asset objects reloaded before import = 0Number of asset objects unloaded after import = 1

========================================================================
Received Import Request.
  Time since last request: 0.000011 seconds.
  path: Assets/Furniture Mega Pack/Textures/Chairs/Chair33/Chair33_mat_Chair33_AlbedoTransparency.png
  artifactKey: Guid(474172e55a725db4fbdb6fc1bbd2b485) Importer(2089858483,192608db42251d675da83286b1cce702)
Start importing Assets/Furniture Mega Pack/Textures/Chairs/Chair33/Chair33_mat_Chair33_AlbedoTransparency.png using Guid(474172e55a725db4fbdb6fc1bbd2b485) Importer(2089858483,192608db42251d675da83286b1cce702) (ScriptedImporter) -> (artifact id: '0f40196fc0da2954ceebc3315f3fc1b5') in 0.0166713 seconds
Number of updated asset objects reloaded before import = 0Number of asset objects unloaded after import = 1

========================================================================
Received Import Request.
  Time since last request: 0.000010 seconds.
  path: Assets/Furniture Mega Pack/Textures/Chairs/Chair36/Chair36_mat_Chair36_Normal.png
  artifactKey: Guid(912e9c2ef56d8c848988ece825e8c043) Importer(2089858483,192608db42251d675da83286b1cce702)
Start importing Assets/Furniture Mega Pack/Textures/Chairs/Chair36/Chair36_mat_Chair36_Normal.png using Guid(912e9c2ef56d8c848988ece825e8c043) Importer(2089858483,192608db42251d675da83286b1cce702) (ScriptedImporter) -> (artifact id: '487007ed47b5e3ec757b1467c53a721b') in 0.0204193 seconds
Number of updated asset objects reloaded before import = 0Number of asset objects unloaded after import = 1

========================================================================
Received Import Request.
  Time since last request: 0.000013 seconds.
  path: Assets/Furniture Mega Pack/FBX/Kitchen/KitchenOven03.fbx
  artifactKey: Guid(d82e3bec223b62a4e95b954e1f7df395) Importer(2089858483,192608db42251d675da83286b1cce702)
Start importing Assets/Furniture Mega Pack/FBX/Kitchen/KitchenOven03.fbx using Guid(d82e3bec223b62a4e95b954e1f7df395) Importer(2089858483,192608db42251d675da83286b1cce702) (ScriptedImporter) -> (artifact id: 'fef897f97c8eee3f11374900adcc4b19') in 0.0310036 seconds
Number of updated asset objects reloaded before import = 0Number of asset objects unloaded after import = 41

========================================================================
Received Import Request.
  Time since last request: 0.000018 seconds.
  path: Assets/Furniture Mega Pack/Textures/Tables/Table19/Table19_mat_Table19_MetallicSmoothness.png
  artifactKey: Guid(b54a63eb11da7694d91aaa7e192ea7d6) Importer(2089858483,192608db42251d675da83286b1cce702)
Start importing Assets/Furniture Mega Pack/Textures/Tables/Table19/Table19_mat_Table19_MetallicSmoothness.png using Guid(b54a63eb11da7694d91aaa7e192ea7d6) Importer(2089858483,192608db42251d675da83286b1cce702) (ScriptedImporter) -> (artifact id: '8e6536a9e487e79c3ffc132a5cdb96e9') in 0.0217847 seconds
Number of updated asset objects reloaded before import = 0Number of asset objects unloaded after import = 1

========================================================================
Received Import Request.
  Time since last request: 0.000012 seconds.
  path: Assets/Furniture Mega Pack/Textures/Sofas/Sofa35/Sofa35_mat_Sofa35_Normal.png
  artifactKey: Guid(763c02f6b5ef9b841ae9a0214f806082) Importer(2089858483,192608db42251d675da83286b1cce702)
Start importing Assets/Furniture Mega Pack/Textures/Sofas/Sofa35/Sofa35_mat_Sofa35_Normal.png using Guid(763c02f6b5ef9b841ae9a0214f806082) Importer(2089858483,192608db42251d675da83286b1cce702) (ScriptedImporter) -> (artifact id: 'e23510851b896b6073adf53047e4d93f') in 0.0220183 seconds
Number of updated asset objects reloaded before import = 0Number of asset objects unloaded after import = 1

========================================================================
Received Import Request.
  Time since last request: 0.000011 seconds.
  path: Assets/Furniture Mega Pack/FBX/Bathroom/WashBasin06.fbx
  artifactKey: Guid(d01a8db41b774b842a539646d46e2ea3) Importer(2089858483,192608db42251d675da83286b1cce702)
Start importing Assets/Furniture Mega Pack/FBX/Bathroom/WashBasin06.fbx using Guid(d01a8db41b774b842a539646d46e2ea3) Importer(2089858483,192608db42251d675da83286b1cce702) (ScriptedImporter) -> (artifact id: 'd04883984d317130231c6303dc5a3121') in 0.0251196 seconds
Number of updated asset objects reloaded before import = 0Number of asset objects unloaded after import = 20

========================================================================
Received Import Request.
  Time since last request: 0.000014 seconds.
  path: Assets/Furniture Mega Pack/FBX/Closet/Closet42.fbx
  artifactKey: Guid(d3d2f7759f7d6c8428cef04ba4bc6188) Importer(2089858483,192608db42251d675da83286b1cce702)
Start importing Assets/Furniture Mega Pack/FBX/Closet/Closet42.fbx using Guid(d3d2f7759f7d6c8428cef04ba4bc6188) Importer(2089858483,192608db42251d675da83286b1cce702) (ScriptedImporter) -> (artifact id: 'af0a0180e10341ba85620f0c66fbca74') in 0.0193946 seconds
Number of updated asset objects reloaded before import = 0Number of asset objects unloaded after import = 10

========================================================================
Received Import Request.
  Time since last request: 0.000011 seconds.
  path: Assets/Furniture Mega Pack/Textures/Drawer/AtlasTexture_Drawer_DefaultMaterial_MetallicSmoothness.png
  artifactKey: Guid(96755aecfea68114593fda89c341eca8) Importer(2089858483,192608db42251d675da83286b1cce702)
Start importing Assets/Furniture Mega Pack/Textures/Drawer/AtlasTexture_Drawer_DefaultMaterial_MetallicSmoothness.png using Guid(96755aecfea68114593fda89c341eca8) Importer(2089858483,192608db42251d675da83286b1cce702) (ScriptedImporter) -> (artifact id: '3623d2be27ccc4f9736bed36dbf06f2f') in 0.0216406 seconds
Number of updated asset objects reloaded before import = 0Number of asset objects unloaded after import = 1

========================================================================
Received Import Request.
  Time since last request: 0.000014 seconds.
  path: Assets/Furniture Mega Pack/FBX/Sofa/SectionalSofaFabric.fbx
  artifactKey: Guid(4d9a0984e2e2e4541bd3629a1fce4270) Importer(2089858483,192608db42251d675da83286b1cce702)
Start importing Assets/Furniture Mega Pack/FBX/Sofa/SectionalSofaFabric.fbx using Guid(4d9a0984e2e2e4541bd3629a1fce4270) Importer(2089858483,192608db42251d675da83286b1cce702) (ScriptedImporter) -> (artifact id: '21d6ba8736f6748f23e18ebc8e452dd8') in 0.0319332 seconds
Number of updated asset objects reloaded before import = 0Number of asset objects unloaded after import = 40

========================================================================
Received Import Request.
  Time since last request: 0.000014 seconds.
  path: Assets/Furniture Mega Pack/FBX/Closet/Closet39.fbx
  artifactKey: Guid(dca1777d5eb44ad42a9e0736734d3656) Importer(2089858483,192608db42251d675da83286b1cce702)
Start importing Assets/Furniture Mega Pack/FBX/Closet/Closet39.fbx using Guid(dca1777d5eb44ad42a9e0736734d3656) Importer(2089858483,192608db42251d675da83286b1cce702) (ScriptedImporter) -> (artifact id: '764b442247a933de20a30f55c5ee3340') in 0.0237566 seconds
Number of updated asset objects reloaded before import = 0Number of asset objects unloaded after import = 10

========================================================================
Received Import Request.
  Time since last request: 0.000020 seconds.
  path: Assets/Furniture Mega Pack/Textures/Sofas/Sofa04/Sofa04_mat_Sofa04_Normal.png
  artifactKey: Guid(a493343973846e949bc63132b5c735c8) Importer(2089858483,192608db42251d675da83286b1cce702)
Start importing Assets/Furniture Mega Pack/Textures/Sofas/Sofa04/Sofa04_mat_Sofa04_Normal.png using Guid(a493343973846e949bc63132b5c735c8) Importer(2089858483,192608db42251d675da83286b1cce702) (ScriptedImporter) -> (artifact id: 'eb35e4fcc5a7a9ffe9fea648ab5a80c9') in 0.018934 seconds
Number of updated asset objects reloaded before import = 0Number of asset objects unloaded after import = 1

========================================================================
Received Import Request.
  Time since last request: 0.000013 seconds.
  path: Assets/Furniture Mega Pack/Prefabs/Kitchen/CabinetDCorner01.prefab
  artifactKey: Guid(94f364f06a7deb94b997c72903331e97) Importer(2089858483,192608db42251d675da83286b1cce702)
Start importing Assets/Furniture Mega Pack/Prefabs/Kitchen/CabinetDCorner01.prefab using Guid(94f364f06a7deb94b997c72903331e97) Importer(2089858483,192608db42251d675da83286b1cce702) (ScriptedImporter) -> (artifact id: 'acde35d1e8228c9ade8629fb779c9dcd') in 0.0212572 seconds
Number of updated asset objects reloaded before import = 0Number of asset objects unloaded after import = 9

========================================================================
Received Import Request.
  Time since last request: 0.000011 seconds.
  path: Assets/Furniture Mega Pack/FBX/Closet/Closet31.fbx
  artifactKey: Guid(bc0fbdcada588324f83c68fd86e6331c) Importer(2089858483,192608db42251d675da83286b1cce702)
Start importing Assets/Furniture Mega Pack/FBX/Closet/Closet31.fbx using Guid(bc0fbdcada588324f83c68fd86e6331c) Importer(2089858483,192608db42251d675da83286b1cce702) (ScriptedImporter) -> (artifact id: 'c45ed677510f089a461daeaf8ef6e777') in 0.0249401 seconds
Number of updated asset objects reloaded before import = 0Number of asset objects unloaded after import = 10

========================================================================
Received Import Request.
  Time since last request: 0.000014 seconds.
  path: Assets/Furniture Mega Pack/Prefabs/Drawers/Drawer34.prefab
  artifactKey: Guid(7b3d39ee598010e489a7900df496ca0c) Importer(2089858483,192608db42251d675da83286b1cce702)
Start importing Assets/Furniture Mega Pack/Prefabs/Drawers/Drawer34.prefab using Guid(7b3d39ee598010e489a7900df496ca0c) Importer(2089858483,192608db42251d675da83286b1cce702) (ScriptedImporter) -> (artifact id: '18d7efd7078cc91dedac7a87fac6fa1f') in 0.0199014 seconds
Number of updated asset objects reloaded before import = 0Number of asset objects unloaded after import = 29

========================================================================
Received Import Request.
  Time since last request: 0.000014 seconds.
  path: Assets/Furniture Mega Pack/Prefabs/Sofas/Sofa48.prefab
  artifactKey: Guid(7b57b6de1589dd247923393cf7bb817c) Importer(2089858483,192608db42251d675da83286b1cce702)
Start importing Assets/Furniture Mega Pack/Prefabs/Sofas/Sofa48.prefab using Guid(7b57b6de1589dd247923393cf7bb817c) Importer(2089858483,192608db42251d675da83286b1cce702) (ScriptedImporter) -> (artifact id: '24dad85be2d2c97c31383e09c5cd330b') in 0.0212301 seconds
Number of updated asset objects reloaded before import = 0Number of asset objects unloaded after import = 9

========================================================================
Received Import Request.
  Time since last request: 0.000013 seconds.
  path: Assets/Furniture Mega Pack/FBX/Sofa/Sofa37.fbx
  artifactKey: Guid(1a8c29f88abe8a04a9da9a9aac60ba27) Importer(2089858483,192608db42251d675da83286b1cce702)
Start importing Assets/Furniture Mega Pack/FBX/Sofa/Sofa37.fbx using Guid(1a8c29f88abe8a04a9da9a9aac60ba27) Importer(2089858483,192608db42251d675da83286b1cce702) (ScriptedImporter) -> (artifact id: 'b5686d41235f83767aedc6f7140b7e8f') in 0.0232413 seconds
Number of updated asset objects reloaded before import = 0Number of asset objects unloaded after import = 8

========================================================================
Received Import Request.
  Time since last request: 0.000015 seconds.
  path: Assets/Furniture Mega Pack/Prefabs/Cushioins/Cushion06.prefab
  artifactKey: Guid(a398184eb41bc6a45b5b9ae2471ce994) Importer(2089858483,192608db42251d675da83286b1cce702)
Start importing Assets/Furniture Mega Pack/Prefabs/Cushioins/Cushion06.prefab using Guid(a398184eb41bc6a45b5b9ae2471ce994) Importer(2089858483,192608db42251d675da83286b1cce702) (ScriptedImporter) -> (artifact id: '29c5e0d04988a6d5e6cf5a39da14fb92') in 0.0198539 seconds
Number of updated asset objects reloaded before import = 0Number of asset objects unloaded after import = 9

========================================================================
Received Import Request.
  Time since last request: 0.000017 seconds.
  path: Assets/Furniture Mega Pack/Textures/Tables/Table10
  artifactKey: Guid(5b412e774f49a264ab87032dd947d54e) Importer(2089858483,192608db42251d675da83286b1cce702)
Start importing Assets/Furniture Mega Pack/Textures/Tables/Table10 using Guid(5b412e774f49a264ab87032dd947d54e) Importer(2089858483,192608db42251d675da83286b1cce702) (ScriptedImporter) -> (artifact id: '8b3a465e2c173531241b436477b44355') in 0.0100441 seconds
Number of updated asset objects reloaded before import = 0Number of asset objects unloaded after import = 1

========================================================================
Received Import Request.
  Time since last request: 0.000012 seconds.
  path: Assets/Furniture Mega Pack/Prefabs/Cushioins/Cushion42.prefab
  artifactKey: Guid(bfaa1a25c8b3e4547bf612e1e0baebb6) Importer(2089858483,192608db42251d675da83286b1cce702)
Start importing Assets/Furniture Mega Pack/Prefabs/Cushioins/Cushion42.prefab using Guid(bfaa1a25c8b3e4547bf612e1e0baebb6) Importer(2089858483,192608db42251d675da83286b1cce702) (ScriptedImporter) -> (artifact id: '09f0f9de00120b72d3719a31877e9f95') in 0.0188036 seconds
Number of updated asset objects reloaded before import = 0Number of asset objects unloaded after import = 9

========================================================================
Received Import Request.
  Time since last request: 0.000010 seconds.
  path: Assets/Furniture Mega Pack/Prefabs/Bathroom/BathroomVanity07.prefab
  artifactKey: Guid(b2a6539a1440bbd4da9c3fdcb3695aaf) Importer(2089858483,192608db42251d675da83286b1cce702)
Start importing Assets/Furniture Mega Pack/Prefabs/Bathroom/BathroomVanity07.prefab using Guid(b2a6539a1440bbd4da9c3fdcb3695aaf) Importer(2089858483,192608db42251d675da83286b1cce702) (ScriptedImporter) -> (artifact id: '2b4f047c01241ca86b5ffb7fec4c92b4') in 0.0207462 seconds
Number of updated asset objects reloaded before import = 0Number of asset objects unloaded after import = 19

========================================================================
Received Import Request.
  Time since last request: 0.000010 seconds.
  path: Assets/Furniture Mega Pack/FBX/Table/Table02.fbx
  artifactKey: Guid(99e07f6df150b534ca7f19b7e686f585) Importer(2089858483,192608db42251d675da83286b1cce702)
Start importing Assets/Furniture Mega Pack/FBX/Table/Table02.fbx using Guid(99e07f6df150b534ca7f19b7e686f585) Importer(2089858483,192608db42251d675da83286b1cce702) (ScriptedImporter) -> (artifact id: '665db80eadccf4320d90bd98b7abc21a') in 0.0170559 seconds
Number of updated asset objects reloaded before import = 0Number of asset objects unloaded after import = 8

========================================================================
Received Import Request.
  Time since last request: 0.000012 seconds.
  path: Assets/Furniture Mega Pack/Textures/Chairs/Chair13
  artifactKey: Guid(a0f74cc9d85b33b4e9635c62b4e29f0d) Importer(2089858483,192608db42251d675da83286b1cce702)
Start importing Assets/Furniture Mega Pack/Textures/Chairs/Chair13 using Guid(a0f74cc9d85b33b4e9635c62b4e29f0d) Importer(2089858483,192608db42251d675da83286b1cce702) (ScriptedImporter) -> (artifact id: 'ee5e5615bece6fe5258e7eb0e8697380') in 0.0102744 seconds
Number of updated asset objects reloaded before import = 0Number of asset objects unloaded after import = 1

========================================================================
Received Import Request.
  Time since last request: 0.000013 seconds.
  path: Assets/Furniture Mega Pack/FBX/Sofa/Sofa08.fbx
  artifactKey: Guid(65e8fbb30523a9e4cabd38926733200a) Importer(2089858483,192608db42251d675da83286b1cce702)
Start importing Assets/Furniture Mega Pack/FBX/Sofa/Sofa08.fbx using Guid(65e8fbb30523a9e4cabd38926733200a) Importer(2089858483,192608db42251d675da83286b1cce702) (ScriptedImporter) -> (artifact id: 'fac734ed75101239c1e026ac88875343') in 0.0201481 seconds
Number of updated asset objects reloaded before import = 0Number of asset objects unloaded after import = 8

========================================================================
Received Import Request.
  Time since last request: 0.000010 seconds.
  path: Assets/Furniture Mega Pack/FBX/Closet/Closet23.fbx
  artifactKey: Guid(1486d4e9803e8c74a920c192cb36f8ae) Importer(2089858483,192608db42251d675da83286b1cce702)
Start importing Assets/Furniture Mega Pack/FBX/Closet/Closet23.fbx using Guid(1486d4e9803e8c74a920c192cb36f8ae) Importer(2089858483,192608db42251d675da83286b1cce702) (ScriptedImporter) -> (artifact id: '391691278b5910b202117fa79b2ae498') in 0.0280278 seconds
Number of updated asset objects reloaded before import = 0Number of asset objects unloaded after import = 20

========================================================================
Received Import Request.
  Time since last request: 0.000019 seconds.
  path: Assets/Furniture Mega Pack/Textures/Chairs/Chair37/Chair37_mat_Chair37_AlbedoTransparency.png
  artifactKey: Guid(3798847807668cf4eb97f1f1b7f00711) Importer(2089858483,192608db42251d675da83286b1cce702)
Start importing Assets/Furniture Mega Pack/Textures/Chairs/Chair37/Chair37_mat_Chair37_AlbedoTransparency.png using Guid(3798847807668cf4eb97f1f1b7f00711) Importer(2089858483,192608db42251d675da83286b1cce702) (ScriptedImporter) -> (artifact id: '254bd39f54dd90c9611659ad4e10b0b5') in 0.0220641 seconds
Number of updated asset objects reloaded before import = 0Number of asset objects unloaded after import = 1

========================================================================
Received Import Request.
  Time since last request: 0.000020 seconds.
  path: Assets/Furniture Mega Pack/Textures/Tables/Table29/Table29_mat_Table29_AlbedoTransparency.png
  artifactKey: Guid(03db6fe96fa20f94c968b8a89919271f) Importer(2089858483,192608db42251d675da83286b1cce702)
Start importing Assets/Furniture Mega Pack/Textures/Tables/Table29/Table29_mat_Table29_AlbedoTransparency.png using Guid(03db6fe96fa20f94c968b8a89919271f) Importer(2089858483,192608db42251d675da83286b1cce702) (ScriptedImporter) -> (artifact id: '5701691e75557e79b8c8d146541dbcc5') in 0.01988 seconds
Number of updated asset objects reloaded before import = 0Number of asset objects unloaded after import = 1

========================================================================
Received Import Request.
  Time since last request: 0.000011 seconds.
  path: Assets/Furniture Mega Pack/FBX/Chair/Chair35.fbx
  artifactKey: Guid(9f7b80952897efa49918a993a8ca20c5) Importer(2089858483,192608db42251d675da83286b1cce702)
Start importing Assets/Furniture Mega Pack/FBX/Chair/Chair35.fbx using Guid(9f7b80952897efa49918a993a8ca20c5) Importer(2089858483,192608db42251d675da83286b1cce702) (ScriptedImporter) -> (artifact id: '212e82eaa5735b1def32ab78358b8f52') in 0.0284319 seconds
Number of updated asset objects reloaded before import = 0Number of asset objects unloaded after import = 10

========================================================================
Received Import Request.
  Time since last request: 0.000012 seconds.
  path: Assets/Furniture Mega Pack/Textures/Tables/Table23/Table23_mat_Table23_AlbedoTransparency.png
  artifactKey: Guid(d49fc47206541524483060952803c0ac) Importer(2089858483,192608db42251d675da83286b1cce702)
Start importing Assets/Furniture Mega Pack/Textures/Tables/Table23/Table23_mat_Table23_AlbedoTransparency.png using Guid(d49fc47206541524483060952803c0ac) Importer(2089858483,192608db42251d675da83286b1cce702) (ScriptedImporter) -> (artifact id: 'ecbcea8c3e8c25a2dc51f296b69efff5') in 0.0179187 seconds
Number of updated asset objects reloaded before import = 0Number of asset objects unloaded after import = 1

========================================================================
Received Import Request.
  Time since last request: 0.000013 seconds.
  path: Assets/Furniture Mega Pack/Textures/Chairs/Chair03
  artifactKey: Guid(bab6bc3ad50f49e41b6d15efd7a79c6b) Importer(2089858483,192608db42251d675da83286b1cce702)
Start importing Assets/Furniture Mega Pack/Textures/Chairs/Chair03 using Guid(bab6bc3ad50f49e41b6d15efd7a79c6b) Importer(2089858483,192608db42251d675da83286b1cce702) (ScriptedImporter) -> (artifact id: 'b42dc145d2f4c6bc87c56e194ff69f00') in 0.0117751 seconds
Number of updated asset objects reloaded before import = 0Number of asset objects unloaded after import = 1

========================================================================
Received Import Request.
  Time since last request: 0.000011 seconds.
  path: Assets/Furniture Mega Pack/Materials/Table/mat_Table32.mat
  artifactKey: Guid(20c603839f64c1045b0bfa29ca10b865) Importer(2089858483,192608db42251d675da83286b1cce702)
Start importing Assets/Furniture Mega Pack/Materials/Table/mat_Table32.mat using Guid(20c603839f64c1045b0bfa29ca10b865) Importer(2089858483,192608db42251d675da83286b1cce702) (ScriptedImporter) -> (artifact id: '60214c7fb44d11d1d98644b9e2334f2a') in 0.0170854 seconds
Number of updated asset objects reloaded before import = 0Number of asset objects unloaded after import = 4

========================================================================
Received Import Request.
  Time since last request: 0.000011 seconds.
  path: Assets/Furniture Mega Pack/Textures/Sofas/Sofa08/Sofa08_mat_Sofa08_MetallicSmoothness.png
  artifactKey: Guid(f296bc59ae597f84e977e9e375888282) Importer(2089858483,192608db42251d675da83286b1cce702)
Start importing Assets/Furniture Mega Pack/Textures/Sofas/Sofa08/Sofa08_mat_Sofa08_MetallicSmoothness.png using Guid(f296bc59ae597f84e977e9e375888282) Importer(2089858483,192608db42251d675da83286b1cce702) (ScriptedImporter) -> (artifact id: '13d2a90b074b540fb48d717a6d18adc0') in 0.0169495 seconds
Number of updated asset objects reloaded before import = 0Number of asset objects unloaded after import = 1

========================================================================
Received Import Request.
  Time since last request: 0.000017 seconds.
  path: Assets/Furniture Mega Pack/Prefabs/Kitchen/CabinetGCorner02.prefab
  artifactKey: Guid(68ab989994cad484eb4bad46572625b7) Importer(2089858483,192608db42251d675da83286b1cce702)
Start importing Assets/Furniture Mega Pack/Prefabs/Kitchen/CabinetGCorner02.prefab using Guid(68ab989994cad484eb4bad46572625b7) Importer(2089858483,192608db42251d675da83286b1cce702) (ScriptedImporter) -> (artifact id: 'e8d06e80b8ed686c9023d15a3bd498d8') in 0.0221696 seconds
Number of updated asset objects reloaded before import = 0Number of asset objects unloaded after import = 9

========================================================================
Received Import Request.
  Time since last request: 0.000022 seconds.
  path: Assets/Furniture Mega Pack/FBX/Sofa/Sofa17.fbx
  artifactKey: Guid(1a8f3d6a51ae59b489a2a0e7ea4d5ff1) Importer(2089858483,192608db42251d675da83286b1cce702)
Start importing Assets/Furniture Mega Pack/FBX/Sofa/Sofa17.fbx using Guid(1a8f3d6a51ae59b489a2a0e7ea4d5ff1) Importer(2089858483,192608db42251d675da83286b1cce702) (ScriptedImporter) -> (artifact id: 'bdaa23a1ea960f6a6a1cb237678effcd') in 0.0233475 seconds
Number of updated asset objects reloaded before import = 0Number of asset objects unloaded after import = 8

========================================================================
Received Import Request.
  Time since last request: 0.000016 seconds.
  path: Assets/Furniture Mega Pack/Prefabs/Kitchen/CabinetC05.prefab
  artifactKey: Guid(3f216826fedff464dbde70128ba61050) Importer(2089858483,192608db42251d675da83286b1cce702)
Start importing Assets/Furniture Mega Pack/Prefabs/Kitchen/CabinetC05.prefab using Guid(3f216826fedff464dbde70128ba61050) Importer(2089858483,192608db42251d675da83286b1cce702) (ScriptedImporter) -> (artifact id: 'f8e15e277cbccb3d755087d062f6f33c') in 0.0219924 seconds
Number of updated asset objects reloaded before import = 0Number of asset objects unloaded after import = 14

========================================================================
Received Import Request.
  Time since last request: 0.000011 seconds.
  path: Assets/Furniture Mega Pack/Textures/Sofas/Sofa26/Sofa26_mat_Sofa26_Normal.png
  artifactKey: Guid(1304a579fc3141741b7d11f556af0640) Importer(2089858483,192608db42251d675da83286b1cce702)
Start importing Assets/Furniture Mega Pack/Textures/Sofas/Sofa26/Sofa26_mat_Sofa26_Normal.png using Guid(1304a579fc3141741b7d11f556af0640) Importer(2089858483,192608db42251d675da83286b1cce702) (ScriptedImporter) -> (artifact id: 'aa0d3331b74b75e2ad9a62bff1877f11') in 0.0206221 seconds
Number of updated asset objects reloaded before import = 0Number of asset objects unloaded after import = 1

========================================================================
Received Import Request.
  Time since last request: 0.000013 seconds.
  path: Assets/Furniture Mega Pack/Prefabs/Cushioins/Cushion30.prefab
  artifactKey: Guid(afc6aa5bea9832e43a691d5ba3708b21) Importer(2089858483,192608db42251d675da83286b1cce702)
Start importing Assets/Furniture Mega Pack/Prefabs/Cushioins/Cushion30.prefab using Guid(afc6aa5bea9832e43a691d5ba3708b21) Importer(2089858483,192608db42251d675da83286b1cce702) (ScriptedImporter) -> (artifact id: 'b04fe6ce6981cb8b5de8f73b7308704e') in 0.0200717 seconds
Number of updated asset objects reloaded before import = 0Number of asset objects unloaded after import = 9

========================================================================
Received Import Request.
  Time since last request: 0.000016 seconds.
  path: Assets/Furniture Mega Pack/Materials/Sofa/mat_Sofa31.mat
  artifactKey: Guid(639cffbd5fdc8ac4495e685f3ca06ed6) Importer(2089858483,192608db42251d675da83286b1cce702)
Start importing Assets/Furniture Mega Pack/Materials/Sofa/mat_Sofa31.mat using Guid(639cffbd5fdc8ac4495e685f3ca06ed6) Importer(2089858483,192608db42251d675da83286b1cce702) (ScriptedImporter) -> (artifact id: 'a1fbb1610a4f05d44e964eba6a55827f') in 0.0201214 seconds
Number of updated asset objects reloaded before import = 0Number of asset objects unloaded after import = 4

========================================================================
Received Import Request.
  Time since last request: 0.000016 seconds.
  path: Assets/Furniture Mega Pack/FBX/Bed/Bed42.fbx
  artifactKey: Guid(257417a7ad8e4e647b5987d4e2a7a65b) Importer(2089858483,192608db42251d675da83286b1cce702)
Start importing Assets/Furniture Mega Pack/FBX/Bed/Bed42.fbx using Guid(257417a7ad8e4e647b5987d4e2a7a65b) Importer(2089858483,192608db42251d675da83286b1cce702) (ScriptedImporter) -> (artifact id: 'bddbea9e99e9438d6aca22610b52bbd0') in 0.0240986 seconds
Number of updated asset objects reloaded before import = 0Number of asset objects unloaded after import = 10

========================================================================
Received Import Request.
  Time since last request: 0.000018 seconds.
  path: Assets/Furniture Mega Pack/Textures/Chairs/Chair32/Chair32_mat_Chair32_MetallicSmoothness.png
  artifactKey: Guid(0436e9af47745e34b99c56edcd3ed34d) Importer(2089858483,192608db42251d675da83286b1cce702)
Start importing Assets/Furniture Mega Pack/Textures/Chairs/Chair32/Chair32_mat_Chair32_MetallicSmoothness.png using Guid(0436e9af47745e34b99c56edcd3ed34d) Importer(2089858483,192608db42251d675da83286b1cce702) (ScriptedImporter) -> (artifact id: '447f14e92b76e1935ab100de6871ee59') in 0.0208637 seconds
Number of updated asset objects reloaded before import = 0Number of asset objects unloaded after import = 1

========================================================================
Received Import Request.
  Time since last request: 0.000033 seconds.
  path: Assets/Furniture Mega Pack/Textures/Chairs/Chair21/Chair21_mat_Chair21_MetallicSmoothness.png
  artifactKey: Guid(67e1d75a942e3af47b5a96c790d0e2a7) Importer(2089858483,192608db42251d675da83286b1cce702)
Start importing Assets/Furniture Mega Pack/Textures/Chairs/Chair21/Chair21_mat_Chair21_MetallicSmoothness.png using Guid(67e1d75a942e3af47b5a96c790d0e2a7) Importer(2089858483,192608db42251d675da83286b1cce702) (ScriptedImporter) -> (artifact id: '5162d56178456ea76a21a837dda4598e') in 0.0199985 seconds
Number of updated asset objects reloaded before import = 0Number of asset objects unloaded after import = 1

========================================================================
Received Import Request.
  Time since last request: 0.000015 seconds.
  path: Assets/Furniture Mega Pack/Textures/Tables/Table48/Table48_mat_Table48_AlbedoTransparency.png
  artifactKey: Guid(aaf80a670fa98c64f9154be200e655b5) Importer(2089858483,192608db42251d675da83286b1cce702)
Start importing Assets/Furniture Mega Pack/Textures/Tables/Table48/Table48_mat_Table48_AlbedoTransparency.png using Guid(aaf80a670fa98c64f9154be200e655b5) Importer(2089858483,192608db42251d675da83286b1cce702) (ScriptedImporter) -> (artifact id: '3f792f36110c84ccc282d6c921bce1c3') in 0.0188571 seconds
Number of updated asset objects reloaded before import = 0Number of asset objects unloaded after import = 1

========================================================================
Received Import Request.
  Time since last request: 0.000013 seconds.
  path: Assets/Furniture Mega Pack/FBX/Drawer/Drawer46.fbx
  artifactKey: Guid(96a8d58ea47824843817211dde529f48) Importer(2089858483,192608db42251d675da83286b1cce702)
Start importing Assets/Furniture Mega Pack/FBX/Drawer/Drawer46.fbx using Guid(96a8d58ea47824843817211dde529f48) Importer(2089858483,192608db42251d675da83286b1cce702) (ScriptedImporter) -> (artifact id: '85339c0ae21085eba874f1dc560e8c15') in 0.0366551 seconds
Number of updated asset objects reloaded before import = 0Number of asset objects unloaded after import = 55

========================================================================
Received Import Request.
  Time since last request: 0.000012 seconds.
  path: Assets/Furniture Mega Pack/Prefabs/Sofas/Sofa07.prefab
  artifactKey: Guid(eb219f5004450f1429ecb0bfee72a89b) Importer(2089858483,192608db42251d675da83286b1cce702)
Start importing Assets/Furniture Mega Pack/Prefabs/Sofas/Sofa07.prefab using Guid(eb219f5004450f1429ecb0bfee72a89b) Importer(2089858483,192608db42251d675da83286b1cce702) (ScriptedImporter) -> (artifact id: '0a17c704c68716c85e647d774d881ca2') in 0.0192745 seconds
Number of updated asset objects reloaded before import = 0Number of asset objects unloaded after import = 9

========================================================================
Received Import Request.
  Time since last request: 0.000011 seconds.
  path: Assets/Furniture Mega Pack/FBX/Drawer/Drawer02.fbx
  artifactKey: Guid(b548f6f7504cd4249b7ea5cb73f5f20e) Importer(2089858483,192608db42251d675da83286b1cce702)
Start importing Assets/Furniture Mega Pack/FBX/Drawer/Drawer02.fbx using Guid(b548f6f7504cd4249b7ea5cb73f5f20e) Importer(2089858483,192608db42251d675da83286b1cce702) (ScriptedImporter) -> (artifact id: 'b3de21665bf0194dff469a16f010cf9b') in 0.0288075 seconds
Number of updated asset objects reloaded before import = 0Number of asset objects unloaded after import = 25

========================================================================
Received Import Request.
  Time since last request: 0.000014 seconds.
  path: Assets/Furniture Mega Pack/Textures/Chairs/Chair42/Chair42_mat_Chair42_AlbedoTransparency.png
  artifactKey: Guid(c5738c9268425fa41bbbcdb2ba7020c9) Importer(2089858483,192608db42251d675da83286b1cce702)
Start importing Assets/Furniture Mega Pack/Textures/Chairs/Chair42/Chair42_mat_Chair42_AlbedoTransparency.png using Guid(c5738c9268425fa41bbbcdb2ba7020c9) Importer(2089858483,192608db42251d675da83286b1cce702) (ScriptedImporter) -> (artifact id: 'f39aba9206886b30f3a3ff003888c604') in 0.0172845 seconds
Number of updated asset objects reloaded before import = 0Number of asset objects unloaded after import = 1

========================================================================
Received Import Request.
  Time since last request: 0.000020 seconds.
  path: Assets/Furniture Mega Pack/FBX/Sofa/Sofa32.fbx
  artifactKey: Guid(27a72638f73a8bf4fb1a100d5cc3d790) Importer(2089858483,192608db42251d675da83286b1cce702)
Start importing Assets/Furniture Mega Pack/FBX/Sofa/Sofa32.fbx using Guid(27a72638f73a8bf4fb1a100d5cc3d790) Importer(2089858483,192608db42251d675da83286b1cce702) (ScriptedImporter) -> (artifact id: 'dde4ab944a9bfc1582ce11a3660336ab') in 0.024192 seconds
Number of updated asset objects reloaded before import = 0Number of asset objects unloaded after import = 8

========================================================================
Received Import Request.
  Time since last request: 0.000013 seconds.
  path: Assets/Furniture Mega Pack/Prefabs/Bathroom/ShowerSystem01.prefab
  artifactKey: Guid(bccc46b4a49d2874bb05f00a17bf69f7) Importer(2089858483,192608db42251d675da83286b1cce702)
Start importing Assets/Furniture Mega Pack/Prefabs/Bathroom/ShowerSystem01.prefab using Guid(bccc46b4a49d2874bb05f00a17bf69f7) Importer(2089858483,192608db42251d675da83286b1cce702) (ScriptedImporter) -> (artifact id: '3f7ddf231020679c0480f528a04b48d9') in 0.022645 seconds
Number of updated asset objects reloaded before import = 0Number of asset objects unloaded after import = 19

========================================================================
Received Import Request.
  Time since last request: 0.000012 seconds.
  path: Assets/Furniture Mega Pack/Prefabs/Bathroom/BathTub06.prefab
  artifactKey: Guid(524cd460299431d468c3f0b64fe0262f) Importer(2089858483,192608db42251d675da83286b1cce702)
Start importing Assets/Furniture Mega Pack/Prefabs/Bathroom/BathTub06.prefab using Guid(524cd460299431d468c3f0b64fe0262f) Importer(2089858483,192608db42251d675da83286b1cce702) (ScriptedImporter) -> (artifact id: 'bd44cf967b8eb64fceed160cd57cd9cc') in 0.0206258 seconds
Number of updated asset objects reloaded before import = 0Number of asset objects unloaded after import = 9

========================================================================
Received Import Request.
  Time since last request: 0.000011 seconds.
  path: Assets/Furniture Mega Pack/Prefabs/Chairs/Chair04.prefab
  artifactKey: Guid(f67dcd098116f564e9254a36dabc3092) Importer(2089858483,192608db42251d675da83286b1cce702)
Start importing Assets/Furniture Mega Pack/Prefabs/Chairs/Chair04.prefab using Guid(f67dcd098116f564e9254a36dabc3092) Importer(2089858483,192608db42251d675da83286b1cce702) (ScriptedImporter) -> (artifact id: '50739cb95cd65d4cac8ec82938bdc38e') in 0.0211454 seconds
Number of updated asset objects reloaded before import = 0Number of asset objects unloaded after import = 9

========================================================================
Received Import Request.
  Time since last request: 0.000012 seconds.
  path: Assets/Furniture Mega Pack/FBX/Bathroom/BathTub03.fbx
  artifactKey: Guid(421c0d068f50496499edfe596a73a8bc) Importer(2089858483,192608db42251d675da83286b1cce702)
Start importing Assets/Furniture Mega Pack/FBX/Bathroom/BathTub03.fbx using Guid(421c0d068f50496499edfe596a73a8bc) Importer(2089858483,192608db42251d675da83286b1cce702) (ScriptedImporter) -> (artifact id: 'a095d10a1d2d7f0c9e60f84d528ebdee') in 0.0242969 seconds
Number of updated asset objects reloaded before import = 0Number of asset objects unloaded after import = 10

========================================================================
Received Import Request.
  Time since last request: 0.000018 seconds.
  path: Assets/Furniture Mega Pack/Prefabs/Chairs/Chair13.prefab
  artifactKey: Guid(a94218b63f8afc34f8fa15b928184b71) Importer(2089858483,192608db42251d675da83286b1cce702)
Start importing Assets/Furniture Mega Pack/Prefabs/Chairs/Chair13.prefab using Guid(a94218b63f8afc34f8fa15b928184b71) Importer(2089858483,192608db42251d675da83286b1cce702) (ScriptedImporter) -> (artifact id: 'b03641f593817899198059d2acf750f4') in 0.0195338 seconds
Number of updated asset objects reloaded before import = 0Number of asset objects unloaded after import = 9

========================================================================
Received Import Request.
  Time since last request: 0.000023 seconds.
  path: Assets/Furniture Mega Pack/Materials/Chair/mat_Chair14.mat
  artifactKey: Guid(5736ec2299f754043a00e5860ca34d19) Importer(2089858483,192608db42251d675da83286b1cce702)
Start importing Assets/Furniture Mega Pack/Materials/Chair/mat_Chair14.mat using Guid(5736ec2299f754043a00e5860ca34d19) Importer(2089858483,192608db42251d675da83286b1cce702) (ScriptedImporter) -> (artifact id: 'dda9360a120ace8a84b93be658ab2ca4') in 0.0201363 seconds
Number of updated asset objects reloaded before import = 0Number of asset objects unloaded after import = 4

========================================================================
Received Import Request.
  Time since last request: 0.000013 seconds.
  path: Assets/Furniture Mega Pack/Textures/Tables/Table21/Table21_mat_Table21_MetallicSmoothness.png
  artifactKey: Guid(9f7941dac6df3c04db7795c03cb627d6) Importer(2089858483,192608db42251d675da83286b1cce702)
Start importing Assets/Furniture Mega Pack/Textures/Tables/Table21/Table21_mat_Table21_MetallicSmoothness.png using Guid(9f7941dac6df3c04db7795c03cb627d6) Importer(2089858483,192608db42251d675da83286b1cce702) (ScriptedImporter) -> (artifact id: '5faf4f07b1b992a8443c21f9c4a9cf93') in 0.0178944 seconds
Number of updated asset objects reloaded before import = 0Number of asset objects unloaded after import = 1

========================================================================
Received Import Request.
  Time since last request: 0.000013 seconds.
  path: Assets/Furniture Mega Pack/Textures/Tables/Table30/Table30_mat_Table30_Normal.png
  artifactKey: Guid(76969cce8f6576b4592c5e461db62a66) Importer(2089858483,192608db42251d675da83286b1cce702)
Start importing Assets/Furniture Mega Pack/Textures/Tables/Table30/Table30_mat_Table30_Normal.png using Guid(76969cce8f6576b4592c5e461db62a66) Importer(2089858483,192608db42251d675da83286b1cce702) (ScriptedImporter) -> (artifact id: '67ea598903bf47c0f826fc5c66adebf4') in 0.0203705 seconds
Number of updated asset objects reloaded before import = 0Number of asset objects unloaded after import = 1

========================================================================
Received Import Request.
  Time since last request: 0.000016 seconds.
  path: Assets/Furniture Mega Pack/Materials/Table
  artifactKey: Guid(01469fb3c38d5ed4cb574c2632dee540) Importer(2089858483,192608db42251d675da83286b1cce702)
Start importing Assets/Furniture Mega Pack/Materials/Table using Guid(01469fb3c38d5ed4cb574c2632dee540) Importer(2089858483,192608db42251d675da83286b1cce702) (ScriptedImporter) -> (artifact id: '7b01e5cda71ef8d758912ff779f340c5') in 0.0109174 seconds
Number of updated asset objects reloaded before import = 0Number of asset objects unloaded after import = 1

========================================================================
Received Import Request.
  Time since last request: 0.000013 seconds.
  path: Assets/Furniture Mega Pack/Prefabs/Closets/Closet44.prefab
  artifactKey: Guid(8ade422e2ce65364e947e32864cb5328) Importer(2089858483,192608db42251d675da83286b1cce702)
Start importing Assets/Furniture Mega Pack/Prefabs/Closets/Closet44.prefab using Guid(8ade422e2ce65364e947e32864cb5328) Importer(2089858483,192608db42251d675da83286b1cce702) (ScriptedImporter) -> (artifact id: 'ebd60c9d71f1e568cca457949ef8aeec') in 0.0197766 seconds
Number of updated asset objects reloaded before import = 0Number of asset objects unloaded after import = 14

========================================================================
Received Import Request.
  Time since last request: 0.000011 seconds.
  path: Assets/Furniture Mega Pack/Prefabs/Drawers/Drawer10.prefab
  artifactKey: Guid(2710b31cd4222794382ab98bda65170b) Importer(2089858483,192608db42251d675da83286b1cce702)
Start importing Assets/Furniture Mega Pack/Prefabs/Drawers/Drawer10.prefab using Guid(2710b31cd4222794382ab98bda65170b) Importer(2089858483,192608db42251d675da83286b1cce702) (ScriptedImporter) -> (artifact id: '7c283c5b6a9c357d50d1ba5cf33ff495') in 0.0208267 seconds
Number of updated asset objects reloaded before import = 0Number of asset objects unloaded after import = 19

========================================================================
Received Import Request.
  Time since last request: 0.000015 seconds.
  path: Assets/Furniture Mega Pack/Textures/Tables/Table25
  artifactKey: Guid(dc85ea5a2b7a23644bb46e75e43436f8) Importer(2089858483,192608db42251d675da83286b1cce702)
Start importing Assets/Furniture Mega Pack/Textures/Tables/Table25 using Guid(dc85ea5a2b7a23644bb46e75e43436f8) Importer(2089858483,192608db42251d675da83286b1cce702) (ScriptedImporter) -> (artifact id: '4affb6434deede2e2cd3754ef14fd129') in 0.0081458 seconds
Number of updated asset objects reloaded before import = 0Number of asset objects unloaded after import = 1

========================================================================
Received Import Request.
  Time since last request: 0.000019 seconds.
  path: Assets/Furniture Mega Pack/Materials/Sofa/mat_Sofa17.mat
  artifactKey: Guid(5e780d2f5eabdf841bd70cfcc9126029) Importer(2089858483,192608db42251d675da83286b1cce702)
Start importing Assets/Furniture Mega Pack/Materials/Sofa/mat_Sofa17.mat using Guid(5e780d2f5eabdf841bd70cfcc9126029) Importer(2089858483,192608db42251d675da83286b1cce702) (ScriptedImporter) -> (artifact id: 'fa544ee678ccb43f1983716ab5106f2c') in 0.0162198 seconds
Number of updated asset objects reloaded before import = 0Number of asset objects unloaded after import = 4

========================================================================
Received Import Request.
  Time since last request: 0.000012 seconds.
  path: Assets/Furniture Mega Pack/FBX/Kitchen/GasStove04.fbx
  artifactKey: Guid(b2eaf22ba267e6548a3bec073e8b68cc) Importer(2089858483,192608db42251d675da83286b1cce702)
Start importing Assets/Furniture Mega Pack/FBX/Kitchen/GasStove04.fbx using Guid(b2eaf22ba267e6548a3bec073e8b68cc) Importer(2089858483,192608db42251d675da83286b1cce702) (ScriptedImporter) -> (artifact id: 'f8c31244d8ee8e9d4f6183ce6e6defef') in 0.0275396 seconds
Number of updated asset objects reloaded before import = 0Number of asset objects unloaded after import = 15

========================================================================
Received Import Request.
  Time since last request: 0.000012 seconds.
  path: Assets/Furniture Mega Pack/Prefabs/Bathroom/TowelHanger06.prefab
  artifactKey: Guid(47e9d851a9ceda14da77e6d9c9fd0028) Importer(2089858483,192608db42251d675da83286b1cce702)
Start importing Assets/Furniture Mega Pack/Prefabs/Bathroom/TowelHanger06.prefab using Guid(47e9d851a9ceda14da77e6d9c9fd0028) Importer(2089858483,192608db42251d675da83286b1cce702) (ScriptedImporter) -> (artifact id: '42c60232826323d1a484093826d2e4a7') in 0.0229305 seconds
Number of updated asset objects reloaded before import = 0Number of asset objects unloaded after import = 9

========================================================================
Received Import Request.
  Time since last request: 0.000012 seconds.
  path: Assets/Furniture Mega Pack/FBX/Bed/Bed36.fbx
  artifactKey: Guid(240138327fcd1dc408094b0b71ff2fe2) Importer(2089858483,192608db42251d675da83286b1cce702)
Start importing Assets/Furniture Mega Pack/FBX/Bed/Bed36.fbx using Guid(240138327fcd1dc408094b0b71ff2fe2) Importer(2089858483,192608db42251d675da83286b1cce702) (ScriptedImporter) -> (artifact id: '5b40f8b845eba76242b1a20b23f3b3d6') in 0.0272587 seconds
Number of updated asset objects reloaded before import = 0Number of asset objects unloaded after import = 18

========================================================================
Received Import Request.
  Time since last request: 0.000012 seconds.
  path: Assets/Furniture Mega Pack/Textures/Chairs/Chair49/Chair49_mat_Chair49_MetallicSmoothness.png
  artifactKey: Guid(d1fe71c7404838741a6fb425e3c44f5f) Importer(2089858483,192608db42251d675da83286b1cce702)
Start importing Assets/Furniture Mega Pack/Textures/Chairs/Chair49/Chair49_mat_Chair49_MetallicSmoothness.png using Guid(d1fe71c7404838741a6fb425e3c44f5f) Importer(2089858483,192608db42251d675da83286b1cce702) (ScriptedImporter) -> (artifact id: '8bc75f72a15dcb1c1d039cd0d102a630') in 0.0169493 seconds
Number of updated asset objects reloaded before import = 0Number of asset objects unloaded after import = 1

========================================================================
Received Import Request.
  Time since last request: 0.000015 seconds.
  path: Assets/Furniture Mega Pack/Materials/Chair/mat_Chair18.mat
  artifactKey: Guid(6e2c29b8c066d7040a46a4a6074ca1b4) Importer(2089858483,192608db42251d675da83286b1cce702)
Start importing Assets/Furniture Mega Pack/Materials/Chair/mat_Chair18.mat using Guid(6e2c29b8c066d7040a46a4a6074ca1b4) Importer(2089858483,192608db42251d675da83286b1cce702) (ScriptedImporter) -> (artifact id: '1f9eeb678e618b5de2821bbbbfc8f6e3') in 0.0189462 seconds
Number of updated asset objects reloaded before import = 0Number of asset objects unloaded after import = 4

========================================================================
Received Import Request.
  Time since last request: 0.000013 seconds.
  path: Assets/Furniture Mega Pack/Textures/Chairs/Chair18/Chair18_mat_Chair18_MetallicSmoothness.png
  artifactKey: Guid(01ee5e5cde4529d4e86d0962424f320f) Importer(2089858483,192608db42251d675da83286b1cce702)
Start importing Assets/Furniture Mega Pack/Textures/Chairs/Chair18/Chair18_mat_Chair18_MetallicSmoothness.png using Guid(01ee5e5cde4529d4e86d0962424f320f) Importer(2089858483,192608db42251d675da83286b1cce702) (ScriptedImporter) -> (artifact id: 'f1b1d06925a34441b9d6fb80f7dd7980') in 0.0191896 seconds
Number of updated asset objects reloaded before import = 0Number of asset objects unloaded after import = 1

========================================================================
Received Import Request.
  Time since last request: 0.000019 seconds.
  path: Assets/Furniture Mega Pack/Prefabs/Closets/Closet02.prefab
  artifactKey: Guid(3fb2422b8d41c4d4098b671ebb44a4b6) Importer(2089858483,192608db42251d675da83286b1cce702)
Start importing Assets/Furniture Mega Pack/Prefabs/Closets/Closet02.prefab using Guid(3fb2422b8d41c4d4098b671ebb44a4b6) Importer(2089858483,192608db42251d675da83286b1cce702) (ScriptedImporter) -> (artifact id: '8b5cefab931ed7c13c2db127b6e7db4b') in 0.0240024 seconds
Number of updated asset objects reloaded before import = 0Number of asset objects unloaded after import = 9

========================================================================
Received Import Request.
  Time since last request: 0.000014 seconds.
  path: Assets/Furniture Mega Pack/FBX/Bed/Bed08.fbx
  artifactKey: Guid(e7beec37b1a548a41aaf1489a276eb2a) Importer(2089858483,192608db42251d675da83286b1cce702)
Start importing Assets/Furniture Mega Pack/FBX/Bed/Bed08.fbx using Guid(e7beec37b1a548a41aaf1489a276eb2a) Importer(2089858483,192608db42251d675da83286b1cce702) (ScriptedImporter) -> (artifact id: '0c29a4ea93405ae91dfef2e3fd0e3d25') in 0.0386458 seconds
Number of updated asset objects reloaded before import = 0Number of asset objects unloaded after import = 26

========================================================================
Received Import Request.
  Time since last request: 0.000013 seconds.
  path: Assets/Furniture Mega Pack/Prefabs/Sofas/Sofa24.prefab
  artifactKey: Guid(a40d794bcd5a98f4381997fbac28360b) Importer(2089858483,192608db42251d675da83286b1cce702)
Start importing Assets/Furniture Mega Pack/Prefabs/Sofas/Sofa24.prefab using Guid(a40d794bcd5a98f4381997fbac28360b) Importer(2089858483,192608db42251d675da83286b1cce702) (ScriptedImporter) -> (artifact id: '80cff04225b86e0a5ef97fb33c62e3aa') in 0.0205107 seconds
Number of updated asset objects reloaded before import = 0Number of asset objects unloaded after import = 9

========================================================================
Received Import Request.
  Time since last request: 0.000012 seconds.
  path: Assets/Furniture Mega Pack/Materials/Cushion/mat_Cushion41_48.mat
  artifactKey: Guid(de39601f348483f4a9c0fff7c44d8ad2) Importer(2089858483,192608db42251d675da83286b1cce702)
Start importing Assets/Furniture Mega Pack/Materials/Cushion/mat_Cushion41_48.mat using Guid(de39601f348483f4a9c0fff7c44d8ad2) Importer(2089858483,192608db42251d675da83286b1cce702) (ScriptedImporter) -> (artifact id: 'cbbf6602efeb163910caabb445a807c8') in 0.0158516 seconds
Number of updated asset objects reloaded before import = 0Number of asset objects unloaded after import = 4

========================================================================
Received Import Request.
  Time since last request: 0.000011 seconds.
  path: Assets/Furniture Mega Pack/Materials/Chair/mat_Chair30.mat
  artifactKey: Guid(b79974e1727af8e47aa073de548d04fa) Importer(2089858483,192608db42251d675da83286b1cce702)
Start importing Assets/Furniture Mega Pack/Materials/Chair/mat_Chair30.mat using Guid(b79974e1727af8e47aa073de548d04fa) Importer(2089858483,192608db42251d675da83286b1cce702) (ScriptedImporter) -> (artifact id: '4dc732cb15954e1829efa4affa501cd1') in 0.0152931 seconds
Number of updated asset objects reloaded before import = 0Number of asset objects unloaded after import = 4

========================================================================
Received Import Request.
  Time since last request: 0.000011 seconds.
  path: Assets/Furniture Mega Pack/FBX/Chair/Chair18.fbx
  artifactKey: Guid(73ac0beddfc6bd948b76efaf35c77931) Importer(2089858483,192608db42251d675da83286b1cce702)
Start importing Assets/Furniture Mega Pack/FBX/Chair/Chair18.fbx using Guid(73ac0beddfc6bd948b76efaf35c77931) Importer(2089858483,192608db42251d675da83286b1cce702) (ScriptedImporter) -> (artifact id: '8ca73e55ccc408a74c3c1dbd60dbc6ff') in 0.0253463 seconds
Number of updated asset objects reloaded before import = 0Number of asset objects unloaded after import = 10

========================================================================
Received Import Request.
  Time since last request: 0.000012 seconds.
  path: Assets/Furniture Mega Pack/Textures/Tables/Table09/Table09_mat_Table09_MetallicSmoothness.png
  artifactKey: Guid(e52c67e0856ed8b4d8d1924e42f17f17) Importer(2089858483,192608db42251d675da83286b1cce702)
Start importing Assets/Furniture Mega Pack/Textures/Tables/Table09/Table09_mat_Table09_MetallicSmoothness.png using Guid(e52c67e0856ed8b4d8d1924e42f17f17) Importer(2089858483,192608db42251d675da83286b1cce702) (ScriptedImporter) -> (artifact id: '1575be568beebc27ab96b5d213cb4cdc') in 0.0173259 seconds
Number of updated asset objects reloaded before import = 0Number of asset objects unloaded after import = 1

========================================================================
Received Import Request.
  Time since last request: 0.000018 seconds.
  path: Assets/Furniture Mega Pack/FBX/Drawer/Drawer07.fbx
  artifactKey: Guid(fea6117d2ca850e48b4098ba3c7164a6) Importer(2089858483,192608db42251d675da83286b1cce702)
Start importing Assets/Furniture Mega Pack/FBX/Drawer/Drawer07.fbx using Guid(fea6117d2ca850e48b4098ba3c7164a6) Importer(2089858483,192608db42251d675da83286b1cce702) (ScriptedImporter) -> (artifact id: 'e6ac5962aa339c6657207641d6bc85b6') in 0.0275002 seconds
Number of updated asset objects reloaded before import = 0Number of asset objects unloaded after import = 20

========================================================================
Received Import Request.
  Time since last request: 0.000011 seconds.
  path: Assets/Furniture Mega Pack/FBX/Closet/Closet49.fbx
  artifactKey: Guid(0fba30013d7fa6146813ec750abf59d4) Importer(2089858483,192608db42251d675da83286b1cce702)
Start importing Assets/Furniture Mega Pack/FBX/Closet/Closet49.fbx using Guid(0fba30013d7fa6146813ec750abf59d4) Importer(2089858483,192608db42251d675da83286b1cce702) (ScriptedImporter) -> (artifact id: '374d02a36f7c3e57b0143d675faa47dc') in 0.0274517 seconds
Number of updated asset objects reloaded before import = 0Number of asset objects unloaded after import = 15

========================================================================
Received Import Request.
  Time since last request: 0.000012 seconds.
  path: Assets/Furniture Mega Pack/Prefabs/Closets/Closet25.prefab
  artifactKey: Guid(f83f3f02901e0d74a95fe01e135f840e) Importer(2089858483,192608db42251d675da83286b1cce702)
Start importing Assets/Furniture Mega Pack/Prefabs/Closets/Closet25.prefab using Guid(f83f3f02901e0d74a95fe01e135f840e) Importer(2089858483,192608db42251d675da83286b1cce702) (ScriptedImporter) -> (artifact id: '69851bee253f33c25b079d8919f76971') in 0.0186291 seconds
Number of updated asset objects reloaded before import = 0Number of asset objects unloaded after import = 19

========================================================================
Received Import Request.
  Time since last request: 0.000018 seconds.
  path: Assets/Furniture Mega Pack/Textures/Chairs/Chair39/Chair39_mat_Chair39_Normal.png
  artifactKey: Guid(6116fc07cbdf66a418a1238b72ce8103) Importer(2089858483,192608db42251d675da83286b1cce702)
Start importing Assets/Furniture Mega Pack/Textures/Chairs/Chair39/Chair39_mat_Chair39_Normal.png using Guid(6116fc07cbdf66a418a1238b72ce8103) Importer(2089858483,192608db42251d675da83286b1cce702) (ScriptedImporter) -> (artifact id: '5219bb730bfbade2148a826a9b5cb2e6') in 0.0187499 seconds
Number of updated asset objects reloaded before import = 0Number of asset objects unloaded after import = 1

========================================================================
Received Import Request.
  Time since last request: 0.000012 seconds.
  path: Assets/Furniture Mega Pack/Textures/Tables/Table39/Table39_mat_Table39_Normal.png
  artifactKey: Guid(71bd1f25e6446f24c9d30852b80e0d08) Importer(2089858483,192608db42251d675da83286b1cce702)
Start importing Assets/Furniture Mega Pack/Textures/Tables/Table39/Table39_mat_Table39_Normal.png using Guid(71bd1f25e6446f24c9d30852b80e0d08) Importer(2089858483,192608db42251d675da83286b1cce702) (ScriptedImporter) -> (artifact id: '817504df3fd02b8dd966e0a7e377d8e7') in 0.0182836 seconds
Number of updated asset objects reloaded before import = 0Number of asset objects unloaded after import = 1

========================================================================
Received Import Request.
  Time since last request: 0.000016 seconds.
  path: Assets/Furniture Mega Pack/Prefabs/Chairs/Chair33.prefab
  artifactKey: Guid(6e1221fba226647409d003d99e2d7dd2) Importer(2089858483,192608db42251d675da83286b1cce702)
Start importing Assets/Furniture Mega Pack/Prefabs/Chairs/Chair33.prefab using Guid(6e1221fba226647409d003d99e2d7dd2) Importer(2089858483,192608db42251d675da83286b1cce702) (ScriptedImporter) -> (artifact id: '5135c54b53bb9bb871c4ea49632a059e') in 0.018003 seconds
Number of updated asset objects reloaded before import = 0Number of asset objects unloaded after import = 9

========================================================================
Received Import Request.
  Time since last request: 0.000012 seconds.
  path: Assets/Furniture Mega Pack/Prefabs/Beds/Bed43.prefab
  artifactKey: Guid(c4db59635f11f7145bf9c91b2202f90b) Importer(2089858483,192608db42251d675da83286b1cce702)
Start importing Assets/Furniture Mega Pack/Prefabs/Beds/Bed43.prefab using Guid(c4db59635f11f7145bf9c91b2202f90b) Importer(2089858483,192608db42251d675da83286b1cce702) (ScriptedImporter) -> (artifact id: 'bd0a4dc5b14a3ead520aaa4a22d35f6c') in 0.0154141 seconds
Number of updated asset objects reloaded before import = 0Number of asset objects unloaded after import = 14

========================================================================
Received Import Request.
  Time since last request: 0.000018 seconds.
  path: Assets/Furniture Mega Pack/FBX/Sofa/Sofa19.fbx
  artifactKey: Guid(f3c54da0efb5e444b899a9aa9ed9cab0) Importer(2089858483,192608db42251d675da83286b1cce702)
Start importing Assets/Furniture Mega Pack/FBX/Sofa/Sofa19.fbx using Guid(f3c54da0efb5e444b899a9aa9ed9cab0) Importer(2089858483,192608db42251d675da83286b1cce702) (ScriptedImporter) -> (artifact id: 'ee42862377f69b9674ef6055f6cfcc06') in 0.0202965 seconds
Number of updated asset objects reloaded before import = 0Number of asset objects unloaded after import = 8

========================================================================
Received Import Request.
  Time since last request: 0.000010 seconds.
  path: Assets/Furniture Mega Pack/Prefabs/Tables/Table23.prefab
  artifactKey: Guid(4818af0477ba94a49acd48e7aeded4b9) Importer(2089858483,192608db42251d675da83286b1cce702)
Start importing Assets/Furniture Mega Pack/Prefabs/Tables/Table23.prefab using Guid(4818af0477ba94a49acd48e7aeded4b9) Importer(2089858483,192608db42251d675da83286b1cce702) (ScriptedImporter) -> (artifact id: '2187726c1d079806bfc98c0345270308') in 0.0192676 seconds
Number of updated asset objects reloaded before import = 0Number of asset objects unloaded after import = 9

========================================================================
Received Import Request.
  Time since last request: 0.000026 seconds.
  path: Assets/Furniture Mega Pack/FBX/Drawer/Drawer10.fbx
  artifactKey: Guid(5d3bba449c61f724e91ea509497d026c) Importer(2089858483,192608db42251d675da83286b1cce702)
Start importing Assets/Furniture Mega Pack/FBX/Drawer/Drawer10.fbx using Guid(5d3bba449c61f724e91ea509497d026c) Importer(2089858483,192608db42251d675da83286b1cce702) (ScriptedImporter) -> (artifact id: '31c5efd1a2167bf4146fde132d941a1b') in 0.0242954 seconds
Number of updated asset objects reloaded before import = 0Number of asset objects unloaded after import = 20

========================================================================
Received Import Request.
  Time since last request: 0.000011 seconds.
  path: Assets/Furniture Mega Pack/Prefabs/Cushioins/Cushion12.prefab
  artifactKey: Guid(43f4e166b8c8d284b82360443b256b4c) Importer(2089858483,192608db42251d675da83286b1cce702)
Start importing Assets/Furniture Mega Pack/Prefabs/Cushioins/Cushion12.prefab using Guid(43f4e166b8c8d284b82360443b256b4c) Importer(2089858483,192608db42251d675da83286b1cce702) (ScriptedImporter) -> (artifact id: 'd5d5cc548202146ba01dfce6f072bffc') in 0.0206997 seconds
Number of updated asset objects reloaded before import = 0Number of asset objects unloaded after import = 9

========================================================================
Received Import Request.
  Time since last request: 0.000012 seconds.
  path: Assets/Furniture Mega Pack/Textures/Tables/Table24/Table24_mat_Table24_MetallicSmoothness.png
  artifactKey: Guid(4204b32eee128bd4e9f60c7ff8f0b136) Importer(2089858483,192608db42251d675da83286b1cce702)
Start importing Assets/Furniture Mega Pack/Textures/Tables/Table24/Table24_mat_Table24_MetallicSmoothness.png using Guid(4204b32eee128bd4e9f60c7ff8f0b136) Importer(2089858483,192608db42251d675da83286b1cce702) (ScriptedImporter) -> (artifact id: '2b3308a27f36ce14a0b9160c454bfd28') in 0.021844 seconds
Number of updated asset objects reloaded before import = 0Number of asset objects unloaded after import = 1

========================================================================
Received Import Request.
  Time since last request: 0.000013 seconds.
  path: Assets/Furniture Mega Pack/Textures/Sofas/Sofa06
  artifactKey: Guid(b383e5323488a0f4ea15141f47bccfc2) Importer(2089858483,192608db42251d675da83286b1cce702)
Start importing Assets/Furniture Mega Pack/Textures/Sofas/Sofa06 using Guid(b383e5323488a0f4ea15141f47bccfc2) Importer(2089858483,192608db42251d675da83286b1cce702) (ScriptedImporter) -> (artifact id: 'e331d26d59999fdc5ef9db4ea0e1fe44') in 0.0090714 seconds
Number of updated asset objects reloaded before import = 0Number of asset objects unloaded after import = 1

========================================================================
Received Import Request.
  Time since last request: 0.000013 seconds.
  path: Assets/Furniture Mega Pack/Textures/Tables/Table47/Table47_mat_Table47_MetallicSmoothness.png
  artifactKey: Guid(2cebf89b0df350b438ec281fbf702873) Importer(2089858483,192608db42251d675da83286b1cce702)
Start importing Assets/Furniture Mega Pack/Textures/Tables/Table47/Table47_mat_Table47_MetallicSmoothness.png using Guid(2cebf89b0df350b438ec281fbf702873) Importer(2089858483,192608db42251d675da83286b1cce702) (ScriptedImporter) -> (artifact id: 'b0458cff6af876c316370a2f8b004b4f') in 0.0197239 seconds
Number of updated asset objects reloaded before import = 0Number of asset objects unloaded after import = 1

========================================================================
Received Import Request.
  Time since last request: 0.000021 seconds.
  path: Assets/Furniture Mega Pack/Textures/Sofas/Sofa10/Sofa10_mat_Sofa10_Normal.png
  artifactKey: Guid(5e4367ff6473011439d2e46fe48a5580) Importer(2089858483,192608db42251d675da83286b1cce702)
Start importing Assets/Furniture Mega Pack/Textures/Sofas/Sofa10/Sofa10_mat_Sofa10_Normal.png using Guid(5e4367ff6473011439d2e46fe48a5580) Importer(2089858483,192608db42251d675da83286b1cce702) (ScriptedImporter) -> (artifact id: '4843ad848df55a40d95a623b9be64614') in 0.0209615 seconds
Number of updated asset objects reloaded before import = 0Number of asset objects unloaded after import = 1

========================================================================
Received Import Request.
  Time since last request: 0.000014 seconds.
  path: Assets/Furniture Mega Pack/Prefabs/Closets/Closet31.prefab
  artifactKey: Guid(5cd20e2f643e38f439425a00cb0d45a5) Importer(2089858483,192608db42251d675da83286b1cce702)
Start importing Assets/Furniture Mega Pack/Prefabs/Closets/Closet31.prefab using Guid(5cd20e2f643e38f439425a00cb0d45a5) Importer(2089858483,192608db42251d675da83286b1cce702) (ScriptedImporter) -> (artifact id: '207e0a7dbba15955031acfe7f44f6943') in 0.0205125 seconds
Number of updated asset objects reloaded before import = 0Number of asset objects unloaded after import = 9

========================================================================
Received Import Request.
  Time since last request: 0.000011 seconds.
  path: Assets/Furniture Mega Pack/FBX/Sofa/Sofa23.fbx
  artifactKey: Guid(46188954b8c5b1e4d94b16f018fe3601) Importer(2089858483,192608db42251d675da83286b1cce702)
Start importing Assets/Furniture Mega Pack/FBX/Sofa/Sofa23.fbx using Guid(46188954b8c5b1e4d94b16f018fe3601) Importer(2089858483,192608db42251d675da83286b1cce702) (ScriptedImporter) -> (artifact id: '87b922065d68603529ef11250e3e661d') in 0.0227691 seconds
Number of updated asset objects reloaded before import = 0Number of asset objects unloaded after import = 8

========================================================================
Received Import Request.
  Time since last request: 0.000015 seconds.
  path: Assets/Furniture Mega Pack/Textures/Chairs/Chair12/Chair12_mat_Chair12_AlbedoTransparency.png
  artifactKey: Guid(ef9d3e18a925bab46859b006d9d57864) Importer(2089858483,192608db42251d675da83286b1cce702)
Start importing Assets/Furniture Mega Pack/Textures/Chairs/Chair12/Chair12_mat_Chair12_AlbedoTransparency.png using Guid(ef9d3e18a925bab46859b006d9d57864) Importer(2089858483,192608db42251d675da83286b1cce702) (ScriptedImporter) -> (artifact id: '1eceae226cfa987f636dfa31c59b8c51') in 0.0205091 seconds
Number of updated asset objects reloaded before import = 0Number of asset objects unloaded after import = 1

========================================================================
Received Import Request.
  Time since last request: 0.000014 seconds.
  path: Assets/Furniture Mega Pack/Textures/Sofas/Sofa02/Sofa02_mat_Sofa02_Normal.png
  artifactKey: Guid(74c7c23d6ae973b4f966589c26472590) Importer(2089858483,192608db42251d675da83286b1cce702)
Start importing Assets/Furniture Mega Pack/Textures/Sofas/Sofa02/Sofa02_mat_Sofa02_Normal.png using Guid(74c7c23d6ae973b4f966589c26472590) Importer(2089858483,192608db42251d675da83286b1cce702) (ScriptedImporter) -> (artifact id: '7b9040a00894d5e59f64ff46b462c3cc') in 0.0194263 seconds
Number of updated asset objects reloaded before import = 0Number of asset objects unloaded after import = 1

========================================================================
Received Import Request.
  Time since last request: 0.000012 seconds.
  path: Assets/Furniture Mega Pack/Textures/Chairs/Chair25/Chair25_mat_Chair25_AlbedoTransparency.png
  artifactKey: Guid(cf69b63d896b4ad498801a0c7cc3859a) Importer(2089858483,192608db42251d675da83286b1cce702)
Start importing Assets/Furniture Mega Pack/Textures/Chairs/Chair25/Chair25_mat_Chair25_AlbedoTransparency.png using Guid(cf69b63d896b4ad498801a0c7cc3859a) Importer(2089858483,192608db42251d675da83286b1cce702) (ScriptedImporter) -> (artifact id: '7404735e8032d0c50558383b91886c02') in 0.0195883 seconds
Number of updated asset objects reloaded before import = 0Number of asset objects unloaded after import = 1

========================================================================
Received Import Request.
  Time since last request: 0.000047 seconds.
  path: Assets/Furniture Mega Pack/Prefabs/Chairs/Chair50.prefab
  artifactKey: Guid(132f83764bd80744380aaacd5d0f57f1) Importer(2089858483,192608db42251d675da83286b1cce702)
Start importing Assets/Furniture Mega Pack/Prefabs/Chairs/Chair50.prefab using Guid(132f83764bd80744380aaacd5d0f57f1) Importer(2089858483,192608db42251d675da83286b1cce702) (ScriptedImporter) -> (artifact id: 'a369246b8692f2f0fff8eec0a26fee71') in 0.0281885 seconds
Number of updated asset objects reloaded before import = 0Number of asset objects unloaded after import = 9

========================================================================
Received Import Request.
  Time since last request: 0.000026 seconds.
  path: Assets/Furniture Mega Pack/Materials/Table/mat_Table15.mat
  artifactKey: Guid(f1c419fcc1d080b469d74f6a10a644bb) Importer(2089858483,192608db42251d675da83286b1cce702)
Start importing Assets/Furniture Mega Pack/Materials/Table/mat_Table15.mat using Guid(f1c419fcc1d080b469d74f6a10a644bb) Importer(2089858483,192608db42251d675da83286b1cce702) (ScriptedImporter) -> (artifact id: '30bbf5078be426b7d49752c98eeea251') in 0.0198877 seconds
Number of updated asset objects reloaded before import = 0Number of asset objects unloaded after import = 4

========================================================================
Received Import Request.
  Time since last request: 0.000012 seconds.
  path: Assets/Furniture Mega Pack/Prefabs/Kitchen/CabinetB05.prefab
  artifactKey: Guid(8dd3fc284372fea43a51adbe85133745) Importer(2089858483,192608db42251d675da83286b1cce702)
Start importing Assets/Furniture Mega Pack/Prefabs/Kitchen/CabinetB05.prefab using Guid(8dd3fc284372fea43a51adbe85133745) Importer(2089858483,192608db42251d675da83286b1cce702) (ScriptedImporter) -> (artifact id: 'c78f466d339a5f184b6d55bd10539de8') in 0.0202359 seconds
Number of updated asset objects reloaded before import = 0Number of asset objects unloaded after import = 14

========================================================================
Received Import Request.
  Time since last request: 0.000011 seconds.
  path: Assets/Furniture Mega Pack/Textures/Sofas/Sofa35
  artifactKey: Guid(b32f85082d504a54184a01f20a333fe4) Importer(2089858483,192608db42251d675da83286b1cce702)
Start importing Assets/Furniture Mega Pack/Textures/Sofas/Sofa35 using Guid(b32f85082d504a54184a01f20a333fe4) Importer(2089858483,192608db42251d675da83286b1cce702) (ScriptedImporter) -> (artifact id: '926d260ae175037b7795b848c87aaa25') in 0.0075643 seconds
Number of updated asset objects reloaded before import = 0Number of asset objects unloaded after import = 1

========================================================================
Received Import Request.
  Time since last request: 0.000012 seconds.
  path: Assets/Furniture Mega Pack/Textures/Tables/Table16/Table16_mat_Table16_Normal.png
  artifactKey: Guid(c541faf4a97bb3949aacaa45ad9982cf) Importer(2089858483,192608db42251d675da83286b1cce702)
Start importing Assets/Furniture Mega Pack/Textures/Tables/Table16/Table16_mat_Table16_Normal.png using Guid(c541faf4a97bb3949aacaa45ad9982cf) Importer(2089858483,192608db42251d675da83286b1cce702) (ScriptedImporter) -> (artifact id: '1f5bceeef26d86fd92a82f2a04814854') in 0.0182202 seconds
Number of updated asset objects reloaded before import = 0Number of asset objects unloaded after import = 1

========================================================================
Received Import Request.
  Time since last request: 0.000011 seconds.
  path: Assets/Furniture Mega Pack/FBX/Table/Table29.fbx
  artifactKey: Guid(5c984c8fb476e734abacdc4461cf6922) Importer(2089858483,192608db42251d675da83286b1cce702)
Start importing Assets/Furniture Mega Pack/FBX/Table/Table29.fbx using Guid(5c984c8fb476e734abacdc4461cf6922) Importer(2089858483,192608db42251d675da83286b1cce702) (ScriptedImporter) -> (artifact id: '969a6ef1fcf8b9d50a9fa1b0a99ae850') in 0.0197714 seconds
Number of updated asset objects reloaded before import = 0Number of asset objects unloaded after import = 8

========================================================================
Received Import Request.
  Time since last request: 0.000010 seconds.
  path: Assets/Furniture Mega Pack/Prefabs/Kitchen/KitchenExhaust05.prefab
  artifactKey: Guid(07ce33531c3ebb84b90d1a0d5004eaa3) Importer(2089858483,192608db42251d675da83286b1cce702)
Start importing Assets/Furniture Mega Pack/Prefabs/Kitchen/KitchenExhaust05.prefab using Guid(07ce33531c3ebb84b90d1a0d5004eaa3) Importer(2089858483,192608db42251d675da83286b1cce702) (ScriptedImporter) -> (artifact id: 'de9daa99c6d91fe333aacbcbffa5a408') in 0.0166428 seconds
Number of updated asset objects reloaded before import = 0Number of asset objects unloaded after import = 9

========================================================================
Received Import Request.
  Time since last request: 0.000012 seconds.
  path: Assets/Furniture Mega Pack/Prefabs/Sofas/Sofa16.prefab
  artifactKey: Guid(ff0371b9df635b744b26c9db3afe0b0e) Importer(2089858483,192608db42251d675da83286b1cce702)
Start importing Assets/Furniture Mega Pack/Prefabs/Sofas/Sofa16.prefab using Guid(ff0371b9df635b744b26c9db3afe0b0e) Importer(2089858483,192608db42251d675da83286b1cce702) (ScriptedImporter) -> (artifact id: '1ccb87e829f3afcccc7bd44ebb7866c3') in 0.0204489 seconds
Number of updated asset objects reloaded before import = 0Number of asset objects unloaded after import = 9

========================================================================
Received Import Request.
  Time since last request: 0.000019 seconds.
  path: Assets/Furniture Mega Pack/FBX/Drawer/Drawer03.fbx
  artifactKey: Guid(ee02e572acbb1df40a21cf95ade5cdc0) Importer(2089858483,192608db42251d675da83286b1cce702)
Start importing Assets/Furniture Mega Pack/FBX/Drawer/Drawer03.fbx using Guid(ee02e572acbb1df40a21cf95ade5cdc0) Importer(2089858483,192608db42251d675da83286b1cce702) (ScriptedImporter) -> (artifact id: 'ef20f76c8b2890f0ad193fd37e6f1df9') in 0.0265816 seconds
Number of updated asset objects reloaded before import = 0Number of asset objects unloaded after import = 25

========================================================================
Received Import Request.
  Time since last request: 0.000013 seconds.
  path: Assets/Furniture Mega Pack/Textures/Chairs/Chair06/Chair06_mat_Chair06_MetallicSmoothness.png
  artifactKey: Guid(6b710ef9056286f4c82e533b39fae05c) Importer(2089858483,192608db42251d675da83286b1cce702)
Start importing Assets/Furniture Mega Pack/Textures/Chairs/Chair06/Chair06_mat_Chair06_MetallicSmoothness.png using Guid(6b710ef9056286f4c82e533b39fae05c) Importer(2089858483,192608db42251d675da83286b1cce702) (ScriptedImporter) -> (artifact id: '9f9e60cf3dd5f194e6ef3e2d3f25f33d') in 0.0190856 seconds
Number of updated asset objects reloaded before import = 0Number of asset objects unloaded after import = 1

========================================================================
Received Import Request.
  Time since last request: 0.000011 seconds.
  path: Assets/Furniture Mega Pack/Textures/Chairs/Chair23/Chair23_mat_Chair23_AlbedoTransparency.png
  artifactKey: Guid(1bcafd5ea83e86a488765691048201ee) Importer(2089858483,192608db42251d675da83286b1cce702)
Start importing Assets/Furniture Mega Pack/Textures/Chairs/Chair23/Chair23_mat_Chair23_AlbedoTransparency.png using Guid(1bcafd5ea83e86a488765691048201ee) Importer(2089858483,192608db42251d675da83286b1cce702) (ScriptedImporter) -> (artifact id: '66dcaa413af815b7cb5ef3096d4c8d6f') in 0.0200704 seconds
Number of updated asset objects reloaded before import = 0Number of asset objects unloaded after import = 1

========================================================================
Received Import Request.
  Time since last request: 0.000013 seconds.
  path: Assets/Furniture Mega Pack/FBX/Kitchen/MicrowaveOven01.fbx
  artifactKey: Guid(c46d0197052c9cf46a090b8d177b7795) Importer(2089858483,192608db42251d675da83286b1cce702)
Start importing Assets/Furniture Mega Pack/FBX/Kitchen/MicrowaveOven01.fbx using Guid(c46d0197052c9cf46a090b8d177b7795) Importer(2089858483,192608db42251d675da83286b1cce702) (ScriptedImporter) -> (artifact id: '15188a3122c56eadfceb5cc715086204') in 0.0320695 seconds
Number of updated asset objects reloaded before import = 0Number of asset objects unloaded after import = 36

========================================================================
Received Import Request.
  Time since last request: 0.000012 seconds.
  path: Assets/Furniture Mega Pack/Prefabs/Kitchen/CabinetCCorner02.prefab
  artifactKey: Guid(fe11502b5cbec8d479aa6ac4db6c4d01) Importer(2089858483,192608db42251d675da83286b1cce702)
Start importing Assets/Furniture Mega Pack/Prefabs/Kitchen/CabinetCCorner02.prefab using Guid(fe11502b5cbec8d479aa6ac4db6c4d01) Importer(2089858483,192608db42251d675da83286b1cce702) (ScriptedImporter) -> (artifact id: '8bad2bd22be14af809e9c2cc2478bbce') in 0.0217094 seconds
Number of updated asset objects reloaded before import = 0Number of asset objects unloaded after import = 9

========================================================================
Received Import Request.
  Time since last request: 0.000013 seconds.
  path: Assets/Furniture Mega Pack/Textures/Sofas/Sofa24/Sofa24_mat_Sofa24_MetallicSmoothness.png
  artifactKey: Guid(5642bb3f88a023745ad60aca08633fd8) Importer(2089858483,192608db42251d675da83286b1cce702)
Start importing Assets/Furniture Mega Pack/Textures/Sofas/Sofa24/Sofa24_mat_Sofa24_MetallicSmoothness.png using Guid(5642bb3f88a023745ad60aca08633fd8) Importer(2089858483,192608db42251d675da83286b1cce702) (ScriptedImporter) -> (artifact id: '14be0763916ae7f6899c03a460805a57') in 0.0215432 seconds
Number of updated asset objects reloaded before import = 0Number of asset objects unloaded after import = 1

========================================================================
Received Import Request.
  Time since last request: 0.000022 seconds.
  path: Assets/Furniture Mega Pack/Textures/Chairs/Chair01/Chair01_mat_Chair01_AlbedoTransparency.png
  artifactKey: Guid(7870ef46cca1d5e409b3bec3fc89b8c6) Importer(2089858483,192608db42251d675da83286b1cce702)
Start importing Assets/Furniture Mega Pack/Textures/Chairs/Chair01/Chair01_mat_Chair01_AlbedoTransparency.png using Guid(7870ef46cca1d5e409b3bec3fc89b8c6) Importer(2089858483,192608db42251d675da83286b1cce702) (ScriptedImporter) -> (artifact id: '746e7bac8422983303a01e6009c26c72') in 0.0207375 seconds
Number of updated asset objects reloaded before import = 0Number of asset objects unloaded after import = 1

========================================================================
Received Import Request.
  Time since last request: 0.000011 seconds.
  path: Assets/Furniture Mega Pack/Prefabs/Chairs/Chair43.prefab
  artifactKey: Guid(eafcc285ab1da13449451f968c1ea2e1) Importer(2089858483,192608db42251d675da83286b1cce702)
Start importing Assets/Furniture Mega Pack/Prefabs/Chairs/Chair43.prefab using Guid(eafcc285ab1da13449451f968c1ea2e1) Importer(2089858483,192608db42251d675da83286b1cce702) (ScriptedImporter) -> (artifact id: '484cfeebd3d43b061a3becebe0ff3e73') in 0.0210091 seconds
Number of updated asset objects reloaded before import = 0Number of asset objects unloaded after import = 9

========================================================================
Received Import Request.
  Time since last request: 0.000014 seconds.
  path: Assets/Furniture Mega Pack/Prefabs/Sofas/Sofa50.prefab
  artifactKey: Guid(1e0dd0c7c8200bd4282bbf49e34d78b2) Importer(2089858483,192608db42251d675da83286b1cce702)
Start importing Assets/Furniture Mega Pack/Prefabs/Sofas/Sofa50.prefab using Guid(1e0dd0c7c8200bd4282bbf49e34d78b2) Importer(2089858483,192608db42251d675da83286b1cce702) (ScriptedImporter) -> (artifact id: '1ae497114e14b3f42b698d7591c37c07') in 0.0218421 seconds
Number of updated asset objects reloaded before import = 0Number of asset objects unloaded after import = 9

========================================================================
Received Import Request.
  Time since last request: 0.000014 seconds.
  path: Assets/Furniture Mega Pack/FBX/Kitchen/Sink04.fbx
  artifactKey: Guid(c9e349cf8a22d6e449bc679a89faa1d4) Importer(2089858483,192608db42251d675da83286b1cce702)
Start importing Assets/Furniture Mega Pack/FBX/Kitchen/Sink04.fbx using Guid(c9e349cf8a22d6e449bc679a89faa1d4) Importer(2089858483,192608db42251d675da83286b1cce702) (ScriptedImporter) -> (artifact id: '3d50d824d32e953290e9c7d8c52982a6') in 0.0313778 seconds
Number of updated asset objects reloaded before import = 0Number of asset objects unloaded after import = 30

========================================================================
Received Import Request.
  Time since last request: 0.000013 seconds.
  path: Assets/Furniture Mega Pack/Textures/Chairs/Chair36
  artifactKey: Guid(1cb184748b92e4d46876fef5187be083) Importer(2089858483,192608db42251d675da83286b1cce702)
Start importing Assets/Furniture Mega Pack/Textures/Chairs/Chair36 using Guid(1cb184748b92e4d46876fef5187be083) Importer(2089858483,192608db42251d675da83286b1cce702) (ScriptedImporter) -> (artifact id: '78f703278720838427c6a6aac3cc740f') in 0.0098928 seconds
Number of updated asset objects reloaded before import = 0Number of asset objects unloaded after import = 1

========================================================================
Received Import Request.
  Time since last request: 0.000019 seconds.
  path: Assets/Furniture Mega Pack/Prefabs/Drawers/Drawer17.prefab
  artifactKey: Guid(f85288cd31944a94884685e3c47837f5) Importer(2089858483,192608db42251d675da83286b1cce702)
Start importing Assets/Furniture Mega Pack/Prefabs/Drawers/Drawer17.prefab using Guid(f85288cd31944a94884685e3c47837f5) Importer(2089858483,192608db42251d675da83286b1cce702) (ScriptedImporter) -> (artifact id: '8cc30eaa85e94ad5c6af782bc7c28818') in 0.0181361 seconds
Number of updated asset objects reloaded before import = 0Number of asset objects unloaded after import = 29

========================================================================
Received Import Request.
  Time since last request: 0.000018 seconds.
  path: Assets/Furniture Mega Pack/FBX/Drawer/Drawer27.fbx
  artifactKey: Guid(f2643fcb57e3a0b4fb56aa6045fa99b1) Importer(2089858483,192608db42251d675da83286b1cce702)
Start importing Assets/Furniture Mega Pack/FBX/Drawer/Drawer27.fbx using Guid(f2643fcb57e3a0b4fb56aa6045fa99b1) Importer(2089858483,192608db42251d675da83286b1cce702) (ScriptedImporter) -> (artifact id: 'd01a38045c8ddd88bba558ce9703e70b') in 0.0278697 seconds
Number of updated asset objects reloaded before import = 0Number of asset objects unloaded after import = 25

========================================================================
Received Import Request.
  Time since last request: 0.000022 seconds.
  path: Assets/Furniture Mega Pack/FBX/Sofa/Sofa24.fbx
  artifactKey: Guid(f46dc34d500e05f42b62ca19b8835955) Importer(2089858483,192608db42251d675da83286b1cce702)
Start importing Assets/Furniture Mega Pack/FBX/Sofa/Sofa24.fbx using Guid(f46dc34d500e05f42b62ca19b8835955) Importer(2089858483,192608db42251d675da83286b1cce702) (ScriptedImporter) -> (artifact id: 'f5eeec7d569904b995480f465115711d') in 0.0221852 seconds
Number of updated asset objects reloaded before import = 0Number of asset objects unloaded after import = 8

========================================================================
Received Import Request.
  Time since last request: 0.000011 seconds.
  path: Assets/Furniture Mega Pack/Materials/Drawer/mat_Drawer.mat
  artifactKey: Guid(7b792c0f7629b63468539bb702d3ccc9) Importer(2089858483,192608db42251d675da83286b1cce702)
Start importing Assets/Furniture Mega Pack/Materials/Drawer/mat_Drawer.mat using Guid(7b792c0f7629b63468539bb702d3ccc9) Importer(2089858483,192608db42251d675da83286b1cce702) (ScriptedImporter) -> (artifact id: 'f7705a892ba123b4b5efb94c39e4497a') in 0.0157422 seconds
Number of updated asset objects reloaded before import = 0Number of asset objects unloaded after import = 4

========================================================================
Received Import Request.
  Time since last request: 0.000011 seconds.
  path: Assets/Furniture Mega Pack/FBX/Closet/Closet27.fbx
  artifactKey: Guid(a146df5a698d8ba468c9e20b0943dcc0) Importer(2089858483,192608db42251d675da83286b1cce702)
Start importing Assets/Furniture Mega Pack/FBX/Closet/Closet27.fbx using Guid(a146df5a698d8ba468c9e20b0943dcc0) Importer(2089858483,192608db42251d675da83286b1cce702) (ScriptedImporter) -> (artifact id: '6a4815786c788f06412f772f6dcdb1f9') in 0.0249045 seconds
Number of updated asset objects reloaded before import = 0Number of asset objects unloaded after import = 15

========================================================================
Received Import Request.
  Time since last request: 0.000012 seconds.
  path: Assets/Furniture Mega Pack/Prefabs/Tables/Table05.prefab
  artifactKey: Guid(0fd550c81b7d80245a9fde3230732547) Importer(2089858483,192608db42251d675da83286b1cce702)
Start importing Assets/Furniture Mega Pack/Prefabs/Tables/Table05.prefab using Guid(0fd550c81b7d80245a9fde3230732547) Importer(2089858483,192608db42251d675da83286b1cce702) (ScriptedImporter) -> (artifact id: 'c6a4f45b96c2df1abe7a4630f30130fe') in 0.0203259 seconds
Number of updated asset objects reloaded before import = 0Number of asset objects unloaded after import = 9

========================================================================
Received Import Request.
  Time since last request: 0.000013 seconds.
  path: Assets/Furniture Mega Pack/Prefabs/Chairs/Chair41.prefab
  artifactKey: Guid(6a68f0f0a78982d428316e2b9c39f9db) Importer(2089858483,192608db42251d675da83286b1cce702)
Start importing Assets/Furniture Mega Pack/Prefabs/Chairs/Chair41.prefab using Guid(6a68f0f0a78982d428316e2b9c39f9db) Importer(2089858483,192608db42251d675da83286b1cce702) (ScriptedImporter) -> (artifact id: '99f4d0a4de1062e43d90f01ccaa69e2b') in 0.0192635 seconds
Number of updated asset objects reloaded before import = 0Number of asset objects unloaded after import = 9

========================================================================
Received Import Request.
  Time since last request: 0.000014 seconds.
  path: Assets/Furniture Mega Pack/Textures/Chairs/Chair35/Chair35_mat_Chair35_AlbedoTransparency.png
  artifactKey: Guid(7e79a1a98c62af4459c38f7c66434d25) Importer(2089858483,192608db42251d675da83286b1cce702)
Start importing Assets/Furniture Mega Pack/Textures/Chairs/Chair35/Chair35_mat_Chair35_AlbedoTransparency.png using Guid(7e79a1a98c62af4459c38f7c66434d25) Importer(2089858483,192608db42251d675da83286b1cce702) (ScriptedImporter) -> (artifact id: '1f23fa14292d9a3d71c5ab916a359063') in 0.0198412 seconds
Number of updated asset objects reloaded before import = 0Number of asset objects unloaded after import = 1

========================================================================
Received Import Request.
  Time since last request: 0.000015 seconds.
  path: Assets/Furniture Mega Pack/Textures/Chairs/Chair26/Chair26_mat_Chair26_AlbedoTransparency.png
  artifactKey: Guid(c8811e35ecb52404297be4000726aa41) Importer(2089858483,192608db42251d675da83286b1cce702)
Start importing Assets/Furniture Mega Pack/Textures/Chairs/Chair26/Chair26_mat_Chair26_AlbedoTransparency.png using Guid(c8811e35ecb52404297be4000726aa41) Importer(2089858483,192608db42251d675da83286b1cce702) (ScriptedImporter) -> (artifact id: '0ab4b6c6b9718347d7d38f5f39f59979') in 0.0185885 seconds
Number of updated asset objects reloaded before import = 0Number of asset objects unloaded after import = 1

========================================================================
Received Import Request.
  Time since last request: 0.000019 seconds.
  path: Assets/Furniture Mega Pack/Textures/Sofas/Sofa16/Sofa16_mat_Sofa16_Normal.png
  artifactKey: Guid(ac7c42a984ba5c44595119d643629bf3) Importer(2089858483,192608db42251d675da83286b1cce702)
Start importing Assets/Furniture Mega Pack/Textures/Sofas/Sofa16/Sofa16_mat_Sofa16_Normal.png using Guid(ac7c42a984ba5c44595119d643629bf3) Importer(2089858483,192608db42251d675da83286b1cce702) (ScriptedImporter) -> (artifact id: 'b21a337fc8cdf3d7ede7c4ff2485bfd9') in 0.0177685 seconds
Number of updated asset objects reloaded before import = 0Number of asset objects unloaded after import = 1

========================================================================
Received Import Request.
  Time since last request: 0.000010 seconds.
  path: Assets/Furniture Mega Pack/Materials/Table/mat_Table02.mat
  artifactKey: Guid(2067c82a559fcf345915126b076a9f1b) Importer(2089858483,192608db42251d675da83286b1cce702)
Start importing Assets/Furniture Mega Pack/Materials/Table/mat_Table02.mat using Guid(2067c82a559fcf345915126b076a9f1b) Importer(2089858483,192608db42251d675da83286b1cce702) (ScriptedImporter) -> (artifact id: '62c72b2222dd68b96f08427ed236e866') in 0.0158858 seconds
Number of updated asset objects reloaded before import = 0Number of asset objects unloaded after import = 4

========================================================================
Received Import Request.
  Time since last request: 0.000011 seconds.
  path: Assets/Furniture Mega Pack/Materials/Chair/mat_Chair28.mat
  artifactKey: Guid(797d4ff21084f1043b10e5580297cc45) Importer(2089858483,192608db42251d675da83286b1cce702)
Start importing Assets/Furniture Mega Pack/Materials/Chair/mat_Chair28.mat using Guid(797d4ff21084f1043b10e5580297cc45) Importer(2089858483,192608db42251d675da83286b1cce702) (ScriptedImporter) -> (artifact id: 'eeec5c44dcc2b6ddb0ac9351ccccaa89') in 0.0172168 seconds
Number of updated asset objects reloaded before import = 0Number of asset objects unloaded after import = 4

========================================================================
Received Import Request.
  Time since last request: 0.000012 seconds.
  path: Assets/Furniture Mega Pack/Textures/Chairs/Chair04/Chair04_mat_Chair04_AlbedoTransparency.png
  artifactKey: Guid(df9786372e7cb114992bd9ea17ef8bd7) Importer(2089858483,192608db42251d675da83286b1cce702)
Start importing Assets/Furniture Mega Pack/Textures/Chairs/Chair04/Chair04_mat_Chair04_AlbedoTransparency.png using Guid(df9786372e7cb114992bd9ea17ef8bd7) Importer(2089858483,192608db42251d675da83286b1cce702) (ScriptedImporter) -> (artifact id: '63cf623e0175a763625aca5f1e3286e4') in 0.0147221 seconds
Number of updated asset objects reloaded before import = 0Number of asset objects unloaded after import = 1

========================================================================
Received Import Request.
  Time since last request: 0.000012 seconds.
  path: Assets/Furniture Mega Pack/Textures/Sofas/Sofa33
  artifactKey: Guid(127f4a1dcfe530942a6beccbfd5636cc) Importer(2089858483,192608db42251d675da83286b1cce702)
Start importing Assets/Furniture Mega Pack/Textures/Sofas/Sofa33 using Guid(127f4a1dcfe530942a6beccbfd5636cc) Importer(2089858483,192608db42251d675da83286b1cce702) (ScriptedImporter) -> (artifact id: '3d3dcc7aa8f0e02140f4c695fcd87550') in 0.01085 seconds
Number of updated asset objects reloaded before import = 0Number of asset objects unloaded after import = 1

========================================================================
Received Import Request.
  Time since last request: 0.000013 seconds.
  path: Assets/Furniture Mega Pack/Prefabs/Bathroom/TissueHanger07.prefab
  artifactKey: Guid(ff506a8977b46694e9080766092ed8a3) Importer(2089858483,192608db42251d675da83286b1cce702)
Start importing Assets/Furniture Mega Pack/Prefabs/Bathroom/TissueHanger07.prefab using Guid(ff506a8977b46694e9080766092ed8a3) Importer(2089858483,192608db42251d675da83286b1cce702) (ScriptedImporter) -> (artifact id: '76014aff395b55456fd894f482f91bed') in 0.0217619 seconds
Number of updated asset objects reloaded before import = 0Number of asset objects unloaded after import = 9

========================================================================
Received Import Request.
  Time since last request: 0.000012 seconds.
  path: Assets/Furniture Mega Pack/Prefabs/Cushioins/Cushion22.prefab
  artifactKey: Guid(064543d3b59eecd44aba841d69f42e4f) Importer(2089858483,192608db42251d675da83286b1cce702)
Start importing Assets/Furniture Mega Pack/Prefabs/Cushioins/Cushion22.prefab using Guid(064543d3b59eecd44aba841d69f42e4f) Importer(2089858483,192608db42251d675da83286b1cce702) (ScriptedImporter) -> (artifact id: '3faa2545ba8d7e556a1b4203806a847a') in 0.0209836 seconds
Number of updated asset objects reloaded before import = 0Number of asset objects unloaded after import = 9

========================================================================
Received Import Request.
  Time since last request: 0.000015 seconds.
  path: Assets/Furniture Mega Pack/FBX/Table/Table30.fbx
  artifactKey: Guid(b86177c66afb47941adc867eb670e964) Importer(2089858483,192608db42251d675da83286b1cce702)
Start importing Assets/Furniture Mega Pack/FBX/Table/Table30.fbx using Guid(b86177c66afb47941adc867eb670e964) Importer(2089858483,192608db42251d675da83286b1cce702) (ScriptedImporter) -> (artifact id: '939011d9b3ce144150f3038ac63af40b') in 0.0217826 seconds
Number of updated asset objects reloaded before import = 0Number of asset objects unloaded after import = 8

========================================================================
Received Import Request.
  Time since last request: 0.000022 seconds.
  path: Assets/MinimalistBedroom/Textures/Misc/DirtyWindow_2k/Materials
  artifactKey: Guid(24069a7aa24c9cf4c9af387860ddbfb0) Importer(2089858483,192608db42251d675da83286b1cce702)
Start importing Assets/MinimalistBedroom/Textures/Misc/DirtyWindow_2k/Materials using Guid(24069a7aa24c9cf4c9af387860ddbfb0) Importer(2089858483,192608db42251d675da83286b1cce702) (ScriptedImporter) -> (artifact id: 'a466773f040135f882153a6423750726') in 0.0106308 seconds
Number of updated asset objects reloaded before import = 0Number of asset objects unloaded after import = 1

========================================================================
Received Import Request.
  Time since last request: 0.000013 seconds.
  path: Assets/Furniture Mega Pack/Prefabs/Cushioins/Cushion18.prefab
  artifactKey: Guid(efecd23b9225ab847b163a514cb5486c) Importer(2089858483,192608db42251d675da83286b1cce702)
Start importing Assets/Furniture Mega Pack/Prefabs/Cushioins/Cushion18.prefab using Guid(efecd23b9225ab847b163a514cb5486c) Importer(2089858483,192608db42251d675da83286b1cce702) (ScriptedImporter) -> (artifact id: 'e55e8cef3ec90c7c5294c78ddc0e6e3c') in 0.0213262 seconds
Number of updated asset objects reloaded before import = 0Number of asset objects unloaded after import = 9

========================================================================
Received Import Request.
  Time since last request: 0.000013 seconds.
  path: Assets/Furniture Mega Pack/Textures/Chairs/Chair14/Chair14_mat_Chair14_MetallicSmoothness.png
  artifactKey: Guid(9301a7b39258e894ca3c4367b5252299) Importer(2089858483,192608db42251d675da83286b1cce702)
Start importing Assets/Furniture Mega Pack/Textures/Chairs/Chair14/Chair14_mat_Chair14_MetallicSmoothness.png using Guid(9301a7b39258e894ca3c4367b5252299) Importer(2089858483,192608db42251d675da83286b1cce702) (ScriptedImporter) -> (artifact id: 'bee46ecc1a19328e0b194f8084c36616') in 0.0197992 seconds
Number of updated asset objects reloaded before import = 0Number of asset objects unloaded after import = 1

========================================================================
Received Import Request.
  Time since last request: 0.000013 seconds.
  path: Assets/Furniture Mega Pack/Textures/Tables/Table29/Table29_mat_Table29_MetallicSmoothness.png
  artifactKey: Guid(075e294069a6ba947973c16fab28a23a) Importer(2089858483,192608db42251d675da83286b1cce702)
Start importing Assets/Furniture Mega Pack/Textures/Tables/Table29/Table29_mat_Table29_MetallicSmoothness.png using Guid(075e294069a6ba947973c16fab28a23a) Importer(2089858483,192608db42251d675da83286b1cce702) (ScriptedImporter) -> (artifact id: 'f97d7124c0f4d8e480a5ba7708cd5b51') in 0.0216844 seconds
Number of updated asset objects reloaded before import = 0Number of asset objects unloaded after import = 1

========================================================================
Received Import Request.
  Time since last request: 0.000012 seconds.
  path: Assets/Furniture Mega Pack/Materials/Sofa/mat_Sofa18.mat
  artifactKey: Guid(ef882e7e02bb365479404c8001a97659) Importer(2089858483,192608db42251d675da83286b1cce702)
Start importing Assets/Furniture Mega Pack/Materials/Sofa/mat_Sofa18.mat using Guid(ef882e7e02bb365479404c8001a97659) Importer(2089858483,192608db42251d675da83286b1cce702) (ScriptedImporter) -> (artifact id: '093fd142eca74ddcda5e8b2fc9eb3c70') in 0.0192002 seconds
Number of updated asset objects reloaded before import = 0Number of asset objects unloaded after import = 4

========================================================================
Received Import Request.
  Time since last request: 0.000010 seconds.
  path: Assets/Furniture Mega Pack/Textures/Chairs/Chair44
  artifactKey: Guid(42e5a73f481e01c40a2f5906c65e0bd8) Importer(2089858483,192608db42251d675da83286b1cce702)
Start importing Assets/Furniture Mega Pack/Textures/Chairs/Chair44 using Guid(42e5a73f481e01c40a2f5906c65e0bd8) Importer(2089858483,192608db42251d675da83286b1cce702) (ScriptedImporter) -> (artifact id: '9690165050b6b1743089fbc5cce648ef') in 0.0090067 seconds
Number of updated asset objects reloaded before import = 0Number of asset objects unloaded after import = 1

========================================================================
Received Import Request.
  Time since last request: 0.000012 seconds.
  path: Assets/Furniture Mega Pack/Textures/Tables/Table36/Table36_mat_Table36_AlbedoTransparency.png
  artifactKey: Guid(03d78f7de50a94345985407dbf17163e) Importer(2089858483,192608db42251d675da83286b1cce702)
Start importing Assets/Furniture Mega Pack/Textures/Tables/Table36/Table36_mat_Table36_AlbedoTransparency.png using Guid(03d78f7de50a94345985407dbf17163e) Importer(2089858483,192608db42251d675da83286b1cce702) (ScriptedImporter) -> (artifact id: '21ad5778ad4985dfe63d11ba556bb020') in 0.0180123 seconds
Number of updated asset objects reloaded before import = 0Number of asset objects unloaded after import = 1

========================================================================
Received Import Request.
  Time since last request: 0.000019 seconds.
  path: Assets/Furniture Mega Pack/Prefabs/Chairs/Chair10.prefab
  artifactKey: Guid(509388e3ca0f2504a9bd2bb4420b505b) Importer(2089858483,192608db42251d675da83286b1cce702)
Start importing Assets/Furniture Mega Pack/Prefabs/Chairs/Chair10.prefab using Guid(509388e3ca0f2504a9bd2bb4420b505b) Importer(2089858483,192608db42251d675da83286b1cce702) (ScriptedImporter) -> (artifact id: '5ecf438b477dde1ab87c6bf85cb974b5') in 0.0177625 seconds
Number of updated asset objects reloaded before import = 0Number of asset objects unloaded after import = 9

========================================================================
Received Import Request.
  Time since last request: 0.000012 seconds.
  path: Assets/Furniture Mega Pack/Textures/Tables/Table14
  artifactKey: Guid(297f6c3346711f54bb1c6723688a313d) Importer(2089858483,192608db42251d675da83286b1cce702)
Start importing Assets/Furniture Mega Pack/Textures/Tables/Table14 using Guid(297f6c3346711f54bb1c6723688a313d) Importer(2089858483,192608db42251d675da83286b1cce702) (ScriptedImporter) -> (artifact id: 'e139f68f488e39f29bf3c25f5476615e') in 0.0100424 seconds
Number of updated asset objects reloaded before import = 0Number of asset objects unloaded after import = 1

========================================================================
Received Import Request.
  Time since last request: 0.000014 seconds.
  path: Assets/pumpkin monster/Textures/low_matHead_MetallicSmoothness.png
  artifactKey: Guid(b1fa87786a4554f40a73a137d309fc31) Importer(2089858483,192608db42251d675da83286b1cce702)
Start importing Assets/pumpkin monster/Textures/low_matHead_MetallicSmoothness.png using Guid(b1fa87786a4554f40a73a137d309fc31) Importer(2089858483,192608db42251d675da83286b1cce702) (ScriptedImporter) -> (artifact id: 'e160aaf01f3e7dffd5ce11e6f36f0525') in 0.0300688 seconds
Number of updated asset objects reloaded before import = 0Number of asset objects unloaded after import = 1

========================================================================
Received Import Request.
  Time since last request: 0.000012 seconds.
  path: Assets/Furniture Mega Pack/Textures/Chairs/Chair17/Chair17_mat_Chair17_MetallicSmoothness.png
  artifactKey: Guid(f308dc341c32bef4c9f0fb60fe5c7beb) Importer(2089858483,192608db42251d675da83286b1cce702)
Start importing Assets/Furniture Mega Pack/Textures/Chairs/Chair17/Chair17_mat_Chair17_MetallicSmoothness.png using Guid(f308dc341c32bef4c9f0fb60fe5c7beb) Importer(2089858483,192608db42251d675da83286b1cce702) (ScriptedImporter) -> (artifact id: 'd17de9b3b5419ea7eeea3a202df1ec85') in 0.0194776 seconds
Number of updated asset objects reloaded before import = 0Number of asset objects unloaded after import = 1

========================================================================
Received Import Request.
  Time since last request: 0.000011 seconds.
  path: Assets/Furniture Mega Pack/Textures/Bed
  artifactKey: Guid(9d439227eddc6244e89e5da3428a9ef2) Importer(2089858483,192608db42251d675da83286b1cce702)
Start importing Assets/Furniture Mega Pack/Textures/Bed using Guid(9d439227eddc6244e89e5da3428a9ef2) Importer(2089858483,192608db42251d675da83286b1cce702) (ScriptedImporter) -> (artifact id: '1007da73a0e0750fb395b41df2a29686') in 0.0126375 seconds
Number of updated asset objects reloaded before import = 0Number of asset objects unloaded after import = 1

========================================================================
Received Import Request.
  Time since last request: 0.000012 seconds.
  path: Assets/Furniture Mega Pack/Textures/Tables/Table47/Table47_mat_Table47_AlbedoTransparency.png
  artifactKey: Guid(2f26a554c4073174a9b946f5ed197d2a) Importer(2089858483,192608db42251d675da83286b1cce702)
Start importing Assets/Furniture Mega Pack/Textures/Tables/Table47/Table47_mat_Table47_AlbedoTransparency.png using Guid(2f26a554c4073174a9b946f5ed197d2a) Importer(2089858483,192608db42251d675da83286b1cce702) (ScriptedImporter) -> (artifact id: '2dd418aec534fb7092b835afff73e3c6') in 0.016954 seconds
Number of updated asset objects reloaded before import = 0Number of asset objects unloaded after import = 1

========================================================================
Received Import Request.
  Time since last request: 0.000019 seconds.
  path: Assets/Furniture Mega Pack/Textures/Tables/Table42/Table42_mat_Table42_MetallicSmoothness.png
  artifactKey: Guid(5c8aa16e1833cd744867befe99cabed7) Importer(2089858483,192608db42251d675da83286b1cce702)
Start importing Assets/Furniture Mega Pack/Textures/Tables/Table42/Table42_mat_Table42_MetallicSmoothness.png using Guid(5c8aa16e1833cd744867befe99cabed7) Importer(2089858483,192608db42251d675da83286b1cce702) (ScriptedImporter) -> (artifact id: 'f689e5a08b14e7e22769c7c90782ef31') in 0.018608 seconds
Number of updated asset objects reloaded before import = 0Number of asset objects unloaded after import = 1

========================================================================
Received Import Request.
  Time since last request: 0.000020 seconds.
  path: Assets/Furniture Mega Pack/Materials/Table/mat_Table37.mat
  artifactKey: Guid(93ffe333653281747b911db657e24c59) Importer(2089858483,192608db42251d675da83286b1cce702)
Start importing Assets/Furniture Mega Pack/Materials/Table/mat_Table37.mat using Guid(93ffe333653281747b911db657e24c59) Importer(2089858483,192608db42251d675da83286b1cce702) (ScriptedImporter) -> (artifact id: '0415939f05b757428ab4171fd1a6fb1e') in 0.0190049 seconds
Number of updated asset objects reloaded before import = 0Number of asset objects unloaded after import = 4

========================================================================
Received Import Request.
  Time since last request: 0.000011 seconds.
  path: Assets/Furniture Mega Pack/Textures/Chairs/Chair07
  artifactKey: Guid(36449083622fb2c4faa7f17689c479ff) Importer(2089858483,192608db42251d675da83286b1cce702)
Start importing Assets/Furniture Mega Pack/Textures/Chairs/Chair07 using Guid(36449083622fb2c4faa7f17689c479ff) Importer(2089858483,192608db42251d675da83286b1cce702) (ScriptedImporter) -> (artifact id: 'c0808f4f729d9a1edb1cf66eabba535e') in 0.0098404 seconds
Number of updated asset objects reloaded before import = 0Number of asset objects unloaded after import = 1

========================================================================
Received Import Request.
  Time since last request: 0.000057 seconds.
  path: Assets/Furniture Mega Pack/Textures/Chairs/Chair31/Chair31_mat_Chair31_MetallicSmoothness.png
  artifactKey: Guid(c1d6681aa5028234a85e4b48f1ef5324) Importer(2089858483,192608db42251d675da83286b1cce702)
Start importing Assets/Furniture Mega Pack/Textures/Chairs/Chair31/Chair31_mat_Chair31_MetallicSmoothness.png using Guid(c1d6681aa5028234a85e4b48f1ef5324) Importer(2089858483,192608db42251d675da83286b1cce702) (ScriptedImporter) -> (artifact id: '7cdba3a9826296df315797c97f984684') in 0.0214752 seconds
Number of updated asset objects reloaded before import = 0Number of asset objects unloaded after import = 1

========================================================================
Received Import Request.
  Time since last request: 0.000012 seconds.
  path: Assets/pumpkin monster/Textures/matHead_Mixed_AO.png
  artifactKey: Guid(c0e44877c95d1d645ba9855202d69dbe) Importer(2089858483,192608db42251d675da83286b1cce702)
Start importing Assets/pumpkin monster/Textures/matHead_Mixed_AO.png using Guid(c0e44877c95d1d645ba9855202d69dbe) Importer(2089858483,192608db42251d675da83286b1cce702) (ScriptedImporter) -> (artifact id: '9076ce916efe26a39dc1d71607392b01') in 0.0233701 seconds
Number of updated asset objects reloaded before import = 0Number of asset objects unloaded after import = 1

========================================================================
Received Import Request.
  Time since last request: 0.000013 seconds.
  path: Assets/Furniture Mega Pack/FBX/Kitchen/GasStove07.fbx
  artifactKey: Guid(95553f8c7f9d03a478ea52499b505128) Importer(2089858483,192608db42251d675da83286b1cce702)
Start importing Assets/Furniture Mega Pack/FBX/Kitchen/GasStove07.fbx using Guid(95553f8c7f9d03a478ea52499b505128) Importer(2089858483,192608db42251d675da83286b1cce702) (ScriptedImporter) -> (artifact id: '15ffe346bfab18adb1a9891171d9c7f6') in 0.0309443 seconds
Number of updated asset objects reloaded before import = 0Number of asset objects unloaded after import = 30

========================================================================
Received Import Request.
  Time since last request: 0.000012 seconds.
  path: Assets/pumpkin monster/Prefab
  artifactKey: Guid(59b7fbc5050ff5c4fb6435d43a8cbef6) Importer(2089858483,192608db42251d675da83286b1cce702)
Start importing Assets/pumpkin monster/Prefab using Guid(59b7fbc5050ff5c4fb6435d43a8cbef6) Importer(2089858483,192608db42251d675da83286b1cce702) (ScriptedImporter) -> (artifact id: '2f50a9dff37e5b63b31f3038d738fb64') in 0.0100645 seconds
Number of updated asset objects reloaded before import = 0Number of asset objects unloaded after import = 1

========================================================================
Received Import Request.
  Time since last request: 0.000021 seconds.
  path: Assets/Furniture Mega Pack/Materials/Chair/mat_Chair24.mat
  artifactKey: Guid(f98837ec52a2a1f42a271d5cf3b0989e) Importer(2089858483,192608db42251d675da83286b1cce702)
Start importing Assets/Furniture Mega Pack/Materials/Chair/mat_Chair24.mat using Guid(f98837ec52a2a1f42a271d5cf3b0989e) Importer(2089858483,192608db42251d675da83286b1cce702) (ScriptedImporter) -> (artifact id: '06f12f079f18d1424d3920badc5fc8fc') in 0.020267 seconds
Number of updated asset objects reloaded before import = 0Number of asset objects unloaded after import = 4

========================================================================
Received Import Request.
  Time since last request: 0.000022 seconds.
  path: Assets/Furniture Mega Pack/Prefabs/Closets/Closet28.prefab
  artifactKey: Guid(936b695c6baa18142b21b3e8833b8519) Importer(2089858483,192608db42251d675da83286b1cce702)
Start importing Assets/Furniture Mega Pack/Prefabs/Closets/Closet28.prefab using Guid(936b695c6baa18142b21b3e8833b8519) Importer(2089858483,192608db42251d675da83286b1cce702) (ScriptedImporter) -> (artifact id: '15c4cc7794ee68e994fb6e83c80f846f') in 0.0190566 seconds
Number of updated asset objects reloaded before import = 0Number of asset objects unloaded after import = 14

========================================================================
Received Import Request.
  Time since last request: 0.000010 seconds.
  path: Assets/Furniture Mega Pack/Prefabs/Kitchen/CabinetG01.prefab
  artifactKey: Guid(d57695dc5e4d6b541ad2c5a9c896b917) Importer(2089858483,192608db42251d675da83286b1cce702)
Start importing Assets/Furniture Mega Pack/Prefabs/Kitchen/CabinetG01.prefab using Guid(d57695dc5e4d6b541ad2c5a9c896b917) Importer(2089858483,192608db42251d675da83286b1cce702) (ScriptedImporter) -> (artifact id: 'ebd5bd81da9daf4955ec78331d4dddf3') in 0.0173639 seconds
Number of updated asset objects reloaded before import = 0Number of asset objects unloaded after import = 14

========================================================================
Received Import Request.
  Time since last request: 0.000014 seconds.
  path: Assets/Furniture Mega Pack/Textures/Closet
  artifactKey: Guid(95144a5e994e4d34694302295e3628df) Importer(2089858483,192608db42251d675da83286b1cce702)
Start importing Assets/Furniture Mega Pack/Textures/Closet using Guid(95144a5e994e4d34694302295e3628df) Importer(2089858483,192608db42251d675da83286b1cce702) (ScriptedImporter) -> (artifact id: 'db9e3c1d69fdcf9e67bb59ee11fc5799') in 0.0097705 seconds
Number of updated asset objects reloaded before import = 0Number of asset objects unloaded after import = 1

========================================================================
Received Import Request.
  Time since last request: 0.000010 seconds.
  path: Assets/Furniture Mega Pack/Prefabs/Tables/Table09.prefab
  artifactKey: Guid(41b4cc82cd81d204194c6e4a4af2b4a7) Importer(2089858483,192608db42251d675da83286b1cce702)
Start importing Assets/Furniture Mega Pack/Prefabs/Tables/Table09.prefab using Guid(41b4cc82cd81d204194c6e4a4af2b4a7) Importer(2089858483,192608db42251d675da83286b1cce702) (ScriptedImporter) -> (artifact id: '9be18fdf59b3fa5273845e1fb66b5e31') in 0.0190089 seconds
Number of updated asset objects reloaded before import = 0Number of asset objects unloaded after import = 9

========================================================================
Received Import Request.
  Time since last request: 0.000015 seconds.
  path: Assets/Furniture Mega Pack/Textures/Tables/Table43/Table43_mat_Table43_Normal.png
  artifactKey: Guid(9744855a50e6ec147bb05001795f026a) Importer(2089858483,192608db42251d675da83286b1cce702)
Start importing Assets/Furniture Mega Pack/Textures/Tables/Table43/Table43_mat_Table43_Normal.png using Guid(9744855a50e6ec147bb05001795f026a) Importer(2089858483,192608db42251d675da83286b1cce702) (ScriptedImporter) -> (artifact id: '2f5e200a7036c4314a84de2bbe1c5020') in 0.0175471 seconds
Number of updated asset objects reloaded before import = 0Number of asset objects unloaded after import = 1

========================================================================
Received Import Request.
  Time since last request: 0.000012 seconds.
  path: Assets/Pandazole_Ultimate_Pack/Pandazole Kitchen Food/Prefabs/Prop_Griller.prefab
  artifactKey: Guid(8f233bb653c30bb4295d0d5dd595b22d) Importer(2089858483,192608db42251d675da83286b1cce702)
Start importing Assets/Pandazole_Ultimate_Pack/Pandazole Kitchen Food/Prefabs/Prop_Griller.prefab using Guid(8f233bb653c30bb4295d0d5dd595b22d) Importer(2089858483,192608db42251d675da83286b1cce702) (ScriptedImporter) -> (artifact id: '887ceee40b569518a0dbef93015cfc13') in 0.0229673 seconds
Number of updated asset objects reloaded before import = 0Number of asset objects unloaded after import = 19

========================================================================
Received Import Request.
  Time since last request: 0.000014 seconds.
  path: Assets/Pandazole_Ultimate_Pack/Pandazole Kitchen Food/Models/Prop_Pan_01.fbx
  artifactKey: Guid(0e8b1b86ef364094d9607989cd6241ba) Importer(2089858483,192608db42251d675da83286b1cce702)
Start importing Assets/Pandazole_Ultimate_Pack/Pandazole Kitchen Food/Models/Prop_Pan_01.fbx using Guid(0e8b1b86ef364094d9607989cd6241ba) Importer(2089858483,192608db42251d675da83286b1cce702) (ScriptedImporter) -> (artifact id: '6a5dfb8b959930608cc38e79fc7b9145') in 0.0193151 seconds
Number of updated asset objects reloaded before import = 0Number of asset objects unloaded after import = 8

========================================================================
Received Import Request.
  Time since last request: 0.000022 seconds.
  path: Assets/Furniture Mega Pack/Textures/Bed/Mattress/Materials/AtlasTexture_Mattress_DefaultMaterial_MetallicSmoothness.mat
  artifactKey: Guid(bef77084abdd9d84dba09929517d1445) Importer(2089858483,192608db42251d675da83286b1cce702)
Start importing Assets/Furniture Mega Pack/Textures/Bed/Mattress/Materials/AtlasTexture_Mattress_DefaultMaterial_MetallicSmoothness.mat using Guid(bef77084abdd9d84dba09929517d1445) Importer(2089858483,192608db42251d675da83286b1cce702) (ScriptedImporter) -> (artifact id: '69e5b4e1af17a0b10715298c73875342') in 0.0139817 seconds
Number of updated asset objects reloaded before import = 0Number of asset objects unloaded after import = 2

========================================================================
Received Import Request.
  Time since last request: 0.000011 seconds.
  path: Assets/MinimalistBedroom/Textures/Wood/WoodPlanks_1k/Materials/WoodPlanks_height_1k.mat
  artifactKey: Guid(26f827aaa6dc4684e849106e47694204) Importer(2089858483,192608db42251d675da83286b1cce702)
Start importing Assets/MinimalistBedroom/Textures/Wood/WoodPlanks_1k/Materials/WoodPlanks_height_1k.mat using Guid(26f827aaa6dc4684e849106e47694204) Importer(2089858483,192608db42251d675da83286b1cce702) (ScriptedImporter) -> (artifact id: 'ab66368a5a5f27313b18fb3ba02586d1') in 0.0139583 seconds
Number of updated asset objects reloaded before import = 0Number of asset objects unloaded after import = 2

========================================================================
Received Import Request.
  Time since last request: 0.000013 seconds.
  path: Assets/Pandazole_Ultimate_Pack/Pandazole Kitchen Food/Models/Food_Burger.fbx
  artifactKey: Guid(98542b411f0754645a461770ffc62b1c) Importer(2089858483,192608db42251d675da83286b1cce702)
Start importing Assets/Pandazole_Ultimate_Pack/Pandazole Kitchen Food/Models/Food_Burger.fbx using Guid(98542b411f0754645a461770ffc62b1c) Importer(2089858483,192608db42251d675da83286b1cce702) (ScriptedImporter) -> (artifact id: 'e820ce5c2fbf9b6de07296332d7b6753') in 0.0199862 seconds
Number of updated asset objects reloaded before import = 0Number of asset objects unloaded after import = 8

========================================================================
Received Import Request.
  Time since last request: 0.000014 seconds.
  path: Assets/Pandazole_Ultimate_Pack/Pandazole Kitchen Food/Models/Prop_MeasuringSpoon_04.fbx
  artifactKey: Guid(8312d6bc225e8a44ba2fb162e49ceec0) Importer(2089858483,192608db42251d675da83286b1cce702)
Start importing Assets/Pandazole_Ultimate_Pack/Pandazole Kitchen Food/Models/Prop_MeasuringSpoon_04.fbx using Guid(8312d6bc225e8a44ba2fb162e49ceec0) Importer(2089858483,192608db42251d675da83286b1cce702) (ScriptedImporter) -> (artifact id: 'a7b68216f4999a67aabec19ac2f7dd95') in 0.0187479 seconds
Number of updated asset objects reloaded before import = 0Number of asset objects unloaded after import = 8

========================================================================
Received Import Request.
  Time since last request: 0.000011 seconds.
  path: Assets/Pandazole_Ultimate_Pack/Pandazole Kitchen Food/Prefabs/Food_Dough.prefab
  artifactKey: Guid(cdb54e10ab7b2a4468a427e39cc38716) Importer(2089858483,192608db42251d675da83286b1cce702)
Start importing Assets/Pandazole_Ultimate_Pack/Pandazole Kitchen Food/Prefabs/Food_Dough.prefab using Guid(cdb54e10ab7b2a4468a427e39cc38716) Importer(2089858483,192608db42251d675da83286b1cce702) (ScriptedImporter) -> (artifact id: '4f7aad450d7f7f020c5d9da81a294c32') in 0.016481 seconds
Number of updated asset objects reloaded before import = 0Number of asset objects unloaded after import = 9

========================================================================
Received Import Request.
  Time since last request: 0.000011 seconds.
  path: Assets/Pandazole_Ultimate_Pack/Pandazole Kitchen Food/Models/Prop_Bowel_03.fbx
  artifactKey: Guid(7350aa38472b0f447975fc278ed1e4fb) Importer(2089858483,192608db42251d675da83286b1cce702)
Start importing Assets/Pandazole_Ultimate_Pack/Pandazole Kitchen Food/Models/Prop_Bowel_03.fbx using Guid(7350aa38472b0f447975fc278ed1e4fb) Importer(2089858483,192608db42251d675da83286b1cce702) (ScriptedImporter) -> (artifact id: '167fcf8f91572b9d2ee3f8da0ba1b8e2') in 0.0231978 seconds
Number of updated asset objects reloaded before import = 0Number of asset objects unloaded after import = 8

========================================================================
Received Import Request.
  Time since last request: 0.000014 seconds.
  path: Assets/steel_frame_shelves_01_1k.gltf.zip
  artifactKey: Guid(76c62dcf76e1f7f4c824c685340f8b0e) Importer(2089858483,192608db42251d675da83286b1cce702)
Start importing Assets/steel_frame_shelves_01_1k.gltf.zip using Guid(76c62dcf76e1f7f4c824c685340f8b0e) Importer(2089858483,192608db42251d675da83286b1cce702) (ScriptedImporter) -> (artifact id: '3def1f87d283e4408c284566db0bd5b7') in 0.0106564 seconds
Number of updated asset objects reloaded before import = 0Number of asset objects unloaded after import = 1

========================================================================
Received Import Request.
  Time since last request: 0.000021 seconds.
  path: Assets/Pandazole_Ultimate_Pack/Pandazole Kitchen Food/Models/Food_Chicken Chest.fbx
  artifactKey: Guid(24b382782ffde52469798404ea46d194) Importer(2089858483,192608db42251d675da83286b1cce702)
Start importing Assets/Pandazole_Ultimate_Pack/Pandazole Kitchen Food/Models/Food_Chicken Chest.fbx using Guid(24b382782ffde52469798404ea46d194) Importer(2089858483,192608db42251d675da83286b1cce702) (ScriptedImporter) -> (artifact id: '069a60ec0d4a8f7dc07212d7412a8f31') in 0.0247131 seconds
Number of updated asset objects reloaded before import = 0Number of asset objects unloaded after import = 8

========================================================================
Received Import Request.
  Time since last request: 0.000011 seconds.
  path: Assets/steel_frame_shelves_01_1k.gltf
  artifactKey: Guid(c7a1f8b02852a2a478e2b0dd33b8abe8) Importer(2089858483,192608db42251d675da83286b1cce702)
Start importing Assets/steel_frame_shelves_01_1k.gltf using Guid(c7a1f8b02852a2a478e2b0dd33b8abe8) Importer(2089858483,192608db42251d675da83286b1cce702) (ScriptedImporter) -> (artifact id: '7d952242db8f173a3bb13f902ec6a9b7') in 0.0086918 seconds
Number of updated asset objects reloaded before import = 0Number of asset objects unloaded after import = 1

========================================================================
Received Import Request.
  Time since last request: 0.000010 seconds.
  path: Assets/Pandazole_Ultimate_Pack/Pandazole Kitchen Food/Models/Food_Chopped Tomato.fbx
  artifactKey: Guid(59ec72c0f63004042b0ce461221b06ac) Importer(2089858483,192608db42251d675da83286b1cce702)
Start importing Assets/Pandazole_Ultimate_Pack/Pandazole Kitchen Food/Models/Food_Chopped Tomato.fbx using Guid(59ec72c0f63004042b0ce461221b06ac) Importer(2089858483,192608db42251d675da83286b1cce702) (ScriptedImporter) -> (artifact id: '01a84101feea981e22ff2d1fee29b301') in 0.0170974 seconds
Number of updated asset objects reloaded before import = 0Number of asset objects unloaded after import = 8

========================================================================
Received Import Request.
  Time since last request: 0.000010 seconds.
  path: Assets/Pandazole_Ultimate_Pack/Pandazole Kitchen Food/Models/Prop_Fridge_01.fbx
  artifactKey: Guid(14eaa2a056ff2704190094e88a955c04) Importer(2089858483,192608db42251d675da83286b1cce702)
Start importing Assets/Pandazole_Ultimate_Pack/Pandazole Kitchen Food/Models/Prop_Fridge_01.fbx using Guid(14eaa2a056ff2704190094e88a955c04) Importer(2089858483,192608db42251d675da83286b1cce702) (ScriptedImporter) -> (artifact id: 'e7a89f9f2621ce4f71eefb711314236d') in 0.02307 seconds
Number of updated asset objects reloaded before import = 0Number of asset objects unloaded after import = 18

========================================================================
Received Import Request.
  Time since last request: 0.000012 seconds.
  path: Assets/Furniture Mega Pack/Textures/Drawer/Materials/AtlasTexture_Drawer_DefaultMaterial_MetallicSmoothness.mat
  artifactKey: Guid(e7c580d2d53bd5b48b4a21164cea01a8) Importer(2089858483,192608db42251d675da83286b1cce702)
Start importing Assets/Furniture Mega Pack/Textures/Drawer/Materials/AtlasTexture_Drawer_DefaultMaterial_MetallicSmoothness.mat using Guid(e7c580d2d53bd5b48b4a21164cea01a8) Importer(2089858483,192608db42251d675da83286b1cce702) (ScriptedImporter) -> (artifact id: 'f4a90ccdcab2538c2809f4cac3c74daf') in 0.0114447 seconds
Number of updated asset objects reloaded before import = 0Number of asset objects unloaded after import = 1

========================================================================
Received Import Request.
  Time since last request: 0.000011 seconds.
  path: Assets/Pandazole_Ultimate_Pack/Pandazole Kitchen Food/Models/Prop_Knife_04.fbx
  artifactKey: Guid(4d2e5b1ff7779444fb877670a13dc75e) Importer(2089858483,192608db42251d675da83286b1cce702)
Start importing Assets/Pandazole_Ultimate_Pack/Pandazole Kitchen Food/Models/Prop_Knife_04.fbx using Guid(4d2e5b1ff7779444fb877670a13dc75e) Importer(2089858483,192608db42251d675da83286b1cce702) (ScriptedImporter) -> (artifact id: 'e039b49d055869ce078dbdd15b6b79c5') in 0.0180572 seconds
Number of updated asset objects reloaded before import = 0Number of asset objects unloaded after import = 8

========================================================================
Received Import Request.
  Time since last request: 0.000011 seconds.
  path: Assets/Furniture Mega Pack/Textures/Chairs/Chair49/Chair49_mat_Chair49_Normal.png
  artifactKey: Guid(31706f688c42f5a48be63d8be6e29be2) Importer(2089858483,192608db42251d675da83286b1cce702)
Start importing Assets/Furniture Mega Pack/Textures/Chairs/Chair49/Chair49_mat_Chair49_Normal.png using Guid(31706f688c42f5a48be63d8be6e29be2) Importer(2089858483,192608db42251d675da83286b1cce702) (ScriptedImporter) -> (artifact id: 'e922df361dfca97309c78b5d00007aa4') in 0.0187084 seconds
Number of updated asset objects reloaded before import = 0Number of asset objects unloaded after import = 1

========================================================================
Received Import Request.
  Time since last request: 0.000014 seconds.
  path: Assets/Pandazole_Ultimate_Pack/Pandazole Kitchen Food/Models/Food_Cheese.fbx
  artifactKey: Guid(c64d4d945dfd2b5408ed88902d87bace) Importer(2089858483,192608db42251d675da83286b1cce702)
Start importing Assets/Pandazole_Ultimate_Pack/Pandazole Kitchen Food/Models/Food_Cheese.fbx using Guid(c64d4d945dfd2b5408ed88902d87bace) Importer(2089858483,192608db42251d675da83286b1cce702) (ScriptedImporter) -> (artifact id: '17ab4916a5dd9e11edf88ef1c828e9cd') in 0.0216167 seconds
Number of updated asset objects reloaded before import = 0Number of asset objects unloaded after import = 8

========================================================================
Received Import Request.
  Time since last request: 0.000022 seconds.
  path: Assets/Pandazole_Ultimate_Pack/Pandazole Kitchen Food/Models/Food_Chicken Sub.fbx
  artifactKey: Guid(2e2b885eff148754bb084310213f8572) Importer(2089858483,192608db42251d675da83286b1cce702)
Start importing Assets/Pandazole_Ultimate_Pack/Pandazole Kitchen Food/Models/Food_Chicken Sub.fbx using Guid(2e2b885eff148754bb084310213f8572) Importer(2089858483,192608db42251d675da83286b1cce702) (ScriptedImporter) -> (artifact id: '208573db99db1853dc2967f7bacb23d8') in 0.0180029 seconds
Number of updated asset objects reloaded before import = 0Number of asset objects unloaded after import = 8

========================================================================
Received Import Request.
  Time since last request: 0.000011 seconds.
  path: Assets/Furniture Mega Pack/Textures/Chairs/Chair11
  artifactKey: Guid(a17feefaea50d654ab277a5cd7831cba) Importer(2089858483,192608db42251d675da83286b1cce702)
Start importing Assets/Furniture Mega Pack/Textures/Chairs/Chair11 using Guid(a17feefaea50d654ab277a5cd7831cba) Importer(2089858483,192608db42251d675da83286b1cce702) (ScriptedImporter) -> (artifact id: '2c1239d3ab30d1470a1dec240f8f275e') in 0.0097237 seconds
Number of updated asset objects reloaded before import = 0Number of asset objects unloaded after import = 1

========================================================================
Received Import Request.
  Time since last request: 0.000012 seconds.
  path: Assets/JumpScare.cs
  artifactKey: Guid(5eecf534148a2c04ca8650011580b4d7) Importer(2089858483,192608db42251d675da83286b1cce702)
Start importing Assets/JumpScare.cs using Guid(5eecf534148a2c04ca8650011580b4d7) Importer(2089858483,192608db42251d675da83286b1cce702) (ScriptedImporter) -> (artifact id: 'e42ac79ba2a979674ccc2cfeea205c42') in 0.0123015 seconds
Number of updated asset objects reloaded before import = 0Number of asset objects unloaded after import = 0

========================================================================
Received Import Request.
  Time since last request: 0.000012 seconds.
  path: Assets/Furniture Mega Pack/Prefabs/Closets/Closet22.prefab
  artifactKey: Guid(423fe3884eb097f41a81c823231e772f) Importer(2089858483,192608db42251d675da83286b1cce702)
Start importing Assets/Furniture Mega Pack/Prefabs/Closets/Closet22.prefab using Guid(423fe3884eb097f41a81c823231e772f) Importer(2089858483,192608db42251d675da83286b1cce702) (ScriptedImporter) -> (artifact id: 'a466ee95c751c1baa287f39d544f4151') in 0.0188095 seconds
Number of updated asset objects reloaded before import = 0Number of asset objects unloaded after import = 19

========================================================================
Received Import Request.
  Time since last request: 0.000011 seconds.
  path: Assets/Pandazole_Ultimate_Pack/Pandazole Kitchen Food/Prefabs/Prop_Knife_01.prefab
  artifactKey: Guid(7faf413ddded778418c6fe63a2586002) Importer(2089858483,192608db42251d675da83286b1cce702)
Start importing Assets/Pandazole_Ultimate_Pack/Pandazole Kitchen Food/Prefabs/Prop_Knife_01.prefab using Guid(7faf413ddded778418c6fe63a2586002) Importer(2089858483,192608db42251d675da83286b1cce702) (ScriptedImporter) -> (artifact id: 'eb2d075292d27f56cbd4fe1ee3336c81') in 0.0158326 seconds
Number of updated asset objects reloaded before import = 0Number of asset objects unloaded after import = 9

========================================================================
Received Import Request.
  Time since last request: 0.000011 seconds.
  path: Assets/Pandazole_Ultimate_Pack/Pandazole Kitchen Food/Models/Prop_Microwave_01.fbx
  artifactKey: Guid(3dca956702633a247bee23ae921c14db) Importer(2089858483,192608db42251d675da83286b1cce702)
Start importing Assets/Pandazole_Ultimate_Pack/Pandazole Kitchen Food/Models/Prop_Microwave_01.fbx using Guid(3dca956702633a247bee23ae921c14db) Importer(2089858483,192608db42251d675da83286b1cce702) (ScriptedImporter) -> (artifact id: '6042dee092c46b3e3d94b82aec36014d') in 0.0205662 seconds
Number of updated asset objects reloaded before import = 0Number of asset objects unloaded after import = 13

========================================================================
Received Import Request.
  Time since last request: 0.000010 seconds.
  path: Assets/Pandazole_Ultimate_Pack/Pandazole Kitchen Food/Models/Prop_Knife_03.fbx
  artifactKey: Guid(91d3813dea882f04594d8eea7df47924) Importer(2089858483,192608db42251d675da83286b1cce702)
Start importing Assets/Pandazole_Ultimate_Pack/Pandazole Kitchen Food/Models/Prop_Knife_03.fbx using Guid(91d3813dea882f04594d8eea7df47924) Importer(2089858483,192608db42251d675da83286b1cce702) (ScriptedImporter) -> (artifact id: '46cbc5ef3702ba09b9ca8ec26d11203c') in 0.0179053 seconds
Number of updated asset objects reloaded before import = 0Number of asset objects unloaded after import = 8

========================================================================
Received Import Request.
  Time since last request: 0.000012 seconds.
  path: Assets/Pandazole_Ultimate_Pack/Pandazole Kitchen Food/Prefabs/Food_Meatballs Sub.prefab
  artifactKey: Guid(897859a771092914295df61ba808f53d) Importer(2089858483,192608db42251d675da83286b1cce702)
Start importing Assets/Pandazole_Ultimate_Pack/Pandazole Kitchen Food/Prefabs/Food_Meatballs Sub.prefab using Guid(897859a771092914295df61ba808f53d) Importer(2089858483,192608db42251d675da83286b1cce702) (ScriptedImporter) -> (artifact id: 'ae809ea172624a1adc588ea226255282') in 0.0141847 seconds
Number of updated asset objects reloaded before import = 0Number of asset objects unloaded after import = 9

========================================================================
Received Import Request.
  Time since last request: 0.000021 seconds.
  path: Assets/Pandazole_Ultimate_Pack/Pandazole Kitchen Food/Models/Prop_Knife_06.fbx
  artifactKey: Guid(21eec28d36244b94c8c1eea767acc69a) Importer(2089858483,192608db42251d675da83286b1cce702)
Start importing Assets/Pandazole_Ultimate_Pack/Pandazole Kitchen Food/Models/Prop_Knife_06.fbx using Guid(21eec28d36244b94c8c1eea767acc69a) Importer(2089858483,192608db42251d675da83286b1cce702) (ScriptedImporter) -> (artifact id: '538f8e2b8e7007e078bae6b624f3636c') in 0.017488 seconds
Number of updated asset objects reloaded before import = 0Number of asset objects unloaded after import = 8

========================================================================
Received Import Request.
  Time since last request: 0.000049 seconds.
  path: Assets/Pandazole_Ultimate_Pack/Pandazole Kitchen Food/Prefabs/Food_Pea.prefab
  artifactKey: Guid(d18f929552ea73b4e99fdfdb3d8d7651) Importer(2089858483,192608db42251d675da83286b1cce702)
Start importing Assets/Pandazole_Ultimate_Pack/Pandazole Kitchen Food/Prefabs/Food_Pea.prefab using Guid(d18f929552ea73b4e99fdfdb3d8d7651) Importer(2089858483,192608db42251d675da83286b1cce702) (ScriptedImporter) -> (artifact id: 'ed49c29b34b198e9d1fb511c3ce5354c') in 0.0149625 seconds
Number of updated asset objects reloaded before import = 0Number of asset objects unloaded after import = 9

========================================================================
Received Import Request.
  Time since last request: 0.000010 seconds.
  path: Assets/Pandazole_Ultimate_Pack/Pandazole Kitchen Food/Models
  artifactKey: Guid(9c314967f945bc442864c12208c4712b) Importer(2089858483,192608db42251d675da83286b1cce702)
Start importing Assets/Pandazole_Ultimate_Pack/Pandazole Kitchen Food/Models using Guid(9c314967f945bc442864c12208c4712b) Importer(2089858483,192608db42251d675da83286b1cce702) (ScriptedImporter) -> (artifact id: '5484477f717004d8b7ea6ff44322e216') in 0.0077651 seconds
Number of updated asset objects reloaded before import = 0Number of asset objects unloaded after import = 1

========================================================================
Received Import Request.
  Time since last request: 0.000013 seconds.
  path: Assets/Pandazole_Ultimate_Pack/Pandazole Kitchen Food/Prefabs/Food_Rice.prefab
  artifactKey: Guid(30b514f0793b09641a844b6a4210870c) Importer(2089858483,192608db42251d675da83286b1cce702)
Start importing Assets/Pandazole_Ultimate_Pack/Pandazole Kitchen Food/Prefabs/Food_Rice.prefab using Guid(30b514f0793b09641a844b6a4210870c) Importer(2089858483,192608db42251d675da83286b1cce702) (ScriptedImporter) -> (artifact id: 'fb7352e2912828d06068a635c06ea4e8') in 0.0144277 seconds
Number of updated asset objects reloaded before import = 0Number of asset objects unloaded after import = 9

========================================================================
Received Import Request.
  Time since last request: 0.000010 seconds.
  path: Assets/Pandazole_Ultimate_Pack/Pandazole Kitchen Food/Prefabs/Prop_StorageShelve.prefab
  artifactKey: Guid(3a91f2e419e4058488ed8b7621e9abdc) Importer(2089858483,192608db42251d675da83286b1cce702)
Start importing Assets/Pandazole_Ultimate_Pack/Pandazole Kitchen Food/Prefabs/Prop_StorageShelve.prefab using Guid(3a91f2e419e4058488ed8b7621e9abdc) Importer(2089858483,192608db42251d675da83286b1cce702) (ScriptedImporter) -> (artifact id: 'e4f817250d45ce2e9330addf127d9186') in 0.014918 seconds
Number of updated asset objects reloaded before import = 0Number of asset objects unloaded after import = 9

========================================================================
Received Import Request.
  Time since last request: 0.000012 seconds.
  path: Assets/Pandazole_Ultimate_Pack/Pandazole Kitchen Food/Models/Prop_MeasuringSpoon_01.fbx
  artifactKey: Guid(d1fda7468a3ea8345985b83d846e6f4b) Importer(2089858483,192608db42251d675da83286b1cce702)
Start importing Assets/Pandazole_Ultimate_Pack/Pandazole Kitchen Food/Models/Prop_MeasuringSpoon_01.fbx using Guid(d1fda7468a3ea8345985b83d846e6f4b) Importer(2089858483,192608db42251d675da83286b1cce702) (ScriptedImporter) -> (artifact id: '371a782996f0f8b9d6412987814ca59c') in 0.0189751 seconds
Number of updated asset objects reloaded before import = 0Number of asset objects unloaded after import = 8

========================================================================
Received Import Request.
  Time since last request: 0.000011 seconds.
  path: Assets/Pandazole_Ultimate_Pack/Pandazole Kitchen Food/Prefabs/Food_Bread.prefab
  artifactKey: Guid(90dd31c36f3997d46bb4fbbc7884b624) Importer(2089858483,192608db42251d675da83286b1cce702)
Start importing Assets/Pandazole_Ultimate_Pack/Pandazole Kitchen Food/Prefabs/Food_Bread.prefab using Guid(90dd31c36f3997d46bb4fbbc7884b624) Importer(2089858483,192608db42251d675da83286b1cce702) (ScriptedImporter) -> (artifact id: '32bfb205c92cf95446ebb020354b4fe9') in 0.014835 seconds
Number of updated asset objects reloaded before import = 0Number of asset objects unloaded after import = 9

========================================================================
Received Import Request.
  Time since last request: 0.000012 seconds.
  path: Assets/Pandazole_Ultimate_Pack/Pandazole Kitchen Food/Models/Food_Carrot.fbx
  artifactKey: Guid(fa4abb3cc70878a46abec306a0ba775c) Importer(2089858483,192608db42251d675da83286b1cce702)
Start importing Assets/Pandazole_Ultimate_Pack/Pandazole Kitchen Food/Models/Food_Carrot.fbx using Guid(fa4abb3cc70878a46abec306a0ba775c) Importer(2089858483,192608db42251d675da83286b1cce702) (ScriptedImporter) -> (artifact id: '4d4d92c3384a6efe44d24f9678247d34') in 0.0213857 seconds
Number of updated asset objects reloaded before import = 0Number of asset objects unloaded after import = 8

========================================================================
Received Import Request.
  Time since last request: 0.000056 seconds.
  path: Assets/Pandazole_Ultimate_Pack/Pandazole Kitchen Food/Models/Food_Pea.fbx
  artifactKey: Guid(11c2c36229e08304ab5318f513386ecd) Importer(2089858483,192608db42251d675da83286b1cce702)
Start importing Assets/Pandazole_Ultimate_Pack/Pandazole Kitchen Food/Models/Food_Pea.fbx using Guid(11c2c36229e08304ab5318f513386ecd) Importer(2089858483,192608db42251d675da83286b1cce702) (ScriptedImporter) -> (artifact id: 'f14c50fb2092075de45568e9d1930a40') in 0.018253 seconds
Number of updated asset objects reloaded before import = 0Number of asset objects unloaded after import = 8

========================================================================
Received Import Request.
  Time since last request: 0.000012 seconds.
  path: Assets/Pandazole_Ultimate_Pack/Pandazole Kitchen Food/Prefabs/Food_Soup Base.prefab
  artifactKey: Guid(9c7933a9dfc2a644bb0b030d18dc13b6) Importer(2089858483,192608db42251d675da83286b1cce702)
Start importing Assets/Pandazole_Ultimate_Pack/Pandazole Kitchen Food/Prefabs/Food_Soup Base.prefab using Guid(9c7933a9dfc2a644bb0b030d18dc13b6) Importer(2089858483,192608db42251d675da83286b1cce702) (ScriptedImporter) -> (artifact id: 'f7952d4a3fd9cfdb98145d1e93ed5a58') in 0.0167501 seconds
Number of updated asset objects reloaded before import = 0Number of asset objects unloaded after import = 9

========================================================================
Received Import Request.
  Time since last request: 0.000013 seconds.
  path: Assets/Pandazole_Ultimate_Pack/Pandazole Kitchen Food/Models/Prop_Oven_02.fbx
  artifactKey: Guid(0e9295898209fcc49872cc7e1d920114) Importer(2089858483,192608db42251d675da83286b1cce702)
Start importing Assets/Pandazole_Ultimate_Pack/Pandazole Kitchen Food/Models/Prop_Oven_02.fbx using Guid(0e9295898209fcc49872cc7e1d920114) Importer(2089858483,192608db42251d675da83286b1cce702) (ScriptedImporter) -> (artifact id: 'adf90553a5bc2b1be62b7e19cf6b7684') in 0.0223054 seconds
Number of updated asset objects reloaded before import = 0Number of asset objects unloaded after import = 13

========================================================================
Received Import Request.
  Time since last request: 0.000011 seconds.
  path: Assets/Pandazole_Ultimate_Pack/Pandazole Kitchen Food/Models/Prop_Spatula_05.fbx
  artifactKey: Guid(765dcd4805399ee4995d3c4a4d07ede0) Importer(2089858483,192608db42251d675da83286b1cce702)
Start importing Assets/Pandazole_Ultimate_Pack/Pandazole Kitchen Food/Models/Prop_Spatula_05.fbx using Guid(765dcd4805399ee4995d3c4a4d07ede0) Importer(2089858483,192608db42251d675da83286b1cce702) (ScriptedImporter) -> (artifact id: '755e78db3ea804c91449a102e93d65c1') in 0.0196649 seconds
Number of updated asset objects reloaded before import = 0Number of asset objects unloaded after import = 8

========================================================================
Received Import Request.
  Time since last request: 0.000013 seconds.
  path: Assets/Pandazole_Ultimate_Pack/Pandazole Kitchen Food/Models/Food_Black Coffee Cup.fbx
  artifactKey: Guid(c11535d424efc5e459633daf533e2b04) Importer(2089858483,192608db42251d675da83286b1cce702)
Start importing Assets/Pandazole_Ultimate_Pack/Pandazole Kitchen Food/Models/Food_Black Coffee Cup.fbx using Guid(c11535d424efc5e459633daf533e2b04) Importer(2089858483,192608db42251d675da83286b1cce702) (ScriptedImporter) -> (artifact id: '1b9e6bf097c04ab9bb32982ea32dec2d') in 0.0165287 seconds
Number of updated asset objects reloaded before import = 0Number of asset objects unloaded after import = 8

========================================================================
Received Import Request.
  Time since last request: 0.000010 seconds.
  path: Assets/Pandazole_Ultimate_Pack/Pandazole Kitchen Food/Prefabs/Prop_CuttingPlate.prefab
  artifactKey: Guid(2f5b5d5c74133eb4da94c020922031a3) Importer(2089858483,192608db42251d675da83286b1cce702)
Start importing Assets/Pandazole_Ultimate_Pack/Pandazole Kitchen Food/Prefabs/Prop_CuttingPlate.prefab using Guid(2f5b5d5c74133eb4da94c020922031a3) Importer(2089858483,192608db42251d675da83286b1cce702) (ScriptedImporter) -> (artifact id: '3dbd627a5a3fa13bf2050dbab38cadd8') in 0.0169143 seconds
Number of updated asset objects reloaded before import = 0Number of asset objects unloaded after import = 9

========================================================================
Received Import Request.
  Time since last request: 0.000014 seconds.
  path: Assets/Pandazole_Ultimate_Pack/Pandazole Kitchen Food/Prefabs/Prop_Cup_02.prefab
  artifactKey: Guid(6f0162a60a6d43d449eab875cd4a3bb0) Importer(2089858483,192608db42251d675da83286b1cce702)
Start importing Assets/Pandazole_Ultimate_Pack/Pandazole Kitchen Food/Prefabs/Prop_Cup_02.prefab using Guid(6f0162a60a6d43d449eab875cd4a3bb0) Importer(2089858483,192608db42251d675da83286b1cce702) (ScriptedImporter) -> (artifact id: '3795bb9473c50ace84137048cc084001') in 0.0133608 seconds
Number of updated asset objects reloaded before import = 0Number of asset objects unloaded after import = 9

========================================================================
Received Import Request.
  Time since last request: 0.000020 seconds.
  path: Assets/Pandazole_Ultimate_Pack/Pandazole Kitchen Food/Prefabs/Prop_KitchenCabinet_01.prefab
  artifactKey: Guid(d5d787b8a2e39b24d8a9c7e01c2506a6) Importer(2089858483,192608db42251d675da83286b1cce702)
Start importing Assets/Pandazole_Ultimate_Pack/Pandazole Kitchen Food/Prefabs/Prop_KitchenCabinet_01.prefab using Guid(d5d787b8a2e39b24d8a9c7e01c2506a6) Importer(2089858483,192608db42251d675da83286b1cce702) (ScriptedImporter) -> (artifact id: 'adf1605f5881cf407c49d515e1cc1dca') in 0.0142251 seconds
Number of updated asset objects reloaded before import = 0Number of asset objects unloaded after import = 19

========================================================================
Received Import Request.
  Time since last request: 0.000012 seconds.
  path: Assets/Pandazole_Ultimate_Pack/Pandazole Kitchen Food/Models/Prop_RollingPin.fbx
  artifactKey: Guid(145b8b88a0080c34baf5aa92381fda92) Importer(2089858483,192608db42251d675da83286b1cce702)
Start importing Assets/Pandazole_Ultimate_Pack/Pandazole Kitchen Food/Models/Prop_RollingPin.fbx using Guid(145b8b88a0080c34baf5aa92381fda92) Importer(2089858483,192608db42251d675da83286b1cce702) (ScriptedImporter) -> (artifact id: 'b9f30f3fdd0200ea13cc876adf16eda4') in 0.0216975 seconds
Number of updated asset objects reloaded before import = 0Number of asset objects unloaded after import = 8

========================================================================
Received Import Request.
  Time since last request: 0.000011 seconds.
  path: Assets/Pandazole_Ultimate_Pack/Pandazole Kitchen Food/Textures
  artifactKey: Guid(4d4b414fe431d6f4dbcdd6d0df6f6b96) Importer(2089858483,192608db42251d675da83286b1cce702)
Start importing Assets/Pandazole_Ultimate_Pack/Pandazole Kitchen Food/Textures using Guid(4d4b414fe431d6f4dbcdd6d0df6f6b96) Importer(2089858483,192608db42251d675da83286b1cce702) (ScriptedImporter) -> (artifact id: 'fc19b6de7915f9c92fa798914951d424') in 0.0104959 seconds
Number of updated asset objects reloaded before import = 0Number of asset objects unloaded after import = 1

========================================================================
Received Import Request.
  Time since last request: 0.000013 seconds.
  path: Assets/Pandazole_Ultimate_Pack/Pandazole Kitchen Food/Prefabs/Food_Water Cup.prefab
  artifactKey: Guid(4b6dd0d7957ae7e4bb6bde7ddd04ce57) Importer(2089858483,192608db42251d675da83286b1cce702)
Start importing Assets/Pandazole_Ultimate_Pack/Pandazole Kitchen Food/Prefabs/Food_Water Cup.prefab using Guid(4b6dd0d7957ae7e4bb6bde7ddd04ce57) Importer(2089858483,192608db42251d675da83286b1cce702) (ScriptedImporter) -> (artifact id: '9eb487d480fadcd89688b2e98c75735d') in 0.0146211 seconds
Number of updated asset objects reloaded before import = 0Number of asset objects unloaded after import = 9

========================================================================
Received Import Request.
  Time since last request: 0.000013 seconds.
  path: Assets/CrowAssets/Assets/Low Poly Stylized Food/BuiltIn/Prefabs/Can_01_Open.prefab
  artifactKey: Guid(0fce1e39ecfe32547a21e5b1f19619bc) Importer(2089858483,192608db42251d675da83286b1cce702)
Start importing Assets/CrowAssets/Assets/Low Poly Stylized Food/BuiltIn/Prefabs/Can_01_Open.prefab using Guid(0fce1e39ecfe32547a21e5b1f19619bc) Importer(2089858483,192608db42251d675da83286b1cce702) (ScriptedImporter) -> (artifact id: 'b8abba152eda0027850f9809e6041388') in 0.0129608 seconds
Number of updated asset objects reloaded before import = 0Number of asset objects unloaded after import = 14

========================================================================
Received Import Request.
  Time since last request: 0.000012 seconds.
  path: Assets/CrowAssets/Assets/Low Poly Stylized Food/Textures/Candy Bar/Candybar_rough.png
  artifactKey: Guid(e5a4812564025864ca77f7f7389b60d1) Importer(2089858483,192608db42251d675da83286b1cce702)
Start importing Assets/CrowAssets/Assets/Low Poly Stylized Food/Textures/Candy Bar/Candybar_rough.png using Guid(e5a4812564025864ca77f7f7389b60d1) Importer(2089858483,192608db42251d675da83286b1cce702) (ScriptedImporter) -> (artifact id: 'b3eb9647179de1603ef72b30909a045d') in 0.0184112 seconds
Number of updated asset objects reloaded before import = 0Number of asset objects unloaded after import = 1

========================================================================
Received Import Request.
  Time since last request: 0.000013 seconds.
  path: Assets/CrowAssets/Assets/Low Poly Stylized Food/HDRP/Materials/Chips.mat
  artifactKey: Guid(5bfe96ef39d0b384f93575d2cd30761c) Importer(2089858483,192608db42251d675da83286b1cce702)
Start importing Assets/CrowAssets/Assets/Low Poly Stylized Food/HDRP/Materials/Chips.mat using Guid(5bfe96ef39d0b384f93575d2cd30761c) Importer(2089858483,192608db42251d675da83286b1cce702) (ScriptedImporter) -> (artifact id: 'd883670c85932f8c97bab152201181c0') in 0.0138689 seconds
Number of updated asset objects reloaded before import = 0Number of asset objects unloaded after import = 1

========================================================================
Received Import Request.
  Time since last request: 0.000013 seconds.
  path: Assets/CrowAssets/Assets/Low Poly Stylized Food/BuiltIn/Prefabs/BreadLoaf.prefab
  artifactKey: Guid(d05e24d9a4202b04dab4362fa0707b98) Importer(2089858483,192608db42251d675da83286b1cce702)
Start importing Assets/CrowAssets/Assets/Low Poly Stylized Food/BuiltIn/Prefabs/BreadLoaf.prefab using Guid(d05e24d9a4202b04dab4362fa0707b98) Importer(2089858483,192608db42251d675da83286b1cce702) (ScriptedImporter) -> (artifact id: '51851a2f884088ed927dc681193180da') in 0.0125707 seconds
Number of updated asset objects reloaded before import = 0Number of asset objects unloaded after import = 9

========================================================================
Received Import Request.
  Time since last request: 0.000020 seconds.
  path: Assets/Pandazole_Ultimate_Pack/Pandazole Kitchen Food/Models/Prop_Faucet.fbx
  artifactKey: Guid(0abc56718b739fb41bd375ab0f967522) Importer(2089858483,192608db42251d675da83286b1cce702)
Start importing Assets/Pandazole_Ultimate_Pack/Pandazole Kitchen Food/Models/Prop_Faucet.fbx using Guid(0abc56718b739fb41bd375ab0f967522) Importer(2089858483,192608db42251d675da83286b1cce702) (ScriptedImporter) -> (artifact id: 'eeda09210038c2f615e63feacef74288') in 0.0199489 seconds
Number of updated asset objects reloaded before import = 0Number of asset objects unloaded after import = 13

========================================================================
Received Import Request.
  Time since last request: 0.000010 seconds.
  path: Assets/CrowAssets/Assets/Low Poly Stylized Food/HDRP/Materials/Mustard.mat
  artifactKey: Guid(de51262b05581b84baca795e1ad5efdc) Importer(2089858483,192608db42251d675da83286b1cce702)
Start importing Assets/CrowAssets/Assets/Low Poly Stylized Food/HDRP/Materials/Mustard.mat using Guid(de51262b05581b84baca795e1ad5efdc) Importer(2089858483,192608db42251d675da83286b1cce702) (ScriptedImporter) -> (artifact id: 'b9d246024c1b33110169d3921a1a2fde') in 0.0107111 seconds
Number of updated asset objects reloaded before import = 0Number of asset objects unloaded after import = 1

========================================================================
Received Import Request.
  Time since last request: 0.000011 seconds.
  path: Assets/Pandazole_Ultimate_Pack/Pandazole Kitchen Food/Prefabs/Prop_Pot_03.prefab
  artifactKey: Guid(cdbb65eaed9a2224cafb7d2a8e2d864f) Importer(2089858483,192608db42251d675da83286b1cce702)
Start importing Assets/Pandazole_Ultimate_Pack/Pandazole Kitchen Food/Prefabs/Prop_Pot_03.prefab using Guid(cdbb65eaed9a2224cafb7d2a8e2d864f) Importer(2089858483,192608db42251d675da83286b1cce702) (ScriptedImporter) -> (artifact id: 'f10f7594a19640a66d84c525a23cb12b') in 0.0126748 seconds
Number of updated asset objects reloaded before import = 0Number of asset objects unloaded after import = 14

========================================================================
Received Import Request.
  Time since last request: 0.000011 seconds.
  path: Assets/CrowAssets/Assets/Low Poly Stylized Food/HDRP/Materials/Lunch Meat.mat
  artifactKey: Guid(98c78f86696b80441abb55403c78c5b3) Importer(2089858483,192608db42251d675da83286b1cce702)
Start importing Assets/CrowAssets/Assets/Low Poly Stylized Food/HDRP/Materials/Lunch Meat.mat using Guid(98c78f86696b80441abb55403c78c5b3) Importer(2089858483,192608db42251d675da83286b1cce702) (ScriptedImporter) -> (artifact id: 'ba1f1ba4dc5efb00a74674403e017f67') in 0.0106481 seconds
Number of updated asset objects reloaded before import = 0Number of asset objects unloaded after import = 1

========================================================================
Received Import Request.
  Time since last request: 0.000013 seconds.
  path: Assets/Pandazole_Ultimate_Pack/Pandazole Kitchen Food/Models/Prop_Spatula_02.fbx
  artifactKey: Guid(f0fce2e3cad5f8f4881904f8580bfa40) Importer(2089858483,192608db42251d675da83286b1cce702)
Start importing Assets/Pandazole_Ultimate_Pack/Pandazole Kitchen Food/Models/Prop_Spatula_02.fbx using Guid(f0fce2e3cad5f8f4881904f8580bfa40) Importer(2089858483,192608db42251d675da83286b1cce702) (ScriptedImporter) -> (artifact id: '9f85ebadb1d25439087cdfa35b110b09') in 0.0178827 seconds
Number of updated asset objects reloaded before import = 0Number of asset objects unloaded after import = 8

========================================================================
Received Import Request.
  Time since last request: 0.000011 seconds.
  path: Assets/CrowAssets/Assets/Low Poly Stylized Food/Meshes/Soda Bottle.fbx
  artifactKey: Guid(479bb3dc437a7a749b3d3f9d344f8588) Importer(2089858483,192608db42251d675da83286b1cce702)
Start importing Assets/CrowAssets/Assets/Low Poly Stylized Food/Meshes/Soda Bottle.fbx using Guid(479bb3dc437a7a749b3d3f9d344f8588) Importer(2089858483,192608db42251d675da83286b1cce702) (ScriptedImporter) -> (artifact id: '43ad526db63b13aecee670e8c9d5df21') in 0.0235474 seconds
Number of updated asset objects reloaded before import = 0Number of asset objects unloaded after import = 17

========================================================================
Received Import Request.
  Time since last request: 0.000013 seconds.
  path: Assets/CrowAssets/Assets/Low Poly Stylized Food/Scenes/ExampleSceneHDRP.unity
  artifactKey: Guid(6d28a9b5691b18745bf443db65e99373) Importer(2089858483,192608db42251d675da83286b1cce702)
Start importing Assets/CrowAssets/Assets/Low Poly Stylized Food/Scenes/ExampleSceneHDRP.unity using Guid(6d28a9b5691b18745bf443db65e99373) Importer(2089858483,192608db42251d675da83286b1cce702) (ScriptedImporter) -> (artifact id: '8a060816bfab3b472020456d5dbed142') in 0.0138118 seconds
Number of updated asset objects reloaded before import = 0Number of asset objects unloaded after import = 1

========================================================================
Received Import Request.
  Time since last request: 0.000014 seconds.
  path: Assets/CrowAssets/Assets/Low Poly Stylized Food/HDRP/Materials/CandyBar.mat
  artifactKey: Guid(ef7772d7845d49e4684c89df00ef359b) Importer(2089858483,192608db42251d675da83286b1cce702)
Start importing Assets/CrowAssets/Assets/Low Poly Stylized Food/HDRP/Materials/CandyBar.mat using Guid(ef7772d7845d49e4684c89df00ef359b) Importer(2089858483,192608db42251d675da83286b1cce702) (ScriptedImporter) -> (artifact id: '494a65fda091d3e588ea89e75076d603') in 0.0107996 seconds
Number of updated asset objects reloaded before import = 0Number of asset objects unloaded after import = 1

========================================================================
Received Import Request.
  Time since last request: 0.000018 seconds.
  path: Assets/CrowAssets/Assets/Low Poly Stylized Food/Meshes/BreadLoaf.fbx
  artifactKey: Guid(222884c2e1b666848a44723e8adce151) Importer(2089858483,192608db42251d675da83286b1cce702)
Start importing Assets/CrowAssets/Assets/Low Poly Stylized Food/Meshes/BreadLoaf.fbx using Guid(222884c2e1b666848a44723e8adce151) Importer(2089858483,192608db42251d675da83286b1cce702) (ScriptedImporter) -> (artifact id: '751aea29d315cfb0afee74d81ec0ccc7') in 0.0189561 seconds
Number of updated asset objects reloaded before import = 0Number of asset objects unloaded after import = 7

========================================================================
Received Import Request.
  Time since last request: 0.000012 seconds.
  path: Assets/Pandazole_Ultimate_Pack/Pandazole Kitchen Food/Prefabs/Food_Sunny Egg.prefab
  artifactKey: Guid(af23549e861e00242b56bbd1c51a3c9d) Importer(2089858483,192608db42251d675da83286b1cce702)
Start importing Assets/Pandazole_Ultimate_Pack/Pandazole Kitchen Food/Prefabs/Food_Sunny Egg.prefab using Guid(af23549e861e00242b56bbd1c51a3c9d) Importer(2089858483,192608db42251d675da83286b1cce702) (ScriptedImporter) -> (artifact id: '5ee0d41c2aa249b882db6d6b680847d6') in 0.0168467 seconds
Number of updated asset objects reloaded before import = 0Number of asset objects unloaded after import = 9

========================================================================
Received Import Request.
  Time since last request: 0.000013 seconds.
  path: Assets/CrowAssets/Assets/Low Poly Stylized Food/BuiltIn/Materials/Ketchup.mat
  artifactKey: Guid(b0c534036372579418df2271b181ac1a) Importer(2089858483,192608db42251d675da83286b1cce702)
Start importing Assets/CrowAssets/Assets/Low Poly Stylized Food/BuiltIn/Materials/Ketchup.mat using Guid(b0c534036372579418df2271b181ac1a) Importer(2089858483,192608db42251d675da83286b1cce702) (ScriptedImporter) -> (artifact id: 'e2f64354fcb2b53343fe9f9ab9df144f') in 0.0169004 seconds
Number of updated asset objects reloaded before import = 0Number of asset objects unloaded after import = 3

========================================================================
Received Import Request.
  Time since last request: 0.000012 seconds.
  path: Assets/CrowAssets/Assets/Low Poly Stylized Food/Textures/Can_01/Can_01_rough.png
  artifactKey: Guid(f49f725be371e664e9fdbb29f25ebd73) Importer(2089858483,192608db42251d675da83286b1cce702)
Start importing Assets/CrowAssets/Assets/Low Poly Stylized Food/Textures/Can_01/Can_01_rough.png using Guid(f49f725be371e664e9fdbb29f25ebd73) Importer(2089858483,192608db42251d675da83286b1cce702) (ScriptedImporter) -> (artifact id: '5b4f514f3060aeddb5d1b86df8b487b1') in 0.0175125 seconds
Number of updated asset objects reloaded before import = 0Number of asset objects unloaded after import = 1

========================================================================
Received Import Request.
  Time since last request: 0.000012 seconds.
  path: Assets/Pandazole_Ultimate_Pack/Pandazole Kitchen Food/Prefabs/Prop_Plate_01.prefab
  artifactKey: Guid(b6d9e26087c61114485b9b1554439ad8) Importer(2089858483,192608db42251d675da83286b1cce702)
Start importing Assets/Pandazole_Ultimate_Pack/Pandazole Kitchen Food/Prefabs/Prop_Plate_01.prefab using Guid(b6d9e26087c61114485b9b1554439ad8) Importer(2089858483,192608db42251d675da83286b1cce702) (ScriptedImporter) -> (artifact id: '2fdb89e1ec0e894b32e946de9d973de6') in 0.016763 seconds
Number of updated asset objects reloaded before import = 0Number of asset objects unloaded after import = 9

========================================================================
Received Import Request.
  Time since last request: 0.000012 seconds.
  path: Assets/CrowAssets/Assets/Low Poly Stylized Food/BuiltIn/Materials/Cheese Slice.mat
  artifactKey: Guid(b3ee6238b129e1444ae283869d5f1b91) Importer(2089858483,192608db42251d675da83286b1cce702)
Start importing Assets/CrowAssets/Assets/Low Poly Stylized Food/BuiltIn/Materials/Cheese Slice.mat using Guid(b3ee6238b129e1444ae283869d5f1b91) Importer(2089858483,192608db42251d675da83286b1cce702) (ScriptedImporter) -> (artifact id: '58ac21c1d6ba79cae3aee2292e6a307b') in 0.0151425 seconds
Number of updated asset objects reloaded before import = 0Number of asset objects unloaded after import = 3

========================================================================
Received Import Request.
  Time since last request: 0.000011 seconds.
  path: Assets/CrowAssets/Assets/Low Poly Stylized Food/BuiltIn/Materials/Can_01_Opened.mat
  artifactKey: Guid(174ee54cd5a9c1548b4330e85f4cb7d8) Importer(2089858483,192608db42251d675da83286b1cce702)
Start importing Assets/CrowAssets/Assets/Low Poly Stylized Food/BuiltIn/Materials/Can_01_Opened.mat using Guid(174ee54cd5a9c1548b4330e85f4cb7d8) Importer(2089858483,192608db42251d675da83286b1cce702) (ScriptedImporter) -> (artifact id: 'd81550c66b4fe92cba15c4e70d5afd57') in 0.0151919 seconds
Number of updated asset objects reloaded before import = 0Number of asset objects unloaded after import = 3

========================================================================
Received Import Request.
  Time since last request: 0.000018 seconds.
  path: Assets/CrowAssets/Assets/Low Poly Stylized Food/BuiltIn/Prefabs/Mustard.prefab
  artifactKey: Guid(8c87b22654e42a349aa76ec15fcb1f5a) Importer(2089858483,192608db42251d675da83286b1cce702)
Start importing Assets/CrowAssets/Assets/Low Poly Stylized Food/BuiltIn/Prefabs/Mustard.prefab using Guid(8c87b22654e42a349aa76ec15fcb1f5a) Importer(2089858483,192608db42251d675da83286b1cce702) (ScriptedImporter) -> (artifact id: '2520b3cef27de575aa1b3feadb07be8d') in 0.0094168 seconds
Number of updated asset objects reloaded before import = 0Number of asset objects unloaded after import = 9

========================================================================
Received Import Request.
  Time since last request: 0.000012 seconds.
  path: Assets/CrowAssets/Assets/Low Poly Stylized Food/URP/Prefabs/Cheese Wedge.prefab
  artifactKey: Guid(dd3fa71ec3d21a44d9f5204be7288ace) Importer(2089858483,192608db42251d675da83286b1cce702)
Start importing Assets/CrowAssets/Assets/Low Poly Stylized Food/URP/Prefabs/Cheese Wedge.prefab using Guid(dd3fa71ec3d21a44d9f5204be7288ace) Importer(2089858483,192608db42251d675da83286b1cce702) (ScriptedImporter) -> (artifact id: '1f07024e65b366e281419e36d775ce49') in 0.0123469 seconds
Number of updated asset objects reloaded before import = 0Number of asset objects unloaded after import = 9

========================================================================
Received Import Request.
  Time since last request: 0.000014 seconds.
  path: Assets/CrowAssets/Assets/Low Poly Stylized Food/BuiltIn
  artifactKey: Guid(7de607e46773e2c4397d3d75d72eb68e) Importer(2089858483,192608db42251d675da83286b1cce702)
Start importing Assets/CrowAssets/Assets/Low Poly Stylized Food/BuiltIn using Guid(7de607e46773e2c4397d3d75d72eb68e) Importer(2089858483,192608db42251d675da83286b1cce702) (ScriptedImporter) -> (artifact id: 'd8b3ca3b5b4077f82dc5c871613a3966') in 0.0072815 seconds
Number of updated asset objects reloaded before import = 0Number of asset objects unloaded after import = 1

========================================================================
Received Import Request.
  Time since last request: 0.000015 seconds.
  path: Assets/CrowAssets/Assets/Low Poly Stylized Food/HDRP/Materials/SodaCan_02.mat
  artifactKey: Guid(4507625568fe34043b2c74be29f906c7) Importer(2089858483,192608db42251d675da83286b1cce702)
Start importing Assets/CrowAssets/Assets/Low Poly Stylized Food/HDRP/Materials/SodaCan_02.mat using Guid(4507625568fe34043b2c74be29f906c7) Importer(2089858483,192608db42251d675da83286b1cce702) (ScriptedImporter) -> (artifact id: '84f219d79deec835f46897019a39fa44') in 0.0134799 seconds
Number of updated asset objects reloaded before import = 0Number of asset objects unloaded after import = 1

========================================================================
Received Import Request.
  Time since last request: 0.000013 seconds.
  path: Assets/CrowAssets/Assets/Low Poly Stylized Food/Textures/Tomato Slice/Tomato_rough.png
  artifactKey: Guid(394dde0bede40a14aa1e6f39ee339776) Importer(2089858483,192608db42251d675da83286b1cce702)
Start importing Assets/CrowAssets/Assets/Low Poly Stylized Food/Textures/Tomato Slice/Tomato_rough.png using Guid(394dde0bede40a14aa1e6f39ee339776) Importer(2089858483,192608db42251d675da83286b1cce702) (ScriptedImporter) -> (artifact id: 'fa538bfe82a82a9c4ebcc4117623e67d') in 0.0199326 seconds
Number of updated asset objects reloaded before import = 0Number of asset objects unloaded after import = 1

========================================================================
Received Import Request.
  Time since last request: 0.000012 seconds.
  path: Assets/CrowAssets/Assets/Low Poly Stylized Food/BuiltIn/Materials/Sardines.mat
  artifactKey: Guid(70b119e8666a4f9488aa00ef9c3ec4e5) Importer(2089858483,192608db42251d675da83286b1cce702)
Start importing Assets/CrowAssets/Assets/Low Poly Stylized Food/BuiltIn/Materials/Sardines.mat using Guid(70b119e8666a4f9488aa00ef9c3ec4e5) Importer(2089858483,192608db42251d675da83286b1cce702) (ScriptedImporter) -> (artifact id: 'b3586453366e6879311c953a29817bec') in 0.0167642 seconds
Number of updated asset objects reloaded before import = 0Number of asset objects unloaded after import = 3

========================================================================
Received Import Request.
  Time since last request: 0.000013 seconds.
  path: Assets/CrowAssets/Assets/Low Poly Stylized Food/Scenes/ExampleSceneHDRP/Global Volume Profile.asset
  artifactKey: Guid(32b77abb6aef87840ae1690412a00405) Importer(2089858483,192608db42251d675da83286b1cce702)
Start importing Assets/CrowAssets/Assets/Low Poly Stylized Food/Scenes/ExampleSceneHDRP/Global Volume Profile.asset using Guid(32b77abb6aef87840ae1690412a00405) Importer(2089858483,192608db42251d675da83286b1cce702) (ScriptedImporter) -> (artifact id: '538dc1f9f61143b7b4b249d4d2acf6d8') in 0.0137208 seconds
Number of updated asset objects reloaded before import = 0Number of asset objects unloaded after import = 3

========================================================================
Received Import Request.
  Time since last request: 0.000014 seconds.
  path: Assets/CrowAssets/Assets/Low Poly Stylized Food/HDRP/Prefabs/Juice Box.prefab
  artifactKey: Guid(8adc92fd99f481a42bd8aa1044eef821) Importer(2089858483,192608db42251d675da83286b1cce702)
Start importing Assets/CrowAssets/Assets/Low Poly Stylized Food/HDRP/Prefabs/Juice Box.prefab using Guid(8adc92fd99f481a42bd8aa1044eef821) Importer(2089858483,192608db42251d675da83286b1cce702) (ScriptedImporter) -> (artifact id: '4a5c705d5e05416c7dbcdd08caec486e') in 0.0126233 seconds
Number of updated asset objects reloaded before import = 0Number of asset objects unloaded after import = 19

========================================================================
Received Import Request.
  Time since last request: 0.000022 seconds.
  path: Assets/CrowAssets/Assets/Low Poly Stylized Food/Textures/Candy Bar
  artifactKey: Guid(e465ca5941c844d4794233e817092e98) Importer(2089858483,192608db42251d675da83286b1cce702)
Start importing Assets/CrowAssets/Assets/Low Poly Stylized Food/Textures/Candy Bar using Guid(e465ca5941c844d4794233e817092e98) Importer(2089858483,192608db42251d675da83286b1cce702) (ScriptedImporter) -> (artifact id: 'fa680d8fb78e8a49157dd9f8e3696f43') in 0.0113918 seconds
Number of updated asset objects reloaded before import = 0Number of asset objects unloaded after import = 1

========================================================================
Received Import Request.
  Time since last request: 0.000013 seconds.
  path: Assets/CrowAssets/Assets/Low Poly Stylized Food/URP/Materials/Cheese Slice.mat
  artifactKey: Guid(8b94c948cf01be943bfb4765b724fb6b) Importer(2089858483,192608db42251d675da83286b1cce702)
Start importing Assets/CrowAssets/Assets/Low Poly Stylized Food/URP/Materials/Cheese Slice.mat using Guid(8b94c948cf01be943bfb4765b724fb6b) Importer(2089858483,192608db42251d675da83286b1cce702) (ScriptedImporter) -> (artifact id: '16af9bb39ce100c85b6ae6b1caeb3d18') in 0.0170691 seconds
Number of updated asset objects reloaded before import = 0Number of asset objects unloaded after import = 3

========================================================================
Received Import Request.
  Time since last request: 0.000012 seconds.
  path: Assets/CrowAssets/Assets/Low Poly Stylized Food/Meshes/CrackedEgg.fbx
  artifactKey: Guid(f93babe1c3f46ca48a490f8841a8ce2e) Importer(2089858483,192608db42251d675da83286b1cce702)
Start importing Assets/CrowAssets/Assets/Low Poly Stylized Food/Meshes/CrackedEgg.fbx using Guid(f93babe1c3f46ca48a490f8841a8ce2e) Importer(2089858483,192608db42251d675da83286b1cce702) (ScriptedImporter) -> (artifact id: '9db623ff9fedbf4086dc2111ab3677ce') in 0.0190257 seconds
Number of updated asset objects reloaded before import = 0Number of asset objects unloaded after import = 14

========================================================================
Received Import Request.
  Time since last request: 0.000014 seconds.
  path: Assets/CrowAssets/Assets/Low Poly Stylized Food/Scenes/ExampleSceneBuilt-In.unity
  artifactKey: Guid(0d56e1c0271d2f54a82460c75f4be380) Importer(2089858483,192608db42251d675da83286b1cce702)
Start importing Assets/CrowAssets/Assets/Low Poly Stylized Food/Scenes/ExampleSceneBuilt-In.unity using Guid(0d56e1c0271d2f54a82460c75f4be380) Importer(2089858483,192608db42251d675da83286b1cce702) (ScriptedImporter) -> (artifact id: 'fe7802f3ba042b3ab899acd13cd8fe4a') in 0.0155768 seconds
Number of updated asset objects reloaded before import = 0Number of asset objects unloaded after import = 1

========================================================================
Received Import Request.
  Time since last request: 0.000015 seconds.
  path: Assets/CrowAssets/Assets/Low Poly Stylized Food/Meshes/Can_01.fbx
  artifactKey: Guid(78876c78629d7b74797b48bf2b7a4034) Importer(2089858483,192608db42251d675da83286b1cce702)
Start importing Assets/CrowAssets/Assets/Low Poly Stylized Food/Meshes/Can_01.fbx using Guid(78876c78629d7b74797b48bf2b7a4034) Importer(2089858483,192608db42251d675da83286b1cce702) (ScriptedImporter) -> (artifact id: '6a5280464577635d766bd1fd04d41f36') in 0.0187419 seconds
Number of updated asset objects reloaded before import = 0Number of asset objects unloaded after import = 7

========================================================================
Received Import Request.
  Time since last request: 0.000013 seconds.
  path: Assets/CrowAssets/Assets/Low Poly Stylized Food/Textures/Milk/Milk_tex.png
  artifactKey: Guid(4d9439d2fd9d8ba47aa94af3d1e2e0a8) Importer(2089858483,192608db42251d675da83286b1cce702)
Start importing Assets/CrowAssets/Assets/Low Poly Stylized Food/Textures/Milk/Milk_tex.png using Guid(4d9439d2fd9d8ba47aa94af3d1e2e0a8) Importer(2089858483,192608db42251d675da83286b1cce702) (ScriptedImporter) -> (artifact id: '366b184ff68ddbdb7f0781db3f6d93c3') in 0.0160796 seconds
Number of updated asset objects reloaded before import = 0Number of asset objects unloaded after import = 1

========================================================================
Received Import Request.
  Time since last request: 0.000014 seconds.
  path: Assets/CrowAssets/Assets/Low Poly Stylized Food/Meshes/Milk.fbx
  artifactKey: Guid(08aaa337245cc4948a1834fca92ecfa1) Importer(2089858483,192608db42251d675da83286b1cce702)
Start importing Assets/CrowAssets/Assets/Low Poly Stylized Food/Meshes/Milk.fbx using Guid(08aaa337245cc4948a1834fca92ecfa1) Importer(2089858483,192608db42251d675da83286b1cce702) (ScriptedImporter) -> (artifact id: '1ab536f0e152443c7584679461ecc671') in 0.0196439 seconds
Number of updated asset objects reloaded before import = 0Number of asset objects unloaded after import = 12

========================================================================
Received Import Request.
  Time since last request: 0.000019 seconds.
  path: Assets/CrowAssets/Assets/Low Poly Stylized Food/URP/Materials
  artifactKey: Guid(c606d2b7dd85e554999a4196b286f305) Importer(2089858483,192608db42251d675da83286b1cce702)
Start importing Assets/CrowAssets/Assets/Low Poly Stylized Food/URP/Materials using Guid(c606d2b7dd85e554999a4196b286f305) Importer(2089858483,192608db42251d675da83286b1cce702) (ScriptedImporter) -> (artifact id: 'e5aa15b70cb1588cfb8a4824189ea71c') in 0.0073176 seconds
Number of updated asset objects reloaded before import = 0Number of asset objects unloaded after import = 1

========================================================================
Received Import Request.
  Time since last request: 0.000012 seconds.
  path: Assets/CrowAssets/Assets/Low Poly Stylized Food/BuiltIn/Materials/Tomato Slice.mat
  artifactKey: Guid(2379a891bda15cf41ab274ea36858be0) Importer(2089858483,192608db42251d675da83286b1cce702)
Start importing Assets/CrowAssets/Assets/Low Poly Stylized Food/BuiltIn/Materials/Tomato Slice.mat using Guid(2379a891bda15cf41ab274ea36858be0) Importer(2089858483,192608db42251d675da83286b1cce702) (ScriptedImporter) -> (artifact id: '8c7071f2f175f58564162874e42437d2') in 0.014562 seconds
Number of updated asset objects reloaded before import = 0Number of asset objects unloaded after import = 3

========================================================================
Received Import Request.
  Time since last request: 0.000011 seconds.
  path: Assets/CrowAssets/Assets/Low Poly Stylized Food/Textures
  artifactKey: Guid(9549c6508de423747baf3dec7879cb1f) Importer(2089858483,192608db42251d675da83286b1cce702)
Start importing Assets/CrowAssets/Assets/Low Poly Stylized Food/Textures using Guid(9549c6508de423747baf3dec7879cb1f) Importer(2089858483,192608db42251d675da83286b1cce702) (ScriptedImporter) -> (artifact id: '34e92200f9c9a025a77408d3df1f6d8f') in 0.010047 seconds
Number of updated asset objects reloaded before import = 0Number of asset objects unloaded after import = 1

========================================================================
Received Import Request.
  Time since last request: 0.000011 seconds.
  path: Assets/CrowAssets/Assets/Low Poly Stylized Food/BuiltIn/Materials/JuiceBox.mat
  artifactKey: Guid(1081da8d9084bee4392cbede01c490e5) Importer(2089858483,192608db42251d675da83286b1cce702)
Start importing Assets/CrowAssets/Assets/Low Poly Stylized Food/BuiltIn/Materials/JuiceBox.mat using Guid(1081da8d9084bee4392cbede01c490e5) Importer(2089858483,192608db42251d675da83286b1cce702) (ScriptedImporter) -> (artifact id: 'd00ac9c000ed09e4ae5fb7177b029e2c') in 0.0170095 seconds
Number of updated asset objects reloaded before import = 0Number of asset objects unloaded after import = 3

========================================================================
Received Import Request.
  Time since last request: 0.000012 seconds.
  path: Assets/CrowAssets/Assets/Low Poly Stylized Food/Textures/Milk/Milk_rough.png
  artifactKey: Guid(eb678ba43c6b839488a7db4e501115b8) Importer(2089858483,192608db42251d675da83286b1cce702)
Start importing Assets/CrowAssets/Assets/Low Poly Stylized Food/Textures/Milk/Milk_rough.png using Guid(eb678ba43c6b839488a7db4e501115b8) Importer(2089858483,192608db42251d675da83286b1cce702) (ScriptedImporter) -> (artifact id: '3a4989b27e868cf0739eba27c4320d96') in 0.0191589 seconds
Number of updated asset objects reloaded before import = 0Number of asset objects unloaded after import = 1

========================================================================
Received Import Request.
  Time since last request: 0.000012 seconds.
  path: Assets/CrowAssets/Assets/Low Poly Stylized Food/HDRP/Materials/Jar.mat
  artifactKey: Guid(bab6ac7021ed15c4987b0a74e69f102c) Importer(2089858483,192608db42251d675da83286b1cce702)
Start importing Assets/CrowAssets/Assets/Low Poly Stylized Food/HDRP/Materials/Jar.mat using Guid(bab6ac7021ed15c4987b0a74e69f102c) Importer(2089858483,192608db42251d675da83286b1cce702) (ScriptedImporter) -> (artifact id: '53924a3cf47b62748804603e26c60acb') in 0.0103599 seconds
Number of updated asset objects reloaded before import = 0Number of asset objects unloaded after import = 1

========================================================================
Received Import Request.
  Time since last request: 0.000012 seconds.
  path: Assets/CrowAssets/Assets/Low Poly Stylized Food/HDRP/Prefabs
  artifactKey: Guid(d9f7b21b6123da542a1d3752b6188459) Importer(2089858483,192608db42251d675da83286b1cce702)
Start importing Assets/CrowAssets/Assets/Low Poly Stylized Food/HDRP/Prefabs using Guid(d9f7b21b6123da542a1d3752b6188459) Importer(2089858483,192608db42251d675da83286b1cce702) (ScriptedImporter) -> (artifact id: '400f739728dc3b9396ca501bd7c9aaf2') in 0.0097787 seconds
Number of updated asset objects reloaded before import = 0Number of asset objects unloaded after import = 1

========================================================================
Received Import Request.
  Time since last request: 0.000014 seconds.
  path: Assets/CrowAssets/Assets/Low Poly Stylized Food/Textures/Juice Box/JuiceBox_tex.png
  artifactKey: Guid(8acadeef4fa662344930b14c673b0ccd) Importer(2089858483,192608db42251d675da83286b1cce702)
Start importing Assets/CrowAssets/Assets/Low Poly Stylized Food/Textures/Juice Box/JuiceBox_tex.png using Guid(8acadeef4fa662344930b14c673b0ccd) Importer(2089858483,192608db42251d675da83286b1cce702) (ScriptedImporter) -> (artifact id: '1e79fa658776e373c312a85c0a5b7d0f') in 0.0150681 seconds
Number of updated asset objects reloaded before import = 0Number of asset objects unloaded after import = 1

========================================================================
Received Import Request.
  Time since last request: 0.000020 seconds.
  path: Assets/CrowAssets/Assets/Low Poly Stylized Food/Textures/Eggs/Egg_White_tex.png
  artifactKey: Guid(a04af5921b882404d8db81078d160652) Importer(2089858483,192608db42251d675da83286b1cce702)
Start importing Assets/CrowAssets/Assets/Low Poly Stylized Food/Textures/Eggs/Egg_White_tex.png using Guid(a04af5921b882404d8db81078d160652) Importer(2089858483,192608db42251d675da83286b1cce702) (ScriptedImporter) -> (artifact id: 'e9a53be73d5f990637b8245903c371b5') in 0.01546 seconds
Number of updated asset objects reloaded before import = 0Number of asset objects unloaded after import = 1

========================================================================
Received Import Request.
  Time since last request: 0.000010 seconds.
  path: Assets/CrowAssets/Assets/Low Poly Stylized Food/Textures/Mustard/Mustard_tex.png
  artifactKey: Guid(c794a5f4c09b50641b0f64c16c32b05f) Importer(2089858483,192608db42251d675da83286b1cce702)
Start importing Assets/CrowAssets/Assets/Low Poly Stylized Food/Textures/Mustard/Mustard_tex.png using Guid(c794a5f4c09b50641b0f64c16c32b05f) Importer(2089858483,192608db42251d675da83286b1cce702) (ScriptedImporter) -> (artifact id: 'fefc90618cca31fc6f5ba931ec46768b') in 0.0168521 seconds
Number of updated asset objects reloaded before import = 0Number of asset objects unloaded after import = 1

========================================================================
Received Import Request.
  Time since last request: 0.000010 seconds.
  path: Assets/CrowAssets/Assets/Low Poly Stylized Food/Textures/Sardines/Sardines_tex.png
  artifactKey: Guid(b7ad17b2ef1674049b8a9b00aae23639) Importer(2089858483,192608db42251d675da83286b1cce702)
Start importing Assets/CrowAssets/Assets/Low Poly Stylized Food/Textures/Sardines/Sardines_tex.png using Guid(b7ad17b2ef1674049b8a9b00aae23639) Importer(2089858483,192608db42251d675da83286b1cce702) (ScriptedImporter) -> (artifact id: 'f7dbcde2c145c698c70b6bdf98db926f') in 0.0186791 seconds
Number of updated asset objects reloaded before import = 0Number of asset objects unloaded after import = 1

========================================================================
Received Import Request.
  Time since last request: 0.000016 seconds.
  path: Assets/CrowAssets/Assets/Low Poly Stylized Food/BuiltIn/Prefabs/Soda Bottle.prefab
  artifactKey: Guid(2a6494990ce35c641a72dcbe35f2450e) Importer(2089858483,192608db42251d675da83286b1cce702)
Start importing Assets/CrowAssets/Assets/Low Poly Stylized Food/BuiltIn/Prefabs/Soda Bottle.prefab using Guid(2a6494990ce35c641a72dcbe35f2450e) Importer(2089858483,192608db42251d675da83286b1cce702) (ScriptedImporter) -> (artifact id: '13405a2faa58eb87744d44bc82c5ecdd') in 0.0095222 seconds
Number of updated asset objects reloaded before import = 0Number of asset objects unloaded after import = 19

========================================================================
Received Import Request.
  Time since last request: 0.000012 seconds.
  path: Assets/pumpkin monster/Material/matHead.mat
  artifactKey: Guid(8daa4a86554ea684087a4d7760d854f4) Importer(2089858483,192608db42251d675da83286b1cce702)
Start importing Assets/pumpkin monster/Material/matHead.mat using Guid(8daa4a86554ea684087a4d7760d854f4) Importer(2089858483,192608db42251d675da83286b1cce702) (ScriptedImporter) -> (artifact id: '9d4f603db18113240eff70d2c3d8fd1d') in 0.0404167 seconds
Number of updated asset objects reloaded before import = 0Number of asset objects unloaded after import = 5

========================================================================
Received Import Request.
  Time since last request: 0.000013 seconds.
  path: Assets/CrowAssets/Assets/Low Poly Stylized Food/BuiltIn/Prefabs/Cheese Thin.prefab
  artifactKey: Guid(e667e2dae7c92e444912cc375d765312) Importer(2089858483,192608db42251d675da83286b1cce702)
Start importing Assets/CrowAssets/Assets/Low Poly Stylized Food/BuiltIn/Prefabs/Cheese Thin.prefab using Guid(e667e2dae7c92e444912cc375d765312) Importer(2089858483,192608db42251d675da83286b1cce702) (ScriptedImporter) -> (artifact id: '2b0d9b43207f1b52561cf0302ad2b5fd') in 0.0112359 seconds
Number of updated asset objects reloaded before import = 0Number of asset objects unloaded after import = 9

========================================================================
Received Import Request.
  Time since last request: 0.000014 seconds.
  path: Assets/Pandazole_Ultimate_Pack/Pandazole Kitchen Food/Prefabs/Prop_KitchenCabinet_03.prefab
  artifactKey: Guid(23b0703af9f894247af6a265a4ae44b9) Importer(2089858483,192608db42251d675da83286b1cce702)
Start importing Assets/Pandazole_Ultimate_Pack/Pandazole Kitchen Food/Prefabs/Prop_KitchenCabinet_03.prefab using Guid(23b0703af9f894247af6a265a4ae44b9) Importer(2089858483,192608db42251d675da83286b1cce702) (ScriptedImporter) -> (artifact id: '6d54818b65f5d61690700cb2ac7f8b0c') in 0.0125975 seconds
Number of updated asset objects reloaded before import = 0Number of asset objects unloaded after import = 9

========================================================================
Received Import Request.
  Time since last request: 0.000035 seconds.
  path: Assets/CrowAssets/Assets/Low Poly Stylized Food/HDRP/Prefabs/Milk.prefab
  artifactKey: Guid(10860ffa99b531c4a925e637b3488b3b) Importer(2089858483,192608db42251d675da83286b1cce702)
Start importing Assets/CrowAssets/Assets/Low Poly Stylized Food/HDRP/Prefabs/Milk.prefab using Guid(10860ffa99b531c4a925e637b3488b3b) Importer(2089858483,192608db42251d675da83286b1cce702) (ScriptedImporter) -> (artifact id: 'e85580027680e3692c8a3c1a6f1cc73b') in 0.011255 seconds
Number of updated asset objects reloaded before import = 0Number of asset objects unloaded after import = 14

========================================================================
Received Import Request.
  Time since last request: 0.000012 seconds.
  path: Assets/CrowAssets/Assets/Low Poly Stylized Food/Textures/Mustard/Mustard_rough.png
  artifactKey: Guid(1841b42e7444cd64cb6410b82ffefb00) Importer(2089858483,192608db42251d675da83286b1cce702)
Start importing Assets/CrowAssets/Assets/Low Poly Stylized Food/Textures/Mustard/Mustard_rough.png using Guid(1841b42e7444cd64cb6410b82ffefb00) Importer(2089858483,192608db42251d675da83286b1cce702) (ScriptedImporter) -> (artifact id: 'f098b6660635cf7d401bed35aeaca28d') in 0.0159236 seconds
Number of updated asset objects reloaded before import = 0Number of asset objects unloaded after import = 1

========================================================================
Received Import Request.
  Time since last request: 0.000012 seconds.
  path: Assets/Pandazole_Ultimate_Pack/Pandazole Kitchen Food/Prefabs/Food_Mac n Cheese.prefab
  artifactKey: Guid(6b33a4246d863114f824a40d493196f0) Importer(2089858483,192608db42251d675da83286b1cce702)
Start importing Assets/Pandazole_Ultimate_Pack/Pandazole Kitchen Food/Prefabs/Food_Mac n Cheese.prefab using Guid(6b33a4246d863114f824a40d493196f0) Importer(2089858483,192608db42251d675da83286b1cce702) (ScriptedImporter) -> (artifact id: '4fb67bbe5d83d09c906be2565020cf95') in 0.0134733 seconds
Number of updated asset objects reloaded before import = 0Number of asset objects unloaded after import = 9

========================================================================
Received Import Request.
  Time since last request: 0.000012 seconds.
  path: Assets/CrowAssets/Assets/Low Poly Stylized Food/Meshes/Sardines.fbx
  artifactKey: Guid(4b929470982d4844cbf68c8c3e2c2c14) Importer(2089858483,192608db42251d675da83286b1cce702)
Start importing Assets/CrowAssets/Assets/Low Poly Stylized Food/Meshes/Sardines.fbx using Guid(4b929470982d4844cbf68c8c3e2c2c14) Importer(2089858483,192608db42251d675da83286b1cce702) (ScriptedImporter) -> (artifact id: '2fd4f63f947e9d7cc708b0786bf180c3') in 0.0201824 seconds
Number of updated asset objects reloaded before import = 0Number of asset objects unloaded after import = 12

========================================================================
Received Import Request.
  Time since last request: 0.000011 seconds.
  path: Assets/CrowAssets/Assets/Low Poly Stylized Food/HDRP/Materials/Plane.mat
  artifactKey: Guid(d0f0b3bd89a3ae1478798b7a90f765d9) Importer(2089858483,192608db42251d675da83286b1cce702)
Start importing Assets/CrowAssets/Assets/Low Poly Stylized Food/HDRP/Materials/Plane.mat using Guid(d0f0b3bd89a3ae1478798b7a90f765d9) Importer(2089858483,192608db42251d675da83286b1cce702) (ScriptedImporter) -> (artifact id: '601ab90c385dedf65bbaccb6bbe4a2c2') in 0.0106763 seconds
Number of updated asset objects reloaded before import = 0Number of asset objects unloaded after import = 1

========================================================================
Received Import Request.
  Time since last request: 0.000011 seconds.
  path: Assets/MinimalistBedroom/Textures/Wood/WoodFine_1k/Materials/WoodFine_baseColour_1k.mat
  artifactKey: Guid(2f0c4733eabba814cba45225211e358b) Importer(2089858483,192608db42251d675da83286b1cce702)
Start importing Assets/MinimalistBedroom/Textures/Wood/WoodFine_1k/Materials/WoodFine_baseColour_1k.mat using Guid(2f0c4733eabba814cba45225211e358b) Importer(2089858483,192608db42251d675da83286b1cce702) (ScriptedImporter) -> (artifact id: '7075552013b7d78aa9299be9b190d4ba') in 0.0110463 seconds
Number of updated asset objects reloaded before import = 0Number of asset objects unloaded after import = 2

========================================================================
Received Import Request.
  Time since last request: 0.000011 seconds.
  path: Assets/MinimalistBedroom/Textures/Misc/StandardTexture_1k/Materials/TextureComposition_Packed_BaseColour_01.mat
  artifactKey: Guid(838619bbe7f59c1408fbcd263fc0b7b4) Importer(2089858483,192608db42251d675da83286b1cce702)
Start importing Assets/MinimalistBedroom/Textures/Misc/StandardTexture_1k/Materials/TextureComposition_Packed_BaseColour_01.mat using Guid(838619bbe7f59c1408fbcd263fc0b7b4) Importer(2089858483,192608db42251d675da83286b1cce702) (ScriptedImporter) -> (artifact id: '36b2abcf98d4a3327465022c7df25658') in 0.0125336 seconds
Number of updated asset objects reloaded before import = 0Number of asset objects unloaded after import = 2

========================================================================
Received Import Request.
  Time since last request: 0.000014 seconds.
  path: Assets/Furniture Mega Pack/Textures/Sofas/Sofa30/Sofa30_mat_Sofa30_Normal.png
  artifactKey: Guid(46d27fb9b1a4012478161d51e75ba469) Importer(2089858483,192608db42251d675da83286b1cce702)
Start importing Assets/Furniture Mega Pack/Textures/Sofas/Sofa30/Sofa30_mat_Sofa30_Normal.png using Guid(46d27fb9b1a4012478161d51e75ba469) Importer(2089858483,192608db42251d675da83286b1cce702) (ScriptedImporter) -> (artifact id: '3616669478b4bc44fdc5cafeeed025e9') in 0.0177904 seconds
Number of updated asset objects reloaded before import = 0Number of asset objects unloaded after import = 1

========================================================================
Received Import Request.
  Time since last request: 0.000021 seconds.
  path: Assets/Pandazole_Ultimate_Pack/Pandazole Kitchen Food/Prefabs/Prop_Oven_02.prefab
  artifactKey: Guid(aefe25543bc466e43862b879325dda2f) Importer(2089858483,192608db42251d675da83286b1cce702)
Start importing Assets/Pandazole_Ultimate_Pack/Pandazole Kitchen Food/Prefabs/Prop_Oven_02.prefab using Guid(aefe25543bc466e43862b879325dda2f) Importer(2089858483,192608db42251d675da83286b1cce702) (ScriptedImporter) -> (artifact id: 'c5075694c09898b4f29239bfc0ce9024') in 0.0181474 seconds
Number of updated asset objects reloaded before import = 0Number of asset objects unloaded after import = 14

========================================================================
Received Import Request.
  Time since last request: 0.000012 seconds.
  path: Assets/CrowAssets/Assets/Low Poly Stylized Food/URP/Materials/White Egg.mat
  artifactKey: Guid(c455a58a0d3920a4c8c4cbab402d2ccc) Importer(2089858483,192608db42251d675da83286b1cce702)
Start importing Assets/CrowAssets/Assets/Low Poly Stylized Food/URP/Materials/White Egg.mat using Guid(c455a58a0d3920a4c8c4cbab402d2ccc) Importer(2089858483,192608db42251d675da83286b1cce702) (ScriptedImporter) -> (artifact id: '187057732885952f022cc1fdc8e783a3') in 0.0122331 seconds
Number of updated asset objects reloaded before import = 0Number of asset objects unloaded after import = 3

========================================================================
Received Import Request.
  Time since last request: 0.000010 seconds.
  path: Assets/Pandazole_Ultimate_Pack/Pandazole Kitchen Food/Prefabs/Food_Chopped Lettuce.prefab
  artifactKey: Guid(a39885acf60cabb49ae5f1ed9464e7b9) Importer(2089858483,192608db42251d675da83286b1cce702)
Start importing Assets/Pandazole_Ultimate_Pack/Pandazole Kitchen Food/Prefabs/Food_Chopped Lettuce.prefab using Guid(a39885acf60cabb49ae5f1ed9464e7b9) Importer(2089858483,192608db42251d675da83286b1cce702) (ScriptedImporter) -> (artifact id: 'eb594a47bc4e1948f2938d344aaf438c') in 0.0158715 seconds
Number of updated asset objects reloaded before import = 0Number of asset objects unloaded after import = 9

========================================================================
Received Import Request.
  Time since last request: 0.000011 seconds.
  path: Assets/Furniture Mega Pack/Prefabs/Cushioins/Cushion38.prefab
  artifactKey: Guid(d2819fcf6b48ddd42854b5fa468d13b0) Importer(2089858483,192608db42251d675da83286b1cce702)
Start importing Assets/Furniture Mega Pack/Prefabs/Cushioins/Cushion38.prefab using Guid(d2819fcf6b48ddd42854b5fa468d13b0) Importer(2089858483,192608db42251d675da83286b1cce702) (ScriptedImporter) -> (artifact id: 'abd5f9c41940c7733e03c5b505a5e0d2') in 0.0229855 seconds
Number of updated asset objects reloaded before import = 0Number of asset objects unloaded after import = 9

========================================================================
Received Import Request.
  Time since last request: 0.000013 seconds.
  path: Assets/Pandazole_Ultimate_Pack/Pandazole Kitchen Food/Models/Food_Mac n Cheese with brocoli.fbx
  artifactKey: Guid(0e3637e9447ae2b489f767c88ac5811b) Importer(2089858483,192608db42251d675da83286b1cce702)
Start importing Assets/Pandazole_Ultimate_Pack/Pandazole Kitchen Food/Models/Food_Mac n Cheese with brocoli.fbx using Guid(0e3637e9447ae2b489f767c88ac5811b) Importer(2089858483,192608db42251d675da83286b1cce702) (ScriptedImporter) -> (artifact id: '2876388332d5938a83ed77b4af72255c') in 0.0178267 seconds
Number of updated asset objects reloaded before import = 0Number of asset objects unloaded after import = 8

========================================================================
Received Import Request.
  Time since last request: 0.000012 seconds.
  path: Assets/Furniture Mega Pack/FBX/Bathroom/ShowerSystem05.fbx
  artifactKey: Guid(6ccaffae44b091c49b08471dd82f43f1) Importer(2089858483,192608db42251d675da83286b1cce702)
Start importing Assets/Furniture Mega Pack/FBX/Bathroom/ShowerSystem05.fbx using Guid(6ccaffae44b091c49b08471dd82f43f1) Importer(2089858483,192608db42251d675da83286b1cce702) (ScriptedImporter) -> (artifact id: '2976278b175fdbe71af7a1e6c5e1295c') in 0.0233627 seconds
Number of updated asset objects reloaded before import = 0Number of asset objects unloaded after import = 20

========================================================================
Received Import Request.
  Time since last request: 0.000013 seconds.
  path: Assets/CrowAssets/Assets/Low Poly Stylized Food/URP/Prefabs/Jelly.prefab
  artifactKey: Guid(b969e23f4b6fd1146aa55eb0954b8166) Importer(2089858483,192608db42251d675da83286b1cce702)
Start importing Assets/CrowAssets/Assets/Low Poly Stylized Food/URP/Prefabs/Jelly.prefab using Guid(b969e23f4b6fd1146aa55eb0954b8166) Importer(2089858483,192608db42251d675da83286b1cce702) (ScriptedImporter) -> (artifact id: '07808003d624be1c10b8f964a84fd871') in 0.0087892 seconds
Number of updated asset objects reloaded before import = 0Number of asset objects unloaded after import = 14

========================================================================
Received Import Request.
  Time since last request: 0.000019 seconds.
  path: Assets/Pandazole_Ultimate_Pack/Pandazole Kitchen Food/Models/Prop_Plate_01.fbx
  artifactKey: Guid(7cc13f9ac2e060c4a961313f389e8329) Importer(2089858483,192608db42251d675da83286b1cce702)
Start importing Assets/Pandazole_Ultimate_Pack/Pandazole Kitchen Food/Models/Prop_Plate_01.fbx using Guid(7cc13f9ac2e060c4a961313f389e8329) Importer(2089858483,192608db42251d675da83286b1cce702) (ScriptedImporter) -> (artifact id: '1ea9181adb59ce10c9d21f2ef0358589') in 0.0195227 seconds
Number of updated asset objects reloaded before import = 0Number of asset objects unloaded after import = 8

========================================================================
Received Import Request.
  Time since last request: 0.000014 seconds.
  path: Assets/Furniture Mega Pack/Materials/Table/mat_Table10.mat
  artifactKey: Guid(67b53f6828b49b3488423601fb7e8868) Importer(2089858483,192608db42251d675da83286b1cce702)
Start importing Assets/Furniture Mega Pack/Materials/Table/mat_Table10.mat using Guid(67b53f6828b49b3488423601fb7e8868) Importer(2089858483,192608db42251d675da83286b1cce702) (ScriptedImporter) -> (artifact id: '5a0f92b95031e032a0bdcfe5c7d0d92b') in 0.0179597 seconds
Number of updated asset objects reloaded before import = 0Number of asset objects unloaded after import = 4

========================================================================
Received Import Request.
  Time since last request: 0.000011 seconds.
  path: Assets/Furniture Mega Pack/FBX/Kitchen/Refrigerator01.fbx
  artifactKey: Guid(28df9e21d343ed84ea65c1ef09afb199) Importer(2089858483,192608db42251d675da83286b1cce702)
Start importing Assets/Furniture Mega Pack/FBX/Kitchen/Refrigerator01.fbx using Guid(28df9e21d343ed84ea65c1ef09afb199) Importer(2089858483,192608db42251d675da83286b1cce702) (ScriptedImporter) -> (artifact id: '9ba2bc7de55beaa24039a15a1136fa19') in 0.0295437 seconds
Number of updated asset objects reloaded before import = 0Number of asset objects unloaded after import = 20

========================================================================
Received Import Request.
  Time since last request: 0.000011 seconds.
  path: Assets/Furniture Mega Pack/Textures/Tables/Table42/Table42_mat_Table42_AlbedoTransparency.png
  artifactKey: Guid(ca4fefb5b9a0a5a41b58a72ed0a91fac) Importer(2089858483,192608db42251d675da83286b1cce702)
Start importing Assets/Furniture Mega Pack/Textures/Tables/Table42/Table42_mat_Table42_AlbedoTransparency.png using Guid(ca4fefb5b9a0a5a41b58a72ed0a91fac) Importer(2089858483,192608db42251d675da83286b1cce702) (ScriptedImporter) -> (artifact id: '1bc218d86dd90e6736ae91b352df0287') in 0.0153872 seconds
Number of updated asset objects reloaded before import = 0Number of asset objects unloaded after import = 1

========================================================================
Received Import Request.
  Time since last request: 0.000011 seconds.
  path: Assets/Pandazole_Ultimate_Pack/Pandazole Kitchen Food/Prefabs/Prop_Pot_04.prefab
  artifactKey: Guid(772b12e3998be144eb54ea25ab1e1884) Importer(2089858483,192608db42251d675da83286b1cce702)
Start importing Assets/Pandazole_Ultimate_Pack/Pandazole Kitchen Food/Prefabs/Prop_Pot_04.prefab using Guid(772b12e3998be144eb54ea25ab1e1884) Importer(2089858483,192608db42251d675da83286b1cce702) (ScriptedImporter) -> (artifact id: '5cbdb9fbad5d4e452e2de4f762a96d6b') in 0.0155989 seconds
Number of updated asset objects reloaded before import = 0Number of asset objects unloaded after import = 9

========================================================================
Received Import Request.
  Time since last request: 0.000014 seconds.
  path: Assets/Furniture Mega Pack/Textures/Chairs/Chair10
  artifactKey: Guid(0845c624e26e7704f97e5ffa218d25ea) Importer(2089858483,192608db42251d675da83286b1cce702)
Start importing Assets/Furniture Mega Pack/Textures/Chairs/Chair10 using Guid(0845c624e26e7704f97e5ffa218d25ea) Importer(2089858483,192608db42251d675da83286b1cce702) (ScriptedImporter) -> (artifact id: '576fa77bb179b9956c168b1b19d9fe37') in 0.0099107 seconds
Number of updated asset objects reloaded before import = 0Number of asset objects unloaded after import = 1

========================================================================
Received Import Request.
  Time since last request: 0.000014 seconds.
  path: Assets/Pandazole_Ultimate_Pack/Pandazole Kitchen Food/Prefabs/Food_Meet.prefab
  artifactKey: Guid(78aa69274795dd6458edadb8e3efe5c3) Importer(2089858483,192608db42251d675da83286b1cce702)
Start importing Assets/Pandazole_Ultimate_Pack/Pandazole Kitchen Food/Prefabs/Food_Meet.prefab using Guid(78aa69274795dd6458edadb8e3efe5c3) Importer(2089858483,192608db42251d675da83286b1cce702) (ScriptedImporter) -> (artifact id: 'a5722b9b1c8cdde23d04f4b41a2d3aa4') in 0.0166107 seconds
Number of updated asset objects reloaded before import = 0Number of asset objects unloaded after import = 9

========================================================================
Received Import Request.
  Time since last request: 0.000019 seconds.
  path: Assets/Furniture Mega Pack/Prefabs/Cushioins/Cushion20.prefab
  artifactKey: Guid(bd94a554fd7793b478add23a579d7061) Importer(2089858483,192608db42251d675da83286b1cce702)
Start importing Assets/Furniture Mega Pack/Prefabs/Cushioins/Cushion20.prefab using Guid(bd94a554fd7793b478add23a579d7061) Importer(2089858483,192608db42251d675da83286b1cce702) (ScriptedImporter) -> (artifact id: '1d0cd64cc9d1e95cd9424743de7bf5d6') in 0.0209095 seconds
Number of updated asset objects reloaded before import = 0Number of asset objects unloaded after import = 9

========================================================================
Received Import Request.
  Time since last request: 0.000011 seconds.
  path: Assets/pumpkin monster/Materials/matBody_Mixed_AO.mat
  artifactKey: Guid(f22abb39113245e468e84909753e3b96) Importer(2089858483,192608db42251d675da83286b1cce702)
Start importing Assets/pumpkin monster/Materials/matBody_Mixed_AO.mat using Guid(f22abb39113245e468e84909753e3b96) Importer(2089858483,192608db42251d675da83286b1cce702) (ScriptedImporter) -> (artifact id: '48e1ccf2ef09f15ba804888fa42bd2c1') in 0.0156045 seconds
Number of updated asset objects reloaded before import = 0Number of asset objects unloaded after import = 2

========================================================================
Received Import Request.
  Time since last request: 0.000010 seconds.
  path: Assets/Furniture Mega Pack/Textures/Tables/Table18/Table18_mat_Table18_Normal.png
  artifactKey: Guid(a1fe4b8134301964db7b4fc2911dfc52) Importer(2089858483,192608db42251d675da83286b1cce702)
Start importing Assets/Furniture Mega Pack/Textures/Tables/Table18/Table18_mat_Table18_Normal.png using Guid(a1fe4b8134301964db7b4fc2911dfc52) Importer(2089858483,192608db42251d675da83286b1cce702) (ScriptedImporter) -> (artifact id: '9b4fa3195f756d0c9acecb55ceace1f9') in 0.0198264 seconds
Number of updated asset objects reloaded before import = 0Number of asset objects unloaded after import = 1

========================================================================
Received Import Request.
  Time since last request: 0.000013 seconds.
  path: Assets/Furniture Mega Pack/Prefabs/Cushioins/Cushion09.prefab
  artifactKey: Guid(556165b0392f6c1428b4f37b8b4f071f) Importer(2089858483,192608db42251d675da83286b1cce702)
Start importing Assets/Furniture Mega Pack/Prefabs/Cushioins/Cushion09.prefab using Guid(556165b0392f6c1428b4f37b8b4f071f) Importer(2089858483,192608db42251d675da83286b1cce702) (ScriptedImporter) -> (artifact id: '0bc8c407bb46640ff18071c92952720d') in 0.0204056 seconds
Number of updated asset objects reloaded before import = 0Number of asset objects unloaded after import = 9

========================================================================
Received Import Request.
  Time since last request: 0.000011 seconds.
  path: Assets/Furniture Mega Pack/Prefabs/Tables/Table03.prefab
  artifactKey: Guid(f08d616e0079da0449e594c2a2d79b50) Importer(2089858483,192608db42251d675da83286b1cce702)
Start importing Assets/Furniture Mega Pack/Prefabs/Tables/Table03.prefab using Guid(f08d616e0079da0449e594c2a2d79b50) Importer(2089858483,192608db42251d675da83286b1cce702) (ScriptedImporter) -> (artifact id: '87476f473dfea71cdb8984e6047987ab') in 0.0194764 seconds
Number of updated asset objects reloaded before import = 0Number of asset objects unloaded after import = 9

========================================================================
Received Import Request.
  Time since last request: 0.000012 seconds.
  path: Assets/Pandazole_Ultimate_Pack/Pandazole Kitchen Food/Prefabs/Prop_Cup_03_Cover.prefab
  artifactKey: Guid(9e0cfa51b9e7cae4a9826ba55aabb786) Importer(2089858483,192608db42251d675da83286b1cce702)
Start importing Assets/Pandazole_Ultimate_Pack/Pandazole Kitchen Food/Prefabs/Prop_Cup_03_Cover.prefab using Guid(9e0cfa51b9e7cae4a9826ba55aabb786) Importer(2089858483,192608db42251d675da83286b1cce702) (ScriptedImporter) -> (artifact id: '02586fc43efb6dd6dff5273c4e17bec3') in 0.014421 seconds
Number of updated asset objects reloaded before import = 0Number of asset objects unloaded after import = 9

========================================================================
Received Import Request.
  Time since last request: 0.000013 seconds.
  path: Assets/Furniture Mega Pack/Prefabs/Cushioins/Cushion10.prefab
  artifactKey: Guid(baec48f2143332a429fc8bbd665dec5a) Importer(2089858483,192608db42251d675da83286b1cce702)
Start importing Assets/Furniture Mega Pack/Prefabs/Cushioins/Cushion10.prefab using Guid(baec48f2143332a429fc8bbd665dec5a) Importer(2089858483,192608db42251d675da83286b1cce702) (ScriptedImporter) -> (artifact id: 'ac39918e03b767727c5b2b371504c0c9') in 0.0199783 seconds
Number of updated asset objects reloaded before import = 0Number of asset objects unloaded after import = 9

========================================================================
Received Import Request.
  Time since last request: 0.000018 seconds.
  path: Assets/Furniture Mega Pack/Textures/Tables/Table44/Table44_mat_Table44_AlbedoTransparency.png
  artifactKey: Guid(77504e8653de12d4c9765101137ffa03) Importer(2089858483,192608db42251d675da83286b1cce702)
Start importing Assets/Furniture Mega Pack/Textures/Tables/Table44/Table44_mat_Table44_AlbedoTransparency.png using Guid(77504e8653de12d4c9765101137ffa03) Importer(2089858483,192608db42251d675da83286b1cce702) (ScriptedImporter) -> (artifact id: '43ac68c0505608cd473d0f7d9c7e3429') in 0.0203243 seconds
Number of updated asset objects reloaded before import = 0Number of asset objects unloaded after import = 1

========================================================================
Received Import Request.
  Time since last request: 0.000012 seconds.
  path: Assets/Furniture Mega Pack/Materials/Table/mat_Table36.mat
  artifactKey: Guid(cb1624f30c195644eaaeb69dddc40457) Importer(2089858483,192608db42251d675da83286b1cce702)
Start importing Assets/Furniture Mega Pack/Materials/Table/mat_Table36.mat using Guid(cb1624f30c195644eaaeb69dddc40457) Importer(2089858483,192608db42251d675da83286b1cce702) (ScriptedImporter) -> (artifact id: 'b45ce9127a65b1cf33ee091a9d9de614') in 0.014385 seconds
Number of updated asset objects reloaded before import = 0Number of asset objects unloaded after import = 4

========================================================================
Received Import Request.
  Time since last request: 0.000012 seconds.
  path: Assets/Furniture Mega Pack/Textures/Tables/Table07/Table07_mat_Table07_MetallicSmoothness.png
  artifactKey: Guid(200a74ca08eb1ae41b23d311f8827a99) Importer(2089858483,192608db42251d675da83286b1cce702)
Start importing Assets/Furniture Mega Pack/Textures/Tables/Table07/Table07_mat_Table07_MetallicSmoothness.png using Guid(200a74ca08eb1ae41b23d311f8827a99) Importer(2089858483,192608db42251d675da83286b1cce702) (ScriptedImporter) -> (artifact id: 'ea42b21c0ecef8d90cd911540864a5d2') in 0.019371 seconds
Number of updated asset objects reloaded before import = 0Number of asset objects unloaded after import = 1

========================================================================
Received Import Request.
  Time since last request: 0.000012 seconds.
  path: Assets/Furniture Mega Pack/Prefabs/Bathroom/Toilet01.prefab
  artifactKey: Guid(1d390164e4255da4fa728389b4f1f14e) Importer(2089858483,192608db42251d675da83286b1cce702)
Start importing Assets/Furniture Mega Pack/Prefabs/Bathroom/Toilet01.prefab using Guid(1d390164e4255da4fa728389b4f1f14e) Importer(2089858483,192608db42251d675da83286b1cce702) (ScriptedImporter) -> (artifact id: '315e184ea36623ebb651e7b136cb73a2') in 0.0192684 seconds
Number of updated asset objects reloaded before import = 0Number of asset objects unloaded after import = 24

========================================================================
Received Import Request.
  Time since last request: 0.000013 seconds.
  path: Assets/Furniture Mega Pack/Materials/Chair/mat_Chair10.mat
  artifactKey: Guid(2a348290756d381428e18250bbd9c98b) Importer(2089858483,192608db42251d675da83286b1cce702)
Start importing Assets/Furniture Mega Pack/Materials/Chair/mat_Chair10.mat using Guid(2a348290756d381428e18250bbd9c98b) Importer(2089858483,192608db42251d675da83286b1cce702) (ScriptedImporter) -> (artifact id: 'b0b2389527b71adf717728320f984b09') in 0.0178291 seconds
Number of updated asset objects reloaded before import = 0Number of asset objects unloaded after import = 4

========================================================================
Received Import Request.
  Time since last request: 0.000011 seconds.
  path: Assets/Furniture Mega Pack/Prefabs/Beds/Bed41.prefab
  artifactKey: Guid(58b7cf931723a144fa16dde74aef65d1) Importer(2089858483,192608db42251d675da83286b1cce702)
Start importing Assets/Furniture Mega Pack/Prefabs/Beds/Bed41.prefab using Guid(58b7cf931723a144fa16dde74aef65d1) Importer(2089858483,192608db42251d675da83286b1cce702) (ScriptedImporter) -> (artifact id: '5a17c0367d535807a164deb4f2c349dd') in 0.0210909 seconds
Number of updated asset objects reloaded before import = 0Number of asset objects unloaded after import = 9

========================================================================
Received Import Request.
  Time since last request: 0.000012 seconds.
  path: Assets/Furniture Mega Pack/Prefabs/Cushioins/Cushion04.prefab
  artifactKey: Guid(f465d0e9cea861746acdcb198879b0ad) Importer(2089858483,192608db42251d675da83286b1cce702)
Start importing Assets/Furniture Mega Pack/Prefabs/Cushioins/Cushion04.prefab using Guid(f465d0e9cea861746acdcb198879b0ad) Importer(2089858483,192608db42251d675da83286b1cce702) (ScriptedImporter) -> (artifact id: 'e78479523894f9cace93305ca2c89513') in 0.0194783 seconds
Number of updated asset objects reloaded before import = 0Number of asset objects unloaded after import = 9

========================================================================
Received Import Request.
  Time since last request: 10.378575 seconds.
  path: Assets/Settings/Very High_PipelineAsset_ForwardRenderer.asset
  artifactKey: Guid(47097498bb668bb45912a081231305ca) Importer(2089858483,192608db42251d675da83286b1cce702)
Start importing Assets/Settings/Very High_PipelineAsset_ForwardRenderer.asset using Guid(47097498bb668bb45912a081231305ca) Importer(2089858483,192608db42251d675da83286b1cce702) (ScriptedImporter) -> (artifact id: 'b00ebbd8ca09b6b8a9730ea7002f769f') in 0.0460731 seconds
Number of updated asset objects reloaded before import = 0Number of asset objects unloaded after import = 2

========================================================================
Received Import Request.
  Time since last request: 0.000012 seconds.
  path: Assets/Samples/XR Hands/1.6.1/HandVisualizer/Prefabs/VelocityPrefab.prefab
  artifactKey: Guid(629fd7882ec6bfc499a5fcf20035282b) Importer(2089858483,192608db42251d675da83286b1cce702)
Start importing Assets/Samples/XR Hands/1.6.1/HandVisualizer/Prefabs/VelocityPrefab.prefab using Guid(629fd7882ec6bfc499a5fcf20035282b) Importer(2089858483,192608db42251d675da83286b1cce702) (ScriptedImporter) -> (artifact id: 'b0760c67e3c42c169d4295f6f91d2146') in 0.0182642 seconds
Number of updated asset objects reloaded before import = 0Number of asset objects unloaded after import = 5

========================================================================
Received Import Request.
  Time since last request: 0.000012 seconds.
  path: Assets/nappin/OfficeEssentialsPack/Materials/(Mat)Glass.mat
  artifactKey: Guid(a3a530523bec0cc41aed4f3a4d9da936) Importer(2089858483,192608db42251d675da83286b1cce702)
Start importing Assets/nappin/OfficeEssentialsPack/Materials/(Mat)Glass.mat using Guid(a3a530523bec0cc41aed4f3a4d9da936) Importer(2089858483,192608db42251d675da83286b1cce702) (ScriptedImporter) -> (artifact id: '8c676ba0d2277887e058582d91abd5bf') in 0.0120126 seconds
Number of updated asset objects reloaded before import = 0Number of asset objects unloaded after import = 1

========================================================================
Received Import Request.
  Time since last request: 0.000012 seconds.
  path: Assets/Samples/XR Interaction Toolkit/3.2.1/Hands Interaction Demo/HandsDemoSceneAssets/Prefabs/UI/ScrollHandMenu.prefab
  artifactKey: Guid(30194602712a0eb4980318e2379d1bb8) Importer(2089858483,192608db42251d675da83286b1cce702)
Start importing Assets/Samples/XR Interaction Toolkit/3.2.1/Hands Interaction Demo/HandsDemoSceneAssets/Prefabs/UI/ScrollHandMenu.prefab using Guid(30194602712a0eb4980318e2379d1bb8) Importer(2089858483,192608db42251d675da83286b1cce702) (ScriptedImporter) -> (artifact id: 'ac092b48255073a7b5cfb3bebe1412f1') in 0.0318209 seconds
Number of updated asset objects reloaded before import = 0Number of asset objects unloaded after import = 243

========================================================================
Received Import Request.
  Time since last request: 0.000016 seconds.
  path: Assets/nappin/OfficeEssentialsPack/Materials/(Mat)GradientOrange.mat
  artifactKey: Guid(fb698345bbbc4d74ba2ca7b2bb59eb9d) Importer(2089858483,192608db42251d675da83286b1cce702)
Start importing Assets/nappin/OfficeEssentialsPack/Materials/(Mat)GradientOrange.mat using Guid(fb698345bbbc4d74ba2ca7b2bb59eb9d) Importer(2089858483,192608db42251d675da83286b1cce702) (ScriptedImporter) -> (artifact id: '4d27652206f1194f5a22beedf8b3fb43') in 0.0139378 seconds
Number of updated asset objects reloaded before import = 0Number of asset objects unloaded after import = 2

========================================================================
Received Import Request.
  Time since last request: 0.000024 seconds.
  path: Assets/nappin/OfficeEssentialsPack/Materials/(Mat)GradientBeige.mat
  artifactKey: Guid(eb0f168ce60c9424896bd8c33ac3f2c9) Importer(2089858483,192608db42251d675da83286b1cce702)
Start importing Assets/nappin/OfficeEssentialsPack/Materials/(Mat)GradientBeige.mat using Guid(eb0f168ce60c9424896bd8c33ac3f2c9) Importer(2089858483,192608db42251d675da83286b1cce702) (ScriptedImporter) -> (artifact id: '67ea0bd5b5969abc895d1481349c2275') in 0.0175396 seconds
Number of updated asset objects reloaded before import = 0Number of asset objects unloaded after import = 2

========================================================================
Received Import Request.
  Time since last request: 0.000022 seconds.
  path: Assets/Samples/XR Interaction Toolkit/3.2.1/Hands Interaction Demo/HandsDemoSceneAssets/Prefabs/UI/ButtonHandMenu.prefab
  artifactKey: Guid(e2698219e3231e94c8765d49b9dd5cff) Importer(2089858483,192608db42251d675da83286b1cce702)
Start importing Assets/Samples/XR Interaction Toolkit/3.2.1/Hands Interaction Demo/HandsDemoSceneAssets/Prefabs/UI/ButtonHandMenu.prefab using Guid(e2698219e3231e94c8765d49b9dd5cff) Importer(2089858483,192608db42251d675da83286b1cce702) (ScriptedImporter) -> (artifact id: '57739b7ca430cecd86259d8783d8da9b') in 0.0241565 seconds
Number of updated asset objects reloaded before import = 0Number of asset objects unloaded after import = 272

========================================================================
Received Import Request.
  Time since last request: 0.000012 seconds.
  path: Assets/nappin/OfficeEssentialsPack/Materials/(Mat)GradientBlue.mat
  artifactKey: Guid(35261150e5398c0439d6fd7481f62b62) Importer(2089858483,192608db42251d675da83286b1cce702)
Start importing Assets/nappin/OfficeEssentialsPack/Materials/(Mat)GradientBlue.mat using Guid(35261150e5398c0439d6fd7481f62b62) Importer(2089858483,192608db42251d675da83286b1cce702) (ScriptedImporter) -> (artifact id: 'b525061334c4b3d5a3ea75513ed5b300') in 0.0135687 seconds
Number of updated asset objects reloaded before import = 0Number of asset objects unloaded after import = 2

========================================================================
Received Import Request.
  Time since last request: 0.000010 seconds.
  path: Assets/Samples/XR Interaction Toolkit/3.2.1/Starter Assets/DemoSceneAssets/Prefabs/Poke Interactions Sample.prefab
  artifactKey: Guid(88246f8e9c3765d49be8da34eca3c630) Importer(2089858483,192608db42251d675da83286b1cce702)
Start importing Assets/Samples/XR Interaction Toolkit/3.2.1/Starter Assets/DemoSceneAssets/Prefabs/Poke Interactions Sample.prefab using Guid(88246f8e9c3765d49be8da34eca3c630) Importer(2089858483,192608db42251d675da83286b1cce702) (ScriptedImporter) -> (artifact id: '5cd5861e898ff563a00d57e1dd2039d2') in 0.0216266 seconds
Number of updated asset objects reloaded before import = 0Number of asset objects unloaded after import = 108

========================================================================
Received Import Request.
  Time since last request: 0.000013 seconds.
  path: Assets/nappin/OfficeEssentialsPack/Materials/(Mat)MetallicBlack.mat
  artifactKey: Guid(31e87d42f3ffa2546b1f527e7a0a4b9d) Importer(2089858483,192608db42251d675da83286b1cce702)
Start importing Assets/nappin/OfficeEssentialsPack/Materials/(Mat)MetallicBlack.mat using Guid(31e87d42f3ffa2546b1f527e7a0a4b9d) Importer(2089858483,192608db42251d675da83286b1cce702) (ScriptedImporter) -> (artifact id: '2f9b9c81e21c954d46f5dfb52de9add7') in 0.0138151 seconds
Number of updated asset objects reloaded before import = 0Number of asset objects unloaded after import = 1

========================================================================
Received Import Request.
  Time since last request: 0.000013 seconds.
  path: Assets/Samples/XR Hands/1.6.1/HandVisualizer/Prefabs/Joint.prefab
  artifactKey: Guid(254b742d65a15d14b9df756ae77de868) Importer(2089858483,192608db42251d675da83286b1cce702)
Start importing Assets/Samples/XR Hands/1.6.1/HandVisualizer/Prefabs/Joint.prefab using Guid(254b742d65a15d14b9df756ae77de868) Importer(2089858483,192608db42251d675da83286b1cce702) (ScriptedImporter) -> (artifact id: 'be32642761f7afc57c43043c2da44e57') in 0.0182362 seconds
Number of updated asset objects reloaded before import = 0Number of asset objects unloaded after import = 26

========================================================================
Received Import Request.
  Time since last request: 0.000016 seconds.
  path: Assets/Samples/XR Interaction Toolkit/3.2.1/Hands Interaction Demo/HandsDemoSceneAssets/Prefabs/UI/ScrollView.prefab
  artifactKey: Guid(cc0d6bd3aca3b5d4a986e27ce112e071) Importer(2089858483,192608db42251d675da83286b1cce702)
Start importing Assets/Samples/XR Interaction Toolkit/3.2.1/Hands Interaction Demo/HandsDemoSceneAssets/Prefabs/UI/ScrollView.prefab using Guid(cc0d6bd3aca3b5d4a986e27ce112e071) Importer(2089858483,192608db42251d675da83286b1cce702) (ScriptedImporter) -> (artifact id: 'd77d85908c4f191a85b44976969557df') in 0.028029 seconds
Number of updated asset objects reloaded before import = 0Number of asset objects unloaded after import = 191

========================================================================
Received Import Request.
  Time since last request: 0.000016 seconds.
  path: Assets/Samples/XR Interaction Toolkit/3.2.1/Hands Interaction Demo/HandsDemoSceneAssets/Prefabs/UI/ScrollViewItem.prefab
  artifactKey: Guid(6ef6ed42ad21b2e44bf9d63455bfebd9) Importer(2089858483,192608db42251d675da83286b1cce702)
Start importing Assets/Samples/XR Interaction Toolkit/3.2.1/Hands Interaction Demo/HandsDemoSceneAssets/Prefabs/UI/ScrollViewItem.prefab using Guid(6ef6ed42ad21b2e44bf9d63455bfebd9) Importer(2089858483,192608db42251d675da83286b1cce702) (ScriptedImporter) -> (artifact id: '67ffcce495b880b5d484b11977cfa396') in 0.0480752 seconds
Number of updated asset objects reloaded before import = 0Number of asset objects unloaded after import = 21

========================================================================
Received Import Request.
  Time since last request: 0.000025 seconds.
  path: Assets/Samples/XR Interaction Toolkit/3.2.1/Hands Interaction Demo/Prefabs/XR Origin Hands (XR Rig).prefab
  artifactKey: Guid(d6878e1999eb4b44a9f5a263af86c185) Importer(2089858483,192608db42251d675da83286b1cce702)
Start importing Assets/Samples/XR Interaction Toolkit/3.2.1/Hands Interaction Demo/Prefabs/XR Origin Hands (XR Rig).prefab using Guid(d6878e1999eb4b44a9f5a263af86c185) Importer(2089858483,192608db42251d675da83286b1cce702) (ScriptedImporter) -> (artifact id: '46124d6bd5c1aa9a8e86d653005e036b') in 0.0803629 seconds
Number of updated asset objects reloaded before import = 0Number of asset objects unloaded after import = 1102

Editor requested this worker to shutdown with reason: Scaling down because of idle timeout
AssetImportWorker is now disconnected from the server
Process exiting
Exiting without the bug reporter. Application will terminate with return code 0