Using pre-set license
Built from '6000.0/respin/6000.0.58f2-44b8bf3a32' branch; Version is '6000.0.58f2 (92dee566b325) revision 9625317'; Using compiler version '193933523'; Build Type 'Release'
OS: 'Windows 11  (10.0.26100) 64bit Professional' Language: 'en' Physical Memory: 65254 MB
BatchMode: 1, IsHumanControllingUs: 0, StartBugReporterOnCrash: 0, Is64bit: 1
Date: 2025-10-15T22:07:21Z

COMMAND LINE ARGUMENTS:
C:\Program Files\Unity 6000.0.58f2\Editor\Unity.exe
-adb2
-batchMode
-noUpm
-name
AssetImportWorker34
-projectPath
D:/hlt22c/Viverse
-logFile
Logs/AssetImportWorker34.log
-srvPort
62239
-job-worker-count
11
-background-job-worker-count
8
-gc-helper-count
1
-name
AssetImport
Successfully changed project path to: D:/hlt22c/Viverse
D:/hlt22c/Viverse
[UnityMemory] Configuration Parameters - Can be set up in boot.config
    "memorysetup-bucket-allocator-granularity=16"
    "memorysetup-bucket-allocator-bucket-count=8"
    "memorysetup-bucket-allocator-block-size=33554432"
    "memorysetup-bucket-allocator-block-count=8"
    "memorysetup-main-allocator-block-size=16777216"
    "memorysetup-thread-allocator-block-size=16777216"
    "memorysetup-gfx-main-allocator-block-size=16777216"
    "memorysetup-gfx-thread-allocator-block-size=16777216"
    "memorysetup-cache-allocator-block-size=4194304"
    "memorysetup-typetree-allocator-block-size=2097152"
    "memorysetup-profiler-bucket-allocator-granularity=16"
    "memorysetup-profiler-bucket-allocator-bucket-count=8"
    "memorysetup-profiler-bucket-allocator-block-size=33554432"
    "memorysetup-profiler-bucket-allocator-block-count=8"
    "memorysetup-profiler-allocator-block-size=16777216"
    "memorysetup-profiler-editor-allocator-block-size=1048576"
    "memorysetup-temp-allocator-size-main=16777216"
    "memorysetup-job-temp-allocator-block-size=2097152"
    "memorysetup-job-temp-allocator-block-size-background=1048576"
    "memorysetup-job-temp-allocator-reduction-small-platforms=262144"
    "memorysetup-allocator-temp-initial-block-size-main=262144"
    "memorysetup-allocator-temp-initial-block-size-worker=262144"
    "memorysetup-temp-allocator-size-background-worker=32768"
    "memorysetup-temp-allocator-size-job-worker=262144"
    "memorysetup-temp-allocator-size-preload-manager=33554432"
    "memorysetup-temp-allocator-size-nav-mesh-worker=65536"
    "memorysetup-temp-allocator-size-audio-worker=65536"
    "memorysetup-temp-allocator-size-cloud-worker=32768"
    "memorysetup-temp-allocator-size-gi-baking-worker=262144"
    "memorysetup-temp-allocator-size-gi-baking-worker=262144"
    "memorysetup-temp-allocator-size-gi-baking-worker=262144"
    "memorysetup-temp-allocator-size-gi-baking-worker=262144"
    "memorysetup-temp-allocator-size-gi-baking-worker=262144"
    "memorysetup-temp-allocator-size-gfx=262144"
Player connection [7780]  Target information:

Player connection [7780]  * "[IP] 192.168.50.5 [Port] 0 [Flags] 2 [Guid] 1118675275 [EditorId] 1118675275 [Version] 1048832 [Id] WindowsEditor(7,FIH-COM23a109) [Debug] 1 [PackageName] WindowsEditor [ProjectName] Editor" 

Player connection [7780] Host joined multi-casting on [225.0.0.222:54997]...
Player connection [7780] Host joined alternative multi-casting on [225.0.0.222:34997]...
JobSystem: Creating JobQueue using job-worker-count value 11
Input System module state changed to: Initialized.
[Physics::Module] Initialized fallback backend.
[Physics::Module] Id: 0xdecafbad
Library Redirect Path: Library/
[Physics::Module] Selected backend.
[Physics::Module] Name: PhysX
[Physics::Module] Id: 0xf2b8ea05
[Physics::Module] SDK Version: 4.1.2
[Physics::Module] Integration Version: 1.0.0
[Physics::Module] Threading Mode: Multi-Threaded
Refreshing native plugins compatible for Editor in 6.05 ms, found 10 plugins.
Preloading 0 native plugins for Editor in 0.00 ms.
Initialize engine version: 6000.0.58f2 (92dee566b325)
[Subsystems] Discovering subsystems at path C:/Program Files/Unity 6000.0.58f2/Editor/Data/Resources/UnitySubsystems
[Subsystems] Discovering subsystems at path D:/hlt22c/Viverse/Assets
GfxDevice: creating device client; kGfxThreadingModeNonThreaded
Direct3D:
    Version:  Direct3D 11.0 [level 11.1]
    Renderer: NVIDIA GeForce RTX 3090 (ID=0x2204)
    Vendor:   NVIDIA
    VRAM:     24326 MB
    Driver:   32.0.15.8142
Initialize mono
Mono path[0] = 'C:/Program Files/Unity 6000.0.58f2/Editor/Data/Managed'
Mono path[1] = 'C:/Program Files/Unity 6000.0.58f2/Editor/Data/MonoBleedingEdge/lib/mono/unityjit-win32'
Mono config path = 'C:/Program Files/Unity 6000.0.58f2/Editor/Data/MonoBleedingEdge/etc'
Using monoOptions --debugger-agent=transport=dt_socket,embedding=1,server=y,suspend=n,address=127.0.0.1:56624
Begin MonoManager ReloadAssembly
Registering precompiled unity dll's ...
Register platform support module: C:/Program Files/Unity 6000.0.58f2/Editor/Data/PlaybackEngines/WebGLSupport/UnityEditor.WebGL.Extensions.dll
Register platform support module: C:/Program Files/Unity 6000.0.58f2/Editor/Data/PlaybackEngines/WindowsStandaloneSupport/UnityEditor.WindowsStandalone.Extensions.dll
Register platform support module: C:/Program Files/Unity 6000.0.58f2/Editor/Data/PlaybackEngines/AndroidPlayer/UnityEditor.Android.Extensions.dll
Registered in 0.002686 seconds.
- Loaded All Assemblies, in  0.269 seconds
Native extension for Android target not found
Native extension for WindowsStandalone target not found
Native extension for WebGL target not found
Mono: successfully reloaded assembly
- Finished resetting the current domain, in  0.270 seconds
Domain Reload Profiling: 538ms
	BeginReloadAssembly (88ms)
		ExecutionOrderSort (0ms)
		DisableScriptedObjects (0ms)
		BackupInstance (0ms)
		ReleaseScriptingObjects (0ms)
		CreateAndSetChildDomain (1ms)
	RebuildCommonClasses (25ms)
	RebuildNativeTypeToScriptingClass (9ms)
	initialDomainReloadingComplete (32ms)
	LoadAllAssembliesAndSetupDomain (114ms)
		LoadAssemblies (86ms)
		RebuildTransferFunctionScriptingTraits (0ms)
		AnalyzeDomain (111ms)
			TypeCache.Refresh (110ms)
				TypeCache.ScanAssembly (100ms)
			BuildScriptInfoCaches (0ms)
			ResolveRequiredComponents (0ms)
	FinalizeReload (270ms)
		ReleaseScriptCaches (0ms)
		RebuildScriptCaches (0ms)
		SetupLoadedEditorAssemblies (237ms)
			LogAssemblyErrors (0ms)
			InitializePlatformSupportModulesInManaged (56ms)
			SetLoadedEditorAssemblies (4ms)
			BeforeProcessingInitializeOnLoad (47ms)
			ProcessInitializeOnLoadAttributes (93ms)
			ProcessInitializeOnLoadMethodAttributes (36ms)
			AfterProcessingInitializeOnLoad (0ms)
			EditorAssembliesLoaded (0ms)
		ExecutionOrderSort2 (0ms)
		AwakeInstancesAfterBackupRestoration (0ms)
========================================================================
Worker process is ready to serve import requests
Import Worker Mode flag is 0x00
Begin MonoManager ReloadAssembly
Symbol file LoadedFromMemory is not a mono symbol file
- Loaded All Assemblies, in  0.661 seconds
Refreshing native plugins compatible for Editor in 5.75 ms, found 10 plugins.
Native extension for Android target not found
Native extension for WindowsStandalone target not found
Native extension for WebGL target not found
Package Manager log level set to [2]
[Package Manager] Failed to launch server process. Reason: Unity was launched with the -noUpm command-line argument
[Package Manager] Unable to send message (not connected to server process).
[Package Manager] Cannot connect to Unity Package Manager local server
[Package Manager] Failed to launch server process. Reason: Unity was launched with the -noUpm command-line argument
[Package Manager] Unable to send message (not connected to server process).
[Package Manager] Cannot connect to Unity Package Manager local server
Trying to set shader on a Material Variant.
UnityEngine.Debug:ExtractStackTraceNoAlloc (byte*,int,string)
UnityEngine.StackTraceUtility:ExtractStackTrace ()
UnityEngine.Material:set_shader (UnityEngine.Shader)
UnityEngine.XR.Interaction.Toolkit.Samples.StarterAssets.MaterialPipelineHandler:SetPipelineShaders () (at Assets/Samples/XR Interaction Toolkit/3.2.1/Starter Assets/Scripts/MaterialPipelineHandler.cs:114)
UnityEngine.XR.Interaction.Toolkit.Samples.StarterAssets.MaterialPipelineHandler:AutoRefreshPipelineShaders () (at Assets/Samples/XR Interaction Toolkit/3.2.1/Starter Assets/Scripts/MaterialPipelineHandler.cs:81)
UnityEngine.XR.Interaction.Toolkit.Samples.StarterAssets.MaterialPipelineHandler:OnEnable () (at Assets/Samples/XR Interaction Toolkit/3.2.1/Starter Assets/Scripts/MaterialPipelineHandler.cs:74)
UnityEditor.AssetDatabase:LoadAssetAtPath (string,System.Type)
UnityEditor.AssetDatabase:LoadAssetAtPath<UnityEngine.XR.Hands.Samples.VisualizerSample.MaterialPipelineHandler> (string)
UnityEngine.XR.Hands.Samples.VisualizerSample.RenderPipelineValidation:GetAllInstances () (at Assets/Samples/XR Hands/1.6.1/HandVisualizer/Scripts/MaterialPipelineHandler.cs:28)
UnityEngine.XR.Hands.Samples.VisualizerSample.RenderPipelineValidation:.cctor () (at Assets/Samples/XR Hands/1.6.1/HandVisualizer/Scripts/MaterialPipelineHandler.cs:15)
System.Runtime.CompilerServices.RuntimeHelpers:RunClassConstructor (System.RuntimeTypeHandle)
UnityEditor.EditorAssemblies:ProcessInitializeOnLoadAttributes (System.Type[])

[Assets/Samples/XR Interaction Toolkit/3.2.1/Starter Assets/Scripts/MaterialPipelineHandler.cs line 114]

Trying to set shader on a Material Variant.
UnityEngine.Debug:ExtractStackTraceNoAlloc (byte*,int,string)
UnityEngine.StackTraceUtility:ExtractStackTrace ()
UnityEngine.Material:set_shader (UnityEngine.Shader)
UnityEngine.XR.Interaction.Toolkit.Samples.StarterAssets.MaterialPipelineHandler:SetPipelineShaders () (at Assets/Samples/XR Interaction Toolkit/3.2.1/Starter Assets/Scripts/MaterialPipelineHandler.cs:114)
UnityEngine.XR.Interaction.Toolkit.Samples.StarterAssets.MaterialPipelineHandler:AutoRefreshPipelineShaders () (at Assets/Samples/XR Interaction Toolkit/3.2.1/Starter Assets/Scripts/MaterialPipelineHandler.cs:81)
UnityEngine.XR.Interaction.Toolkit.Samples.StarterAssets.RenderPipelineValidation:.cctor () (at Assets/Samples/XR Interaction Toolkit/3.2.1/Starter Assets/Scripts/MaterialPipelineHandler.cs:16)
System.Runtime.CompilerServices.RuntimeHelpers:RunClassConstructor (System.RuntimeTypeHandle)
UnityEditor.EditorAssemblies:ProcessInitializeOnLoadAttributes (System.Type[])

[Assets/Samples/XR Interaction Toolkit/3.2.1/Starter Assets/Scripts/MaterialPipelineHandler.cs line 114]

Mono: successfully reloaded assembly
[Package Manager] Failed to launch server process. Reason: Unity was launched with the -noUpm command-line argument
[Package Manager] Unable to send message (not connected to server process).
[Package Manager] Cannot connect to Unity Package Manager local server
[Package Manager] Failed to launch server process. Reason: Unity was launched with the -noUpm command-line argument
[Package Manager] Unable to send message (not connected to server process).
[Package Manager] Cannot connect to Unity Package Manager local server
- Finished resetting the current domain, in  1.009 seconds
Domain Reload Profiling: 1667ms
	BeginReloadAssembly (118ms)
		ExecutionOrderSort (0ms)
		DisableScriptedObjects (4ms)
		BackupInstance (0ms)
		ReleaseScriptingObjects (0ms)
		CreateAndSetChildDomain (24ms)
	RebuildCommonClasses (25ms)
	RebuildNativeTypeToScriptingClass (8ms)
	initialDomainReloadingComplete (26ms)
	LoadAllAssembliesAndSetupDomain (481ms)
		LoadAssemblies (307ms)
		RebuildTransferFunctionScriptingTraits (0ms)
		AnalyzeDomain (237ms)
			TypeCache.Refresh (174ms)
				TypeCache.ScanAssembly (157ms)
			BuildScriptInfoCaches (50ms)
			ResolveRequiredComponents (10ms)
	FinalizeReload (1009ms)
		ReleaseScriptCaches (0ms)
		RebuildScriptCaches (0ms)
		SetupLoadedEditorAssemblies (892ms)
			LogAssemblyErrors (0ms)
			InitializePlatformSupportModulesInManaged (9ms)
			SetLoadedEditorAssemblies (4ms)
			BeforeProcessingInitializeOnLoad (164ms)
			ProcessInitializeOnLoadAttributes (489ms)
			ProcessInitializeOnLoadMethodAttributes (222ms)
			AfterProcessingInitializeOnLoad (3ms)
			EditorAssembliesLoaded (0ms)
		ExecutionOrderSort2 (0ms)
		AwakeInstancesAfterBackupRestoration (4ms)
WARNING: Shader Unsupported: 'Hidden/Simulation/URP/Synthetic' - All subshaders removed
WARNING: Shader Did you use #pragma only_renderers and omit this platform?
WARNING: Shader If subshaders removal was intentional, you may have forgotten turning Fallback off?
WARNING: Shader Unsupported: 'Hidden/Simulation/URP/Synthetic' - All subshaders removed
WARNING: Shader Did you use #pragma only_renderers and omit this platform?
WARNING: Shader If subshaders removal was intentional, you may have forgotten turning Fallback off?
WARNING: Shader Unsupported: 'Hidden/Simulation/Synthetic Lit' - All subshaders removed
WARNING: Shader Did you use #pragma only_renderers and omit this platform?
WARNING: Shader If subshaders removal was intentional, you may have forgotten turning Fallback off?
WARNING: Shader Unsupported: 'Hidden/Simulation/Synthetic Lit' - All subshaders removed
WARNING: Shader Did you use #pragma only_renderers and omit this platform?
WARNING: Shader If subshaders removal was intentional, you may have forgotten turning Fallback off?
WARNING: Shader Unsupported: 'Simulation/Standard Lit' - All subshaders removed
WARNING: Shader Did you use #pragma only_renderers and omit this platform?
WARNING: Shader If subshaders removal was intentional, you may have forgotten turning Fallback off?
WARNING: Shader Unsupported: 'Simulation/Standard Lit' - All subshaders removed
WARNING: Shader Did you use #pragma only_renderers and omit this platform?
WARNING: Shader If subshaders removal was intentional, you may have forgotten turning Fallback off?
WARNING: Shader Unsupported: 'Simulation/URP/Room X-Ray' - All subshaders removed
WARNING: Shader Did you use #pragma only_renderers and omit this platform?
WARNING: Shader If subshaders removal was intentional, you may have forgotten turning Fallback off?
WARNING: Shader Unsupported: 'Simulation/URP/Room X-Ray' - All subshaders removed
WARNING: Shader Did you use #pragma only_renderers and omit this platform?
WARNING: Shader If subshaders removal was intentional, you may have forgotten turning Fallback off?
WARNING: Shader Unsupported: 'Simulation/Room X-Ray' - All subshaders removed
WARNING: Shader Did you use #pragma only_renderers and omit this platform?
WARNING: Shader If subshaders removal was intentional, you may have forgotten turning Fallback off?
WARNING: Shader Unsupported: 'Simulation/Room X-Ray' - All subshaders removed
WARNING: Shader Did you use #pragma only_renderers and omit this platform?
WARNING: Shader If subshaders removal was intentional, you may have forgotten turning Fallback off?
WARNING: Shader Unsupported: 'Simulation/URP/Lit' - All subshaders removed
WARNING: Shader Did you use #pragma only_renderers and omit this platform?
WARNING: Shader If subshaders removal was intentional, you may have forgotten turning Fallback off?
WARNING: Shader Unsupported: 'Simulation/URP/Lit' - All subshaders removed
WARNING: Shader Did you use #pragma only_renderers and omit this platform?
WARNING: Shader If subshaders removal was intentional, you may have forgotten turning Fallback off?
Launched and connected shader compiler UnityShaderCompiler.exe after 0.01 seconds
Refreshing native plugins compatible for Editor in 5.57 ms, found 10 plugins.
Preloading 0 native plugins for Editor in 0.00 ms.
Unloading 57 Unused Serialized files (Serialized files now loaded: 0)
Unloading 7386 unused Assets / (12.4 MB). Loaded Objects now: 8068.
Memory consumption went from 224.9 MB to 212.5 MB.
Total: 11.069100 ms (FindLiveObjects: 0.441300 ms CreateObjectMapping: 0.273300 ms MarkObjects: 6.305000 ms  DeleteObjects: 4.048800 ms)

========================================================================
Received Import Request.
  Time since last request: 13336.364526 seconds.
  path: Assets/CrowAssets/Assets/Low Poly Stylized Food/URP/Prefabs/Jar.prefab
  artifactKey: Guid(55006af3db70bf5498faa683b33b9201) Importer(815301076,1909f56bfc062723c751e8b465ee728b)
Start importing Assets/CrowAssets/Assets/Low Poly Stylized Food/URP/Prefabs/Jar.prefab using Guid(55006af3db70bf5498faa683b33b9201) Importer(815301076,1909f56bfc062723c751e8b465ee728b) (PreviewImporter) -> (artifact id: 'f461f2752eb783d207728a7b701a4d0e') in 0.3872533 seconds
Number of updated asset objects reloaded before import = 0Number of asset objects unloaded after import = 23

========================================================================
Received Import Request.
  Time since last request: 293.478861 seconds.
  path: Assets/CrowAssets/Assets/Low Poly Stylized Food/HDRP/Prefabs
  artifactKey: Guid(d9f7b21b6123da542a1d3752b6188459) Importer(815301076,1909f56bfc062723c751e8b465ee728b)
Start importing Assets/CrowAssets/Assets/Low Poly Stylized Food/HDRP/Prefabs using Guid(d9f7b21b6123da542a1d3752b6188459) Importer(815301076,1909f56bfc062723c751e8b465ee728b) (PreviewImporter) -> (artifact id: 'de730f6f22a50400b989cf469533da37') in 0.000851 seconds
Number of updated asset objects reloaded before import = 0Number of asset objects unloaded after import = 0

========================================================================
Received Import Request.
  Time since last request: 6.929981 seconds.
  path: Assets/Samples/XR Interaction Toolkit/3.2.1/Starter Assets/Prefabs
  artifactKey: Guid(d93dd55b5e3f13549ab7e819935c2b3f) Importer(815301076,1909f56bfc062723c751e8b465ee728b)
Start importing Assets/Samples/XR Interaction Toolkit/3.2.1/Starter Assets/Prefabs using Guid(d93dd55b5e3f13549ab7e819935c2b3f) Importer(815301076,1909f56bfc062723c751e8b465ee728b) (PreviewImporter) -> (artifact id: '284431e45fc523ae9bfb9c97c8b716ad') in 0.0008103 seconds
Number of updated asset objects reloaded before import = 0Number of asset objects unloaded after import = 0

========================================================================
Received Import Request.
  Time since last request: 0.040726 seconds.
  path: Assets/Samples/XR Interaction Toolkit/3.2.1/Starter Assets/Prefabs/Permissions Manager.prefab
  artifactKey: Guid(faf53399145e13c4b992b14c97b5f4c0) Importer(815301076,1909f56bfc062723c751e8b465ee728b)
Start importing Assets/Samples/XR Interaction Toolkit/3.2.1/Starter Assets/Prefabs/Permissions Manager.prefab using Guid(faf53399145e13c4b992b14c97b5f4c0) Importer(815301076,1909f56bfc062723c751e8b465ee728b) (PreviewImporter) -> (artifact id: 'f9d27cebad0cfc6e19003e54750f63fc') in 0.0038531 seconds
Number of updated asset objects reloaded before import = 0Number of asset objects unloaded after import = 5

========================================================================
Received Import Request.
  Time since last request: 4.593837 seconds.
  path: Assets/VRTemplateAssets/Prefabs
  artifactKey: Guid(5efc164fa1be58443a419297eb912a9b) Importer(815301076,1909f56bfc062723c751e8b465ee728b)
Start importing Assets/VRTemplateAssets/Prefabs using Guid(5efc164fa1be58443a419297eb912a9b) Importer(815301076,1909f56bfc062723c751e8b465ee728b) (PreviewImporter) -> (artifact id: 'b9f9e521c8f82079347f2a65790bd725') in 0.0005829 seconds
Number of updated asset objects reloaded before import = 0Number of asset objects unloaded after import = 0

========================================================================
Received Prepare
WARNING: Shader Unsupported: 'Hidden/Simulation/URP/Synthetic' - All subshaders removed
WARNING: Shader Did you use #pragma only_renderers and omit this platform?
WARNING: Shader If subshaders removal was intentional, you may have forgotten turning Fallback off?
WARNING: Shader Unsupported: 'Hidden/Simulation/URP/Synthetic' - All subshaders removed
WARNING: Shader Did you use #pragma only_renderers and omit this platform?
WARNING: Shader If subshaders removal was intentional, you may have forgotten turning Fallback off?
WARNING: Shader Unsupported: 'Hidden/Simulation/Synthetic Lit' - All subshaders removed
WARNING: Shader Did you use #pragma only_renderers and omit this platform?
WARNING: Shader If subshaders removal was intentional, you may have forgotten turning Fallback off?
WARNING: Shader Unsupported: 'Hidden/Simulation/Synthetic Lit' - All subshaders removed
WARNING: Shader Did you use #pragma only_renderers and omit this platform?
WARNING: Shader If subshaders removal was intentional, you may have forgotten turning Fallback off?
WARNING: Shader Unsupported: 'Simulation/Standard Lit' - All subshaders removed
WARNING: Shader Did you use #pragma only_renderers and omit this platform?
WARNING: Shader If subshaders removal was intentional, you may have forgotten turning Fallback off?
WARNING: Shader Unsupported: 'Simulation/Standard Lit' - All subshaders removed
WARNING: Shader Did you use #pragma only_renderers and omit this platform?
WARNING: Shader If subshaders removal was intentional, you may have forgotten turning Fallback off?
WARNING: Shader Unsupported: 'Simulation/URP/Room X-Ray' - All subshaders removed
WARNING: Shader Did you use #pragma only_renderers and omit this platform?
WARNING: Shader If subshaders removal was intentional, you may have forgotten turning Fallback off?
WARNING: Shader Unsupported: 'Simulation/URP/Room X-Ray' - All subshaders removed
WARNING: Shader Did you use #pragma only_renderers and omit this platform?
WARNING: Shader If subshaders removal was intentional, you may have forgotten turning Fallback off?
WARNING: Shader Unsupported: 'Simulation/Room X-Ray' - All subshaders removed
WARNING: Shader Did you use #pragma only_renderers and omit this platform?
WARNING: Shader If subshaders removal was intentional, you may have forgotten turning Fallback off?
WARNING: Shader Unsupported: 'Simulation/Room X-Ray' - All subshaders removed
WARNING: Shader Did you use #pragma only_renderers and omit this platform?
WARNING: Shader If subshaders removal was intentional, you may have forgotten turning Fallback off?
WARNING: Shader Unsupported: 'Simulation/URP/Lit' - All subshaders removed
WARNING: Shader Did you use #pragma only_renderers and omit this platform?
WARNING: Shader If subshaders removal was intentional, you may have forgotten turning Fallback off?
WARNING: Shader Unsupported: 'Simulation/URP/Lit' - All subshaders removed
WARNING: Shader Did you use #pragma only_renderers and omit this platform?
WARNING: Shader If subshaders removal was intentional, you may have forgotten turning Fallback off?
Refreshing native plugins compatible for Editor in 5.14 ms, found 10 plugins.
Preloading 0 native plugins for Editor in 0.00 ms.
Unloading 58 Unused Serialized files (Serialized files now loaded: 0)
Unloading 7290 unused Assets / (11.9 MB). Loaded Objects now: 8133.
Memory consumption went from 230.6 MB to 218.8 MB.
Total: 13.662800 ms (FindLiveObjects: 0.606300 ms CreateObjectMapping: 0.438600 ms MarkObjects: 8.644500 ms  DeleteObjects: 3.972600 ms)

Prepare: number of updated asset objects reloaded= 0
========================================================================
Received Import Request.
  Time since last request: 983.223569 seconds.
  path: Assets/NewEmptyCSharpScript.cs
  artifactKey: Guid(f251d48b7cf1e5b48a62dbece033dc1f) Importer(815301076,1909f56bfc062723c751e8b465ee728b)
Start importing Assets/NewEmptyCSharpScript.cs using Guid(f251d48b7cf1e5b48a62dbece033dc1f) Importer(815301076,1909f56bfc062723c751e8b465ee728b) (PreviewImporter) -> (artifact id: '96eee0933dd27994213b6f80de4e4cdf') in 0.0077297 seconds
Number of updated asset objects reloaded before import = 0Number of asset objects unloaded after import = 0

========================================================================
Received Prepare
Begin MonoManager ReloadAssembly
Symbol file LoadedFromMemory is not a mono symbol file
- Loaded All Assemblies, in  0.749 seconds
Refreshing native plugins compatible for Editor in 6.04 ms, found 10 plugins.
Native extension for Android target not found
Native extension for WindowsStandalone target not found
Native extension for WebGL target not found
[Package Manager] Failed to launch server process. Reason: Unity was launched with the -noUpm command-line argument
[Package Manager] Unable to send message (not connected to server process).
[Package Manager] Cannot connect to Unity Package Manager local server
[Package Manager] Failed to launch server process. Reason: Unity was launched with the -noUpm command-line argument
[Package Manager] Unable to send message (not connected to server process).
[Package Manager] Cannot connect to Unity Package Manager local server
Trying to set shader on a Material Variant.
UnityEngine.Debug:ExtractStackTraceNoAlloc (byte*,int,string)
UnityEngine.StackTraceUtility:ExtractStackTrace ()
UnityEngine.Material:set_shader (UnityEngine.Shader)
UnityEngine.XR.Interaction.Toolkit.Samples.StarterAssets.MaterialPipelineHandler:SetPipelineShaders () (at Assets/Samples/XR Interaction Toolkit/3.2.1/Starter Assets/Scripts/MaterialPipelineHandler.cs:114)
UnityEngine.XR.Interaction.Toolkit.Samples.StarterAssets.MaterialPipelineHandler:AutoRefreshPipelineShaders () (at Assets/Samples/XR Interaction Toolkit/3.2.1/Starter Assets/Scripts/MaterialPipelineHandler.cs:81)
UnityEngine.XR.Interaction.Toolkit.Samples.StarterAssets.MaterialPipelineHandler:OnEnable () (at Assets/Samples/XR Interaction Toolkit/3.2.1/Starter Assets/Scripts/MaterialPipelineHandler.cs:74)
UnityEditor.AssetDatabase:LoadAssetAtPath (string,System.Type)
UnityEditor.AssetDatabase:LoadAssetAtPath<UnityEngine.XR.Hands.Samples.VisualizerSample.MaterialPipelineHandler> (string)
UnityEngine.XR.Hands.Samples.VisualizerSample.RenderPipelineValidation:GetAllInstances () (at Assets/Samples/XR Hands/1.6.1/HandVisualizer/Scripts/MaterialPipelineHandler.cs:28)
UnityEngine.XR.Hands.Samples.VisualizerSample.RenderPipelineValidation:.cctor () (at Assets/Samples/XR Hands/1.6.1/HandVisualizer/Scripts/MaterialPipelineHandler.cs:15)
System.Runtime.CompilerServices.RuntimeHelpers:RunClassConstructor (System.RuntimeTypeHandle)
UnityEditor.EditorAssemblies:ProcessInitializeOnLoadAttributes (System.Type[])

[Assets/Samples/XR Interaction Toolkit/3.2.1/Starter Assets/Scripts/MaterialPipelineHandler.cs line 114]

Trying to set shader on a Material Variant.
UnityEngine.Debug:ExtractStackTraceNoAlloc (byte*,int,string)
UnityEngine.StackTraceUtility:ExtractStackTrace ()
UnityEngine.Material:set_shader (UnityEngine.Shader)
UnityEngine.XR.Interaction.Toolkit.Samples.StarterAssets.MaterialPipelineHandler:SetPipelineShaders () (at Assets/Samples/XR Interaction Toolkit/3.2.1/Starter Assets/Scripts/MaterialPipelineHandler.cs:114)
UnityEngine.XR.Interaction.Toolkit.Samples.StarterAssets.MaterialPipelineHandler:AutoRefreshPipelineShaders () (at Assets/Samples/XR Interaction Toolkit/3.2.1/Starter Assets/Scripts/MaterialPipelineHandler.cs:81)
UnityEngine.XR.Interaction.Toolkit.Samples.StarterAssets.RenderPipelineValidation:.cctor () (at Assets/Samples/XR Interaction Toolkit/3.2.1/Starter Assets/Scripts/MaterialPipelineHandler.cs:16)
System.Runtime.CompilerServices.RuntimeHelpers:RunClassConstructor (System.RuntimeTypeHandle)
UnityEditor.EditorAssemblies:ProcessInitializeOnLoadAttributes (System.Type[])

[Assets/Samples/XR Interaction Toolkit/3.2.1/Starter Assets/Scripts/MaterialPipelineHandler.cs line 114]

Mono: successfully reloaded assembly
[Package Manager] Failed to launch server process. Reason: Unity was launched with the -noUpm command-line argument
[Package Manager] Unable to send message (not connected to server process).
[Package Manager] Cannot connect to Unity Package Manager local server
- Finished resetting the current domain, in  1.048 seconds
Domain Reload Profiling: 1800ms
	BeginReloadAssembly (234ms)
		ExecutionOrderSort (0ms)
		DisableScriptedObjects (14ms)
		BackupInstance (0ms)
		ReleaseScriptingObjects (0ms)
		CreateAndSetChildDomain (73ms)
	RebuildCommonClasses (27ms)
	RebuildNativeTypeToScriptingClass (13ms)
	initialDomainReloadingComplete (47ms)
	LoadAllAssembliesAndSetupDomain (430ms)
		LoadAssemblies (352ms)
		RebuildTransferFunctionScriptingTraits (0ms)
		AnalyzeDomain (174ms)
			TypeCache.Refresh (9ms)
				TypeCache.ScanAssembly (1ms)
			BuildScriptInfoCaches (142ms)
			ResolveRequiredComponents (18ms)
	FinalizeReload (1049ms)
		ReleaseScriptCaches (0ms)
		RebuildScriptCaches (0ms)
		SetupLoadedEditorAssemblies (908ms)
			LogAssemblyErrors (0ms)
			InitializePlatformSupportModulesInManaged (8ms)
			SetLoadedEditorAssemblies (7ms)
			BeforeProcessingInitializeOnLoad (150ms)
			ProcessInitializeOnLoadAttributes (550ms)
			ProcessInitializeOnLoadMethodAttributes (187ms)
			AfterProcessingInitializeOnLoad (5ms)
			EditorAssembliesLoaded (0ms)
		ExecutionOrderSort2 (0ms)
		AwakeInstancesAfterBackupRestoration (15ms)
WARNING: Shader Unsupported: 'Hidden/Simulation/URP/Synthetic' - All subshaders removed
WARNING: Shader Did you use #pragma only_renderers and omit this platform?
WARNING: Shader If subshaders removal was intentional, you may have forgotten turning Fallback off?
WARNING: Shader Unsupported: 'Hidden/Simulation/URP/Synthetic' - All subshaders removed
WARNING: Shader Did you use #pragma only_renderers and omit this platform?
WARNING: Shader If subshaders removal was intentional, you may have forgotten turning Fallback off?
WARNING: Shader Unsupported: 'Hidden/Simulation/Synthetic Lit' - All subshaders removed
WARNING: Shader Did you use #pragma only_renderers and omit this platform?
WARNING: Shader If subshaders removal was intentional, you may have forgotten turning Fallback off?
WARNING: Shader Unsupported: 'Hidden/Simulation/Synthetic Lit' - All subshaders removed
WARNING: Shader Did you use #pragma only_renderers and omit this platform?
WARNING: Shader If subshaders removal was intentional, you may have forgotten turning Fallback off?
WARNING: Shader Unsupported: 'Simulation/Standard Lit' - All subshaders removed
WARNING: Shader Did you use #pragma only_renderers and omit this platform?
WARNING: Shader If subshaders removal was intentional, you may have forgotten turning Fallback off?
WARNING: Shader Unsupported: 'Simulation/Standard Lit' - All subshaders removed
WARNING: Shader Did you use #pragma only_renderers and omit this platform?
WARNING: Shader If subshaders removal was intentional, you may have forgotten turning Fallback off?
WARNING: Shader Unsupported: 'Simulation/URP/Room X-Ray' - All subshaders removed
WARNING: Shader Did you use #pragma only_renderers and omit this platform?
WARNING: Shader If subshaders removal was intentional, you may have forgotten turning Fallback off?
WARNING: Shader Unsupported: 'Simulation/URP/Room X-Ray' - All subshaders removed
WARNING: Shader Did you use #pragma only_renderers and omit this platform?
WARNING: Shader If subshaders removal was intentional, you may have forgotten turning Fallback off?
WARNING: Shader Unsupported: 'Simulation/Room X-Ray' - All subshaders removed
WARNING: Shader Did you use #pragma only_renderers and omit this platform?
WARNING: Shader If subshaders removal was intentional, you may have forgotten turning Fallback off?
WARNING: Shader Unsupported: 'Simulation/Room X-Ray' - All subshaders removed
WARNING: Shader Did you use #pragma only_renderers and omit this platform?
WARNING: Shader If subshaders removal was intentional, you may have forgotten turning Fallback off?
WARNING: Shader Unsupported: 'Simulation/URP/Lit' - All subshaders removed
WARNING: Shader Did you use #pragma only_renderers and omit this platform?
WARNING: Shader If subshaders removal was intentional, you may have forgotten turning Fallback off?
WARNING: Shader Unsupported: 'Simulation/URP/Lit' - All subshaders removed
WARNING: Shader Did you use #pragma only_renderers and omit this platform?
WARNING: Shader If subshaders removal was intentional, you may have forgotten turning Fallback off?
Refreshing native plugins compatible for Editor in 4.90 ms, found 10 plugins.
Preloading 0 native plugins for Editor in 0.00 ms.
Unloading 57 Unused Serialized files (Serialized files now loaded: 0)
Unloading 7385 unused Assets / (12.3 MB). Loaded Objects now: 8116.
Memory consumption went from 283.5 MB to 271.1 MB.
Total: 11.350200 ms (FindLiveObjects: 0.488300 ms CreateObjectMapping: 0.298600 ms MarkObjects: 6.204200 ms  DeleteObjects: 4.358100 ms)

Prepare: number of updated asset objects reloaded= 0
========================================================================
Received Prepare
WARNING: Shader Unsupported: 'Hidden/Simulation/URP/Synthetic' - All subshaders removed
WARNING: Shader Did you use #pragma only_renderers and omit this platform?
WARNING: Shader If subshaders removal was intentional, you may have forgotten turning Fallback off?
WARNING: Shader Unsupported: 'Hidden/Simulation/URP/Synthetic' - All subshaders removed
WARNING: Shader Did you use #pragma only_renderers and omit this platform?
WARNING: Shader If subshaders removal was intentional, you may have forgotten turning Fallback off?
WARNING: Shader Unsupported: 'Hidden/Simulation/Synthetic Lit' - All subshaders removed
WARNING: Shader Did you use #pragma only_renderers and omit this platform?
WARNING: Shader If subshaders removal was intentional, you may have forgotten turning Fallback off?
WARNING: Shader Unsupported: 'Hidden/Simulation/Synthetic Lit' - All subshaders removed
WARNING: Shader Did you use #pragma only_renderers and omit this platform?
WARNING: Shader If subshaders removal was intentional, you may have forgotten turning Fallback off?
WARNING: Shader Unsupported: 'Simulation/Standard Lit' - All subshaders removed
WARNING: Shader Did you use #pragma only_renderers and omit this platform?
WARNING: Shader If subshaders removal was intentional, you may have forgotten turning Fallback off?
WARNING: Shader Unsupported: 'Simulation/Standard Lit' - All subshaders removed
WARNING: Shader Did you use #pragma only_renderers and omit this platform?
WARNING: Shader If subshaders removal was intentional, you may have forgotten turning Fallback off?
WARNING: Shader Unsupported: 'Simulation/URP/Room X-Ray' - All subshaders removed
WARNING: Shader Did you use #pragma only_renderers and omit this platform?
WARNING: Shader If subshaders removal was intentional, you may have forgotten turning Fallback off?
WARNING: Shader Unsupported: 'Simulation/URP/Room X-Ray' - All subshaders removed
WARNING: Shader Did you use #pragma only_renderers and omit this platform?
WARNING: Shader If subshaders removal was intentional, you may have forgotten turning Fallback off?
WARNING: Shader Unsupported: 'Simulation/Room X-Ray' - All subshaders removed
WARNING: Shader Did you use #pragma only_renderers and omit this platform?
WARNING: Shader If subshaders removal was intentional, you may have forgotten turning Fallback off?
WARNING: Shader Unsupported: 'Simulation/Room X-Ray' - All subshaders removed
WARNING: Shader Did you use #pragma only_renderers and omit this platform?
WARNING: Shader If subshaders removal was intentional, you may have forgotten turning Fallback off?
WARNING: Shader Unsupported: 'Simulation/URP/Lit' - All subshaders removed
WARNING: Shader Did you use #pragma only_renderers and omit this platform?
WARNING: Shader If subshaders removal was intentional, you may have forgotten turning Fallback off?
WARNING: Shader Unsupported: 'Simulation/URP/Lit' - All subshaders removed
WARNING: Shader Did you use #pragma only_renderers and omit this platform?
WARNING: Shader If subshaders removal was intentional, you may have forgotten turning Fallback off?
Refreshing native plugins compatible for Editor in 5.51 ms, found 10 plugins.
Preloading 0 native plugins for Editor in 0.00 ms.
Unloading 58 Unused Serialized files (Serialized files now loaded: 0)
Unloading 7285 unused Assets / (12.1 MB). Loaded Objects now: 8104.
Memory consumption went from 246.4 MB to 234.2 MB.
Total: 10.843900 ms (FindLiveObjects: 0.450200 ms CreateObjectMapping: 0.266000 ms MarkObjects: 6.310800 ms  DeleteObjects: 3.816200 ms)

Prepare: number of updated asset objects reloaded= 0
========================================================================
Received Import Request.
  Time since last request: 20.496375 seconds.
  path: Assets/ClickToMove.cs
  artifactKey: Guid(f251d48b7cf1e5b48a62dbece033dc1f) Importer(815301076,1909f56bfc062723c751e8b465ee728b)
Start importing Assets/ClickToMove.cs using Guid(f251d48b7cf1e5b48a62dbece033dc1f) Importer(815301076,1909f56bfc062723c751e8b465ee728b) (PreviewImporter) -> (artifact id: 'c6575ecf810a0bed22b6228cb26fe8d6') in 0.0150227 seconds
Number of updated asset objects reloaded before import = 0Number of asset objects unloaded after import = 0

========================================================================
Received Prepare
WARNING: Shader Unsupported: 'Hidden/Simulation/URP/Synthetic' - All subshaders removed
WARNING: Shader Did you use #pragma only_renderers and omit this platform?
WARNING: Shader If subshaders removal was intentional, you may have forgotten turning Fallback off?
WARNING: Shader Unsupported: 'Hidden/Simulation/URP/Synthetic' - All subshaders removed
WARNING: Shader Did you use #pragma only_renderers and omit this platform?
WARNING: Shader If subshaders removal was intentional, you may have forgotten turning Fallback off?
WARNING: Shader Unsupported: 'Hidden/Simulation/Synthetic Lit' - All subshaders removed
WARNING: Shader Did you use #pragma only_renderers and omit this platform?
WARNING: Shader If subshaders removal was intentional, you may have forgotten turning Fallback off?
WARNING: Shader Unsupported: 'Hidden/Simulation/Synthetic Lit' - All subshaders removed
WARNING: Shader Did you use #pragma only_renderers and omit this platform?
WARNING: Shader If subshaders removal was intentional, you may have forgotten turning Fallback off?
WARNING: Shader Unsupported: 'Simulation/Standard Lit' - All subshaders removed
WARNING: Shader Did you use #pragma only_renderers and omit this platform?
WARNING: Shader If subshaders removal was intentional, you may have forgotten turning Fallback off?
WARNING: Shader Unsupported: 'Simulation/Standard Lit' - All subshaders removed
WARNING: Shader Did you use #pragma only_renderers and omit this platform?
WARNING: Shader If subshaders removal was intentional, you may have forgotten turning Fallback off?
WARNING: Shader Unsupported: 'Simulation/URP/Room X-Ray' - All subshaders removed
WARNING: Shader Did you use #pragma only_renderers and omit this platform?
WARNING: Shader If subshaders removal was intentional, you may have forgotten turning Fallback off?
WARNING: Shader Unsupported: 'Simulation/URP/Room X-Ray' - All subshaders removed
WARNING: Shader Did you use #pragma only_renderers and omit this platform?
WARNING: Shader If subshaders removal was intentional, you may have forgotten turning Fallback off?
WARNING: Shader Unsupported: 'Simulation/Room X-Ray' - All subshaders removed
WARNING: Shader Did you use #pragma only_renderers and omit this platform?
WARNING: Shader If subshaders removal was intentional, you may have forgotten turning Fallback off?
WARNING: Shader Unsupported: 'Simulation/Room X-Ray' - All subshaders removed
WARNING: Shader Did you use #pragma only_renderers and omit this platform?
WARNING: Shader If subshaders removal was intentional, you may have forgotten turning Fallback off?
WARNING: Shader Unsupported: 'Simulation/URP/Lit' - All subshaders removed
WARNING: Shader Did you use #pragma only_renderers and omit this platform?
WARNING: Shader If subshaders removal was intentional, you may have forgotten turning Fallback off?
WARNING: Shader Unsupported: 'Simulation/URP/Lit' - All subshaders removed
WARNING: Shader Did you use #pragma only_renderers and omit this platform?
WARNING: Shader If subshaders removal was intentional, you may have forgotten turning Fallback off?
Refreshing native plugins compatible for Editor in 5.21 ms, found 10 plugins.
Preloading 0 native plugins for Editor in 0.00 ms.
Unloading 58 Unused Serialized files (Serialized files now loaded: 0)
Unloading 7285 unused Assets / (12.1 MB). Loaded Objects now: 8104.
Memory consumption went from 244.9 MB to 232.9 MB.
Total: 11.369100 ms (FindLiveObjects: 0.996000 ms CreateObjectMapping: 0.417700 ms MarkObjects: 5.912900 ms  DeleteObjects: 4.041800 ms)

Prepare: number of updated asset objects reloaded= 0
========================================================================
Received Import Request.
  Time since last request: 43.706312 seconds.
  path: Assets/ClickToMove.cs
  artifactKey: Guid(f251d48b7cf1e5b48a62dbece033dc1f) Importer(815301076,1909f56bfc062723c751e8b465ee728b)
Start importing Assets/ClickToMove.cs using Guid(f251d48b7cf1e5b48a62dbece033dc1f) Importer(815301076,1909f56bfc062723c751e8b465ee728b) (PreviewImporter) -> (artifact id: '1c2246179e2ab83cdfe59c1bd77b5378') in 0.0053132 seconds
Number of updated asset objects reloaded before import = 0Number of asset objects unloaded after import = 0

========================================================================
Received Prepare
Begin MonoManager ReloadAssembly
Symbol file LoadedFromMemory is not a mono symbol file
- Loaded All Assemblies, in  0.576 seconds
Refreshing native plugins compatible for Editor in 5.49 ms, found 10 plugins.
Native extension for Android target not found
Native extension for WindowsStandalone target not found
Native extension for WebGL target not found
[Package Manager] Failed to launch server process. Reason: Unity was launched with the -noUpm command-line argument
[Package Manager] Unable to send message (not connected to server process).
[Package Manager] Cannot connect to Unity Package Manager local server
[Package Manager] Failed to launch server process. Reason: Unity was launched with the -noUpm command-line argument
[Package Manager] Unable to send message (not connected to server process).
[Package Manager] Cannot connect to Unity Package Manager local server
Trying to set shader on a Material Variant.
UnityEngine.Debug:ExtractStackTraceNoAlloc (byte*,int,string)
UnityEngine.StackTraceUtility:ExtractStackTrace ()
UnityEngine.Material:set_shader (UnityEngine.Shader)
UnityEngine.XR.Interaction.Toolkit.Samples.StarterAssets.MaterialPipelineHandler:SetPipelineShaders () (at Assets/Samples/XR Interaction Toolkit/3.2.1/Starter Assets/Scripts/MaterialPipelineHandler.cs:114)
UnityEngine.XR.Interaction.Toolkit.Samples.StarterAssets.MaterialPipelineHandler:AutoRefreshPipelineShaders () (at Assets/Samples/XR Interaction Toolkit/3.2.1/Starter Assets/Scripts/MaterialPipelineHandler.cs:81)
UnityEngine.XR.Interaction.Toolkit.Samples.StarterAssets.MaterialPipelineHandler:OnEnable () (at Assets/Samples/XR Interaction Toolkit/3.2.1/Starter Assets/Scripts/MaterialPipelineHandler.cs:74)
UnityEditor.AssetDatabase:LoadAssetAtPath (string,System.Type)
UnityEditor.AssetDatabase:LoadAssetAtPath<UnityEngine.XR.Hands.Samples.VisualizerSample.MaterialPipelineHandler> (string)
UnityEngine.XR.Hands.Samples.VisualizerSample.RenderPipelineValidation:GetAllInstances () (at Assets/Samples/XR Hands/1.6.1/HandVisualizer/Scripts/MaterialPipelineHandler.cs:28)
UnityEngine.XR.Hands.Samples.VisualizerSample.RenderPipelineValidation:.cctor () (at Assets/Samples/XR Hands/1.6.1/HandVisualizer/Scripts/MaterialPipelineHandler.cs:15)
System.Runtime.CompilerServices.RuntimeHelpers:RunClassConstructor (System.RuntimeTypeHandle)
UnityEditor.EditorAssemblies:ProcessInitializeOnLoadAttributes (System.Type[])

[Assets/Samples/XR Interaction Toolkit/3.2.1/Starter Assets/Scripts/MaterialPipelineHandler.cs line 114]

Trying to set shader on a Material Variant.
UnityEngine.Debug:ExtractStackTraceNoAlloc (byte*,int,string)
UnityEngine.StackTraceUtility:ExtractStackTrace ()
UnityEngine.Material:set_shader (UnityEngine.Shader)
UnityEngine.XR.Interaction.Toolkit.Samples.StarterAssets.MaterialPipelineHandler:SetPipelineShaders () (at Assets/Samples/XR Interaction Toolkit/3.2.1/Starter Assets/Scripts/MaterialPipelineHandler.cs:114)
UnityEngine.XR.Interaction.Toolkit.Samples.StarterAssets.MaterialPipelineHandler:AutoRefreshPipelineShaders () (at Assets/Samples/XR Interaction Toolkit/3.2.1/Starter Assets/Scripts/MaterialPipelineHandler.cs:81)
UnityEngine.XR.Interaction.Toolkit.Samples.StarterAssets.RenderPipelineValidation:.cctor () (at Assets/Samples/XR Interaction Toolkit/3.2.1/Starter Assets/Scripts/MaterialPipelineHandler.cs:16)
System.Runtime.CompilerServices.RuntimeHelpers:RunClassConstructor (System.RuntimeTypeHandle)
UnityEditor.EditorAssemblies:ProcessInitializeOnLoadAttributes (System.Type[])

[Assets/Samples/XR Interaction Toolkit/3.2.1/Starter Assets/Scripts/MaterialPipelineHandler.cs line 114]

Mono: successfully reloaded assembly
[Package Manager] Failed to launch server process. Reason: Unity was launched with the -noUpm command-line argument
[Package Manager] Unable to send message (not connected to server process).
[Package Manager] Cannot connect to Unity Package Manager local server
- Finished resetting the current domain, in  0.906 seconds
Domain Reload Profiling: 1485ms
	BeginReloadAssembly (151ms)
		ExecutionOrderSort (0ms)
		DisableScriptedObjects (5ms)
		BackupInstance (0ms)
		ReleaseScriptingObjects (0ms)
		CreateAndSetChildDomain (42ms)
	RebuildCommonClasses (23ms)
	RebuildNativeTypeToScriptingClass (8ms)
	initialDomainReloadingComplete (17ms)
	LoadAllAssembliesAndSetupDomain (379ms)
		LoadAssemblies (269ms)
		RebuildTransferFunctionScriptingTraits (0ms)
		AnalyzeDomain (162ms)
			TypeCache.Refresh (11ms)
				TypeCache.ScanAssembly (1ms)
			BuildScriptInfoCaches (138ms)
			ResolveRequiredComponents (10ms)
	FinalizeReload (907ms)
		ReleaseScriptCaches (0ms)
		RebuildScriptCaches (0ms)
		SetupLoadedEditorAssemblies (775ms)
			LogAssemblyErrors (0ms)
			InitializePlatformSupportModulesInManaged (8ms)
			SetLoadedEditorAssemblies (4ms)
			BeforeProcessingInitializeOnLoad (138ms)
			ProcessInitializeOnLoadAttributes (454ms)
			ProcessInitializeOnLoadMethodAttributes (168ms)
			AfterProcessingInitializeOnLoad (4ms)
			EditorAssembliesLoaded (0ms)
		ExecutionOrderSort2 (0ms)
		AwakeInstancesAfterBackupRestoration (17ms)
WARNING: Shader Unsupported: 'Hidden/Simulation/URP/Synthetic' - All subshaders removed
WARNING: Shader Did you use #pragma only_renderers and omit this platform?
WARNING: Shader If subshaders removal was intentional, you may have forgotten turning Fallback off?
WARNING: Shader Unsupported: 'Hidden/Simulation/URP/Synthetic' - All subshaders removed
WARNING: Shader Did you use #pragma only_renderers and omit this platform?
WARNING: Shader If subshaders removal was intentional, you may have forgotten turning Fallback off?
WARNING: Shader Unsupported: 'Hidden/Simulation/Synthetic Lit' - All subshaders removed
WARNING: Shader Did you use #pragma only_renderers and omit this platform?
WARNING: Shader If subshaders removal was intentional, you may have forgotten turning Fallback off?
WARNING: Shader Unsupported: 'Hidden/Simulation/Synthetic Lit' - All subshaders removed
WARNING: Shader Did you use #pragma only_renderers and omit this platform?
WARNING: Shader If subshaders removal was intentional, you may have forgotten turning Fallback off?
WARNING: Shader Unsupported: 'Simulation/Standard Lit' - All subshaders removed
WARNING: Shader Did you use #pragma only_renderers and omit this platform?
WARNING: Shader If subshaders removal was intentional, you may have forgotten turning Fallback off?
WARNING: Shader Unsupported: 'Simulation/Standard Lit' - All subshaders removed
WARNING: Shader Did you use #pragma only_renderers and omit this platform?
WARNING: Shader If subshaders removal was intentional, you may have forgotten turning Fallback off?
WARNING: Shader Unsupported: 'Simulation/URP/Room X-Ray' - All subshaders removed
WARNING: Shader Did you use #pragma only_renderers and omit this platform?
WARNING: Shader If subshaders removal was intentional, you may have forgotten turning Fallback off?
WARNING: Shader Unsupported: 'Simulation/URP/Room X-Ray' - All subshaders removed
WARNING: Shader Did you use #pragma only_renderers and omit this platform?
WARNING: Shader If subshaders removal was intentional, you may have forgotten turning Fallback off?
WARNING: Shader Unsupported: 'Simulation/Room X-Ray' - All subshaders removed
WARNING: Shader Did you use #pragma only_renderers and omit this platform?
WARNING: Shader If subshaders removal was intentional, you may have forgotten turning Fallback off?
WARNING: Shader Unsupported: 'Simulation/Room X-Ray' - All subshaders removed
WARNING: Shader Did you use #pragma only_renderers and omit this platform?
WARNING: Shader If subshaders removal was intentional, you may have forgotten turning Fallback off?
WARNING: Shader Unsupported: 'Simulation/URP/Lit' - All subshaders removed
WARNING: Shader Did you use #pragma only_renderers and omit this platform?
WARNING: Shader If subshaders removal was intentional, you may have forgotten turning Fallback off?
WARNING: Shader Unsupported: 'Simulation/URP/Lit' - All subshaders removed
WARNING: Shader Did you use #pragma only_renderers and omit this platform?
WARNING: Shader If subshaders removal was intentional, you may have forgotten turning Fallback off?
Refreshing native plugins compatible for Editor in 4.86 ms, found 10 plugins.
Preloading 0 native plugins for Editor in 0.00 ms.
Unloading 57 Unused Serialized files (Serialized files now loaded: 0)
Unloading 7385 unused Assets / (11.8 MB). Loaded Objects now: 8119.
Memory consumption went from 283.4 MB to 271.6 MB.
Total: 11.009500 ms (FindLiveObjects: 0.466300 ms CreateObjectMapping: 0.264200 ms MarkObjects: 6.151800 ms  DeleteObjects: 4.126700 ms)

Prepare: number of updated asset objects reloaded= 0
========================================================================
Received Import Request.
  Time since last request: 10.176906 seconds.
  path: Assets/ClickToMove.cs
  artifactKey: Guid(f251d48b7cf1e5b48a62dbece033dc1f) Importer(815301076,1909f56bfc062723c751e8b465ee728b)
Start importing Assets/ClickToMove.cs using Guid(f251d48b7cf1e5b48a62dbece033dc1f) Importer(815301076,1909f56bfc062723c751e8b465ee728b) (PreviewImporter) -> (artifact id: '95d12e8ac5ef94b37659f4cb75551815') in 0.0058341 seconds
Number of updated asset objects reloaded before import = 0Number of asset objects unloaded after import = 0

========================================================================
Received Prepare
WARNING: Shader Unsupported: 'Hidden/Simulation/URP/Synthetic' - All subshaders removed
WARNING: Shader Did you use #pragma only_renderers and omit this platform?
WARNING: Shader If subshaders removal was intentional, you may have forgotten turning Fallback off?
WARNING: Shader Unsupported: 'Hidden/Simulation/URP/Synthetic' - All subshaders removed
WARNING: Shader Did you use #pragma only_renderers and omit this platform?
WARNING: Shader If subshaders removal was intentional, you may have forgotten turning Fallback off?
WARNING: Shader Unsupported: 'Hidden/Simulation/Synthetic Lit' - All subshaders removed
WARNING: Shader Did you use #pragma only_renderers and omit this platform?
WARNING: Shader If subshaders removal was intentional, you may have forgotten turning Fallback off?
WARNING: Shader Unsupported: 'Hidden/Simulation/Synthetic Lit' - All subshaders removed
WARNING: Shader Did you use #pragma only_renderers and omit this platform?
WARNING: Shader If subshaders removal was intentional, you may have forgotten turning Fallback off?
WARNING: Shader Unsupported: 'Simulation/Standard Lit' - All subshaders removed
WARNING: Shader Did you use #pragma only_renderers and omit this platform?
WARNING: Shader If subshaders removal was intentional, you may have forgotten turning Fallback off?
WARNING: Shader Unsupported: 'Simulation/Standard Lit' - All subshaders removed
WARNING: Shader Did you use #pragma only_renderers and omit this platform?
WARNING: Shader If subshaders removal was intentional, you may have forgotten turning Fallback off?
WARNING: Shader Unsupported: 'Simulation/URP/Room X-Ray' - All subshaders removed
WARNING: Shader Did you use #pragma only_renderers and omit this platform?
WARNING: Shader If subshaders removal was intentional, you may have forgotten turning Fallback off?
WARNING: Shader Unsupported: 'Simulation/URP/Room X-Ray' - All subshaders removed
WARNING: Shader Did you use #pragma only_renderers and omit this platform?
WARNING: Shader If subshaders removal was intentional, you may have forgotten turning Fallback off?
WARNING: Shader Unsupported: 'Simulation/Room X-Ray' - All subshaders removed
WARNING: Shader Did you use #pragma only_renderers and omit this platform?
WARNING: Shader If subshaders removal was intentional, you may have forgotten turning Fallback off?
WARNING: Shader Unsupported: 'Simulation/Room X-Ray' - All subshaders removed
WARNING: Shader Did you use #pragma only_renderers and omit this platform?
WARNING: Shader If subshaders removal was intentional, you may have forgotten turning Fallback off?
WARNING: Shader Unsupported: 'Simulation/URP/Lit' - All subshaders removed
WARNING: Shader Did you use #pragma only_renderers and omit this platform?
WARNING: Shader If subshaders removal was intentional, you may have forgotten turning Fallback off?
WARNING: Shader Unsupported: 'Simulation/URP/Lit' - All subshaders removed
WARNING: Shader Did you use #pragma only_renderers and omit this platform?
WARNING: Shader If subshaders removal was intentional, you may have forgotten turning Fallback off?
Refreshing native plugins compatible for Editor in 5.90 ms, found 10 plugins.
Preloading 0 native plugins for Editor in 0.00 ms.
Unloading 58 Unused Serialized files (Serialized files now loaded: 0)
Unloading 7286 unused Assets / (12.1 MB). Loaded Objects now: 8108.
Memory consumption went from 245.0 MB to 232.9 MB.
Total: 12.228800 ms (FindLiveObjects: 0.471700 ms CreateObjectMapping: 0.281800 ms MarkObjects: 7.564600 ms  DeleteObjects: 3.909700 ms)

Prepare: number of updated asset objects reloaded= 0
========================================================================
Received Import Request.
  Time since last request: 449.393753 seconds.
  path: Assets/NewMonoBehaviourScript.cs
  artifactKey: Guid(b535100582b066f42b930a143083c939) Importer(815301076,1909f56bfc062723c751e8b465ee728b)
Start importing Assets/NewMonoBehaviourScript.cs using Guid(b535100582b066f42b930a143083c939) Importer(815301076,1909f56bfc062723c751e8b465ee728b) (PreviewImporter) -> (artifact id: 'a936a720afe6ebf4c533b4985d260558') in 0.0065524 seconds
Number of updated asset objects reloaded before import = 0Number of asset objects unloaded after import = 0

========================================================================
Received Prepare
Begin MonoManager ReloadAssembly
Symbol file LoadedFromMemory is not a mono symbol file
- Loaded All Assemblies, in  0.805 seconds
Refreshing native plugins compatible for Editor in 7.34 ms, found 10 plugins.
Native extension for Android target not found
Native extension for WindowsStandalone target not found
Native extension for WebGL target not found
[Package Manager] Failed to launch server process. Reason: Unity was launched with the -noUpm command-line argument
[Package Manager] Unable to send message (not connected to server process).
[Package Manager] Cannot connect to Unity Package Manager local server
[Package Manager] Failed to launch server process. Reason: Unity was launched with the -noUpm command-line argument
[Package Manager] Unable to send message (not connected to server process).
[Package Manager] Cannot connect to Unity Package Manager local server
Trying to set shader on a Material Variant.
UnityEngine.Debug:ExtractStackTraceNoAlloc (byte*,int,string)
UnityEngine.StackTraceUtility:ExtractStackTrace ()
UnityEngine.Material:set_shader (UnityEngine.Shader)
UnityEngine.XR.Interaction.Toolkit.Samples.StarterAssets.MaterialPipelineHandler:SetPipelineShaders () (at Assets/Samples/XR Interaction Toolkit/3.2.1/Starter Assets/Scripts/MaterialPipelineHandler.cs:114)
UnityEngine.XR.Interaction.Toolkit.Samples.StarterAssets.MaterialPipelineHandler:AutoRefreshPipelineShaders () (at Assets/Samples/XR Interaction Toolkit/3.2.1/Starter Assets/Scripts/MaterialPipelineHandler.cs:81)
UnityEngine.XR.Interaction.Toolkit.Samples.StarterAssets.MaterialPipelineHandler:OnEnable () (at Assets/Samples/XR Interaction Toolkit/3.2.1/Starter Assets/Scripts/MaterialPipelineHandler.cs:74)
UnityEditor.AssetDatabase:LoadAssetAtPath (string,System.Type)
UnityEditor.AssetDatabase:LoadAssetAtPath<UnityEngine.XR.Hands.Samples.VisualizerSample.MaterialPipelineHandler> (string)
UnityEngine.XR.Hands.Samples.VisualizerSample.RenderPipelineValidation:GetAllInstances () (at Assets/Samples/XR Hands/1.6.1/HandVisualizer/Scripts/MaterialPipelineHandler.cs:28)
UnityEngine.XR.Hands.Samples.VisualizerSample.RenderPipelineValidation:.cctor () (at Assets/Samples/XR Hands/1.6.1/HandVisualizer/Scripts/MaterialPipelineHandler.cs:15)
System.Runtime.CompilerServices.RuntimeHelpers:RunClassConstructor (System.RuntimeTypeHandle)
UnityEditor.EditorAssemblies:ProcessInitializeOnLoadAttributes (System.Type[])

[Assets/Samples/XR Interaction Toolkit/3.2.1/Starter Assets/Scripts/MaterialPipelineHandler.cs line 114]

Trying to set shader on a Material Variant.
UnityEngine.Debug:ExtractStackTraceNoAlloc (byte*,int,string)
UnityEngine.StackTraceUtility:ExtractStackTrace ()
UnityEngine.Material:set_shader (UnityEngine.Shader)
UnityEngine.XR.Interaction.Toolkit.Samples.StarterAssets.MaterialPipelineHandler:SetPipelineShaders () (at Assets/Samples/XR Interaction Toolkit/3.2.1/Starter Assets/Scripts/MaterialPipelineHandler.cs:114)
UnityEngine.XR.Interaction.Toolkit.Samples.StarterAssets.MaterialPipelineHandler:AutoRefreshPipelineShaders () (at Assets/Samples/XR Interaction Toolkit/3.2.1/Starter Assets/Scripts/MaterialPipelineHandler.cs:81)
UnityEngine.XR.Interaction.Toolkit.Samples.StarterAssets.RenderPipelineValidation:.cctor () (at Assets/Samples/XR Interaction Toolkit/3.2.1/Starter Assets/Scripts/MaterialPipelineHandler.cs:16)
System.Runtime.CompilerServices.RuntimeHelpers:RunClassConstructor (System.RuntimeTypeHandle)
UnityEditor.EditorAssemblies:ProcessInitializeOnLoadAttributes (System.Type[])

[Assets/Samples/XR Interaction Toolkit/3.2.1/Starter Assets/Scripts/MaterialPipelineHandler.cs line 114]

Mono: successfully reloaded assembly
[Package Manager] Failed to launch server process. Reason: Unity was launched with the -noUpm command-line argument
[Package Manager] Unable to send message (not connected to server process).
[Package Manager] Cannot connect to Unity Package Manager local server
- Finished resetting the current domain, in  1.278 seconds
Domain Reload Profiling: 2085ms
	BeginReloadAssembly (188ms)
		ExecutionOrderSort (0ms)
		DisableScriptedObjects (4ms)
		BackupInstance (0ms)
		ReleaseScriptingObjects (0ms)
		CreateAndSetChildDomain (49ms)
	RebuildCommonClasses (32ms)
	RebuildNativeTypeToScriptingClass (12ms)
	initialDomainReloadingComplete (25ms)
	LoadAllAssembliesAndSetupDomain (551ms)
		LoadAssemblies (404ms)
		RebuildTransferFunctionScriptingTraits (0ms)
		AnalyzeDomain (230ms)
			TypeCache.Refresh (13ms)
				TypeCache.ScanAssembly (1ms)
			BuildScriptInfoCaches (204ms)
			ResolveRequiredComponents (9ms)
	FinalizeReload (1278ms)
		ReleaseScriptCaches (0ms)
		RebuildScriptCaches (0ms)
		SetupLoadedEditorAssemblies (1102ms)
			LogAssemblyErrors (0ms)
			InitializePlatformSupportModulesInManaged (10ms)
			SetLoadedEditorAssemblies (4ms)
			BeforeProcessingInitializeOnLoad (207ms)
			ProcessInitializeOnLoadAttributes (654ms)
			ProcessInitializeOnLoadMethodAttributes (219ms)
			AfterProcessingInitializeOnLoad (6ms)
			EditorAssembliesLoaded (1ms)
		ExecutionOrderSort2 (0ms)
		AwakeInstancesAfterBackupRestoration (11ms)
WARNING: Shader Unsupported: 'Hidden/Simulation/URP/Synthetic' - All subshaders removed
WARNING: Shader Did you use #pragma only_renderers and omit this platform?
WARNING: Shader If subshaders removal was intentional, you may have forgotten turning Fallback off?
WARNING: Shader Unsupported: 'Hidden/Simulation/URP/Synthetic' - All subshaders removed
WARNING: Shader Did you use #pragma only_renderers and omit this platform?
WARNING: Shader If subshaders removal was intentional, you may have forgotten turning Fallback off?
WARNING: Shader Unsupported: 'Hidden/Simulation/Synthetic Lit' - All subshaders removed
WARNING: Shader Did you use #pragma only_renderers and omit this platform?
WARNING: Shader If subshaders removal was intentional, you may have forgotten turning Fallback off?
WARNING: Shader Unsupported: 'Hidden/Simulation/Synthetic Lit' - All subshaders removed
WARNING: Shader Did you use #pragma only_renderers and omit this platform?
WARNING: Shader If subshaders removal was intentional, you may have forgotten turning Fallback off?
WARNING: Shader Unsupported: 'Simulation/Standard Lit' - All subshaders removed
WARNING: Shader Did you use #pragma only_renderers and omit this platform?
WARNING: Shader If subshaders removal was intentional, you may have forgotten turning Fallback off?
WARNING: Shader Unsupported: 'Simulation/Standard Lit' - All subshaders removed
WARNING: Shader Did you use #pragma only_renderers and omit this platform?
WARNING: Shader If subshaders removal was intentional, you may have forgotten turning Fallback off?
WARNING: Shader Unsupported: 'Simulation/URP/Room X-Ray' - All subshaders removed
WARNING: Shader Did you use #pragma only_renderers and omit this platform?
WARNING: Shader If subshaders removal was intentional, you may have forgotten turning Fallback off?
WARNING: Shader Unsupported: 'Simulation/URP/Room X-Ray' - All subshaders removed
WARNING: Shader Did you use #pragma only_renderers and omit this platform?
WARNING: Shader If subshaders removal was intentional, you may have forgotten turning Fallback off?
WARNING: Shader Unsupported: 'Simulation/Room X-Ray' - All subshaders removed
WARNING: Shader Did you use #pragma only_renderers and omit this platform?
WARNING: Shader If subshaders removal was intentional, you may have forgotten turning Fallback off?
WARNING: Shader Unsupported: 'Simulation/Room X-Ray' - All subshaders removed
WARNING: Shader Did you use #pragma only_renderers and omit this platform?
WARNING: Shader If subshaders removal was intentional, you may have forgotten turning Fallback off?
WARNING: Shader Unsupported: 'Simulation/URP/Lit' - All subshaders removed
WARNING: Shader Did you use #pragma only_renderers and omit this platform?
WARNING: Shader If subshaders removal was intentional, you may have forgotten turning Fallback off?
WARNING: Shader Unsupported: 'Simulation/URP/Lit' - All subshaders removed
WARNING: Shader Did you use #pragma only_renderers and omit this platform?
WARNING: Shader If subshaders removal was intentional, you may have forgotten turning Fallback off?
Refreshing native plugins compatible for Editor in 6.67 ms, found 10 plugins.
Preloading 0 native plugins for Editor in 0.00 ms.
Unloading 57 Unused Serialized files (Serialized files now loaded: 0)
Unloading 7386 unused Assets / (12.5 MB). Loaded Objects now: 8123.
Memory consumption went from 283.4 MB to 270.9 MB.
Total: 15.488800 ms (FindLiveObjects: 0.585000 ms CreateObjectMapping: 0.493400 ms MarkObjects: 8.124600 ms  DeleteObjects: 6.284700 ms)

Prepare: number of updated asset objects reloaded= 0
========================================================================
Received Prepare
Begin MonoManager ReloadAssembly
Symbol file LoadedFromMemory is not a mono symbol file
- Loaded All Assemblies, in  0.551 seconds
Refreshing native plugins compatible for Editor in 4.82 ms, found 10 plugins.
Native extension for Android target not found
Native extension for WindowsStandalone target not found
Native extension for WebGL target not found
[Package Manager] Failed to launch server process. Reason: Unity was launched with the -noUpm command-line argument
[Package Manager] Unable to send message (not connected to server process).
[Package Manager] Cannot connect to Unity Package Manager local server
[Package Manager] Failed to launch server process. Reason: Unity was launched with the -noUpm command-line argument
[Package Manager] Unable to send message (not connected to server process).
[Package Manager] Cannot connect to Unity Package Manager local server
Trying to set shader on a Material Variant.
UnityEngine.Debug:ExtractStackTraceNoAlloc (byte*,int,string)
UnityEngine.StackTraceUtility:ExtractStackTrace ()
UnityEngine.Material:set_shader (UnityEngine.Shader)
UnityEngine.XR.Interaction.Toolkit.Samples.StarterAssets.MaterialPipelineHandler:SetPipelineShaders () (at Assets/Samples/XR Interaction Toolkit/3.2.1/Starter Assets/Scripts/MaterialPipelineHandler.cs:114)
UnityEngine.XR.Interaction.Toolkit.Samples.StarterAssets.MaterialPipelineHandler:AutoRefreshPipelineShaders () (at Assets/Samples/XR Interaction Toolkit/3.2.1/Starter Assets/Scripts/MaterialPipelineHandler.cs:81)
UnityEngine.XR.Interaction.Toolkit.Samples.StarterAssets.MaterialPipelineHandler:OnEnable () (at Assets/Samples/XR Interaction Toolkit/3.2.1/Starter Assets/Scripts/MaterialPipelineHandler.cs:74)
UnityEditor.AssetDatabase:LoadAssetAtPath (string,System.Type)
UnityEditor.AssetDatabase:LoadAssetAtPath<UnityEngine.XR.Hands.Samples.VisualizerSample.MaterialPipelineHandler> (string)
UnityEngine.XR.Hands.Samples.VisualizerSample.RenderPipelineValidation:GetAllInstances () (at Assets/Samples/XR Hands/1.6.1/HandVisualizer/Scripts/MaterialPipelineHandler.cs:28)
UnityEngine.XR.Hands.Samples.VisualizerSample.RenderPipelineValidation:.cctor () (at Assets/Samples/XR Hands/1.6.1/HandVisualizer/Scripts/MaterialPipelineHandler.cs:15)
System.Runtime.CompilerServices.RuntimeHelpers:RunClassConstructor (System.RuntimeTypeHandle)
UnityEditor.EditorAssemblies:ProcessInitializeOnLoadAttributes (System.Type[])

[Assets/Samples/XR Interaction Toolkit/3.2.1/Starter Assets/Scripts/MaterialPipelineHandler.cs line 114]

Trying to set shader on a Material Variant.
UnityEngine.Debug:ExtractStackTraceNoAlloc (byte*,int,string)
UnityEngine.StackTraceUtility:ExtractStackTrace ()
UnityEngine.Material:set_shader (UnityEngine.Shader)
UnityEngine.XR.Interaction.Toolkit.Samples.StarterAssets.MaterialPipelineHandler:SetPipelineShaders () (at Assets/Samples/XR Interaction Toolkit/3.2.1/Starter Assets/Scripts/MaterialPipelineHandler.cs:114)
UnityEngine.XR.Interaction.Toolkit.Samples.StarterAssets.MaterialPipelineHandler:AutoRefreshPipelineShaders () (at Assets/Samples/XR Interaction Toolkit/3.2.1/Starter Assets/Scripts/MaterialPipelineHandler.cs:81)
UnityEngine.XR.Interaction.Toolkit.Samples.StarterAssets.RenderPipelineValidation:.cctor () (at Assets/Samples/XR Interaction Toolkit/3.2.1/Starter Assets/Scripts/MaterialPipelineHandler.cs:16)
System.Runtime.CompilerServices.RuntimeHelpers:RunClassConstructor (System.RuntimeTypeHandle)
UnityEditor.EditorAssemblies:ProcessInitializeOnLoadAttributes (System.Type[])

[Assets/Samples/XR Interaction Toolkit/3.2.1/Starter Assets/Scripts/MaterialPipelineHandler.cs line 114]

Mono: successfully reloaded assembly
[Package Manager] Failed to launch server process. Reason: Unity was launched with the -noUpm command-line argument
[Package Manager] Unable to send message (not connected to server process).
[Package Manager] Cannot connect to Unity Package Manager local server
- Finished resetting the current domain, in  0.890 seconds
Domain Reload Profiling: 1443ms
	BeginReloadAssembly (141ms)
		ExecutionOrderSort (0ms)
		DisableScriptedObjects (4ms)
		BackupInstance (0ms)
		ReleaseScriptingObjects (0ms)
		CreateAndSetChildDomain (37ms)
	RebuildCommonClasses (22ms)
	RebuildNativeTypeToScriptingClass (8ms)
	initialDomainReloadingComplete (17ms)
	LoadAllAssembliesAndSetupDomain (364ms)
		LoadAssemblies (264ms)
		RebuildTransferFunctionScriptingTraits (0ms)
		AnalyzeDomain (156ms)
			TypeCache.Refresh (10ms)
				TypeCache.ScanAssembly (1ms)
			BuildScriptInfoCaches (133ms)
			ResolveRequiredComponents (8ms)
	FinalizeReload (890ms)
		ReleaseScriptCaches (0ms)
		RebuildScriptCaches (0ms)
		SetupLoadedEditorAssemblies (771ms)
			LogAssemblyErrors (0ms)
			InitializePlatformSupportModulesInManaged (9ms)
			SetLoadedEditorAssemblies (4ms)
			BeforeProcessingInitializeOnLoad (141ms)
			ProcessInitializeOnLoadAttributes (455ms)
			ProcessInitializeOnLoadMethodAttributes (159ms)
			AfterProcessingInitializeOnLoad (3ms)
			EditorAssembliesLoaded (1ms)
		ExecutionOrderSort2 (0ms)
		AwakeInstancesAfterBackupRestoration (9ms)
WARNING: Shader Unsupported: 'Hidden/Simulation/URP/Synthetic' - All subshaders removed
WARNING: Shader Did you use #pragma only_renderers and omit this platform?
WARNING: Shader If subshaders removal was intentional, you may have forgotten turning Fallback off?
WARNING: Shader Unsupported: 'Hidden/Simulation/URP/Synthetic' - All subshaders removed
WARNING: Shader Did you use #pragma only_renderers and omit this platform?
WARNING: Shader If subshaders removal was intentional, you may have forgotten turning Fallback off?
WARNING: Shader Unsupported: 'Hidden/Simulation/Synthetic Lit' - All subshaders removed
WARNING: Shader Did you use #pragma only_renderers and omit this platform?
WARNING: Shader If subshaders removal was intentional, you may have forgotten turning Fallback off?
WARNING: Shader Unsupported: 'Hidden/Simulation/Synthetic Lit' - All subshaders removed
WARNING: Shader Did you use #pragma only_renderers and omit this platform?
WARNING: Shader If subshaders removal was intentional, you may have forgotten turning Fallback off?
WARNING: Shader Unsupported: 'Simulation/Standard Lit' - All subshaders removed
WARNING: Shader Did you use #pragma only_renderers and omit this platform?
WARNING: Shader If subshaders removal was intentional, you may have forgotten turning Fallback off?
WARNING: Shader Unsupported: 'Simulation/Standard Lit' - All subshaders removed
WARNING: Shader Did you use #pragma only_renderers and omit this platform?
WARNING: Shader If subshaders removal was intentional, you may have forgotten turning Fallback off?
WARNING: Shader Unsupported: 'Simulation/URP/Room X-Ray' - All subshaders removed
WARNING: Shader Did you use #pragma only_renderers and omit this platform?
WARNING: Shader If subshaders removal was intentional, you may have forgotten turning Fallback off?
WARNING: Shader Unsupported: 'Simulation/URP/Room X-Ray' - All subshaders removed
WARNING: Shader Did you use #pragma only_renderers and omit this platform?
WARNING: Shader If subshaders removal was intentional, you may have forgotten turning Fallback off?
WARNING: Shader Unsupported: 'Simulation/Room X-Ray' - All subshaders removed
WARNING: Shader Did you use #pragma only_renderers and omit this platform?
WARNING: Shader If subshaders removal was intentional, you may have forgotten turning Fallback off?
WARNING: Shader Unsupported: 'Simulation/Room X-Ray' - All subshaders removed
WARNING: Shader Did you use #pragma only_renderers and omit this platform?
WARNING: Shader If subshaders removal was intentional, you may have forgotten turning Fallback off?
WARNING: Shader Unsupported: 'Simulation/URP/Lit' - All subshaders removed
WARNING: Shader Did you use #pragma only_renderers and omit this platform?
WARNING: Shader If subshaders removal was intentional, you may have forgotten turning Fallback off?
WARNING: Shader Unsupported: 'Simulation/URP/Lit' - All subshaders removed
WARNING: Shader Did you use #pragma only_renderers and omit this platform?
WARNING: Shader If subshaders removal was intentional, you may have forgotten turning Fallback off?
Refreshing native plugins compatible for Editor in 4.95 ms, found 10 plugins.
Preloading 0 native plugins for Editor in 0.00 ms.
Unloading 57 Unused Serialized files (Serialized files now loaded: 0)
Unloading 7386 unused Assets / (11.8 MB). Loaded Objects now: 8126.
Memory consumption went from 283.3 MB to 271.5 MB.
Total: 10.983200 ms (FindLiveObjects: 0.454000 ms CreateObjectMapping: 0.326200 ms MarkObjects: 6.024300 ms  DeleteObjects: 4.177800 ms)

Prepare: number of updated asset objects reloaded= 0
========================================================================
Received Import Request.
  Time since last request: 22.090187 seconds.
  path: Assets/NewMonoBehaviourScript.cs
  artifactKey: Guid(b535100582b066f42b930a143083c939) Importer(815301076,1909f56bfc062723c751e8b465ee728b)
Start importing Assets/NewMonoBehaviourScript.cs using Guid(b535100582b066f42b930a143083c939) Importer(815301076,1909f56bfc062723c751e8b465ee728b) (PreviewImporter) -> (artifact id: 'cb20a1b52c68c6c70bf388b284d3c176') in 0.0109231 seconds
Number of updated asset objects reloaded before import = 0Number of asset objects unloaded after import = 0

========================================================================
Received Prepare
WARNING: Shader Unsupported: 'Hidden/Simulation/URP/Synthetic' - All subshaders removed
WARNING: Shader Did you use #pragma only_renderers and omit this platform?
WARNING: Shader If subshaders removal was intentional, you may have forgotten turning Fallback off?
WARNING: Shader Unsupported: 'Hidden/Simulation/URP/Synthetic' - All subshaders removed
WARNING: Shader Did you use #pragma only_renderers and omit this platform?
WARNING: Shader If subshaders removal was intentional, you may have forgotten turning Fallback off?
WARNING: Shader Unsupported: 'Hidden/Simulation/Synthetic Lit' - All subshaders removed
WARNING: Shader Did you use #pragma only_renderers and omit this platform?
WARNING: Shader If subshaders removal was intentional, you may have forgotten turning Fallback off?
WARNING: Shader Unsupported: 'Hidden/Simulation/Synthetic Lit' - All subshaders removed
WARNING: Shader Did you use #pragma only_renderers and omit this platform?
WARNING: Shader If subshaders removal was intentional, you may have forgotten turning Fallback off?
WARNING: Shader Unsupported: 'Simulation/Standard Lit' - All subshaders removed
WARNING: Shader Did you use #pragma only_renderers and omit this platform?
WARNING: Shader If subshaders removal was intentional, you may have forgotten turning Fallback off?
WARNING: Shader Unsupported: 'Simulation/Standard Lit' - All subshaders removed
WARNING: Shader Did you use #pragma only_renderers and omit this platform?
WARNING: Shader If subshaders removal was intentional, you may have forgotten turning Fallback off?
WARNING: Shader Unsupported: 'Simulation/URP/Room X-Ray' - All subshaders removed
WARNING: Shader Did you use #pragma only_renderers and omit this platform?
WARNING: Shader If subshaders removal was intentional, you may have forgotten turning Fallback off?
WARNING: Shader Unsupported: 'Simulation/URP/Room X-Ray' - All subshaders removed
WARNING: Shader Did you use #pragma only_renderers and omit this platform?
WARNING: Shader If subshaders removal was intentional, you may have forgotten turning Fallback off?
WARNING: Shader Unsupported: 'Simulation/Room X-Ray' - All subshaders removed
WARNING: Shader Did you use #pragma only_renderers and omit this platform?
WARNING: Shader If subshaders removal was intentional, you may have forgotten turning Fallback off?
WARNING: Shader Unsupported: 'Simulation/Room X-Ray' - All subshaders removed
WARNING: Shader Did you use #pragma only_renderers and omit this platform?
WARNING: Shader If subshaders removal was intentional, you may have forgotten turning Fallback off?
WARNING: Shader Unsupported: 'Simulation/URP/Lit' - All subshaders removed
WARNING: Shader Did you use #pragma only_renderers and omit this platform?
WARNING: Shader If subshaders removal was intentional, you may have forgotten turning Fallback off?
WARNING: Shader Unsupported: 'Simulation/URP/Lit' - All subshaders removed
WARNING: Shader Did you use #pragma only_renderers and omit this platform?
WARNING: Shader If subshaders removal was intentional, you may have forgotten turning Fallback off?
Refreshing native plugins compatible for Editor in 5.80 ms, found 10 plugins.
Preloading 0 native plugins for Editor in 0.00 ms.
Unloading 58 Unused Serialized files (Serialized files now loaded: 0)
Unloading 7286 unused Assets / (11.7 MB). Loaded Objects now: 8114.
Memory consumption went from 245.0 MB to 233.3 MB.
Total: 11.228000 ms (FindLiveObjects: 0.533900 ms CreateObjectMapping: 0.421900 ms MarkObjects: 6.110100 ms  DeleteObjects: 4.161400 ms)

Prepare: number of updated asset objects reloaded= 0
========================================================================
Received Import Request.
  Time since last request: 10.538405 seconds.
  path: Assets/ClickForSound.cs
  artifactKey: Guid(b535100582b066f42b930a143083c939) Importer(815301076,1909f56bfc062723c751e8b465ee728b)
Start importing Assets/ClickForSound.cs using Guid(b535100582b066f42b930a143083c939) Importer(815301076,1909f56bfc062723c751e8b465ee728b) (PreviewImporter) -> (artifact id: 'd95b6646d836ba76b1dd66a7fe9dbcb7') in 0.0045287 seconds
Number of updated asset objects reloaded before import = 0Number of asset objects unloaded after import = 0

========================================================================
Received Prepare
Begin MonoManager ReloadAssembly
Symbol file LoadedFromMemory is not a mono symbol file
- Loaded All Assemblies, in  0.614 seconds
Refreshing native plugins compatible for Editor in 9.42 ms, found 10 plugins.
Native extension for Android target not found
Native extension for WindowsStandalone target not found
Native extension for WebGL target not found
[Package Manager] Failed to launch server process. Reason: Unity was launched with the -noUpm command-line argument
[Package Manager] Unable to send message (not connected to server process).
[Package Manager] Cannot connect to Unity Package Manager local server
[Package Manager] Failed to launch server process. Reason: Unity was launched with the -noUpm command-line argument
[Package Manager] Unable to send message (not connected to server process).
[Package Manager] Cannot connect to Unity Package Manager local server
Trying to set shader on a Material Variant.
UnityEngine.Debug:ExtractStackTraceNoAlloc (byte*,int,string)
UnityEngine.StackTraceUtility:ExtractStackTrace ()
UnityEngine.Material:set_shader (UnityEngine.Shader)
UnityEngine.XR.Interaction.Toolkit.Samples.StarterAssets.MaterialPipelineHandler:SetPipelineShaders () (at Assets/Samples/XR Interaction Toolkit/3.2.1/Starter Assets/Scripts/MaterialPipelineHandler.cs:114)
UnityEngine.XR.Interaction.Toolkit.Samples.StarterAssets.MaterialPipelineHandler:AutoRefreshPipelineShaders () (at Assets/Samples/XR Interaction Toolkit/3.2.1/Starter Assets/Scripts/MaterialPipelineHandler.cs:81)
UnityEngine.XR.Interaction.Toolkit.Samples.StarterAssets.MaterialPipelineHandler:OnEnable () (at Assets/Samples/XR Interaction Toolkit/3.2.1/Starter Assets/Scripts/MaterialPipelineHandler.cs:74)
UnityEditor.AssetDatabase:LoadAssetAtPath (string,System.Type)
UnityEditor.AssetDatabase:LoadAssetAtPath<UnityEngine.XR.Hands.Samples.VisualizerSample.MaterialPipelineHandler> (string)
UnityEngine.XR.Hands.Samples.VisualizerSample.RenderPipelineValidation:GetAllInstances () (at Assets/Samples/XR Hands/1.6.1/HandVisualizer/Scripts/MaterialPipelineHandler.cs:28)
UnityEngine.XR.Hands.Samples.VisualizerSample.RenderPipelineValidation:.cctor () (at Assets/Samples/XR Hands/1.6.1/HandVisualizer/Scripts/MaterialPipelineHandler.cs:15)
System.Runtime.CompilerServices.RuntimeHelpers:RunClassConstructor (System.RuntimeTypeHandle)
UnityEditor.EditorAssemblies:ProcessInitializeOnLoadAttributes (System.Type[])

[Assets/Samples/XR Interaction Toolkit/3.2.1/Starter Assets/Scripts/MaterialPipelineHandler.cs line 114]

Trying to set shader on a Material Variant.
UnityEngine.Debug:ExtractStackTraceNoAlloc (byte*,int,string)
UnityEngine.StackTraceUtility:ExtractStackTrace ()
UnityEngine.Material:set_shader (UnityEngine.Shader)
UnityEngine.XR.Interaction.Toolkit.Samples.StarterAssets.MaterialPipelineHandler:SetPipelineShaders () (at Assets/Samples/XR Interaction Toolkit/3.2.1/Starter Assets/Scripts/MaterialPipelineHandler.cs:114)
UnityEngine.XR.Interaction.Toolkit.Samples.StarterAssets.MaterialPipelineHandler:AutoRefreshPipelineShaders () (at Assets/Samples/XR Interaction Toolkit/3.2.1/Starter Assets/Scripts/MaterialPipelineHandler.cs:81)
UnityEngine.XR.Interaction.Toolkit.Samples.StarterAssets.RenderPipelineValidation:.cctor () (at Assets/Samples/XR Interaction Toolkit/3.2.1/Starter Assets/Scripts/MaterialPipelineHandler.cs:16)
System.Runtime.CompilerServices.RuntimeHelpers:RunClassConstructor (System.RuntimeTypeHandle)
UnityEditor.EditorAssemblies:ProcessInitializeOnLoadAttributes (System.Type[])

[Assets/Samples/XR Interaction Toolkit/3.2.1/Starter Assets/Scripts/MaterialPipelineHandler.cs line 114]

Mono: successfully reloaded assembly
[Package Manager] Failed to launch server process. Reason: Unity was launched with the -noUpm command-line argument
[Package Manager] Unable to send message (not connected to server process).
[Package Manager] Cannot connect to Unity Package Manager local server
- Finished resetting the current domain, in  0.992 seconds
Domain Reload Profiling: 1608ms
	BeginReloadAssembly (166ms)
		ExecutionOrderSort (0ms)
		DisableScriptedObjects (5ms)
		BackupInstance (0ms)
		ReleaseScriptingObjects (0ms)
		CreateAndSetChildDomain (47ms)
	RebuildCommonClasses (26ms)
	RebuildNativeTypeToScriptingClass (9ms)
	initialDomainReloadingComplete (18ms)
	LoadAllAssembliesAndSetupDomain (397ms)
		LoadAssemblies (298ms)
		RebuildTransferFunctionScriptingTraits (0ms)
		AnalyzeDomain (166ms)
			TypeCache.Refresh (10ms)
				TypeCache.ScanAssembly (1ms)
			BuildScriptInfoCaches (143ms)
			ResolveRequiredComponents (9ms)
	FinalizeReload (992ms)
		ReleaseScriptCaches (0ms)
		RebuildScriptCaches (0ms)
		SetupLoadedEditorAssemblies (861ms)
			LogAssemblyErrors (0ms)
			InitializePlatformSupportModulesInManaged (8ms)
			SetLoadedEditorAssemblies (4ms)
			BeforeProcessingInitializeOnLoad (153ms)
			ProcessInitializeOnLoadAttributes (516ms)
			ProcessInitializeOnLoadMethodAttributes (177ms)
			AfterProcessingInitializeOnLoad (3ms)
			EditorAssembliesLoaded (0ms)
		ExecutionOrderSort2 (0ms)
		AwakeInstancesAfterBackupRestoration (10ms)
WARNING: Shader Unsupported: 'Hidden/Simulation/URP/Synthetic' - All subshaders removed
WARNING: Shader Did you use #pragma only_renderers and omit this platform?
WARNING: Shader If subshaders removal was intentional, you may have forgotten turning Fallback off?
WARNING: Shader Unsupported: 'Hidden/Simulation/URP/Synthetic' - All subshaders removed
WARNING: Shader Did you use #pragma only_renderers and omit this platform?
WARNING: Shader If subshaders removal was intentional, you may have forgotten turning Fallback off?
WARNING: Shader Unsupported: 'Hidden/Simulation/Synthetic Lit' - All subshaders removed
WARNING: Shader Did you use #pragma only_renderers and omit this platform?
WARNING: Shader If subshaders removal was intentional, you may have forgotten turning Fallback off?
WARNING: Shader Unsupported: 'Hidden/Simulation/Synthetic Lit' - All subshaders removed
WARNING: Shader Did you use #pragma only_renderers and omit this platform?
WARNING: Shader If subshaders removal was intentional, you may have forgotten turning Fallback off?
WARNING: Shader Unsupported: 'Simulation/Standard Lit' - All subshaders removed
WARNING: Shader Did you use #pragma only_renderers and omit this platform?
WARNING: Shader If subshaders removal was intentional, you may have forgotten turning Fallback off?
WARNING: Shader Unsupported: 'Simulation/Standard Lit' - All subshaders removed
WARNING: Shader Did you use #pragma only_renderers and omit this platform?
WARNING: Shader If subshaders removal was intentional, you may have forgotten turning Fallback off?
WARNING: Shader Unsupported: 'Simulation/URP/Room X-Ray' - All subshaders removed
WARNING: Shader Did you use #pragma only_renderers and omit this platform?
WARNING: Shader If subshaders removal was intentional, you may have forgotten turning Fallback off?
WARNING: Shader Unsupported: 'Simulation/URP/Room X-Ray' - All subshaders removed
WARNING: Shader Did you use #pragma only_renderers and omit this platform?
WARNING: Shader If subshaders removal was intentional, you may have forgotten turning Fallback off?
WARNING: Shader Unsupported: 'Simulation/Room X-Ray' - All subshaders removed
WARNING: Shader Did you use #pragma only_renderers and omit this platform?
WARNING: Shader If subshaders removal was intentional, you may have forgotten turning Fallback off?
WARNING: Shader Unsupported: 'Simulation/Room X-Ray' - All subshaders removed
WARNING: Shader Did you use #pragma only_renderers and omit this platform?
WARNING: Shader If subshaders removal was intentional, you may have forgotten turning Fallback off?
WARNING: Shader Unsupported: 'Simulation/URP/Lit' - All subshaders removed
WARNING: Shader Did you use #pragma only_renderers and omit this platform?
WARNING: Shader If subshaders removal was intentional, you may have forgotten turning Fallback off?
WARNING: Shader Unsupported: 'Simulation/URP/Lit' - All subshaders removed
WARNING: Shader Did you use #pragma only_renderers and omit this platform?
WARNING: Shader If subshaders removal was intentional, you may have forgotten turning Fallback off?
Refreshing native plugins compatible for Editor in 5.13 ms, found 10 plugins.
Preloading 0 native plugins for Editor in 0.00 ms.
Unloading 57 Unused Serialized files (Serialized files now loaded: 0)
Unloading 7386 unused Assets / (11.5 MB). Loaded Objects now: 8129.
Memory consumption went from 283.5 MB to 271.9 MB.
Total: 13.761500 ms (FindLiveObjects: 3.561000 ms CreateObjectMapping: 0.302500 ms MarkObjects: 5.971200 ms  DeleteObjects: 3.926100 ms)

Prepare: number of updated asset objects reloaded= 0
========================================================================
Received Import Request.
  Time since last request: 1502.028882 seconds.
  path: Assets/fogMaterial.mat
  artifactKey: Guid(f88c60eb60d351748a4a1cfbc2ab0bc9) Importer(815301076,1909f56bfc062723c751e8b465ee728b)
Start importing Assets/fogMaterial.mat using Guid(f88c60eb60d351748a4a1cfbc2ab0bc9) Importer(815301076,1909f56bfc062723c751e8b465ee728b) (PreviewImporter) -> (artifact id: '3ccd2083d87fd2680288f5d0be8c8577') in 0.2995724 seconds
Number of updated asset objects reloaded before import = 0Number of asset objects unloaded after import = 1

========================================================================
Received Import Request.
  Time since last request: 412.915804 seconds.
  path: Assets/fog.psd
  artifactKey: Guid(d01ab9d7173d01041acff7e561eae9b7) Importer(815301076,1909f56bfc062723c751e8b465ee728b)
Start importing Assets/fog.psd using Guid(d01ab9d7173d01041acff7e561eae9b7) Importer(815301076,1909f56bfc062723c751e8b465ee728b) (PreviewImporter) -> (artifact id: 'bca28cf1a245cb7fb848f0c00766effd') in 0.0186441 seconds
Number of updated asset objects reloaded before import = 0Number of asset objects unloaded after import = 2

========================================================================
Received Import Request.
  Time since last request: 48.901502 seconds.
  path: Assets/fogMaterial.mat
  artifactKey: Guid(f88c60eb60d351748a4a1cfbc2ab0bc9) Importer(815301076,1909f56bfc062723c751e8b465ee728b)
Start importing Assets/fogMaterial.mat using Guid(f88c60eb60d351748a4a1cfbc2ab0bc9) Importer(815301076,1909f56bfc062723c751e8b465ee728b) (PreviewImporter) -> (artifact id: '18e46b371d447c22b9d7a45cd835ebea') in 0.018713 seconds
Number of updated asset objects reloaded before import = 0Number of asset objects unloaded after import = 2

========================================================================
Received Import Request.
  Time since last request: 421.110993 seconds.
  path: Assets/New Material.mat
  artifactKey: Guid(2a9b20c514e9983439abe4d0375f8830) Importer(815301076,1909f56bfc062723c751e8b465ee728b)
Start importing Assets/New Material.mat using Guid(2a9b20c514e9983439abe4d0375f8830) Importer(815301076,1909f56bfc062723c751e8b465ee728b) (PreviewImporter) -> (artifact id: 'a560d6c41bd9f98e2897631e3ff78b97') in 0.0150585 seconds
Number of updated asset objects reloaded before import = 0Number of asset objects unloaded after import = 2

========================================================================
Received Prepare
Begin MonoManager ReloadAssembly
Symbol file LoadedFromMemory is not a mono symbol file
- Loaded All Assemblies, in  0.611 seconds
Refreshing native plugins compatible for Editor in 5.62 ms, found 10 plugins.
Native extension for Android target not found
Native extension for WindowsStandalone target not found
Native extension for WebGL target not found
[Package Manager] Failed to launch server process. Reason: Unity was launched with the -noUpm command-line argument
[Package Manager] Unable to send message (not connected to server process).
[Package Manager] Cannot connect to Unity Package Manager local server
[Package Manager] Failed to launch server process. Reason: Unity was launched with the -noUpm command-line argument
[Package Manager] Unable to send message (not connected to server process).
[Package Manager] Cannot connect to Unity Package Manager local server
Trying to set shader on a Material Variant.
UnityEngine.Debug:ExtractStackTraceNoAlloc (byte*,int,string)
UnityEngine.StackTraceUtility:ExtractStackTrace ()
UnityEngine.Material:set_shader (UnityEngine.Shader)
UnityEngine.XR.Interaction.Toolkit.Samples.StarterAssets.MaterialPipelineHandler:SetPipelineShaders () (at Assets/Samples/XR Interaction Toolkit/3.2.1/Starter Assets/Scripts/MaterialPipelineHandler.cs:114)
UnityEngine.XR.Interaction.Toolkit.Samples.StarterAssets.MaterialPipelineHandler:AutoRefreshPipelineShaders () (at Assets/Samples/XR Interaction Toolkit/3.2.1/Starter Assets/Scripts/MaterialPipelineHandler.cs:81)
UnityEngine.XR.Interaction.Toolkit.Samples.StarterAssets.MaterialPipelineHandler:OnEnable () (at Assets/Samples/XR Interaction Toolkit/3.2.1/Starter Assets/Scripts/MaterialPipelineHandler.cs:74)
UnityEditor.AssetDatabase:LoadAssetAtPath (string,System.Type)
UnityEditor.AssetDatabase:LoadAssetAtPath<UnityEngine.XR.Hands.Samples.VisualizerSample.MaterialPipelineHandler> (string)
UnityEngine.XR.Hands.Samples.VisualizerSample.RenderPipelineValidation:GetAllInstances () (at Assets/Samples/XR Hands/1.6.1/HandVisualizer/Scripts/MaterialPipelineHandler.cs:28)
UnityEngine.XR.Hands.Samples.VisualizerSample.RenderPipelineValidation:.cctor () (at Assets/Samples/XR Hands/1.6.1/HandVisualizer/Scripts/MaterialPipelineHandler.cs:15)
System.Runtime.CompilerServices.RuntimeHelpers:RunClassConstructor (System.RuntimeTypeHandle)
UnityEditor.EditorAssemblies:ProcessInitializeOnLoadAttributes (System.Type[])

[Assets/Samples/XR Interaction Toolkit/3.2.1/Starter Assets/Scripts/MaterialPipelineHandler.cs line 114]

Trying to set shader on a Material Variant.
UnityEngine.Debug:ExtractStackTraceNoAlloc (byte*,int,string)
UnityEngine.StackTraceUtility:ExtractStackTrace ()
UnityEngine.Material:set_shader (UnityEngine.Shader)
UnityEngine.XR.Interaction.Toolkit.Samples.StarterAssets.MaterialPipelineHandler:SetPipelineShaders () (at Assets/Samples/XR Interaction Toolkit/3.2.1/Starter Assets/Scripts/MaterialPipelineHandler.cs:114)
UnityEngine.XR.Interaction.Toolkit.Samples.StarterAssets.MaterialPipelineHandler:AutoRefreshPipelineShaders () (at Assets/Samples/XR Interaction Toolkit/3.2.1/Starter Assets/Scripts/MaterialPipelineHandler.cs:81)
UnityEngine.XR.Interaction.Toolkit.Samples.StarterAssets.RenderPipelineValidation:.cctor () (at Assets/Samples/XR Interaction Toolkit/3.2.1/Starter Assets/Scripts/MaterialPipelineHandler.cs:16)
System.Runtime.CompilerServices.RuntimeHelpers:RunClassConstructor (System.RuntimeTypeHandle)
UnityEditor.EditorAssemblies:ProcessInitializeOnLoadAttributes (System.Type[])

[Assets/Samples/XR Interaction Toolkit/3.2.1/Starter Assets/Scripts/MaterialPipelineHandler.cs line 114]

Mono: successfully reloaded assembly
[Package Manager] Failed to launch server process. Reason: Unity was launched with the -noUpm command-line argument
[Package Manager] Unable to send message (not connected to server process).
[Package Manager] Cannot connect to Unity Package Manager local server
- Finished resetting the current domain, in  0.895 seconds
Domain Reload Profiling: 1509ms
	BeginReloadAssembly (169ms)
		ExecutionOrderSort (0ms)
		DisableScriptedObjects (14ms)
		BackupInstance (0ms)
		ReleaseScriptingObjects (0ms)
		CreateAndSetChildDomain (47ms)
	RebuildCommonClasses (25ms)
	RebuildNativeTypeToScriptingClass (8ms)
	initialDomainReloadingComplete (20ms)
	LoadAllAssembliesAndSetupDomain (391ms)
		LoadAssemblies (290ms)
		RebuildTransferFunctionScriptingTraits (0ms)
		AnalyzeDomain (164ms)
			TypeCache.Refresh (7ms)
				TypeCache.ScanAssembly (0ms)
			BuildScriptInfoCaches (144ms)
			ResolveRequiredComponents (9ms)
	FinalizeReload (895ms)
		ReleaseScriptCaches (0ms)
		RebuildScriptCaches (0ms)
		SetupLoadedEditorAssemblies (770ms)
			LogAssemblyErrors (0ms)
			InitializePlatformSupportModulesInManaged (8ms)
			SetLoadedEditorAssemblies (7ms)
			BeforeProcessingInitializeOnLoad (137ms)
			ProcessInitializeOnLoadAttributes (445ms)
			ProcessInitializeOnLoadMethodAttributes (166ms)
			AfterProcessingInitializeOnLoad (7ms)
			EditorAssembliesLoaded (0ms)
		ExecutionOrderSort2 (0ms)
		AwakeInstancesAfterBackupRestoration (11ms)
WARNING: Shader Unsupported: 'Hidden/Simulation/URP/Synthetic' - All subshaders removed
WARNING: Shader Did you use #pragma only_renderers and omit this platform?
WARNING: Shader If subshaders removal was intentional, you may have forgotten turning Fallback off?
WARNING: Shader Unsupported: 'Hidden/Simulation/URP/Synthetic' - All subshaders removed
WARNING: Shader Did you use #pragma only_renderers and omit this platform?
WARNING: Shader If subshaders removal was intentional, you may have forgotten turning Fallback off?
WARNING: Shader Unsupported: 'Hidden/Simulation/Synthetic Lit' - All subshaders removed
WARNING: Shader Did you use #pragma only_renderers and omit this platform?
WARNING: Shader If subshaders removal was intentional, you may have forgotten turning Fallback off?
WARNING: Shader Unsupported: 'Hidden/Simulation/Synthetic Lit' - All subshaders removed
WARNING: Shader Did you use #pragma only_renderers and omit this platform?
WARNING: Shader If subshaders removal was intentional, you may have forgotten turning Fallback off?
WARNING: Shader Unsupported: 'Simulation/Standard Lit' - All subshaders removed
WARNING: Shader Did you use #pragma only_renderers and omit this platform?
WARNING: Shader If subshaders removal was intentional, you may have forgotten turning Fallback off?
WARNING: Shader Unsupported: 'Simulation/Standard Lit' - All subshaders removed
WARNING: Shader Did you use #pragma only_renderers and omit this platform?
WARNING: Shader If subshaders removal was intentional, you may have forgotten turning Fallback off?
WARNING: Shader Unsupported: 'Simulation/URP/Room X-Ray' - All subshaders removed
WARNING: Shader Did you use #pragma only_renderers and omit this platform?
WARNING: Shader If subshaders removal was intentional, you may have forgotten turning Fallback off?
WARNING: Shader Unsupported: 'Simulation/URP/Room X-Ray' - All subshaders removed
WARNING: Shader Did you use #pragma only_renderers and omit this platform?
WARNING: Shader If subshaders removal was intentional, you may have forgotten turning Fallback off?
WARNING: Shader Unsupported: 'Simulation/Room X-Ray' - All subshaders removed
WARNING: Shader Did you use #pragma only_renderers and omit this platform?
WARNING: Shader If subshaders removal was intentional, you may have forgotten turning Fallback off?
WARNING: Shader Unsupported: 'Simulation/Room X-Ray' - All subshaders removed
WARNING: Shader Did you use #pragma only_renderers and omit this platform?
WARNING: Shader If subshaders removal was intentional, you may have forgotten turning Fallback off?
WARNING: Shader Unsupported: 'Simulation/URP/Lit' - All subshaders removed
WARNING: Shader Did you use #pragma only_renderers and omit this platform?
WARNING: Shader If subshaders removal was intentional, you may have forgotten turning Fallback off?
WARNING: Shader Unsupported: 'Simulation/URP/Lit' - All subshaders removed
WARNING: Shader Did you use #pragma only_renderers and omit this platform?
WARNING: Shader If subshaders removal was intentional, you may have forgotten turning Fallback off?
Refreshing native plugins compatible for Editor in 5.98 ms, found 10 plugins.
Preloading 0 native plugins for Editor in 0.00 ms.
Unloading 57 Unused Serialized files (Serialized files now loaded: 0)
Unloading 7387 unused Assets / (13.8 MB). Loaded Objects now: 8188.
Memory consumption went from 283.8 MB to 270.0 MB.
Total: 13.883400 ms (FindLiveObjects: 0.564000 ms CreateObjectMapping: 0.430600 ms MarkObjects: 7.116400 ms  DeleteObjects: 5.771800 ms)

Prepare: number of updated asset objects reloaded= 0
========================================================================
Received Prepare
Begin MonoManager ReloadAssembly
Symbol file LoadedFromMemory is not a mono symbol file
- Loaded All Assemblies, in  0.584 seconds
Refreshing native plugins compatible for Editor in 5.89 ms, found 10 plugins.
Native extension for Android target not found
Native extension for WindowsStandalone target not found
Native extension for WebGL target not found
[Package Manager] Failed to launch server process. Reason: Unity was launched with the -noUpm command-line argument
[Package Manager] Unable to send message (not connected to server process).
[Package Manager] Cannot connect to Unity Package Manager local server
[Package Manager] Failed to launch server process. Reason: Unity was launched with the -noUpm command-line argument
[Package Manager] Unable to send message (not connected to server process).
[Package Manager] Cannot connect to Unity Package Manager local server
Trying to set shader on a Material Variant.
UnityEngine.Debug:ExtractStackTraceNoAlloc (byte*,int,string)
UnityEngine.StackTraceUtility:ExtractStackTrace ()
UnityEngine.Material:set_shader (UnityEngine.Shader)
UnityEngine.XR.Interaction.Toolkit.Samples.StarterAssets.MaterialPipelineHandler:SetPipelineShaders () (at Assets/Samples/XR Interaction Toolkit/3.2.1/Starter Assets/Scripts/MaterialPipelineHandler.cs:114)
UnityEngine.XR.Interaction.Toolkit.Samples.StarterAssets.MaterialPipelineHandler:AutoRefreshPipelineShaders () (at Assets/Samples/XR Interaction Toolkit/3.2.1/Starter Assets/Scripts/MaterialPipelineHandler.cs:81)
UnityEngine.XR.Interaction.Toolkit.Samples.StarterAssets.MaterialPipelineHandler:OnEnable () (at Assets/Samples/XR Interaction Toolkit/3.2.1/Starter Assets/Scripts/MaterialPipelineHandler.cs:74)
UnityEditor.AssetDatabase:LoadAssetAtPath (string,System.Type)
UnityEditor.AssetDatabase:LoadAssetAtPath<UnityEngine.XR.Hands.Samples.VisualizerSample.MaterialPipelineHandler> (string)
UnityEngine.XR.Hands.Samples.VisualizerSample.RenderPipelineValidation:GetAllInstances () (at Assets/Samples/XR Hands/1.6.1/HandVisualizer/Scripts/MaterialPipelineHandler.cs:28)
UnityEngine.XR.Hands.Samples.VisualizerSample.RenderPipelineValidation:.cctor () (at Assets/Samples/XR Hands/1.6.1/HandVisualizer/Scripts/MaterialPipelineHandler.cs:15)
System.Runtime.CompilerServices.RuntimeHelpers:RunClassConstructor (System.RuntimeTypeHandle)
UnityEditor.EditorAssemblies:ProcessInitializeOnLoadAttributes (System.Type[])

[Assets/Samples/XR Interaction Toolkit/3.2.1/Starter Assets/Scripts/MaterialPipelineHandler.cs line 114]

Trying to set shader on a Material Variant.
UnityEngine.Debug:ExtractStackTraceNoAlloc (byte*,int,string)
UnityEngine.StackTraceUtility:ExtractStackTrace ()
UnityEngine.Material:set_shader (UnityEngine.Shader)
UnityEngine.XR.Interaction.Toolkit.Samples.StarterAssets.MaterialPipelineHandler:SetPipelineShaders () (at Assets/Samples/XR Interaction Toolkit/3.2.1/Starter Assets/Scripts/MaterialPipelineHandler.cs:114)
UnityEngine.XR.Interaction.Toolkit.Samples.StarterAssets.MaterialPipelineHandler:AutoRefreshPipelineShaders () (at Assets/Samples/XR Interaction Toolkit/3.2.1/Starter Assets/Scripts/MaterialPipelineHandler.cs:81)
UnityEngine.XR.Interaction.Toolkit.Samples.StarterAssets.RenderPipelineValidation:.cctor () (at Assets/Samples/XR Interaction Toolkit/3.2.1/Starter Assets/Scripts/MaterialPipelineHandler.cs:16)
System.Runtime.CompilerServices.RuntimeHelpers:RunClassConstructor (System.RuntimeTypeHandle)
UnityEditor.EditorAssemblies:ProcessInitializeOnLoadAttributes (System.Type[])

[Assets/Samples/XR Interaction Toolkit/3.2.1/Starter Assets/Scripts/MaterialPipelineHandler.cs line 114]

Mono: successfully reloaded assembly
[Package Manager] Failed to launch server process. Reason: Unity was launched with the -noUpm command-line argument
[Package Manager] Unable to send message (not connected to server process).
[Package Manager] Cannot connect to Unity Package Manager local server
- Finished resetting the current domain, in  0.889 seconds
Domain Reload Profiling: 1476ms
	BeginReloadAssembly (151ms)
		ExecutionOrderSort (0ms)
		DisableScriptedObjects (4ms)
		BackupInstance (0ms)
		ReleaseScriptingObjects (0ms)
		CreateAndSetChildDomain (42ms)
	RebuildCommonClasses (23ms)
	RebuildNativeTypeToScriptingClass (8ms)
	initialDomainReloadingComplete (18ms)
	LoadAllAssembliesAndSetupDomain (385ms)
		LoadAssemblies (288ms)
		RebuildTransferFunctionScriptingTraits (0ms)
		AnalyzeDomain (154ms)
			TypeCache.Refresh (7ms)
				TypeCache.ScanAssembly (0ms)
			BuildScriptInfoCaches (134ms)
			ResolveRequiredComponents (9ms)
	FinalizeReload (890ms)
		ReleaseScriptCaches (0ms)
		RebuildScriptCaches (0ms)
		SetupLoadedEditorAssemblies (756ms)
			LogAssemblyErrors (0ms)
			InitializePlatformSupportModulesInManaged (8ms)
			SetLoadedEditorAssemblies (6ms)
			BeforeProcessingInitializeOnLoad (134ms)
			ProcessInitializeOnLoadAttributes (438ms)
			ProcessInitializeOnLoadMethodAttributes (164ms)
			AfterProcessingInitializeOnLoad (6ms)
			EditorAssembliesLoaded (0ms)
		ExecutionOrderSort2 (0ms)
		AwakeInstancesAfterBackupRestoration (10ms)
WARNING: Shader Unsupported: 'Hidden/Simulation/URP/Synthetic' - All subshaders removed
WARNING: Shader Did you use #pragma only_renderers and omit this platform?
WARNING: Shader If subshaders removal was intentional, you may have forgotten turning Fallback off?
WARNING: Shader Unsupported: 'Hidden/Simulation/URP/Synthetic' - All subshaders removed
WARNING: Shader Did you use #pragma only_renderers and omit this platform?
WARNING: Shader If subshaders removal was intentional, you may have forgotten turning Fallback off?
WARNING: Shader Unsupported: 'Hidden/Simulation/Synthetic Lit' - All subshaders removed
WARNING: Shader Did you use #pragma only_renderers and omit this platform?
WARNING: Shader If subshaders removal was intentional, you may have forgotten turning Fallback off?
WARNING: Shader Unsupported: 'Hidden/Simulation/Synthetic Lit' - All subshaders removed
WARNING: Shader Did you use #pragma only_renderers and omit this platform?
WARNING: Shader If subshaders removal was intentional, you may have forgotten turning Fallback off?
WARNING: Shader Unsupported: 'Simulation/Standard Lit' - All subshaders removed
WARNING: Shader Did you use #pragma only_renderers and omit this platform?
WARNING: Shader If subshaders removal was intentional, you may have forgotten turning Fallback off?
WARNING: Shader Unsupported: 'Simulation/Standard Lit' - All subshaders removed
WARNING: Shader Did you use #pragma only_renderers and omit this platform?
WARNING: Shader If subshaders removal was intentional, you may have forgotten turning Fallback off?
WARNING: Shader Unsupported: 'Simulation/URP/Room X-Ray' - All subshaders removed
WARNING: Shader Did you use #pragma only_renderers and omit this platform?
WARNING: Shader If subshaders removal was intentional, you may have forgotten turning Fallback off?
WARNING: Shader Unsupported: 'Simulation/URP/Room X-Ray' - All subshaders removed
WARNING: Shader Did you use #pragma only_renderers and omit this platform?
WARNING: Shader If subshaders removal was intentional, you may have forgotten turning Fallback off?
WARNING: Shader Unsupported: 'Simulation/Room X-Ray' - All subshaders removed
WARNING: Shader Did you use #pragma only_renderers and omit this platform?
WARNING: Shader If subshaders removal was intentional, you may have forgotten turning Fallback off?
WARNING: Shader Unsupported: 'Simulation/Room X-Ray' - All subshaders removed
WARNING: Shader Did you use #pragma only_renderers and omit this platform?
WARNING: Shader If subshaders removal was intentional, you may have forgotten turning Fallback off?
WARNING: Shader Unsupported: 'Simulation/URP/Lit' - All subshaders removed
WARNING: Shader Did you use #pragma only_renderers and omit this platform?
WARNING: Shader If subshaders removal was intentional, you may have forgotten turning Fallback off?
WARNING: Shader Unsupported: 'Simulation/URP/Lit' - All subshaders removed
WARNING: Shader Did you use #pragma only_renderers and omit this platform?
WARNING: Shader If subshaders removal was intentional, you may have forgotten turning Fallback off?
Refreshing native plugins compatible for Editor in 5.05 ms, found 10 plugins.
Preloading 0 native plugins for Editor in 0.00 ms.
Unloading 57 Unused Serialized files (Serialized files now loaded: 0)
Unloading 7386 unused Assets / (12.1 MB). Loaded Objects now: 8191.
Memory consumption went from 284.1 MB to 271.9 MB.
Total: 11.414600 ms (FindLiveObjects: 0.566200 ms CreateObjectMapping: 0.433700 ms MarkObjects: 6.039400 ms  DeleteObjects: 4.374500 ms)

Prepare: number of updated asset objects reloaded= 0
